Node,OccCentrality,Deg_L0,Rel_L0,ExRel_L0,Deg_L1,Rel_L1,ExRel_L1,Deg_L2,Rel_L2,ExRel_L2,Deg_L3,Rel_L3,ExRel_L3,Deg_L4,Rel_L4,ExRel_L4,Deg_L5,Rel_L5,ExRel_L5,Deg_L6,Rel_L6,ExRel_L6,Deg_L7,Rel_L7,ExRel_L7,Deg_L8,Rel_L8,ExRel_L8,Deg_L9,Rel_L9,ExRel_L9,Deg_L10,Rel_L10,ExRel_L10,Deg_L11,Rel_L11,ExRel_L11,Deg_L12,Rel_L12,ExRel_L12,Deg_L13,Rel_L13,ExRel_L13,Deg_L14,Rel_L14,ExRel_L14,Deg_L15,Rel_L15,ExRel_L15,Deg_L16,Rel_L16,ExRel_L16,Deg_L17,Rel_L17,ExRel_L17,Deg_L18,Rel_L18,ExRel_L18,Deg_L19,Rel_L19,ExRel_L19,Deg_L20,Rel_L20,ExRel_L20,Deg_L21,Rel_L21,ExRel_L21,Deg_L22,Rel_L22,ExRel_L22,Deg_L23,Rel_L23,ExRel_L23,Deg_L24,Rel_L24,ExRel_L24,Deg_L25,Rel_L25,ExRel_L25,Deg_L26,Rel_L26,ExRel_L26,Deg_L27,Rel_L27,ExRel_L27,Deg_L28,Rel_L28,ExRel_L28,Deg_L29,Rel_L29,ExRel_L29,Deg_L30,Rel_L30,ExRel_L30,Deg_L31,Rel_L31,ExRel_L31,Deg_L32,Rel_L32,ExRel_L32,Deg_L33,Rel_L33,ExRel_L33,Deg_L34,Rel_L34,ExRel_L34,Deg_L35,Rel_L35,ExRel_L35,Deg_L36,Rel_L36,ExRel_L36,Deg_L37,Rel_L37,ExRel_L37,Deg_L38,Rel_L38,ExRel_L38,Deg_L39,Rel_L39,ExRel_L39,Deg_L40,Rel_L40,ExRel_L40,Deg_L41,Rel_L41,ExRel_L41,Deg_L42,Rel_L42,ExRel_L42
0,0.004160,0,0.000000,0.000000,0,0.000000,0.000000,0,0.000000,0.000000,0,0.000000,0.000000,0,0.000000,0.000000,0,0.000000,0.000000,0,0.000000,0.000000,1,0.100000,0.000000,1,0.100000,0.000000,2,0.200000,0.000000,1,0.100000,0.000000,1,0.100000,0.000000,4,0.400000,0.300000,0,0.000000,0.000000,1,0.100000,0.100000,0,0.000000,0.000000,1,0.100000,0.000000,0,0.000000,0.000000,0,0.000000,0.000000,0,0.000000,0.000000,1,0.100000,0.000000,0,0.000000,0.000000,1,0.100000,0.000000,0,0.000000,0.000000,1,0.100000,0.000000,0,0.000000,0.000000,0,0.000000,0.000000,0,0.000000,0.000000,0,0.000000,0.000000,0,0.000000,0.000000,0,0.000000,0.000000,1,0.100000,0.000000,0,0.000000,0.000000,0,0.000000,0.000000,0,0.000000,0.000000,0,0.000000,0.000000,2,0.200000,0.000000,0,0.000000,0.000000,3,0.300000,0.100000,1,0.100000,0.100000,0,0.000000,0.000000,0,0.000000,0.000000,0,0.000000,0.000000
1,0.000395,0,0.000000,0.000000,0,0.000000,0.000000,0,0.000000,0.000000,0,0.000000,0.000000,0,0.000000,0.000000,0,0.000000,0.000000,0,0.000000,0.000000,1,0.333333,0.000000,1,0.333333,0.000000,0,0.000000,0.000000,0,0.000000,0.000000,1,0.333333,0.000000,2,0.666667,0.333333,0,0.000000,0.000000,1,0.333333,0.000000,0,0.000000,0.000000,0,0.000000,0.000000,0,0.000000,0.000000,0,0.000000,0.000000,0,0.000000,0.000000,0,0.000000,0.000000,0,0.000000,0.000000,0,0.000000,0.000000,0,0.000000,0.000000,0,0.000000,0.000000,0,0.000000,0.000000,0,0.000000,0.000000,0,0.000000,0.000000,0,0.000000,0.000000,0,0.000000,0.000000,0,0.000000,0.000000,0,0.000000,0.000000,0,0.000000,0.000000,0,0.000000,0.000000,0,0.000000,0.000000,0,0.000000,0.000000,0,0.000000,0.000000,0,0.000000,0.000000,0,0.000000,0.000000,0,0.000000,0.000000,0,0.000000,0.000000,0,0.000000,0.000000,0,0.000000,0.000000
2,0.000765,1,0.250000,0.000000,1,0.250000,0.000000,1,0.250000,0.250000,0,0.000000,0.000000,0,0.000000,0.000000,0,0.000000,0.000000,0,0.000000,0.000000,0,0.000000,0.000000,0,0.000000,0.000000,0,0.000000,0.000000,0,0.000000,0.000000,1,0.250000,0.000000,0,0.000000,0.000000,0,0.000000,0.000000,1,0.250000,0.000000,1,0.250000,0.000000,0,0.000000,0.000000,0,0.000000,0.000000,0,0.000000,0.000000,0,0.000000,0.000000,0,0.000000,0.000000,1,0.250000,0.000000,1,0.250000,0.000000,0,0.000000,0.000000,0,0.000000,0.000000,0,0.000000,0.000000,0,0.000000,0.000000,0,0.000000,0.000000,0,0.000000,0.000000,0,0.000000,0.000000,0,0.000000,0.000000,0,0.000000,0.000000,0,0.000000,0.000000,0,0.000000,0.000000,0,0.000000,0.000000,0,0.000000,0.000000,0,0.000000,0.000000,0,0.000000,0.000000,0,0.000000,0.000000,0,0.000000,0.000000,0,0.000000,0.000000,0,0.000000,0.000000,0,0.000000,0.000000
3,0.000680,0,0.000000,0.000000,0,0.000000,0.000000,0,0.000000,0.000000,0,0.000000,0.000000,0,0.000000,0.000000,0,0.000000,0.000000,0,0.000000,0.000000,0,0.000000,0.000000,0,0.000000,0.000000,0,0.000000,0.000000,0,0.000000,0.000000,1,0.250000,0.250000,0,0.000000,0.000000,0,0.000000,0.000000,1,0.250000,0.250000,0,0.000000,0.000000,0,0.000000,0.000000,0,0.000000,0.000000,0,0.000000,0.000000,0,0.000000,0.000000,0,0.000000,0.000000,0,0.000000,0.000000,1,0.250000,0.250000,0,0.000000,0.000000,0,0.000000,0.000000,0,0.000000,0.000000,0,0.000000,0.000000,0,0.000000,0.000000,0,0.000000,0.000000,0,0.000000,0.000000,0,0.000000,0.000000,0,0.000000,0.000000,0,0.000000,0.000000,0,0.000000,0.000000,0,0.000000,0.000000,1,0.250000,0.000000,0,0.000000,0.000000,1,0.250000,0.000000,0,0.000000,0.000000,0,0.000000,0.000000,0,0.000000,0.000000,0,0.000000,0.000000,0,0.000000,0.000000
4,0.000955,0,0.000000,0.000000,0,0.000000,0.000000,0,0.000000,0.000000,0,0.000000,0.000000,0,0.000000,0.000000,0,0.000000,0.000000,0,0.000000,0.000000,0,0.000000,0.000000,0,0.000000,0.000000,2,0.500000,0.000000,0,0.000000,0.000000,3,0.750000,0.000000,0,0.000000,0.000000,0,0.000000,0.000000,2,0.500000,0.250000,0,0.000000,0.000000,0,0.000000,0.000000,0,0.000000,0.000000,0,0.000000,0.000000,0,0.000000,0.000000,0,0.000000,0.000000,0,0.000000,0.000000,0,0.000000,0.000000,0,0.000000,0.000000,0,0.000000,0.000000,0,0.000000,0.000000,0,0.000000,0.000000,0,0.000000,0.000000,0,0.000000,0.000000,0,0.000000,0.000000,0,0.000000,0.000000,0,0.000000,0.000000,0,0.000000,0.000000,0,0.000000,0.000000,0,0.000000,0.000000,0,0.000000,0.000000,0,0.000000,0.000000,0,0.000000,0.000000,0,0.000000,0.000000,0,0.000000,0.000000,0,0.000000,0.000000,0,0.000000,0.000000,0,0.000000,0.000000
5,0.000335,0,0.000000,0.000000,0,0.000000,0.000000,0,0.000000,0.000000,0,0.000000,0.000000,0,0.000000,0.000000,1,0.250000,0.250000,0,0.000000,0.000000,0,0.000000,0.000000,0,0.000000,0.000000,0,0.000000,0.000000,0,0.000000,0.000000,0,0.000000,0.000000,1,0.250000,0.250000,0,0.000000,0.000000,2,0.500000,0.500000,0,0.000000,0.000000,0,0.000000,0.000000,0,0.000000,0.000000,0,0.000000,0.000000,0,0.000000,0.000000,0,0.000000,0.000000,0,0.000000,0.000000,0,0.000000,0.000000,0,0.000000,0.000000,0,0.000000,0.000000,0,0.000000,0.000000,0,0.000000,0.000000,0,0.000000,0.000000,0,0.000000,0.000000,0,0.000000,0.000000,0,0.000000,0.000000,0,0.000000,0.000000,0,0.000000,0.000000,0,0.000000,0.000000,0,0.000000,0.000000,0,0.000000,0.000000,0,0.000000,0.000000,0,0.000000,0.000000,0,0.000000,0.000000,0,0.000000,0.000000,0,0.000000,0.000000,0,0.000000,0.000000,0,0.000000,0.000000
6,0.000535,0,0.000000,0.000000,0,0.000000,0.000000,0,0.000000,0.000000,0,0.000000,0.000000,0,0.000000,0.000000,0,0.000000,0.000000,1,0.333333,0.333333,0,0.000000,0.000000,0,0.000000,0.000000,0,0.000000,0.000000,0,0.000000,0.000000,1,0.333333,0.333333,1,0.333333,0.333333,0,0.000000,0.000000,0,0.000000,0.000000,0,0.000000,0.000000,0,0.000000,0.000000,0,0.000000,0.000000,0,0.000000,0.000000,0,0.000000,0.000000,0,0.000000,0.000000,0,0.000000,0.000000,0,0.000000,0.000000,0,0.000000,0.000000,0,0.000000,0.000000,0,0.000000,0.000000,0,0.000000,0.000000,0,0.000000,0.000000,0,0.000000,0.000000,0,0.000000,0.000000,0,0.000000,0.000000,0,0.000000,0.000000,0,0.000000,0.000000,0,0.000000,0.000000,0,0.000000,0.000000,0,0.000000,0.000000,0,0.000000,0.000000,0,0.000000,0.000000,0,0.000000,0.000000,0,0.000000,0.000000,0,0.000000,0.000000,0,0.000000,0.000000,0,0.000000,0.000000
7,0.000735,0,0.000000,0.000000,0,0.000000,0.000000,2,0.666667,0.333333,0,0.000000,0.000000,0,0.000000,0.000000,1,0.333333,0.000000,0,0.000000,0.000000,0,0.000000,0.000000,0,0.000000,0.000000,0,0.000000,0.000000,0,0.000000,0.000000,0,0.000000,0.000000,0,0.000000,0.000000,0,0.000000,0.000000,0,0.000000,0.000000,0,0.000000,0.000000,0,0.000000,0.000000,0,0.000000,0.000000,0,0.000000,0.000000,0,0.000000,0.000000,0,0.000000,0.000000,1,0.333333,0.333333,0,0.000000,0.000000,0,0.000000,0.000000,0,0.000000,0.000000,0,0.000000,0.000000,0,0.000000,0.000000,0,0.000000,0.000000,0,0.000000,0.000000,0,0.000000,0.000000,0,0.000000,0.000000,0,0.000000,0.000000,0,0.000000,0.000000,0,0.000000,0.000000,0,0.000000,0.000000,0,0.000000,0.000000,0,0.000000,0.000000,0,0.000000,0.000000,0,0.000000,0.000000,0,0.000000,0.000000,0,0.000000,0.000000,0,0.000000,0.000000,0,0.000000,0.000000
8,0.001400,0,0.000000,0.000000,0,0.000000,0.000000,1,0.100000,0.100000,0,0.000000,0.000000,0,0.000000,0.000000,0,0.000000,0.000000,0,0.000000,0.000000,0,0.000000,0.000000,1,0.100000,0.000000,3,0.300000,0.000000,1,0.100000,0.100000,1,0.100000,0.000000,4,0.400000,0.200000,0,0.000000,0.000000,1,0.100000,0.000000,0,0.000000,0.000000,0,0.000000,0.000000,0,0.000000,0.000000,1,0.100000,0.100000,0,0.000000,0.000000,1,0.100000,0.100000,0,0.000000,0.000000,0,0.000000,0.000000,0,0.000000,0.000000,0,0.000000,0.000000,0,0.000000,0.000000,0,0.000000,0.000000,0,0.000000,0.000000,0,0.000000,0.000000,0,0.000000,0.000000,0,0.000000,0.000000,0,0.000000,0.000000,0,0.000000,0.000000,0,0.000000,0.000000,0,0.000000,0.000000,0,0.000000,0.000000,0,0.000000,0.000000,0,0.000000,0.000000,0,0.000000,0.000000,0,0.000000,0.000000,0,0.000000,0.000000,0,0.000000,0.000000,0,0.000000,0.000000
9,0.000275,0,0.000000,0.000000,0,0.000000,0.000000,0,0.000000,0.000000,0,0.000000,0.000000,0,0.000000,0.000000,0,0.000000,0.000000,0,0.000000,0.000000,0,0.000000,0.000000,0,0.000000,0.000000,0,0.000000,0.000000,0,0.000000,0.000000,0,0.000000,0.000000,1,0.333333,0.333333,0,0.000000,0.000000,0,0.000000,0.000000,0,0.000000,0.000000,1,0.333333,0.333333,0,0.000000,0.000000,0,0.000000,0.000000,0,0.000000,0.000000,0,0.000000,0.000000,0,0.000000,0.000000,0,0.000000,0.000000,0,0.000000,0.000000,0,0.000000,0.000000,0,0.000000,0.000000,0,0.000000,0.000000,0,0.000000,0.000000,0,0.000000,0.000000,0,0.000000,0.000000,0,0.000000,0.000000,0,0.000000,0.000000,1,0.333333,0.333333,0,0.000000,0.000000,0,0.000000,0.000000,0,0.000000,0.000000,0,0.000000,0.000000,0,0.000000,0.000000,0,0.000000,0.000000,0,0.000000,0.000000,0,0.000000,0.000000,0,0.000000,0.000000,0,0.000000,0.000000
10,0.000720,0,0.000000,0.000000,0,0.000000,0.000000,0,0.000000,0.000000,0,0.000000,0.000000,0,0.000000,0.000000,0,0.000000,0.000000,0,0.000000,0.000000,0,0.000000,0.000000,0,0.000000,0.000000,2,0.400000,0.200000,1,0.200000,0.000000,0,0.000000,0.000000,2,0.400000,0.200000,0,0.000000,0.000000,0,0.000000,0.000000,0,0.000000,0.000000,0,0.000000,0.000000,0,0.000000,0.000000,0,0.000000,0.000000,0,0.000000,0.000000,0,0.000000,0.000000,1,0.200000,0.200000,0,0.000000,0.000000,0,0.000000,0.000000,1,0.200000,0.000000,0,0.000000,0.000000,0,0.000000,0.000000,0,0.000000,0.000000,0,0.000000,0.000000,0,0.000000,0.000000,0,0.000000,0.000000,0,0.000000,0.000000,0,0.000000,0.000000,0,0.000000,0.000000,0,0.000000,0.000000,0,0.000000,0.000000,0,0.000000,0.000000,0,0.000000,0.000000,0,0.000000,0.000000,0,0.000000,0.000000,0,0.000000,0.000000,0,0.000000,0.000000,0,0.000000,0.000000
11,0.001165,0,0.000000,0.000000,0,0.000000,0.000000,0,0.000000,0.000000,0,0.000000,0.000000,0,0.000000,0.000000,0,0.000000,0.000000,0,0.000000,0.000000,0,0.000000,0.000000,0,0.000000,0.000000,2,0.222222,0.000000,0,0.000000,0.000000,3,0.333333,0.000000,1,0.111111,0.111111,1,0.111111,0.000000,0,0.000000,0.000000,0,0.000000,0.000000,1,0.111111,0.000000,0,0.000000,0.000000,0,0.000000,0.000000,0,0.000000,0.000000,1,0.111111,0.111111,0,0.000000,0.000000,0,0.000000,0.000000,0,0.000000,0.000000,0,0.000000,0.000000,0,0.000000,0.000000,0,0.000000,0.000000,0,0.000000,0.000000,4,0.444444,0.333333,0,0.000000,0.000000,0,0.000000,0.000000,0,0.000000,0.000000,0,0.000000,0.000000,0,0.000000,0.000000,0,0.000000,0.000000,0,0.000000,0.000000,0,0.000000,0.000000,0,0.000000,0.000000,0,0.000000,0.000000,0,0.000000,0.000000,0,0.000000,0.000000,0,0.000000,0.000000,0,0.000000,0.000000
12,0.000295,0,0.000000,0.000000,0,0.000000,0.000000,0,0.000000,0.000000,0,0.000000,0.000000,1,0.333333,0.333333,0,0.000000,0.000000,0,0.000000,0.000000,0,0.000000,0.000000,0,0.000000,0.000000,0,0.000000,0.000000,0,0.000000,0.000000,0,0.000000,0.000000,2,0.666667,0.333333,0,0.000000,0.000000,0,0.000000,0.000000,0,0.000000,0.000000,0,0.000000,0.000000,0,0.000000,0.000000,0,0.000000,0.000000,0,0.000000,0.000000,0,0.000000,0.000000,0,0.000000,0.000000,0,0.000000,0.000000,0,0.000000,0.000000,1,0.333333,0.000000,0,0.000000,0.000000,0,0.000000,0.000000,0,0.000000,0.000000,0,0.000000,0.000000,0,0.000000,0.000000,0,0.000000,0.000000,0,0.000000,0.000000,0,0.000000,0.000000,0,0.000000,0.000000,0,0.000000,0.000000,0,0.000000,0.000000,0,0.000000,0.000000,0,0.000000,0.000000,0,0.000000,0.000000,0,0.000000,0.000000,0,0.000000,0.000000,0,0.000000,0.000000,0,0.000000,0.000000
13,0.000445,0,0.000000,0.000000,0,0.000000,0.000000,0,0.000000,0.000000,0,0.000000,0.000000,0,0.000000,0.000000,0,0.000000,0.000000,0,0.000000,0.000000,0,0.000000,0.000000,0,0.000000,0.000000,2,0.666667,0.000000,0,0.000000,0.000000,1,0.333333,0.000000,1,0.333333,0.000000,0,0.000000,0.000000,0,0.000000,0.000000,0,0.000000,0.000000,1,0.333333,0.333333,0,0.000000,0.000000,0,0.000000,0.000000,0,0.000000,0.000000,0,0.000000,0.000000,1,0.333333,0.000000,0,0.000000,0.000000,0,0.000000,0.000000,0,0.000000,0.000000,0,0.000000,0.000000,0,0.000000,0.000000,0,0.000000,0.000000,0,0.000000,0.000000,0,0.000000,0.000000,0,0.000000,0.000000,0,0.000000,0.000000,0,0.000000,0.000000,0,0.000000,0.000000,0,0.000000,0.000000,0,0.000000,0.000000,0,0.000000,0.000000,0,0.000000,0.000000,0,0.000000,0.000000,0,0.000000,0.000000,0,0.000000,0.000000,0,0.000000,0.000000,0,0.000000,0.000000
14,0.000600,0,0.000000,0.000000,0,0.000000,0.000000,0,0.000000,0.000000,1,0.250000,0.250000,0,0.000000,0.000000,0,0.000000,0.000000,0,0.000000,0.000000,0,0.000000,0.000000,0,0.000000,0.000000,0,0.000000,0.000000,0,0.000000,0.000000,1,0.250000,0.000000,0,0.000000,0.000000,0,0.000000,0.000000,0,0.000000,0.000000,1,0.250000,0.000000,0,0.000000,0.000000,0,0.000000,0.000000,0,0.000000,0.000000,0,0.000000,0.000000,1,0.250000,0.250000,0,0.000000,0.000000,1,0.250000,0.000000,0,0.000000,0.000000,0,0.000000,0.000000,0,0.000000,0.000000,0,0.000000,0.000000,0,0.000000,0.000000,0,0.000000,0.000000,0,0.000000,0.000000,0,0.000000,0.000000,1,0.250000,0.000000,0,0.000000,0.000000,0,0.000000,0.000000,0,0.000000,0.000000,0,0.000000,0.000000,0,0.000000,0.000000,0,0.000000,0.000000,0,0.000000,0.000000,0,0.000000,0.000000,0,0.000000,0.000000,0,0.000000,0.000000,0,0.000000,0.000000
15,0.000855,0,0.000000,0.000000,0,0.000000,0.000000,0,0.000000,0.000000,0,0.000000,0.000000,0,0.000000,0.000000,0,0.000000,0.000000,1,0.200000,0.000000,0,0.000000,0.000000,0,0.000000,0.000000,2,0.400000,0.000000,0,0.000000,0.000000,1,0.200000,0.000000,3,0.600000,0.400000,0,0.000000,0.000000,1,0.200000,0.200000,0,0.000000,0.000000,0,0.000000,0.000000,0,0.000000,0.000000,0,0.000000,0.000000,0,0.000000,0.000000,0,0.000000,0.000000,0,0.000000,0.000000,0,0.000000,0.000000,0,0.000000,0.000000,0,0.000000,0.000000,0,0.000000,0.000000,0,0.000000,0.000000,0,0.000000,0.000000,0,0.000000,0.000000,0,0.000000,0.000000,0,0.000000,0.000000,0,0.000000,0.000000,0,0.000000,0.000000,0,0.000000,0.000000,0,0.000000,0.000000,0,0.000000,0.000000,0,0.000000,0.000000,0,0.000000,0.000000,0,0.000000,0.000000,0,0.000000,0.000000,0,0.000000,0.000000,0,0.000000,0.000000,0,0.000000,0.000000
16,0.000625,0,0.000000,0.000000,0,0.000000,0.000000,0,0.000000,0.000000,0,0.000000,0.000000,0,0.000000,0.000000,0,0.000000,0.000000,0,0.000000,0.000000,0,0.000000,0.000000,0,0.000000,0.000000,2,0.500000,0.000000,0,0.000000,0.000000,1,0.250000,0.000000,1,0.250000,0.000000,0,0.000000,0.000000,1,0.250000,0.250000,0,0.000000,0.000000,0,0.000000,0.000000,0,0.000000,0.000000,1,0.250000,0.250000,0,0.000000,0.000000,0,0.000000,0.000000,0,0.000000,0.000000,0,0.000000,0.000000,0,0.000000,0.000000,0,0.000000,0.000000,0,0.000000,0.000000,0,0.000000,0.000000,0,0.000000,0.000000,0,0.000000,0.000000,0,0.000000,0.000000,0,0.000000,0.000000,0,0.000000,0.000000,0,0.000000,0.000000,0,0.000000,0.000000,0,0.000000,0.000000,0,0.000000,0.000000,0,0.000000,0.000000,0,0.000000,0.000000,0,0.000000,0.000000,0,0.000000,0.000000,0,0.000000,0.000000,0,0.000000,0.000000,0,0.000000,0.000000
17,0.000615,0,0.000000,0.000000,0,0.000000,0.000000,0,0.000000,0.000000,0,0.000000,0.000000,0,0.000000,0.000000,0,0.000000,0.000000,1,0.250000,0.250000,0,0.000000,0.000000,0,0.000000,0.000000,1,0.250000,0.000000,0,0.000000,0.000000,1,0.250000,0.000000,1,0.250000,0.250000,0,0.000000,0.000000,0,0.000000,0.000000,0,0.000000,0.000000,0,0.000000,0.000000,0,0.000000,0.000000,0,0.000000,0.000000,0,0.000000,0.000000,0,0.000000,0.000000,1,0.250000,0.250000,0,0.000000,0.000000,0,0.000000,0.000000,0,0.000000,0.000000,0,0.000000,0.000000,0,0.000000,0.000000,0,0.000000,0.000000,0,0.000000,0.000000,0,0.000000,0.000000,0,0.000000,0.000000,0,0.000000,0.000000,0,0.000000,0.000000,0,0.000000,0.000000,0,0.000000,0.000000,0,0.000000,0.000000,0,0.000000,0.000000,0,0.000000,0.000000,0,0.000000,0.000000,0,0.000000,0.000000,0,0.000000,0.000000,0,0.000000,0.000000,0,0.000000,0.000000
18,0.000620,0,0.000000,0.000000,0,0.000000,0.000000,0,0.000000,0.000000,0,0.000000,0.000000,0,0.000000,0.000000,0,0.000000,0.000000,0,0.000000,0.000000,0,0.000000,0.000000,1,0.333333,0.333333,1,0.333333,0.000000,0,0.000000,0.000000,0,0.000000,0.000000,1,0.333333,0.000000,0,0.000000,0.000000,0,0.000000,0.000000,0,0.000000,0.000000,0,0.000000,0.000000,0,0.000000,0.000000,1,0.333333,0.333333,0,0.000000,0.000000,0,0.000000,0.000000,0,0.000000,0.000000,0,0.000000,0.000000,0,0.000000,0.000000,0,0.000000,0.000000,0,0.000000,0.000000,0,0.000000,0.000000,0,0.000000,0.000000,0,0.000000,0.000000,0,0.000000,0.000000,0,0.000000,0.000000,0,0.000000,0.000000,0,0.000000,0.000000,0,0.000000,0.000000,0,0.000000,0.000000,0,0.000000,0.000000,0,0.000000,0.000000,0,0.000000,0.000000,0,0.000000,0.000000,0,0.000000,0.000000,0,0.000000,0.000000,0,0.000000,0.000000,0,0.000000,0.000000
19,0.000730,0,0.000000,0.000000,0,0.000000,0.000000,0,0.000000,0.000000,0,0.000000,0.000000,0,0.000000,0.000000,0,0.000000,0.000000,0,0.000000,0.000000,0,0.000000,0.000000,0,0.000000,0.000000,1,0.250000,0.000000,1,0.250000,0.250000,1,0.250000,0.000000,1,0.250000,0.250000,0,0.000000,0.000000,0,0.000000,0.000000,0,0.000000,0.000000,0,0.000000,0.000000,0,0.000000,0.000000,0,0.000000,0.000000,0,0.000000,0.000000,0,0.000000,0.000000,0,0.000000,0.000000,0,0.000000,0.000000,0,0.000000,0.000000,0,0.000000,0.000000,0,0.000000,0.000000,0,0.000000,0.000000,0,0.000000,0.000000,1,0.250000,0.000000,0,0.000000,0.000000,0,0.000000,0.000000,1,0.250000,0.000000,0,0.000000,0.000000,0,0.000000,0.000000,0,0.000000,0.000000,0,0.000000,0.000000,0,0.000000,0.000000,0,0.000000,0.000000,0,0.000000,0.000000,0,0.000000,0.000000,0,0.000000,0.000000,0,0.000000,0.000000,0,0.000000,0.000000
20,0.000870,0,0.000000,0.000000,0,0.000000,0.000000,1,0.250000,0.250000,0,0.000000,0.000000,0,0.000000,0.000000,0,0.000000,0.000000,0,0.000000,0.000000,0,0.000000,0.000000,1,0.250000,0.250000,0,0.000000,0.000000,0,0.000000,0.000000,1,0.250000,0.000000,1,0.250000,0.250000,0,0.000000,0.000000,1,0.250000,0.000000,0,0.000000,0.000000,0,0.000000,0.000000,0,0.000000,0.000000,0,0.000000,0.000000,0,0.000000,0.000000,0,0.000000,0.000000,0,0.000000,0.000000,0,0.000000,0.000000,0,0.000000,0.000000,0,0.000000,0.000000,0,0.000000,0.000000,0,0.000000,0.000000,0,0.000000,0.000000,1,0.250000,0.000000,0,0.000000,0.000000,0,0.000000,0.000000,1,0.250000,0.000000,0,0.000000,0.000000,0,0.000000,0.000000,0,0.000000,0.000000,0,0.000000,0.000000,0,0.000000,0.000000,0,0.000000,0.000000,0,0.000000,0.000000,0,0.000000,0.000000,0,0.000000,0.000000,0,0.000000,0.000000,0,0.000000,0.000000
21,0.001420,0,0.000000,0.000000,0,0.000000,0.000000,0,0.000000,0.000000,0,0.000000,0.000000,0,0.000000,0.000000,0,0.000000,0.000000,0,0.000000,0.000000,0,0.000000,0.000000,0,0.000000,0.000000,2,0.285714,0.000000,0,0.000000,0.000000,0,0.000000,0.000000,3,0.428571,0.142857,0,0.000000,0.000000,1,0.142857,0.142857,1,0.142857,0.000000,1,0.142857,0.000000,2,0.285714,0.000000,0,0.000000,0.000000,0,0.000000,0.000000,1,0.142857,0.000000,0,0.000000,0.000000,1,0.142857,0.142857,0,0.000000,0.000000,0,0.000000,0.000000,0,0.000000,0.000000,0,0.000000,0.000000,0,0.000000,0.000000,0,0.000000,0.000000,0,0.000000,0.000000,0,0.000000,0.000000,0,0.000000,0.000000,0,0.000000,0.000000,0,0.000000,0.000000,0,0.000000,0.000000,0,0.000000,0.000000,0,0.000000,0.000000,0,0.000000,0.000000,0,0.000000,0.000000,0,0.000000,0.000000,0,0.000000,0.000000,0,0.000000,0.000000,0,0.000000,0.000000
22,0.001015,0,0.000000,0.000000,0,0.000000,0.000000,1,0.166667,0.166667,0,0.000000,0.000000,0,0.000000,0.000000,0,0.000000,0.000000,0,0.000000,0.000000,0,0.000000,0.000000,0,0.000000,0.000000,1,0.166667,0.000000,0,0.000000,0.000000,1,0.166667,0.000000,2,0.333333,0.166667,0,0.000000,0.000000,1,0.166667,0.166667,1,0.166667,0.000000,0,0.000000,0.000000,1,0.166667,0.000000,1,0.166667,0.000000,0,0.000000,0.000000,1,0.166667,0.000000,0,0.000000,0.000000,1,0.166667,0.166667,0,0.000000,0.000000,1,0.166667,0.000000,0,0.000000,0.000000,0,0.000000,0.000000,0,0.000000,0.000000,0,0.000000,0.000000,0,0.000000,0.000000,0,0.000000,0.000000,0,0.000000,0.000000,0,0.000000,0.000000,0,0.000000,0.000000,0,0.000000,0.000000,0,0.000000,0.000000,0,0.000000,0.000000,0,0.000000,0.000000,0,0.000000,0.000000,0,0.000000,0.000000,0,0.000000,0.000000,0,0.000000,0.000000,0,0.000000,0.000000
23,0.001455,0,0.000000,0.000000,0,0.000000,0.000000,1,0.142857,0.142857,0,0.000000,0.000000,0,0.000000,0.000000,0,0.000000,0.000000,0,0.000000,0.000000,0,0.000000,0.000000,1,0.142857,0.142857,3,0.428571,0.000000,0,0.000000,0.000000,3,0.428571,0.000000,3,0.428571,0.285714,0,0.000000,0.000000,0,0.000000,0.000000,0,0.000000,0.000000,0,0.000000,0.000000,0,0.000000,0.000000,0,0.000000,0.000000,0,0.000000,0.000000,0,0.000000,0.000000,0,0.000000,0.000000,0,0.000000,0.000000,0,0.000000,0.000000,0,0.000000,0.000000,0,0.000000,0.000000,0,0.000000,0.000000,0,0.000000,0.000000,0,0.000000,0.000000,0,0.000000,0.000000,1,0.142857,0.000000,0,0.000000,0.000000,0,0.000000,0.000000,1,0.142857,0.000000,0,0.000000,0.000000,0,0.000000,0.000000,0,0.000000,0.000000,0,0.000000,0.000000,0,0.000000,0.000000,0,0.000000,0.000000,0,0.000000,0.000000,0,0.000000,0.000000,0,0.000000,0.000000
24,0.000425,0,0.000000,0.000000,0,0.000000,0.000000,0,0.000000,0.000000,0,0.000000,0.000000,0,0.000000,0.000000,0,0.000000,0.000000,1,0.500000,0.500000,0,0.000000,0.000000,1,0.500000,0.000000,0,0.000000,0.000000,0,0.000000,0.000000,0,0.000000,0.000000,1,0.500000,0.000000,0,0.000000,0.000000,0,0.000000,0.000000,0,0.000000,0.000000,0,0.000000,0.000000,0,0.000000,0.000000,0,0.000000,0.000000,0,0.000000,0.000000,0,0.000000,0.000000,0,0.000000,0.000000,0,0.000000,0.000000,0,0.000000,0.000000,0,0.000000,0.000000,0,0.000000,0.000000,0,0.000000,0.000000,0,0.000000,0.000000,0,0.000000,0.000000,0,0.000000,0.000000,0,0.000000,0.000000,0,0.000000,0.000000,0,0.000000,0.000000,0,0.000000,0.000000,0,0.000000,0.000000,0,0.000000,0.000000,0,0.000000,0.000000,0,0.000000,0.000000,0,0.000000,0.000000,0,0.000000,0.000000,0,0.000000,0.000000,0,0.000000,0.000000,0,0.000000,0.000000
25,0.000395,0,0.000000,0.000000,0,0.000000,0.000000,0,0.000000,0.000000,0,0.000000,0.000000,0,0.000000,0.000000,0,0.000000,0.000000,1,0.333333,0.333333,0,0.000000,0.000000,1,0.333333,0.333333,0,0.000000,0.000000,0,0.000000,0.000000,0,0.000000,0.000000,1,0.333333,0.333333,0,0.000000,0.000000,0,0.000000,0.000000,0,0.000000,0.000000,0,0.000000,0.000000,0,0.000000,0.000000,0,0.000000,0.000000,0,0.000000,0.000000,0,0.000000,0.000000,0,0.000000,0.000000,0,0.000000,0.000000,0,0.000000,0.000000,0,0.000000,0.000000,0,0.000000,0.000000,0,0.000000,0.000000,0,0.000000,0.000000,0,0.000000,0.000000,0,0.000000,0.000000,0,0.000000,0.000000,0,0.000000,0.000000,0,0.000000,0.000000,0,0.000000,0.000000,0,0.000000,0.000000,0,0.000000,0.000000,0,0.000000,0.000000,0,0.000000,0.000000,0,0.000000,0.000000,0,0.000000,0.000000,0,0.000000,0.000000,0,0.000000,0.000000,0,0.000000,0.000000
26,0.001255,0,0.000000,0.000000,0,0.000000,0.000000,0,0.000000,0.000000,0,0.000000,0.000000,0,0.000000,0.000000,0,0.000000,0.000000,1,0.111111,0.000000,0,0.000000,0.000000,0,0.000000,0.000000,2,0.222222,0.000000,1,0.111111,0.000000,1,0.111111,0.000000,5,0.555556,0.444444,0,0.000000,0.000000,1,0.111111,0.111111,0,0.000000,0.000000,2,0.222222,0.111111,0,0.000000,0.000000,0,0.000000,0.000000,0,0.000000,0.000000,1,0.111111,0.000000,0,0.000000,0.000000,0,0.000000,0.000000,0,0.000000,0.000000,0,0.000000,0.000000,0,0.000000,0.000000,0,0.000000,0.000000,1,0.111111,0.000000,0,0.000000,0.000000,0,0.000000,0.000000,0,0.000000,0.000000,0,0.000000,0.000000,0,0.000000,0.000000,0,0.000000,0.000000,0,0.000000,0.000000,0,0.000000,0.000000,0,0.000000,0.000000,0,0.000000,0.000000,0,0.000000,0.000000,0,0.000000,0.000000,0,0.000000,0.000000,0,0.000000,0.000000,0,0.000000,0.000000
27,0.000430,0,0.000000,0.000000,0,0.000000,0.000000,0,0.000000,0.000000,0,0.000000,0.000000,0,0.000000,0.000000,1,0.333333,0.333333,1,0.333333,0.333333,0,0.000000,0.000000,1,0.333333,0.333333,0,0.000000,0.000000,0,0.000000,0.000000,0,0.000000,0.000000,0,0.000000,0.000000,0,0.000000,0.000000,0,0.000000,0.000000,0,0.000000,0.000000,0,0.000000,0.000000,0,0.000000,0.000000,0,0.000000,0.000000,0,0.000000,0.000000,0,0.000000,0.000000,0,0.000000,0.000000,0,0.000000,0.000000,0,0.000000,0.000000,0,0.000000,0.000000,0,0.000000,0.000000,0,0.000000,0.000000,0,0.000000,0.000000,0,0.000000,0.000000,0,0.000000,0.000000,0,0.000000,0.000000,0,0.000000,0.000000,0,0.000000,0.000000,0,0.000000,0.000000,0,0.000000,0.000000,0,0.000000,0.000000,0,0.000000,0.000000,0,0.000000,0.000000,0,0.000000,0.000000,0,0.000000,0.000000,0,0.000000,0.000000,0,0.000000,0.000000,0,0.000000,0.000000
28,0.000470,0,0.000000,0.000000,0,0.000000,0.000000,0,0.000000,0.000000,0,0.000000,0.000000,0,0.000000,0.000000,1,0.333333,0.333333,0,0.000000,0.000000,0,0.000000,0.000000,0,0.000000,0.000000,0,0.000000,0.000000,1,0.333333,0.000000,1,0.333333,0.000000,0,0.000000,0.000000,0,0.000000,0.000000,1,0.333333,0.000000,0,0.000000,0.000000,0,0.000000,0.000000,0,0.000000,0.000000,0,0.000000,0.000000,0,0.000000,0.000000,1,0.333333,0.000000,0,0.000000,0.000000,0,0.000000,0.000000,0,0.000000,0.000000,0,0.000000,0.000000,0,0.000000,0.000000,0,0.000000,0.000000,0,0.000000,0.000000,1,0.333333,0.000000,0,0.000000,0.000000,0,0.000000,0.000000,1,0.333333,0.000000,0,0.000000,0.000000,0,0.000000,0.000000,0,0.000000,0.000000,0,0.000000,0.000000,0,0.000000,0.000000,0,0.000000,0.000000,0,0.000000,0.000000,0,0.000000,0.000000,0,0.000000,0.000000,0,0.000000,0.000000,0,0.000000,0.000000
29,0.000700,0,0.000000,0.000000,0,0.000000,0.000000,0,0.000000,0.000000,0,0.000000,0.000000,0,0.000000,0.000000,0,0.000000,0.000000,1,0.333333,0.333333,0,0.000000,0.000000,0,0.000000,0.000000,0,0.000000,0.000000,1,0.333333,0.333333,0,0.000000,0.000000,1,0.333333,0.333333,0,0.000000,0.000000,0,0.000000,0.000000,0,0.000000,0.000000,0,0.000000,0.000000,0,0.000000,0.000000,0,0.000000,0.000000,0,0.000000,0.000000,0,0.000000,0.000000,0,0.000000,0.000000,0,0.000000,0.000000,0,0.000000,0.000000,0,0.000000,0.000000,0,0.000000,0.000000,0,0.000000,0.000000,0,0.000000,0.000000,0,0.000000,0.000000,0,0.000000,0.000000,0,0.000000,0.000000,0,0.000000,0.000000,0,0.000000,0.000000,0,0.000000,0.000000,0,0.000000,0.000000,0,0.000000,0.000000,0,0.000000,0.000000,0,0.000000,0.000000,0,0.000000,0.000000,0,0.000000,0.000000,0,0.000000,0.000000,0,0.000000,0.000000,0,0.000000,0.000000
30,0.000350,0,0.000000,0.000000,0,0.000000,0.000000,1,0.333333,0.333333,0,0.000000,0.000000,0,0.000000,0.000000,1,0.333333,0.333333,0,0.000000,0.000000,0,0.000000,0.000000,0,0.000000,0.000000,0,0.000000,0.000000,0,0.000000,0.000000,0,0.000000,0.000000,0,0.000000,0.000000,0,0.000000,0.000000,0,0.000000,0.000000,0,0.000000,0.000000,1,0.333333,0.333333,0,0.000000,0.000000,0,0.000000,0.000000,0,0.000000,0.000000,0,0.000000,0.000000,0,0.000000,0.000000,0,0.000000,0.000000,0,0.000000,0.000000,0,0.000000,0.000000,0,0.000000,0.000000,0,0.000000,0.000000,0,0.000000,0.000000,0,0.000000,0.000000,0,0.000000,0.000000,0,0.000000,0.000000,0,0.000000,0.000000,0,0.000000,0.000000,0,0.000000,0.000000,0,0.000000,0.000000,0,0.000000,0.000000,0,0.000000,0.000000,0,0.000000,0.000000,0,0.000000,0.000000,0,0.000000,0.000000,0,0.000000,0.000000,0,0.000000,0.000000,0,0.000000,0.000000
31,0.000525,0,0.000000,0.000000,0,0.000000,0.000000,0,0.000000,0.000000,0,0.000000,0.000000,1,0.250000,0.250000,0,0.000000,0.000000,1,0.250000,0.000000,0,0.000000,0.000000,0,0.000000,0.000000,0,0.000000,0.000000,0,0.000000,0.000000,0,0.000000,0.000000,1,0.250000,0.250000,0,0.000000,0.000000,0,0.000000,0.000000,0,0.000000,0.000000,1,0.250000,0.000000,0,0.000000,0.000000,0,0.000000,0.000000,0,0.000000,0.000000,0,0.000000,0.000000,1,0.250000,0.000000,0,0.000000,0.000000,1,0.250000,0.000000,0,0.000000,0.000000,0,0.000000,0.000000,0,0.000000,0.000000,0,0.000000,0.000000,0,0.000000,0.000000,0,0.000000,0.000000,0,0.000000,0.000000,0,0.000000,0.000000,0,0.000000,0.000000,0,0.000000,0.000000,0,0.000000,0.000000,0,0.000000,0.000000,0,0.000000,0.000000,0,0.000000,0.000000,0,0.000000,0.000000,0,0.000000,0.000000,0,0.000000,0.000000,0,0.000000,0.000000,0,0.000000,0.000000
32,0.000735,0,0.000000,0.000000,0,0.000000,0.000000,0,0.000000,0.000000,0,0.000000,0.000000,0,0.000000,0.000000,1,0.250000,0.250000,0,0.000000,0.000000,0,0.000000,0.000000,1,0.250000,0.250000,0,0.000000,0.000000,0,0.000000,0.000000,1,0.250000,0.000000,1,0.250000,0.250000,0,0.000000,0.000000,1,0.250000,0.000000,0,0.000000,0.000000,0,0.000000,0.000000,0,0.000000,0.000000,0,0.000000,0.000000,0,0.000000,0.000000,0,0.000000,0.000000,0,0.000000,0.000000,0,0.000000,0.000000,0,0.000000,0.000000,0,0.000000,0.000000,0,0.000000,0.000000,0,0.000000,0.000000,0,0.000000,0.000000,0,0.000000,0.000000,0,0.000000,0.000000,0,0.000000,0.000000,0,0.000000,0.000000,0,0.000000,0.000000,0,0.000000,0.000000,0,0.000000,0.000000,0,0.000000,0.000000,0,0.000000,0.000000,0,0.000000,0.000000,0,0.000000,0.000000,0,0.000000,0.000000,0,0.000000,0.000000,0,0.000000,0.000000,0,0.000000,0.000000
33,0.000315,0,0.000000,0.000000,0,0.000000,0.000000,0,0.000000,0.000000,0,0.000000,0.000000,0,0.000000,0.000000,0,0.000000,0.000000,0,0.000000,0.000000,0,0.000000,0.000000,1,0.333333,0.333333,1,0.333333,0.000000,0,0.000000,0.000000,1,0.333333,0.000000,0,0.000000,0.000000,0,0.000000,0.000000,0,0.000000,0.000000,0,0.000000,0.000000,0,0.000000,0.000000,0,0.000000,0.000000,0,0.000000,0.000000,0,0.000000,0.000000,1,0.333333,0.333333,0,0.000000,0.000000,0,0.000000,0.000000,0,0.000000,0.000000,0,0.000000,0.000000,0,0.000000,0.000000,0,0.000000,0.000000,0,0.000000,0.000000,0,0.000000,0.000000,0,0.000000,0.000000,0,0.000000,0.000000,0,0.000000,0.000000,0,0.000000,0.000000,0,0.000000,0.000000,0,0.000000,0.000000,0,0.000000,0.000000,0,0.000000,0.000000,0,0.000000,0.000000,0,0.000000,0.000000,0,0.000000,0.000000,0,0.000000,0.000000,0,0.000000,0.000000,0,0.000000,0.000000
34,0.000360,0,0.000000,0.000000,0,0.000000,0.000000,0,0.000000,0.000000,0,0.000000,0.000000,1,0.333333,0.333333,1,0.333333,0.333333,1,0.333333,0.333333,0,0.000000,0.000000,0,0.000000,0.000000,0,0.000000,0.000000,0,0.000000,0.000000,0,0.000000,0.000000,0,0.000000,0.000000,0,0.000000,0.000000,0,0.000000,0.000000,0,0.000000,0.000000,0,0.000000,0.000000,0,0.000000,0.000000,0,0.000000,0.000000,0,0.000000,0.000000,0,0.000000,0.000000,0,0.000000,0.000000,0,0.000000,0.000000,0,0.000000,0.000000,0,0.000000,0.000000,0,0.000000,0.000000,0,0.000000,0.000000,0,0.000000,0.000000,0,0.000000,0.000000,0,0.000000,0.000000,0,0.000000,0.000000,0,0.000000,0.000000,0,0.000000,0.000000,0,0.000000,0.000000,0,0.000000,0.000000,0,0.000000,0.000000,0,0.000000,0.000000,0,0.000000,0.000000,0,0.000000,0.000000,0,0.000000,0.000000,0,0.000000,0.000000,0,0.000000,0.000000,0,0.000000,0.000000
35,0.000545,0,0.000000,0.000000,0,0.000000,0.000000,1,0.333333,0.000000,0,0.000000,0.000000,0,0.000000,0.000000,1,0.333333,0.000000,1,0.333333,0.333333,0,0.000000,0.000000,0,0.000000,0.000000,0,0.000000,0.000000,0,0.000000,0.000000,0,0.000000,0.000000,0,0.000000,0.000000,0,0.000000,0.000000,0,0.000000,0.000000,0,0.000000,0.000000,1,0.333333,0.333333,0,0.000000,0.000000,0,0.000000,0.000000,0,0.000000,0.000000,0,0.000000,0.000000,0,0.000000,0.000000,0,0.000000,0.000000,0,0.000000,0.000000,0,0.000000,0.000000,0,0.000000,0.000000,0,0.000000,0.000000,0,0.000000,0.000000,0,0.000000,0.000000,0,0.000000,0.000000,0,0.000000,0.000000,0,0.000000,0.000000,0,0.000000,0.000000,0,0.000000,0.000000,0,0.000000,0.000000,0,0.000000,0.000000,0,0.000000,0.000000,0,0.000000,0.000000,0,0.000000,0.000000,0,0.000000,0.000000,0,0.000000,0.000000,0,0.000000,0.000000,0,0.000000,0.000000
36,0.000975,0,0.000000,0.000000,0,0.000000,0.000000,1,0.333333,0.000000,1,0.333333,0.000000,0,0.000000,0.000000,0,0.000000,0.000000,1,0.333333,0.333333,0,0.000000,0.000000,0,0.000000,0.000000,1,0.333333,0.000000,0,0.000000,0.000000,0,0.000000,0.000000,1,0.333333,0.000000,0,0.000000,0.000000,0,0.000000,0.000000,1,0.333333,0.000000,2,0.666667,0.000000,0,0.000000,0.000000,2,0.666667,0.000000,0,0.000000,0.000000,1,0.333333,0.000000,1,0.333333,0.000000,0,0.000000,0.000000,0,0.000000,0.000000,1,0.333333,0.000000,0,0.000000,0.000000,1,0.333333,0.000000,1,0.333333,0.000000,0,0.000000,0.000000,0,0.000000,0.000000,0,0.000000,0.000000,0,0.000000,0.000000,0,0.000000,0.000000,0,0.000000,0.000000,0,0.000000,0.000000,0,0.000000,0.000000,0,0.000000,0.000000,0,0.000000,0.000000,0,0.000000,0.000000,0,0.000000,0.000000,0,0.000000,0.000000,0,0.000000,0.000000,0,0.000000,0.000000
37,0.000425,0,0.000000,0.000000,0,0.000000,0.000000,0,0.000000,0.000000,0,0.000000,0.000000,0,0.000000,0.000000,0,0.000000,0.000000,1,0.333333,0.333333,0,0.000000,0.000000,0,0.000000,0.000000,0,0.000000,0.000000,0,0.000000,0.000000,0,0.000000,0.000000,1,0.333333,0.333333,0,0.000000,0.000000,0,0.000000,0.000000,0,0.000000,0.000000,0,0.000000,0.000000,0,0.000000,0.000000,0,0.000000,0.000000,0,0.000000,0.000000,0,0.000000,0.000000,1,0.333333,0.333333,0,0.000000,0.000000,0,0.000000,0.000000,0,0.000000,0.000000,0,0.000000,0.000000,0,0.000000,0.000000,0,0.000000,0.000000,0,0.000000,0.000000,0,0.000000,0.000000,0,0.000000,0.000000,0,0.000000,0.000000,0,0.000000,0.000000,0,0.000000,0.000000,0,0.000000,0.000000,0,0.000000,0.000000,0,0.000000,0.000000,0,0.000000,0.000000,0,0.000000,0.000000,0,0.000000,0.000000,0,0.000000,0.000000,0,0.000000,0.000000,0,0.000000,0.000000
38,0.000720,0,0.000000,0.000000,0,0.000000,0.000000,0,0.000000,0.000000,0,0.000000,0.000000,0,0.000000,0.000000,0,0.000000,0.000000,1,0.200000,0.200000,0,0.000000,0.000000,0,0.000000,0.000000,1,0.200000,0.000000,0,0.000000,0.000000,2,0.400000,0.000000,1,0.200000,0.000000,0,0.000000,0.000000,0,0.000000,0.000000,0,0.000000,0.000000,0,0.000000,0.000000,1,0.200000,0.000000,0,0.000000,0.000000,0,0.000000,0.000000,3,0.600000,0.400000,0,0.000000,0.000000,0,0.000000,0.000000,0,0.000000,0.000000,0,0.000000,0.000000,0,0.000000,0.000000,0,0.000000,0.000000,0,0.000000,0.000000,0,0.000000,0.000000,0,0.000000,0.000000,0,0.000000,0.000000,0,0.000000,0.000000,0,0.000000,0.000000,0,0.000000,0.000000,0,0.000000,0.000000,0,0.000000,0.000000,0,0.000000,0.000000,0,0.000000,0.000000,0,0.000000,0.000000,0,0.000000,0.000000,0,0.000000,0.000000,0,0.000000,0.000000,0,0.000000,0.000000
39,0.002880,0,0.000000,0.000000,1,0.052632,0.000000,0,0.000000,0.000000,0,0.000000,0.000000,1,0.052632,0.052632,0,0.000000,0.000000,2,0.105263,0.105263,3,0.157895,0.000000,0,0.000000,0.000000,3,0.157895,0.000000,0,0.000000,0.000000,3,0.157895,0.000000,6,0.315789,0.052632,3,0.157895,0.000000,2,0.105263,0.052632,0,0.000000,0.000000,0,0.000000,0.000000,1,0.052632,0.000000,1,0.052632,0.000000,0,0.000000,0.000000,1,0.052632,0.000000,0,0.000000,0.000000,4,0.210526,0.000000,1,0.052632,0.000000,0,0.000000,0.000000,1,0.052632,0.000000,0,0.000000,0.000000,0,0.000000,0.000000,5,0.263158,0.105263,3,0.157895,0.000000,1,0.052632,0.000000,0,0.000000,0.000000,0,0.000000,0.000000,1,0.052632,0.000000,1,0.052632,0.000000,1,0.052632,0.000000,0,0.000000,0.000000,0,0.000000,0.000000,0,0.000000,0.000000,0,0.000000,0.000000,0,0.000000,0.000000,0,0.000000,0.000000,0,0.000000,0.000000
40,0.001065,1,0.142857,0.000000,1,0.142857,0.000000,0,0.000000,0.000000,0,0.000000,0.000000,0,0.000000,0.000000,0,0.000000,0.000000,1,0.142857,0.142857,0,0.000000,0.000000,0,0.000000,0.000000,0,0.000000,0.000000,0,0.000000,0.000000,0,0.000000,0.000000,0,0.000000,0.000000,0,0.000000,0.000000,0,0.000000,0.000000,0,0.000000,0.000000,0,0.000000,0.000000,1,0.142857,0.000000,1,0.142857,0.142857,0,0.000000,0.000000,1,0.142857,0.000000,0,0.000000,0.000000,2,0.285714,0.285714,0,0.000000,0.000000,0,0.000000,0.000000,0,0.000000,0.000000,0,0.000000,0.000000,0,0.000000,0.000000,1,0.142857,0.142857,0,0.000000,0.000000,0,0.000000,0.000000,0,0.000000,0.000000,0,0.000000,0.000000,0,0.000000,0.000000,0,0.000000,0.000000,0,0.000000,0.000000,0,0.000000,0.000000,0,0.000000,0.000000,0,0.000000,0.000000,0,0.000000,0.000000,0,0.000000,0.000000,0,0.000000,0.000000,0,0.000000,0.000000
41,0.010995,1,0.021277,0.021277,2,0.042553,0.021277,1,0.021277,0.000000,9,0.191489,0.021277,1,0.021277,0.000000,0,0.000000,0.000000,2,0.042553,0.042553,4,0.085106,0.000000,1,0.021277,0.000000,3,0.063830,0.000000,1,0.021277,0.021277,17,0.361702,0.000000,10,0.212766,0.000000,6,0.127660,0.000000,11,0.234043,0.063830,1,0.021277,0.000000,0,0.000000,0.000000,4,0.085106,0.000000,7,0.148936,0.000000,2,0.042553,0.000000,3,0.063830,0.000000,0,0.000000,0.000000,9,0.191489,0.042553,9,0.191489,0.000000,8,0.170213,0.000000,2,0.042553,0.000000,1,0.021277,0.000000,0,0.000000,0.000000,2,0.042553,0.000000,2,0.042553,0.000000,0,0.000000,0.000000,0,0.000000,0.000000,0,0.000000,0.000000,19,0.404255,0.000000,5,0.106383,0.000000,4,0.085106,0.000000,11,0.234043,0.000000,0,0.000000,0.000000,0,0.000000,0.000000,0,0.000000,0.000000,0,0.000000,0.000000,0,0.000000,0.000000,0,0.000000,0.000000
42,0.002530,0,0.000000,0.000000,0,0.000000,0.000000,0,0.000000,0.000000,1,0.047619,0.047619,2,0.095238,0.000000,2,0.095238,0.000000,1,0.047619,0.047619,0,0.000000,0.000000,1,0.047619,0.047619,3,0.142857,0.142857,0,0.000000,0.000000,8,0.380952,0.000000,3,0.142857,0.000000,0,0.000000,0.000000,5,0.238095,0.000000,0,0.000000,0.000000,0,0.000000,0.000000,2,0.095238,0.000000,2,0.095238,0.047619,0,0.000000,0.000000,2,0.095238,0.000000,2,0.095238,0.047619,3,0.142857,0.095238,0,0.000000,0.000000,0,0.000000,0.000000,0,0.000000,0.000000,1,0.047619,0.000000,0,0.000000,0.000000,0,0.000000,0.000000,0,0.000000,0.000000,0,0.000000,0.000000,0,0.000000,0.000000,0,0.000000,0.000000,3,0.142857,0.000000,0,0.000000,0.000000,0,0.000000,0.000000,3,0.142857,0.000000,0,0.000000,0.000000,0,0.000000,0.000000,0,0.000000,0.000000,0,0.000000,0.000000,0,0.000000,0.000000,0,0.000000,0.000000
43,0.005115,2,0.100000,0.100000,2,0.100000,0.000000,0,0.000000,0.000000,0,0.000000,0.000000,0,0.000000,0.000000,0,0.000000,0.000000,0,0.000000,0.000000,3,0.150000,0.000000,2,0.100000,0.000000,3,0.150000,0.000000,0,0.000000,0.000000,1,0.050000,0.000000,2,0.100000,0.000000,0,0.000000,0.000000,2,0.100000,0.000000,0,0.000000,0.000000,1,0.050000,0.000000,4,0.200000,0.000000,2,0.100000,0.050000,2,0.100000,0.000000,5,0.250000,0.050000,0,0.000000,0.000000,4,0.200000,0.100000,4,0.200000,0.000000,5,0.250000,0.100000,1,0.050000,0.000000,2,0.100000,0.000000,1,0.050000,0.000000,1,0.050000,0.000000,0,0.000000,0.000000,0,0.000000,0.000000,2,0.100000,0.000000,0,0.000000,0.000000,0,0.000000,0.000000,0,0.000000,0.000000,0,0.000000,0.000000,1,0.050000,0.000000,0,0.000000,0.000000,0,0.000000,0.000000,0,0.000000,0.000000,0,0.000000,0.000000,0,0.000000,0.000000,1,0.050000,0.000000
44,0.002235,0,0.000000,0.000000,0,0.000000,0.000000,0,0.000000,0.000000,2,0.133333,0.066667,0,0.000000,0.000000,0,0.000000,0.000000,2,0.133333,0.133333,0,0.000000,0.000000,1,0.066667,0.000000,3,0.200000,0.200000,0,0.000000,0.000000,2,0.133333,0.000000,1,0.066667,0.000000,1,0.066667,0.000000,2,0.133333,0.133333,0,0.000000,0.000000,0,0.000000,0.000000,0,0.000000,0.000000,1,0.066667,0.000000,0,0.000000,0.000000,2,0.133333,0.066667,0,0.000000,0.000000,1,0.066667,0.000000,0,0.000000,0.000000,0,0.000000,0.000000,0,0.000000,0.000000,0,0.000000,0.000000,0,0.000000,0.000000,0,0.000000,0.000000,0,0.000000,0.000000,0,0.000000,0.000000,0,0.000000,0.000000,0,0.000000,0.000000,1,0.066667,0.000000,0,0.000000,0.000000,0,0.000000,0.000000,2,0.133333,0.066667,0,0.000000,0.000000,2,0.133333,0.133333,0,0.000000,0.000000,0,0.000000,0.000000,0,0.000000,0.000000,0,0.000000,0.000000
45,0.001440,0,0.000000,0.000000,0,0.000000,0.000000,0,0.000000,0.000000,0,0.000000,0.000000,1,0.090909,0.000000,1,0.090909,0.000000,1,0.090909,0.090909,0,0.000000,0.000000,1,0.090909,0.090909,3,0.272727,0.181818,1,0.090909,0.090909,0,0.000000,0.000000,0,0.000000,0.000000,0,0.000000,0.000000,0,0.000000,0.000000,0,0.000000,0.000000,0,0.000000,0.000000,0,0.000000,0.000000,3,0.272727,0.272727,0,0.000000,0.000000,0,0.000000,0.000000,0,0.000000,0.000000,1,0.090909,0.090909,0,0.000000,0.000000,0,0.000000,0.000000,0,0.000000,0.000000,0,0.000000,0.000000,0,0.000000,0.000000,0,0.000000,0.000000,0,0.000000,0.000000,0,0.000000,0.000000,0,0.000000,0.000000,0,0.000000,0.000000,0,0.000000,0.000000,0,0.000000,0.000000,1,0.090909,0.000000,0,0.000000,0.000000,0,0.000000,0.000000,1,0.090909,0.000000,0,0.000000,0.000000,0,0.000000,0.000000,0,0.000000,0.000000,0,0.000000,0.000000
46,0.002675,0,0.000000,0.000000,0,0.000000,0.000000,0,0.000000,0.000000,2,0.133333,0.066667,2,0.133333,0.000000,1,0.066667,0.000000,3,0.200000,0.200000,1,0.066667,0.000000,1,0.066667,0.000000,3,0.200000,0.200000,0,0.000000,0.000000,2,0.133333,0.000000,1,0.066667,0.000000,1,0.066667,0.000000,2,0.133333,0.000000,0,0.000000,0.000000,0,0.000000,0.000000,3,0.200000,0.000000,3,0.200000,0.000000,0,0.000000,0.000000,0,0.000000,0.000000,0,0.000000,0.000000,2,0.133333,0.000000,1,0.066667,0.000000,0,0.000000,0.000000,0,0.000000,0.000000,1,0.066667,0.000000,0,0.000000,0.000000,2,0.133333,0.000000,0,0.000000,0.000000,0,0.000000,0.000000,2,0.133333,0.000000,0,0.000000,0.000000,1,0.066667,0.000000,0,0.000000,0.000000,0,0.000000,0.000000,0,0.000000,0.000000,0,0.000000,0.000000,0,0.000000,0.000000,0,0.000000,0.000000,0,0.000000,0.000000,0,0.000000,0.000000,0,0.000000,0.000000
47,0.000870,0,0.000000,0.000000,0,0.000000,0.000000,2,0.400000,0.400000,0,0.000000,0.000000,0,0.000000,0.000000,1,0.200000,0.000000,0,0.000000,0.000000,0,0.000000,0.000000,0,0.000000,0.000000,0,0.000000,0.000000,0,0.000000,0.000000,1,0.200000,0.200000,0,0.000000,0.000000,0,0.000000,0.000000,0,0.000000,0.000000,0,0.000000,0.000000,1,0.200000,0.000000,0,0.000000,0.000000,1,0.200000,0.000000,0,0.000000,0.000000,0,0.000000,0.000000,0,0.000000,0.000000,1,0.200000,0.000000,0,0.000000,0.000000,1,0.200000,0.000000,0,0.000000,0.000000,0,0.000000,0.000000,0,0.000000,0.000000,0,0.000000,0.000000,0,0.000000,0.000000,0,0.000000,0.000000,1,0.200000,0.000000,0,0.000000,0.000000,1,0.200000,0.000000,0,0.000000,0.000000,0,0.000000,0.000000,0,0.000000,0.000000,0,0.000000,0.000000,0,0.000000,0.000000,0,0.000000,0.000000,0,0.000000,0.000000,0,0.000000,0.000000,0,0.000000,0.000000
48,0.003355,1,0.047619,0.000000,1,0.047619,0.000000,0,0.000000,0.000000,3,0.142857,0.095238,1,0.047619,0.047619,0,0.000000,0.000000,1,0.047619,0.047619,3,0.142857,0.000000,0,0.000000,0.000000,3,0.142857,0.000000,0,0.000000,0.000000,9,0.428571,0.000000,5,0.238095,0.047619,3,0.142857,0.000000,7,0.333333,0.047619,0,0.000000,0.000000,1,0.047619,0.000000,2,0.095238,0.000000,4,0.190476,0.000000,0,0.000000,0.000000,0,0.000000,0.000000,0,0.000000,0.000000,3,0.142857,0.000000,1,0.047619,0.000000,1,0.047619,0.000000,0,0.000000,0.000000,1,0.047619,0.000000,0,0.000000,0.000000,1,0.047619,0.000000,2,0.095238,0.000000,0,0.000000,0.000000,0,0.000000,0.000000,0,0.000000,0.000000,3,0.142857,0.000000,2,0.095238,0.000000,0,0.000000,0.000000,3,0.142857,0.000000,0,0.000000,0.000000,0,0.000000,0.000000,0,0.000000,0.000000,0,0.000000,0.000000,0,0.000000,0.000000,0,0.000000,0.000000
49,0.002930,0,0.000000,0.000000,0,0.000000,0.000000,0,0.000000,0.000000,1,0.058824,0.000000,1,0.058824,0.000000,0,0.000000,0.000000,1,0.058824,0.058824,1,0.058824,0.000000,1,0.058824,0.058824,3,0.176471,0.117647,0,0.000000,0.000000,1,0.058824,0.000000,3,0.176471,0.058824,1,0.058824,0.000000,0,0.000000,0.000000,0,0.000000,0.000000,1,0.058824,0.000000,0,0.000000,0.000000,0,0.000000,0.000000,0,0.000000,0.000000,0,0.000000,0.000000,0,0.000000,0.000000,7,0.411765,0.117647,1,0.058824,0.000000,1,0.058824,0.000000,1,0.058824,0.000000,0,0.000000,0.000000,0,0.000000,0.000000,7,0.411765,0.117647,2,0.117647,0.000000,0,0.000000,0.000000,0,0.000000,0.000000,0,0.000000,0.000000,3,0.176471,0.058824,0,0.000000,0.000000,2,0.117647,0.000000,0,0.000000,0.000000,0,0.000000,0.000000,0,0.000000,0.000000,0,0.000000,0.000000,0,0.000000,0.000000,0,0.000000,0.000000,0,0.000000,0.000000
50,0.001470,0,0.000000,0.000000,0,0.000000,0.000000,0,0.000000,0.000000,1,0.090909,0.090909,1,0.090909,0.090909,0,0.000000,0.000000,2,0.181818,0.090909,0,0.000000,0.000000,0,0.000000,0.000000,1,0.090909,0.090909,0,0.000000,0.000000,0,0.000000,0.000000,0,0.000000,0.000000,0,0.000000,0.000000,0,0.000000,0.000000,0,0.000000,0.000000,3,0.272727,0.090909,0,0.000000,0.000000,2,0.181818,0.090909,0,0.000000,0.000000,0,0.000000,0.000000,0,0.000000,0.000000,1,0.090909,0.000000,1,0.090909,0.000000,1,0.090909,0.000000,1,0.090909,0.000000,0,0.000000,0.000000,0,0.000000,0.000000,0,0.000000,0.000000,0,0.000000,0.000000,2,0.181818,0.000000,0,0.000000,0.000000,0,0.000000,0.000000,2,0.181818,0.000000,0,0.000000,0.000000,0,0.000000,0.000000,0,0.000000,0.000000,0,0.000000,0.000000,0,0.000000,0.000000,0,0.000000,0.000000,0,0.000000,0.000000,0,0.000000,0.000000,0,0.000000,0.000000
51,0.001025,0,0.000000,0.000000,0,0.000000,0.000000,0,0.000000,0.000000,0,0.000000,0.000000,1,0.090909,0.090909,0,0.000000,0.000000,1,0.090909,0.090909,0,0.000000,0.000000,0,0.000000,0.000000,3,0.272727,0.272727,0,0.000000,0.000000,0,0.000000,0.000000,1,0.090909,0.000000,0,0.000000,0.000000,1,0.090909,0.090909,1,0.090909,0.000000,0,0.000000,0.000000,0,0.000000,0.000000,0,0.000000,0.000000,0,0.000000,0.000000,0,0.000000,0.000000,1,0.090909,0.000000,1,0.090909,0.000000,0,0.000000,0.000000,1,0.090909,0.090909,0,0.000000,0.000000,1,0.090909,0.090909,0,0.000000,0.000000,0,0.000000,0.000000,0,0.000000,0.000000,1,0.090909,0.000000,0,0.000000,0.000000,0,0.000000,0.000000,1,0.090909,0.000000,0,0.000000,0.000000,0,0.000000,0.000000,1,0.090909,0.000000,0,0.000000,0.000000,0,0.000000,0.000000,0,0.000000,0.000000,0,0.000000,0.000000,0,0.000000,0.000000,0,0.000000,0.000000
52,0.007815,0,0.000000,0.000000,1,0.021739,0.021739,2,0.043478,0.021739,3,0.065217,0.043478,0,0.000000,0.000000,3,0.065217,0.021739,2,0.043478,0.043478,4,0.086957,0.000000,0,0.000000,0.000000,9,0.195652,0.000000,4,0.086957,0.021739,9,0.195652,0.000000,16,0.347826,0.152174,0,0.000000,0.000000,5,0.108696,0.000000,1,0.021739,0.000000,5,0.108696,0.021739,2,0.043478,0.000000,3,0.065217,0.000000,1,0.021739,0.000000,5,0.108696,0.043478,0,0.000000,0.000000,4,0.086957,0.000000,0,0.000000,0.000000,0,0.000000,0.000000,0,0.000000,0.000000,2,0.043478,0.000000,2,0.043478,0.043478,0,0.000000,0.000000,1,0.021739,0.000000,0,0.000000,0.000000,1,0.021739,0.000000,1,0.021739,0.000000,2,0.043478,0.000000,8,0.173913,0.021739,1,0.021739,0.021739,2,0.043478,0.000000,0,0.000000,0.000000,0,0.000000,0.000000,0,0.000000,0.000000,0,0.000000,0.000000,0,0.000000,0.000000,0,0.000000,0.000000
53,0.003770,0,0.000000,0.000000,1,0.045455,0.045455,0,0.000000,0.000000,2,0.090909,0.090909,4,0.181818,0.045455,1,0.045455,0.000000,1,0.045455,0.045455,3,0.136364,0.000000,1,0.045455,0.000000,3,0.136364,0.090909,0,0.000000,0.000000,4,0.181818,0.000000,1,0.045455,0.045455,1,0.045455,0.000000,2,0.090909,0.000000,1,0.045455,0.000000,1,0.045455,0.045455,1,0.045455,0.000000,0,0.000000,0.000000,0,0.000000,0.000000,1,0.045455,0.000000,0,0.000000,0.000000,2,0.090909,0.045455,1,0.045455,0.000000,2,0.090909,0.045455,0,0.000000,0.000000,3,0.136364,0.045455,1,0.045455,0.045455,1,0.045455,0.000000,0,0.000000,0.000000,0,0.000000,0.000000,2,0.090909,0.000000,0,0.000000,0.000000,2,0.090909,0.000000,0,0.000000,0.000000,0,0.000000,0.000000,2,0.090909,0.000000,0,0.000000,0.000000,0,0.000000,0.000000,0,0.000000,0.000000,0,0.000000,0.000000,0,0.000000,0.000000,0,0.000000,0.000000
54,0.009535,1,0.018182,0.000000,1,0.018182,0.000000,1,0.018182,0.018182,2,0.036364,0.000000,3,0.054545,0.018182,3,0.054545,0.018182,3,0.054545,0.018182,4,0.072727,0.000000,1,0.018182,0.018182,8,0.145455,0.000000,4,0.072727,0.000000,8,0.145455,0.000000,10,0.181818,0.018182,1,0.018182,0.000000,7,0.127273,0.018182,0,0.000000,0.000000,3,0.054545,0.054545,1,0.018182,0.000000,7,0.127273,0.018182,1,0.018182,0.000000,14,0.254545,0.127273,0,0.000000,0.000000,4,0.072727,0.000000,0,0.000000,0.000000,3,0.054545,0.000000,0,0.000000,0.000000,9,0.163636,0.000000,3,0.054545,0.018182,7,0.127273,0.018182,6,0.109091,0.018182,6,0.109091,0.018182,2,0.036364,0.000000,1,0.018182,0.000000,3,0.054545,0.000000,3,0.054545,0.000000,1,0.018182,0.000000,2,0.036364,0.000000,0,0.000000,0.000000,0,0.000000,0.000000,0,0.000000,0.000000,0,0.000000,0.000000,0,0.000000,0.000000,0,0.000000,0.000000
55,0.004110,1,0.055556,0.000000,1,0.055556,0.000000,0,0.000000,0.000000,0,0.000000,0.000000,3,0.166667,0.000000,1,0.055556,0.000000,0,0.000000,0.000000,3,0.166667,0.000000,2,0.111111,0.055556,3,0.166667,0.000000,1,0.055556,0.000000,4,0.222222,0.000000,2,0.111111,0.000000,0,0.000000,0.000000,2,0.111111,0.000000,1,0.055556,0.000000,0,0.000000,0.000000,2,0.111111,0.000000,4,0.222222,0.111111,0,0.000000,0.000000,4,0.222222,0.111111,1,0.055556,0.000000,2,0.111111,0.055556,1,0.055556,0.000000,5,0.277778,0.055556,0,0.000000,0.000000,3,0.166667,0.000000,0,0.000000,0.000000,0,0.000000,0.000000,1,0.055556,0.000000,0,0.000000,0.000000,1,0.055556,0.000000,0,0.000000,0.000000,0,0.000000,0.000000,1,0.055556,0.000000,0,0.000000,0.000000,1,0.055556,0.000000,0,0.000000,0.000000,0,0.000000,0.000000,0,0.000000,0.000000,0,0.000000,0.000000,0,0.000000,0.000000,0,0.000000,0.000000
56,0.006180,1,0.027778,0.027778,3,0.083333,0.027778,0,0.000000,0.000000,3,0.083333,0.027778,4,0.111111,0.055556,0,0.000000,0.000000,1,0.027778,0.027778,5,0.138889,0.027778,0,0.000000,0.000000,4,0.111111,0.000000,2,0.055556,0.000000,4,0.111111,0.027778,5,0.138889,0.027778,2,0.055556,0.055556,3,0.083333,0.000000,4,0.111111,0.000000,3,0.083333,0.055556,1,0.027778,0.000000,4,0.111111,0.027778,0,0.000000,0.000000,1,0.027778,0.000000,4,0.111111,0.000000,6,0.166667,0.027778,0,0.000000,0.000000,3,0.083333,0.000000,1,0.027778,0.000000,6,0.166667,0.000000,2,0.055556,0.000000,1,0.027778,0.000000,1,0.027778,0.000000,0,0.000000,0.000000,1,0.027778,0.000000,0,0.000000,0.000000,0,0.000000,0.000000,3,0.083333,0.027778,2,0.055556,0.000000,0,0.000000,0.000000,0,0.000000,0.000000,0,0.000000,0.000000,0,0.000000,0.000000,0,0.000000,0.000000,0,0.000000,0.000000,0,0.000000,0.000000
57,0.003315,0,0.000000,0.000000,0,0.000000,0.000000,3,0.150000,0.050000,2,0.100000,0.000000,2,0.100000,0.000000,0,0.000000,0.000000,1,0.050000,0.000000,2,0.100000,0.000000,1,0.050000,0.050000,2,0.100000,0.000000,0,0.000000,0.000000,2,0.100000,0.000000,5,0.250000,0.150000,0,0.000000,0.000000,1,0.050000,0.000000,2,0.100000,0.000000,0,0.000000,0.000000,0,0.000000,0.000000,2,0.100000,0.000000,1,0.050000,0.000000,0,0.000000,0.000000,0,0.000000,0.000000,2,0.100000,0.050000,0,0.000000,0.000000,1,0.050000,0.050000,1,0.050000,0.000000,0,0.000000,0.000000,0,0.000000,0.000000,5,0.250000,0.150000,0,0.000000,0.000000,0,0.000000,0.000000,0,0.000000,0.000000,0,0.000000,0.000000,1,0.050000,0.000000,2,0.100000,0.000000,0,0.000000,0.000000,0,0.000000,0.000000,0,0.000000,0.000000,0,0.000000,0.000000,0,0.000000,0.000000,0,0.000000,0.000000,0,0.000000,0.000000,0,0.000000,0.000000
58,0.004770,0,0.000000,0.000000,3,0.111111,0.037037,2,0.074074,0.037037,1,0.037037,0.000000,2,0.074074,0.000000,2,0.074074,0.000000,0,0.000000,0.000000,2,0.074074,0.000000,0,0.000000,0.000000,3,0.111111,0.111111,3,0.111111,0.000000,1,0.037037,0.000000,3,0.111111,0.037037,1,0.037037,0.000000,2,0.074074,0.037037,1,0.037037,0.000000,0,0.000000,0.000000,1,0.037037,0.000000,4,0.148148,0.037037,0,0.000000,0.000000,5,0.185185,0.074074,2,0.074074,0.000000,1,0.037037,0.000000,1,0.037037,0.000000,3,0.111111,0.000000,0,0.000000,0.000000,4,0.148148,0.000000,0,0.000000,0.000000,0,0.000000,0.000000,2,0.074074,0.000000,0,0.000000,0.000000,2,0.074074,0.000000,1,0.037037,0.000000,0,0.000000,0.000000,2,0.074074,0.037037,0,0.000000,0.000000,1,0.037037,0.000000,0,0.000000,0.000000,0,0.000000,0.000000,0,0.000000,0.000000,0,0.000000,0.000000,0,0.000000,0.000000,0,0.000000,0.000000
59,0.009020,0,0.000000,0.000000,1,0.023256,0.023256,1,0.023256,0.023256,4,0.093023,0.000000,3,0.069767,0.023256,3,0.069767,0.023256,0,0.000000,0.000000,5,0.116279,0.023256,0,0.000000,0.000000,2,0.046512,0.000000,0,0.000000,0.000000,7,0.162791,0.000000,6,0.139535,0.069767,3,0.069767,0.000000,5,0.116279,0.023256,1,0.023256,0.023256,3,0.069767,0.000000,3,0.069767,0.000000,12,0.279070,0.093023,0,0.000000,0.000000,2,0.046512,0.023256,1,0.023256,0.000000,6,0.139535,0.046512,5,0.116279,0.000000,9,0.209302,0.046512,0,0.000000,0.000000,6,0.139535,0.000000,2,0.046512,0.000000,3,0.069767,0.000000,4,0.093023,0.000000,0,0.000000,0.000000,2,0.046512,0.000000,0,0.000000,0.000000,4,0.093023,0.000000,6,0.139535,0.023256,2,0.046512,0.000000,4,0.093023,0.000000,0,0.000000,0.000000,0,0.000000,0.000000,0,0.000000,0.000000,0,0.000000,0.000000,0,0.000000,0.000000,0,0.000000,0.000000
60,0.005180,0,0.000000,0.000000,1,0.035714,0.035714,2,0.071429,0.000000,3,0.107143,0.000000,2,0.071429,0.000000,0,0.000000,0.000000,2,0.071429,0.035714,5,0.178571,0.000000,1,0.035714,0.035714,6,0.214286,0.000000,0,0.000000,0.000000,7,0.250000,0.035714,1,0.035714,0.000000,5,0.178571,0.000000,2,0.071429,0.000000,0,0.000000,0.000000,0,0.000000,0.000000,2,0.071429,0.000000,2,0.071429,0.000000,0,0.000000,0.000000,2,0.071429,0.035714,0,0.000000,0.000000,3,0.107143,0.035714,1,0.035714,0.000000,2,0.071429,0.000000,0,0.000000,0.000000,5,0.178571,0.000000,0,0.000000,0.000000,4,0.142857,0.107143,3,0.107143,0.000000,2,0.071429,0.000000,2,0.071429,0.000000,0,0.000000,0.000000,3,0.107143,0.000000,1,0.035714,0.000000,1,0.035714,0.000000,2,0.071429,0.000000,0,0.000000,0.000000,0,0.000000,0.000000,0,0.000000,0.000000,0,0.000000,0.000000,0,0.000000,0.000000,0,0.000000,0.000000
61,0.003250,0,0.000000,0.000000,1,0.058824,0.058824,1,0.058824,0.000000,0,0.000000,0.000000,2,0.117647,0.000000,2,0.117647,0.000000,0,0.000000,0.000000,2,0.117647,0.000000,2,0.117647,0.000000,2,0.117647,0.000000,5,0.294118,0.117647,0,0.000000,0.000000,0,0.000000,0.000000,0,0.000000,0.000000,3,0.176471,0.176471,1,0.058824,0.000000,1,0.058824,0.000000,0,0.000000,0.000000,0,0.000000,0.000000,0,0.000000,0.000000,6,0.352941,0.058824,1,0.058824,0.000000,1,0.058824,0.000000,0,0.000000,0.000000,0,0.000000,0.000000,0,0.000000,0.000000,4,0.235294,0.000000,3,0.176471,0.000000,1,0.058824,0.000000,3,0.176471,0.000000,0,0.000000,0.000000,0,0.000000,0.000000,0,0.000000,0.000000,0,0.000000,0.000000,0,0.000000,0.000000,0,0.000000,0.000000,0,0.000000,0.000000,0,0.000000,0.000000,0,0.000000,0.000000,0,0.000000,0.000000,0,0.000000,0.000000,0,0.000000,0.000000,0,0.000000,0.000000
62,0.005625,0,0.000000,0.000000,1,0.029412,0.029412,1,0.029412,0.000000,2,0.058824,0.000000,2,0.058824,0.000000,0,0.000000,0.000000,1,0.029412,0.029412,5,0.147059,0.000000,0,0.000000,0.000000,5,0.147059,0.000000,0,0.000000,0.000000,5,0.147059,0.000000,6,0.176471,0.058824,2,0.058824,0.000000,4,0.117647,0.000000,1,0.029412,0.000000,1,0.029412,0.000000,3,0.088235,0.000000,3,0.088235,0.000000,1,0.029412,0.000000,2,0.058824,0.029412,1,0.029412,0.000000,5,0.147059,0.058824,1,0.029412,0.000000,4,0.117647,0.088235,0,0.000000,0.000000,1,0.029412,0.000000,0,0.000000,0.000000,4,0.117647,0.029412,1,0.029412,0.029412,0,0.000000,0.000000,2,0.058824,0.000000,4,0.117647,0.058824,1,0.029412,0.000000,0,0.000000,0.000000,0,0.000000,0.000000,1,0.029412,0.000000,0,0.000000,0.000000,0,0.000000,0.000000,0,0.000000,0.000000,0,0.000000,0.000000,0,0.000000,0.000000,1,0.029412,0.000000
63,0.004465,1,0.033333,0.000000,1,0.033333,0.000000,1,0.033333,0.033333,2,0.066667,0.000000,2,0.066667,0.000000,0,0.000000,0.000000,0,0.000000,0.000000,2,0.066667,0.000000,0,0.000000,0.000000,2,0.066667,0.033333,3,0.100000,0.033333,4,0.133333,0.000000,2,0.066667,0.066667,1,0.033333,0.000000,11,0.366667,0.133333,1,0.033333,0.033333,1,0.033333,0.000000,0,0.000000,0.000000,1,0.033333,0.000000,0,0.000000,0.000000,3,0.100000,0.000000,0,0.000000,0.000000,1,0.033333,0.000000,0,0.000000,0.000000,1,0.033333,0.000000,0,0.000000,0.000000,3,0.100000,0.100000,1,0.033333,0.000000,0,0.000000,0.000000,0,0.000000,0.000000,0,0.000000,0.000000,0,0.000000,0.000000,1,0.033333,0.000000,0,0.000000,0.000000,0,0.000000,0.000000,2,0.066667,0.033333,1,0.033333,0.033333,0,0.000000,0.000000,0,0.000000,0.000000,1,0.033333,0.000000,0,0.000000,0.000000,0,0.000000,0.000000,0,0.000000,0.000000
64,0.002075,0,0.000000,0.000000,0,0.000000,0.000000,0,0.000000,0.000000,1,0.071429,0.071429,0,0.000000,0.000000,0,0.000000,0.000000,0,0.000000,0.000000,0,0.000000,0.000000,1,0.071429,0.000000,3,0.214286,0.071429,1,0.071429,0.071429,3,0.214286,0.071429,1,0.071429,0.000000,1,0.071429,0.000000,2,0.142857,0.071429,0,0.000000,0.000000,0,0.000000,0.000000,0,0.000000,0.000000,1,0.071429,0.071429,0,0.000000,0.000000,4,0.285714,0.214286,0,0.000000,0.000000,1,0.071429,0.071429,0,0.000000,0.000000,0,0.000000,0.000000,0,0.000000,0.000000,0,0.000000,0.000000,0,0.000000,0.000000,0,0.000000,0.000000,0,0.000000,0.000000,0,0.000000,0.000000,0,0.000000,0.000000,0,0.000000,0.000000,0,0.000000,0.000000,0,0.000000,0.000000,0,0.000000,0.000000,0,0.000000,0.000000,0,0.000000,0.000000,0,0.000000,0.000000,0,0.000000,0.000000,0,0.000000,0.000000,0,0.000000,0.000000,1,0.071429,0.000000
65,0.004825,0,0.000000,0.000000,1,0.040000,0.040000,2,0.080000,0.040000,1,0.040000,0.000000,2,0.080000,0.000000,0,0.000000,0.000000,0,0.000000,0.000000,2,0.080000,0.000000,2,0.080000,0.040000,6,0.240000,0.120000,2,0.080000,0.000000,6,0.240000,0.000000,1,0.040000,0.000000,0,0.000000,0.000000,4,0.160000,0.000000,0,0.000000,0.000000,1,0.040000,0.000000,2,0.080000,0.000000,1,0.040000,0.000000,0,0.000000,0.000000,2,0.080000,0.000000,1,0.040000,0.000000,0,0.000000,0.000000,0,0.000000,0.000000,3,0.120000,0.080000,0,0.000000,0.000000,2,0.080000,0.000000,3,0.120000,0.000000,0,0.000000,0.000000,2,0.080000,0.040000,0,0.000000,0.000000,0,0.000000,0.000000,3,0.120000,0.040000,0,0.000000,0.000000,3,0.120000,0.080000,0,0.000000,0.000000,0,0.000000,0.000000,0,0.000000,0.000000,0,0.000000,0.000000,0,0.000000,0.000000,0,0.000000,0.000000,0,0.000000,0.000000,0,0.000000,0.000000
66,0.004255,1,0.043478,0.043478,3,0.130435,0.043478,2,0.086957,0.043478,1,0.043478,0.000000,3,0.130435,0.000000,2,0.086957,0.000000,1,0.043478,0.043478,5,0.217391,0.000000,0,0.000000,0.000000,3,0.130435,0.000000,1,0.043478,0.000000,8,0.347826,0.000000,2,0.086957,0.043478,0,0.000000,0.000000,6,0.260870,0.000000,1,0.043478,0.000000,0,0.000000,0.000000,2,0.086957,0.000000,3,0.130435,0.000000,0,0.000000,0.000000,1,0.043478,0.043478,0,0.000000,0.000000,2,0.086957,0.000000,0,0.000000,0.000000,3,0.130435,0.043478,0,0.000000,0.000000,2,0.086957,0.043478,0,0.000000,0.000000,1,0.043478,0.000000,0,0.000000,0.000000,0,0.000000,0.000000,1,0.043478,0.000000,0,0.000000,0.000000,0,0.000000,0.000000,0,0.000000,0.000000,0,0.000000,0.000000,0,0.000000,0.000000,0,0.000000,0.000000,0,0.000000,0.000000,0,0.000000,0.000000,0,0.000000,0.000000,0,0.000000,0.000000,0,0.000000,0.000000
67,0.005685,0,0.000000,0.000000,1,0.034483,0.034483,1,0.034483,0.034483,0,0.000000,0.000000,3,0.103448,0.000000,4,0.137931,0.034483,0,0.000000,0.000000,0,0.000000,0.000000,0,0.000000,0.000000,3,0.103448,0.000000,3,0.103448,0.000000,6,0.206897,0.000000,5,0.172414,0.068966,0,0.000000,0.000000,4,0.137931,0.034483,4,0.137931,0.000000,1,0.034483,0.034483,0,0.000000,0.000000,3,0.103448,0.000000,0,0.000000,0.000000,1,0.034483,0.000000,5,0.172414,0.000000,5,0.172414,0.068966,1,0.034483,0.000000,3,0.103448,0.034483,0,0.000000,0.000000,8,0.275862,0.000000,2,0.068966,0.000000,3,0.103448,0.000000,5,0.172414,0.034483,0,0.000000,0.000000,1,0.034483,0.000000,1,0.034483,0.034483,0,0.000000,0.000000,2,0.068966,0.000000,0,0.000000,0.000000,1,0.034483,0.034483,0,0.000000,0.000000,0,0.000000,0.000000,0,0.000000,0.000000,0,0.000000,0.000000,0,0.000000,0.000000,0,0.000000,0.000000
68,0.005005,1,0.038462,0.038462,2,0.076923,0.038462,0,0.000000,0.000000,1,0.038462,0.000000,2,0.076923,0.038462,2,0.076923,0.038462,2,0.076923,0.038462,0,0.000000,0.000000,0,0.000000,0.000000,8,0.307692,0.115385,1,0.038462,0.038462,6,0.230769,0.000000,3,0.115385,0.000000,1,0.038462,0.000000,1,0.038462,0.000000,0,0.000000,0.000000,0,0.000000,0.000000,2,0.076923,0.000000,5,0.192308,0.076923,1,0.038462,0.000000,0,0.000000,0.000000,0,0.000000,0.000000,2,0.076923,0.000000,2,0.076923,0.000000,2,0.076923,0.038462,1,0.038462,0.000000,4,0.153846,0.000000,0,0.000000,0.000000,0,0.000000,0.000000,2,0.076923,0.038462,2,0.076923,0.000000,1,0.038462,0.000000,0,0.000000,0.000000,2,0.076923,0.000000,2,0.076923,0.038462,1,0.038462,0.000000,1,0.038462,0.000000,0,0.000000,0.000000,0,0.000000,0.000000,0,0.000000,0.000000,0,0.000000,0.000000,0,0.000000,0.000000,0,0.000000,0.000000
69,0.003065,0,0.000000,0.000000,1,0.041667,0.041667,0,0.000000,0.000000,1,0.041667,0.041667,3,0.125000,0.000000,1,0.041667,0.000000,1,0.041667,0.041667,2,0.083333,0.000000,0,0.000000,0.000000,4,0.166667,0.083333,3,0.125000,0.041667,2,0.083333,0.000000,1,0.041667,0.000000,0,0.000000,0.000000,4,0.166667,0.083333,1,0.041667,0.000000,0,0.000000,0.000000,0,0.000000,0.000000,0,0.000000,0.000000,0,0.000000,0.000000,2,0.083333,0.083333,1,0.041667,0.000000,1,0.041667,0.041667,0,0.000000,0.000000,1,0.041667,0.000000,0,0.000000,0.000000,5,0.208333,0.083333,0,0.000000,0.000000,0,0.000000,0.000000,1,0.041667,0.000000,0,0.000000,0.000000,0,0.000000,0.000000,2,0.083333,0.083333,0,0.000000,0.000000,0,0.000000,0.000000,0,0.000000,0.000000,1,0.041667,0.041667,0,0.000000,0.000000,0,0.000000,0.000000,0,0.000000,0.000000,0,0.000000,0.000000,0,0.000000,0.000000,0,0.000000,0.000000
70,0.005510,1,0.032258,0.000000,1,0.032258,0.000000,1,0.032258,0.032258,1,0.032258,0.032258,3,0.096774,0.000000,3,0.096774,0.000000,1,0.032258,0.032258,5,0.161290,0.000000,1,0.032258,0.032258,7,0.225806,0.000000,2,0.064516,0.000000,3,0.096774,0.000000,6,0.193548,0.064516,0,0.000000,0.000000,3,0.096774,0.000000,1,0.032258,0.000000,4,0.129032,0.000000,2,0.064516,0.000000,2,0.064516,0.000000,0,0.000000,0.000000,4,0.129032,0.000000,0,0.000000,0.000000,2,0.064516,0.000000,0,0.000000,0.000000,1,0.032258,0.000000,0,0.000000,0.000000,3,0.096774,0.000000,1,0.032258,0.000000,0,0.000000,0.000000,4,0.129032,0.064516,0,0.000000,0.000000,1,0.032258,0.000000,1,0.032258,0.000000,1,0.032258,0.000000,2,0.064516,0.032258,2,0.064516,0.032258,1,0.032258,0.000000,0,0.000000,0.000000,0,0.000000,0.000000,0,0.000000,0.000000,0,0.000000,0.000000,0,0.000000,0.000000,0,0.000000,0.000000
71,0.004010,1,0.043478,0.043478,3,0.130435,0.086957,0,0.000000,0.000000,1,0.043478,0.000000,2,0.086957,0.000000,0,0.000000,0.000000,0,0.000000,0.000000,2,0.086957,0.000000,0,0.000000,0.000000,2,0.086957,0.043478,0,0.000000,0.000000,1,0.043478,0.000000,7,0.304348,0.130435,1,0.043478,0.043478,2,0.086957,0.043478,0,0.000000,0.000000,0,0.000000,0.000000,2,0.086957,0.000000,1,0.043478,0.000000,1,0.043478,0.000000,1,0.043478,0.000000,0,0.000000,0.000000,2,0.086957,0.043478,1,0.043478,0.000000,2,0.086957,0.000000,0,0.000000,0.000000,2,0.086957,0.000000,0,0.000000,0.000000,1,0.043478,0.000000,1,0.043478,0.000000,2,0.086957,0.000000,0,0.000000,0.000000,0,0.000000,0.000000,1,0.043478,0.043478,4,0.173913,0.043478,0,0.000000,0.000000,0,0.000000,0.000000,0,0.000000,0.000000,0,0.000000,0.000000,0,0.000000,0.000000,0,0.000000,0.000000,0,0.000000,0.000000,0,0.000000,0.000000
72,0.003820,0,0.000000,0.000000,1,0.047619,0.047619,0,0.000000,0.000000,2,0.095238,0.095238,2,0.095238,0.000000,0,0.000000,0.000000,0,0.000000,0.000000,2,0.095238,0.000000,0,0.000000,0.000000,1,0.047619,0.000000,0,0.000000,0.000000,4,0.190476,0.000000,4,0.190476,0.095238,2,0.095238,0.000000,2,0.095238,0.000000,1,0.047619,0.000000,1,0.047619,0.000000,1,0.047619,0.000000,4,0.190476,0.095238,0,0.000000,0.000000,0,0.000000,0.000000,1,0.047619,0.000000,1,0.047619,0.047619,0,0.000000,0.000000,1,0.047619,0.000000,0,0.000000,0.000000,1,0.047619,0.000000,0,0.000000,0.000000,0,0.000000,0.000000,1,0.047619,0.000000,0,0.000000,0.000000,1,0.047619,0.000000,0,0.000000,0.000000,2,0.095238,0.000000,2,0.095238,0.047619,0,0.000000,0.000000,2,0.095238,0.047619,0,0.000000,0.000000,0,0.000000,0.000000,0,0.000000,0.000000,0,0.000000,0.000000,0,0.000000,0.000000,0,0.000000,0.000000
73,0.004660,2,0.086957,0.043478,2,0.086957,0.000000,1,0.043478,0.000000,0,0.000000,0.000000,2,0.086957,0.000000,2,0.086957,0.000000,0,0.000000,0.000000,1,0.043478,0.000000,0,0.000000,0.000000,6,0.260870,0.000000,2,0.086957,0.000000,2,0.086957,0.000000,6,0.260870,0.043478,0,0.000000,0.000000,0,0.000000,0.000000,2,0.086957,0.000000,2,0.086957,0.086957,0,0.000000,0.000000,1,0.043478,0.000000,0,0.000000,0.000000,4,0.173913,0.043478,3,0.130435,0.000000,1,0.043478,0.000000,0,0.000000,0.000000,3,0.130435,0.043478,0,0.000000,0.000000,3,0.130435,0.000000,3,0.130435,0.043478,0,0.000000,0.000000,2,0.086957,0.000000,0,0.000000,0.000000,0,0.000000,0.000000,0,0.000000,0.000000,2,0.086957,0.086957,1,0.043478,0.000000,0,0.000000,0.000000,0,0.000000,0.000000,0,0.000000,0.000000,0,0.000000,0.000000,0,0.000000,0.000000,0,0.000000,0.000000,0,0.000000,0.000000,0,0.000000,0.000000
74,0.001790,0,0.000000,0.000000,0,0.000000,0.000000,1,0.090909,0.090909,0,0.000000,0.000000,2,0.181818,0.090909,0,0.000000,0.000000,0,0.000000,0.000000,1,0.090909,0.000000,2,0.181818,0.090909,0,0.000000,0.000000,0,0.000000,0.000000,0,0.000000,0.000000,2,0.181818,0.090909,0,0.000000,0.000000,1,0.090909,0.090909,1,0.090909,0.090909,0,0.000000,0.000000,0,0.000000,0.000000,0,0.000000,0.000000,0,0.000000,0.000000,1,0.090909,0.000000,0,0.000000,0.000000,1,0.090909,0.090909,0,0.000000,0.000000,1,0.090909,0.000000,0,0.000000,0.000000,0,0.000000,0.000000,0,0.000000,0.000000,0,0.000000,0.000000,0,0.000000,0.000000,0,0.000000,0.000000,0,0.000000,0.000000,0,0.000000,0.000000,0,0.000000,0.000000,1,0.090909,0.000000,1,0.090909,0.000000,0,0.000000,0.000000,0,0.000000,0.000000,1,0.090909,0.000000,0,0.000000,0.000000,0,0.000000,0.000000,0,0.000000,0.000000,0,0.000000,0.000000
75,0.004455,2,0.080000,0.000000,2,0.080000,0.000000,0,0.000000,0.000000,0,0.000000,0.000000,3,0.120000,0.000000,1,0.040000,0.000000,2,0.080000,0.040000,2,0.080000,0.000000,0,0.000000,0.000000,3,0.120000,0.120000,4,0.160000,0.040000,0,0.000000,0.000000,0,0.000000,0.000000,0,0.000000,0.000000,2,0.080000,0.040000,0,0.000000,0.000000,0,0.000000,0.000000,0,0.000000,0.000000,0,0.000000,0.000000,0,0.000000,0.000000,4,0.160000,0.040000,0,0.000000,0.000000,1,0.040000,0.040000,0,0.000000,0.000000,0,0.000000,0.000000,0,0.000000,0.000000,3,0.120000,0.000000,3,0.120000,0.000000,6,0.240000,0.120000,1,0.040000,0.000000,1,0.040000,0.000000,0,0.000000,0.000000,0,0.000000,0.000000,0,0.000000,0.000000,1,0.040000,0.040000,0,0.000000,0.000000,1,0.040000,0.040000,0,0.000000,0.000000,1,0.040000,0.000000,0,0.000000,0.000000,0,0.000000,0.000000,0,0.000000,0.000000,0,0.000000,0.000000
76,0.002485,0,0.000000,0.000000,0,0.000000,0.000000,0,0.000000,0.000000,0,0.000000,0.000000,1,0.058824,0.000000,0,0.000000,0.000000,2,0.117647,0.058824,5,0.294118,0.058824,0,0.000000,0.000000,4,0.235294,0.000000,0,0.000000,0.000000,3,0.176471,0.000000,3,0.176471,0.117647,1,0.058824,0.000000,0,0.000000,0.000000,0,0.000000,0.000000,1,0.058824,0.000000,2,0.117647,0.000000,6,0.352941,0.176471,0,0.000000,0.000000,0,0.000000,0.000000,0,0.000000,0.000000,2,0.117647,0.000000,0,0.000000,0.000000,0,0.000000,0.000000,0,0.000000,0.000000,1,0.058824,0.000000,0,0.000000,0.000000,0,0.000000,0.000000,0,0.000000,0.000000,0,0.000000,0.000000,0,0.000000,0.000000,0,0.000000,0.000000,1,0.058824,0.000000,0,0.000000,0.000000,1,0.058824,0.000000,0,0.000000,0.000000,0,0.000000,0.000000,1,0.058824,0.058824,0,0.000000,0.000000,0,0.000000,0.000000,0,0.000000,0.000000,0,0.000000,0.000000
77,0.008100,1,0.025000,0.025000,5,0.125000,0.075000,0,0.000000,0.000000,1,0.025000,0.025000,6,0.150000,0.025000,4,0.100000,0.000000,1,0.025000,0.025000,2,0.050000,0.025000,2,0.050000,0.000000,6,0.150000,0.000000,6,0.150000,0.075000,6,0.150000,0.000000,4,0.100000,0.025000,1,0.025000,0.000000,2,0.050000,0.000000,0,0.000000,0.000000,3,0.075000,0.000000,1,0.025000,0.000000,3,0.075000,0.000000,1,0.025000,0.000000,4,0.100000,0.000000,1,0.025000,0.000000,2,0.050000,0.000000,1,0.025000,0.000000,2,0.050000,0.000000,0,0.000000,0.000000,6,0.150000,0.075000,1,0.025000,0.000000,6,0.150000,0.050000,1,0.025000,0.000000,2,0.050000,0.025000,5,0.125000,0.000000,1,0.025000,0.000000,1,0.025000,0.000000,2,0.050000,0.000000,0,0.000000,0.000000,1,0.025000,0.000000,0,0.000000,0.000000,2,0.050000,0.050000,0,0.000000,0.000000,0,0.000000,0.000000,0,0.000000,0.000000,0,0.000000,0.000000
78,0.003525,0,0.000000,0.000000,1,0.040000,0.040000,0,0.000000,0.000000,1,0.040000,0.040000,2,0.080000,0.000000,0,0.000000,0.000000,3,0.120000,0.080000,2,0.080000,0.000000,0,0.000000,0.000000,5,0.200000,0.080000,4,0.160000,0.000000,1,0.040000,0.000000,6,0.240000,0.120000,0,0.000000,0.000000,4,0.160000,0.080000,0,0.000000,0.000000,1,0.040000,0.000000,0,0.000000,0.000000,2,0.080000,0.000000,0,0.000000,0.000000,4,0.160000,0.080000,0,0.000000,0.000000,0,0.000000,0.000000,0,0.000000,0.000000,1,0.040000,0.000000,0,0.000000,0.000000,3,0.120000,0.000000,1,0.040000,0.000000,0,0.000000,0.000000,4,0.160000,0.000000,0,0.000000,0.000000,0,0.000000,0.000000,0,0.000000,0.000000,0,0.000000,0.000000,2,0.080000,0.040000,0,0.000000,0.000000,1,0.040000,0.000000,0,0.000000,0.000000,1,0.040000,0.040000,0,0.000000,0.000000,0,0.000000,0.000000,0,0.000000,0.000000,0,0.000000,0.000000
79,0.002250,0,0.000000,0.000000,2,0.181818,0.090909,2,0.181818,0.090909,1,0.090909,0.000000,1,0.090909,0.090909,0,0.000000,0.000000,0,0.000000,0.000000,0,0.000000,0.000000,0,0.000000,0.000000,2,0.181818,0.090909,1,0.090909,0.000000,0,0.000000,0.000000,0,0.000000,0.000000,1,0.090909,0.090909,1,0.090909,0.090909,0,0.000000,0.000000,0,0.000000,0.000000,0,0.000000,0.000000,0,0.000000,0.000000,0,0.000000,0.000000,1,0.090909,0.000000,0,0.000000,0.000000,1,0.090909,0.000000,0,0.000000,0.000000,1,0.090909,0.090909,0,0.000000,0.000000,1,0.090909,0.090909,0,0.000000,0.000000,0,0.000000,0.000000,0,0.000000,0.000000,0,0.000000,0.000000,0,0.000000,0.000000,0,0.000000,0.000000,0,0.000000,0.000000,0,0.000000,0.000000,0,0.000000,0.000000,0,0.000000,0.000000,0,0.000000,0.000000,0,0.000000,0.000000,0,0.000000,0.000000,0,0.000000,0.000000,0,0.000000,0.000000,0,0.000000,0.000000
80,0.002155,0,0.000000,0.000000,1,0.142857,0.142857,1,0.142857,0.000000,1,0.142857,0.000000,2,0.285714,0.142857,0,0.000000,0.000000,0,0.000000,0.000000,0,0.000000,0.000000,0,0.000000,0.000000,2,0.285714,0.000000,1,0.142857,0.000000,0,0.000000,0.000000,1,0.142857,0.000000,0,0.000000,0.000000,2,0.285714,0.000000,1,0.142857,0.000000,0,0.000000,0.000000,0,0.000000,0.000000,2,0.285714,0.000000,0,0.000000,0.000000,1,0.142857,0.000000,1,0.142857,0.000000,0,0.000000,0.000000,0,0.000000,0.000000,1,0.142857,0.000000,0,0.000000,0.000000,1,0.142857,0.000000,1,0.142857,0.000000,0,0.000000,0.000000,0,0.000000,0.000000,0,0.000000,0.000000,1,0.142857,0.000000,0,0.000000,0.000000,0,0.000000,0.000000,1,0.142857,0.000000,0,0.000000,0.000000,0,0.000000,0.000000,0,0.000000,0.000000,0,0.000000,0.000000,1,0.142857,0.142857,0,0.000000,0.000000,0,0.000000,0.000000,0,0.000000,0.000000
81,0.003205,1,0.066667,0.000000,1,0.066667,0.000000,2,0.133333,0.000000,3,0.200000,0.000000,2,0.133333,0.000000,0,0.000000,0.000000,0,0.000000,0.000000,3,0.200000,0.133333,0,0.000000,0.000000,3,0.200000,0.000000,3,0.200000,0.000000,1,0.066667,0.000000,2,0.133333,0.066667,0,0.000000,0.000000,1,0.066667,0.066667,0,0.000000,0.000000,0,0.000000,0.000000,2,0.133333,0.000000,2,0.133333,0.000000,0,0.000000,0.000000,3,0.200000,0.000000,1,0.066667,0.000000,3,0.200000,0.000000,0,0.000000,0.000000,1,0.066667,0.000000,0,0.000000,0.000000,2,0.133333,0.000000,1,0.066667,0.000000,0,0.000000,0.000000,0,0.000000,0.000000,0,0.000000,0.000000,1,0.066667,0.000000,0,0.000000,0.000000,0,0.000000,0.000000,1,0.066667,0.066667,0,0.000000,0.000000,0,0.000000,0.000000,0,0.000000,0.000000,1,0.066667,0.000000,0,0.000000,0.000000,0,0.000000,0.000000,0,0.000000,0.000000,0,0.000000,0.000000
82,0.004550,1,0.037037,0.000000,1,0.037037,0.000000,1,0.037037,0.037037,1,0.037037,0.037037,3,0.111111,0.037037,2,0.074074,0.000000,1,0.037037,0.037037,3,0.111111,0.000000,0,0.000000,0.000000,5,0.185185,0.000000,1,0.037037,0.000000,2,0.074074,0.000000,5,0.185185,0.037037,0,0.000000,0.000000,1,0.037037,0.037037,2,0.074074,0.000000,2,0.074074,0.037037,1,0.037037,0.000000,2,0.074074,0.000000,0,0.000000,0.000000,4,0.148148,0.037037,2,0.074074,0.000000,2,0.074074,0.000000,1,0.037037,0.000000,2,0.074074,0.000000,0,0.000000,0.000000,1,0.037037,0.037037,0,0.000000,0.000000,4,0.148148,0.037037,3,0.111111,0.000000,0,0.000000,0.000000,2,0.074074,0.037037,1,0.037037,0.000000,0,0.000000,0.000000,3,0.111111,0.037037,0,0.000000,0.000000,0,0.000000,0.000000,0,0.000000,0.000000,1,0.037037,0.000000,0,0.000000,0.000000,0,0.000000,0.000000,0,0.000000,0.000000,0,0.000000,0.000000
83,0.004075,1,0.045455,0.000000,1,0.045455,0.000000,3,0.136364,0.045455,2,0.090909,0.000000,3,0.136364,0.045455,0,0.000000,0.000000,0,0.000000,0.000000,2,0.090909,0.000000,0,0.000000,0.000000,2,0.090909,0.000000,2,0.090909,0.000000,1,0.045455,0.000000,4,0.181818,0.090909,1,0.045455,0.000000,0,0.000000,0.000000,0,0.000000,0.000000,0,0.000000,0.000000,0,0.000000,0.000000,1,0.045455,0.045455,0,0.000000,0.000000,2,0.090909,0.090909,1,0.045455,0.000000,4,0.181818,0.045455,1,0.045455,0.000000,2,0.090909,0.000000,1,0.045455,0.045455,2,0.090909,0.000000,0,0.000000,0.000000,1,0.045455,0.000000,1,0.045455,0.000000,1,0.045455,0.045455,1,0.045455,0.000000,0,0.000000,0.000000,0,0.000000,0.000000,1,0.045455,0.000000,0,0.000000,0.000000,0,0.000000,0.000000,0,0.000000,0.000000,0,0.000000,0.000000,0,0.000000,0.000000,0,0.000000,0.000000,0,0.000000,0.000000,0,0.000000,0.000000
84,0.008550,1,0.022727,0.022727,4,0.090909,0.045455,3,0.068182,0.022727,10,0.227273,0.113636,3,0.068182,0.000000,1,0.022727,0.000000,0,0.000000,0.000000,3,0.068182,0.000000,2,0.045455,0.022727,4,0.090909,0.022727,0,0.000000,0.000000,5,0.113636,0.000000,7,0.159091,0.022727,1,0.022727,0.000000,6,0.136364,0.022727,2,0.045455,0.022727,3,0.068182,0.022727,2,0.045455,0.000000,2,0.045455,0.000000,1,0.022727,0.000000,6,0.136364,0.022727,2,0.045455,0.000000,14,0.318182,0.068182,3,0.068182,0.000000,3,0.068182,0.000000,1,0.022727,0.000000,4,0.090909,0.022727,0,0.000000,0.000000,2,0.045455,0.045455,0,0.000000,0.000000,0,0.000000,0.000000,2,0.045455,0.000000,0,0.000000,0.000000,3,0.068182,0.000000,2,0.045455,0.000000,1,0.022727,0.000000,1,0.022727,0.000000,0,0.000000,0.000000,1,0.022727,0.022727,1,0.022727,0.000000,0,0.000000,0.000000,0,0.000000,0.000000,0,0.000000,0.000000
85,0.004545,0,0.000000,0.000000,1,0.035714,0.035714,1,0.035714,0.035714,0,0.000000,0.000000,2,0.071429,0.035714,2,0.071429,0.000000,2,0.071429,0.035714,2,0.071429,0.000000,0,0.000000,0.000000,4,0.142857,0.107143,1,0.035714,0.000000,2,0.071429,0.000000,1,0.035714,0.000000,3,0.107143,0.035714,1,0.035714,0.000000,0,0.000000,0.000000,5,0.178571,0.142857,2,0.071429,0.000000,1,0.035714,0.000000,1,0.035714,0.000000,1,0.035714,0.000000,0,0.000000,0.000000,0,0.000000,0.000000,0,0.000000,0.000000,2,0.071429,0.035714,0,0.000000,0.000000,2,0.071429,0.035714,0,0.000000,0.000000,4,0.142857,0.035714,4,0.142857,0.000000,0,0.000000,0.000000,0,0.000000,0.000000,0,0.000000,0.000000,0,0.000000,0.000000,2,0.071429,0.071429,0,0.000000,0.000000,1,0.035714,0.035714,0,0.000000,0.000000,1,0.035714,0.035714,0,0.000000,0.000000,0,0.000000,0.000000,0,0.000000,0.000000,0,0.000000,0.000000
86,0.002350,1,0.066667,0.066667,2,0.133333,0.133333,1,0.066667,0.000000,1,0.066667,0.000000,1,0.066667,0.000000,0,0.000000,0.000000,1,0.066667,0.066667,0,0.000000,0.000000,1,0.066667,0.000000,4,0.266667,0.133333,0,0.000000,0.000000,0,0.000000,0.000000,3,0.200000,0.000000,0,0.000000,0.000000,0,0.000000,0.000000,0,0.000000,0.000000,0,0.000000,0.000000,0,0.000000,0.000000,2,0.133333,0.066667,0,0.000000,0.000000,1,0.066667,0.000000,0,0.000000,0.000000,0,0.000000,0.000000,0,0.000000,0.000000,0,0.000000,0.000000,0,0.000000,0.000000,0,0.000000,0.000000,0,0.000000,0.000000,2,0.133333,0.000000,2,0.133333,0.000000,0,0.000000,0.000000,0,0.000000,0.000000,0,0.000000,0.000000,0,0.000000,0.000000,0,0.000000,0.000000,0,0.000000,0.000000,1,0.066667,0.000000,0,0.000000,0.000000,1,0.066667,0.066667,0,0.000000,0.000000,0,0.000000,0.000000,0,0.000000,0.000000,0,0.000000,0.000000
87,0.006170,1,0.027027,0.027027,1,0.027027,0.000000,1,0.027027,0.027027,8,0.216216,0.108108,1,0.027027,0.000000,0,0.000000,0.000000,1,0.027027,0.027027,3,0.081081,0.054054,0,0.000000,0.000000,4,0.108108,0.027027,1,0.027027,0.000000,10,0.270270,0.000000,7,0.189189,0.027027,4,0.108108,0.000000,10,0.270270,0.027027,1,0.027027,0.000000,2,0.054054,0.027027,1,0.027027,0.000000,1,0.027027,0.000000,0,0.000000,0.000000,3,0.081081,0.000000,0,0.000000,0.000000,7,0.189189,0.027027,0,0.000000,0.000000,1,0.027027,0.000000,0,0.000000,0.000000,3,0.081081,0.000000,3,0.081081,0.000000,0,0.000000,0.000000,3,0.081081,0.027027,1,0.027027,0.000000,0,0.000000,0.000000,0,0.000000,0.000000,0,0.000000,0.000000,0,0.000000,0.000000,0,0.000000,0.000000,1,0.027027,0.000000,0,0.000000,0.000000,1,0.027027,0.027027,0,0.000000,0.000000,0,0.000000,0.000000,0,0.000000,0.000000,0,0.000000,0.000000
88,0.006845,0,0.000000,0.000000,1,0.027778,0.027778,0,0.000000,0.000000,1,0.027778,0.000000,5,0.138889,0.000000,4,0.111111,0.000000,1,0.027778,0.000000,3,0.083333,0.027778,2,0.055556,0.000000,3,0.083333,0.000000,0,0.000000,0.000000,4,0.111111,0.000000,6,0.166667,0.027778,1,0.027778,0.000000,4,0.111111,0.027778,3,0.083333,0.000000,0,0.000000,0.000000,1,0.027778,0.000000,2,0.055556,0.027778,0,0.000000,0.000000,3,0.083333,0.027778,3,0.083333,0.000000,3,0.083333,0.000000,3,0.083333,0.000000,8,0.222222,0.138889,0,0.000000,0.000000,10,0.277778,0.083333,0,0.000000,0.000000,0,0.000000,0.000000,2,0.055556,0.000000,0,0.000000,0.000000,2,0.055556,0.027778,0,0.000000,0.000000,1,0.027778,0.000000,0,0.000000,0.000000,1,0.027778,0.027778,1,0.027778,0.000000,0,0.000000,0.000000,1,0.027778,0.027778,0,0.000000,0.000000,0,0.000000,0.000000,0,0.000000,0.000000,0,0.000000,0.000000
89,0.009285,1,0.020833,0.000000,1,0.020833,0.000000,1,0.020833,0.000000,1,0.020833,0.000000,4,0.083333,0.000000,5,0.104167,0.000000,1,0.020833,0.020833,2,0.041667,0.000000,1,0.020833,0.020833,17,0.354167,0.041667,14,0.291667,0.020833,8,0.166667,0.000000,10,0.208333,0.083333,0,0.000000,0.000000,4,0.083333,0.000000,10,0.208333,0.062500,5,0.104167,0.000000,0,0.000000,0.000000,1,0.020833,0.000000,0,0.000000,0.000000,7,0.145833,0.041667,2,0.041667,0.000000,4,0.083333,0.000000,0,0.000000,0.000000,0,0.000000,0.000000,0,0.000000,0.000000,8,0.166667,0.000000,5,0.104167,0.000000,2,0.041667,0.000000,3,0.062500,0.000000,1,0.020833,0.020833,2,0.041667,0.000000,3,0.062500,0.020833,0,0.000000,0.000000,1,0.020833,0.000000,0,0.000000,0.000000,0,0.000000,0.000000,0,0.000000,0.000000,0,0.000000,0.000000,0,0.000000,0.000000,0,0.000000,0.000000,0,0.000000,0.000000,0,0.000000,0.000000
90,0.004555,0,0.000000,0.000000,1,0.045455,0.045455,2,0.090909,0.000000,4,0.181818,0.000000,0,0.000000,0.000000,0,0.000000,0.000000,1,0.045455,0.045455,5,0.227273,0.045455,0,0.000000,0.000000,8,0.363636,0.090909,2,0.090909,0.045455,1,0.045455,0.000000,0,0.000000,0.000000,4,0.181818,0.000000,3,0.136364,0.000000,0,0.000000,0.000000,1,0.045455,0.000000,1,0.045455,0.000000,1,0.045455,0.000000,0,0.000000,0.000000,2,0.090909,0.000000,0,0.000000,0.000000,2,0.090909,0.000000,0,0.000000,0.000000,0,0.000000,0.000000,0,0.000000,0.000000,2,0.090909,0.000000,0,0.000000,0.000000,1,0.045455,0.000000,0,0.000000,0.000000,0,0.000000,0.000000,1,0.045455,0.000000,0,0.000000,0.000000,3,0.136364,0.000000,0,0.000000,0.000000,1,0.045455,0.000000,2,0.090909,0.000000,0,0.000000,0.000000,2,0.090909,0.090909,0,0.000000,0.000000,0,0.000000,0.000000,0,0.000000,0.000000,0,0.000000,0.000000
91,0.002965,0,0.000000,0.000000,1,0.047619,0.047619,3,0.142857,0.047619,2,0.095238,0.000000,2,0.095238,0.000000,2,0.095238,0.000000,0,0.000000,0.000000,2,0.095238,0.000000,0,0.000000,0.000000,0,0.000000,0.000000,0,0.000000,0.000000,2,0.095238,0.047619,2,0.095238,0.047619,0,0.000000,0.000000,0,0.000000,0.000000,0,0.000000,0.000000,1,0.047619,0.047619,0,0.000000,0.000000,3,0.142857,0.095238,0,0.000000,0.000000,1,0.047619,0.047619,0,0.000000,0.000000,4,0.190476,0.047619,1,0.047619,0.000000,2,0.095238,0.047619,0,0.000000,0.000000,0,0.000000,0.000000,0,0.000000,0.000000,0,0.000000,0.000000,1,0.047619,0.047619,0,0.000000,0.000000,1,0.047619,0.000000,1,0.047619,0.047619,1,0.047619,0.047619,1,0.047619,0.000000,0,0.000000,0.000000,1,0.047619,0.047619,0,0.000000,0.000000,1,0.047619,0.000000,0,0.000000,0.000000,0,0.000000,0.000000,0,0.000000,0.000000,0,0.000000,0.000000
92,0.014640,0,0.000000,0.000000,1,0.016667,0.016667,2,0.033333,0.016667,2,0.033333,0.000000,2,0.033333,0.016667,2,0.033333,0.000000,1,0.016667,0.016667,5,0.083333,0.000000,0,0.000000,0.000000,5,0.083333,0.000000,1,0.016667,0.000000,19,0.316667,0.016667,5,0.083333,0.000000,8,0.133333,0.000000,15,0.250000,0.000000,1,0.016667,0.000000,10,0.166667,0.083333,10,0.166667,0.000000,11,0.183333,0.033333,2,0.033333,0.000000,9,0.150000,0.016667,3,0.050000,0.000000,14,0.233333,0.033333,4,0.066667,0.000000,4,0.066667,0.033333,2,0.033333,0.000000,7,0.116667,0.016667,0,0.000000,0.000000,11,0.183333,0.066667,1,0.016667,0.000000,1,0.016667,0.000000,5,0.083333,0.000000,1,0.016667,0.000000,20,0.333333,0.000000,4,0.066667,0.000000,4,0.066667,0.000000,20,0.333333,0.033333,0,0.000000,0.000000,0,0.000000,0.000000,0,0.000000,0.000000,0,0.000000,0.000000,0,0.000000,0.000000,0,0.000000,0.000000
93,0.006485,0,0.000000,0.000000,1,0.040000,0.040000,1,0.040000,0.040000,2,0.080000,0.080000,3,0.120000,0.080000,0,0.000000,0.000000,1,0.040000,0.040000,4,0.160000,0.000000,0,0.000000,0.000000,4,0.160000,0.000000,1,0.040000,0.000000,6,0.240000,0.000000,2,0.080000,0.000000,2,0.080000,0.000000,4,0.160000,0.000000,0,0.000000,0.000000,1,0.040000,0.000000,2,0.080000,0.000000,0,0.000000,0.000000,0,0.000000,0.000000,3,0.120000,0.040000,2,0.080000,0.000000,2,0.080000,0.000000,4,0.160000,0.000000,1,0.040000,0.000000,1,0.040000,0.000000,0,0.000000,0.000000,1,0.040000,0.000000,3,0.120000,0.000000,0,0.000000,0.000000,1,0.040000,0.000000,0,0.000000,0.000000,2,0.080000,0.000000,5,0.200000,0.040000,0,0.000000,0.000000,3,0.120000,0.000000,1,0.040000,0.000000,0,0.000000,0.000000,3,0.120000,0.080000,0,0.000000,0.000000,0,0.000000,0.000000,0,0.000000,0.000000,0,0.000000,0.000000
94,0.003205,1,0.052632,0.052632,1,0.052632,0.000000,1,0.052632,0.052632,1,0.052632,0.052632,1,0.052632,0.052632,0,0.000000,0.000000,1,0.052632,0.052632,3,0.157895,0.000000,0,0.000000,0.000000,3,0.157895,0.000000,0,0.000000,0.000000,5,0.263158,0.000000,4,0.210526,0.052632,2,0.105263,0.000000,4,0.210526,0.052632,0,0.000000,0.000000,0,0.000000,0.000000,1,0.052632,0.000000,3,0.157895,0.052632,0,0.000000,0.000000,1,0.052632,0.000000,0,0.000000,0.000000,3,0.157895,0.000000,0,0.000000,0.000000,3,0.157895,0.000000,0,0.000000,0.000000,1,0.052632,0.000000,0,0.000000,0.000000,0,0.000000,0.000000,0,0.000000,0.000000,0,0.000000,0.000000,1,0.052632,0.000000,0,0.000000,0.000000,2,0.105263,0.000000,1,0.052632,0.000000,1,0.052632,0.000000,2,0.105263,0.000000,1,0.052632,0.000000,0,0.000000,0.000000,0,0.000000,0.000000,0,0.000000,0.000000,0,0.000000,0.000000,0,0.000000,0.000000
95,0.005340,0,0.000000,0.000000,1,0.033333,0.033333,1,0.033333,0.033333,0,0.000000,0.000000,2,0.066667,0.000000,3,0.100000,0.000000,0,0.000000,0.000000,2,0.066667,0.000000,1,0.033333,0.033333,9,0.300000,0.066667,4,0.133333,0.066667,6,0.200000,0.000000,3,0.100000,0.066667,0,0.000000,0.000000,2,0.066667,0.000000,1,0.033333,0.033333,0,0.000000,0.000000,1,0.033333,0.000000,0,0.000000,0.000000,0,0.000000,0.000000,5,0.166667,0.033333,0,0.000000,0.000000,3,0.100000,0.066667,1,0.033333,0.000000,0,0.000000,0.000000,1,0.033333,0.000000,4,0.133333,0.000000,2,0.066667,0.033333,0,0.000000,0.000000,1,0.033333,0.000000,1,0.033333,0.000000,1,0.033333,0.000000,1,0.033333,0.000000,2,0.066667,0.000000,0,0.000000,0.000000,1,0.033333,0.000000,1,0.033333,0.000000,0,0.000000,0.000000,0,0.000000,0.000000,1,0.033333,0.033333,0,0.000000,0.000000,0,0.000000,0.000000,0,0.000000,0.000000
96,0.003965,1,0.047619,0.000000,1,0.047619,0.000000,1,0.047619,0.047619,0,0.000000,0.000000,2,0.095238,0.000000,2,0.095238,0.000000,1,0.047619,0.047619,2,0.095238,0.000000,2,0.095238,0.047619,4,0.190476,0.000000,3,0.142857,0.047619,3,0.142857,0.000000,4,0.190476,0.095238,0,0.000000,0.000000,0,0.000000,0.000000,0,0.000000,0.000000,0,0.000000,0.000000,1,0.047619,0.000000,2,0.095238,0.000000,0,0.000000,0.000000,3,0.142857,0.047619,0,0.000000,0.000000,2,0.095238,0.000000,0,0.000000,0.000000,1,0.047619,0.000000,0,0.000000,0.000000,0,0.000000,0.000000,1,0.047619,0.000000,0,0.000000,0.000000,3,0.142857,0.095238,0,0.000000,0.000000,1,0.047619,0.000000,0,0.000000,0.000000,1,0.047619,0.000000,1,0.047619,0.000000,1,0.047619,0.000000,0,0.000000,0.000000,0,0.000000,0.000000,0,0.000000,0.000000,1,0.047619,0.000000,0,0.000000,0.000000,0,0.000000,0.000000,0,0.000000,0.000000
97,0.004660,0,0.000000,0.000000,1,0.041667,0.041667,0,0.000000,0.000000,0,0.000000,0.000000,1,0.041667,0.000000,1,0.041667,0.041667,0,0.000000,0.000000,2,0.083333,0.041667,0,0.000000,0.000000,4,0.166667,0.083333,3,0.125000,0.000000,1,0.041667,0.000000,4,0.166667,0.041667,0,0.000000,0.000000,0,0.000000,0.000000,2,0.083333,0.041667,3,0.125000,0.083333,1,0.041667,0.000000,4,0.166667,0.083333,0,0.000000,0.000000,2,0.083333,0.041667,1,0.041667,0.000000,0,0.000000,0.000000,1,0.041667,0.000000,2,0.083333,0.000000,0,0.000000,0.000000,3,0.125000,0.000000,2,0.083333,0.000000,1,0.041667,0.041667,0,0.000000,0.000000,1,0.041667,0.000000,0,0.000000,0.000000,1,0.041667,0.000000,0,0.000000,0.000000,3,0.125000,0.000000,0,0.000000,0.000000,0,0.000000,0.000000,0,0.000000,0.000000,0,0.000000,0.000000,0,0.000000,0.000000,0,0.000000,0.000000,0,0.000000,0.000000,0,0.000000,0.000000
98,0.007045,0,0.000000,0.000000,0,0.000000,0.000000,2,0.055556,0.055556,0,0.000000,0.000000,1,0.027778,0.000000,2,0.055556,0.027778,2,0.055556,0.027778,4,0.111111,0.000000,1,0.027778,0.000000,3,0.083333,0.000000,1,0.027778,0.027778,8,0.222222,0.000000,8,0.222222,0.027778,1,0.027778,0.000000,3,0.083333,0.027778,1,0.027778,0.000000,6,0.166667,0.055556,1,0.027778,0.000000,2,0.055556,0.027778,0,0.000000,0.000000,4,0.111111,0.055556,0,0.000000,0.000000,6,0.166667,0.027778,6,0.166667,0.027778,6,0.166667,0.000000,1,0.027778,0.000000,2,0.055556,0.000000,1,0.027778,0.000000,8,0.222222,0.111111,0,0.000000,0.000000,3,0.083333,0.000000,2,0.055556,0.000000,0,0.000000,0.000000,4,0.111111,0.000000,0,0.000000,0.000000,0,0.000000,0.000000,5,0.138889,0.027778,0,0.000000,0.000000,0,0.000000,0.000000,0,0.000000,0.000000,0,0.000000,0.000000,0,0.000000,0.000000,0,0.000000,0.000000
99,0.005260,0,0.000000,0.000000,1,0.029412,0.029412,1,0.029412,0.000000,1,0.029412,0.029412,4,0.117647,0.000000,2,0.058824,0.000000,1,0.029412,0.029412,2,0.058824,0.000000,1,0.029412,0.000000,5,0.147059,0.058824,1,0.029412,0.000000,3,0.088235,0.000000,4,0.117647,0.000000,0,0.000000,0.000000,3,0.088235,0.000000,1,0.029412,0.000000,4,0.117647,0.088235,1,0.029412,0.000000,2,0.058824,0.000000,0,0.000000,0.000000,2,0.058824,0.058824,2,0.058824,0.000000,1,0.029412,0.029412,0,0.000000,0.000000,3,0.088235,0.000000,0,0.000000,0.000000,2,0.058824,0.029412,0,0.000000,0.000000,8,0.235294,0.117647,1,0.029412,0.029412,1,0.029412,0.000000,1,0.029412,0.000000,0,0.000000,0.000000,3,0.088235,0.000000,2,0.058824,0.000000,0,0.000000,0.000000,2,0.058824,0.000000,0,0.000000,0.000000,0,0.000000,0.000000,0,0.000000,0.000000,0,0.000000,0.000000,0,0.000000,0.000000,0,0.000000,0.000000
100,0.009635,1,0.025000,0.025000,2,0.050000,0.050000,0,0.000000,0.000000,0,0.000000,0.000000,4,0.100000,0.025000,0,0.000000,0.000000,3,0.075000,0.050000,2,0.050000,0.000000,2,0.050000,0.000000,3,0.075000,0.050000,0,0.000000,0.000000,11,0.275000,0.000000,8,0.200000,0.075000,5,0.125000,0.000000,9,0.225000,0.025000,0,0.000000,0.000000,3,0.075000,0.000000,4,0.100000,0.025000,10,0.250000,0.025000,2,0.050000,0.000000,3,0.075000,0.000000,0,0.000000,0.000000,8,0.200000,0.000000,6,0.150000,0.000000,3,0.075000,0.000000,3,0.075000,0.000000,3,0.075000,0.000000,1,0.025000,0.000000,7,0.175000,0.000000,3,0.075000,0.025000,1,0.025000,0.000000,3,0.075000,0.000000,1,0.025000,0.000000,6,0.150000,0.000000,5,0.125000,0.025000,2,0.050000,0.000000,4,0.100000,0.000000,0,0.000000,0.000000,0,0.000000,0.000000,0,0.000000,0.000000,0,0.000000,0.000000,0,0.000000,0.000000,0,0.000000,0.000000
101,0.008485,2,0.057143,0.028571,3,0.085714,0.000000,2,0.057143,0.000000,6,0.171429,0.028571,4,0.114286,0.000000,0,0.000000,0.000000,2,0.057143,0.028571,3,0.085714,0.000000,1,0.028571,0.000000,5,0.142857,0.028571,2,0.057143,0.000000,7,0.200000,0.000000,8,0.228571,0.085714,2,0.057143,0.000000,6,0.171429,0.000000,0,0.000000,0.000000,3,0.085714,0.000000,3,0.085714,0.000000,6,0.171429,0.028571,2,0.057143,0.000000,4,0.114286,0.000000,0,0.000000,0.000000,4,0.114286,0.028571,4,0.114286,0.000000,7,0.200000,0.000000,3,0.085714,0.000000,5,0.142857,0.000000,1,0.028571,0.000000,7,0.200000,0.057143,4,0.114286,0.000000,1,0.028571,0.000000,2,0.057143,0.000000,0,0.000000,0.000000,6,0.171429,0.000000,2,0.057143,0.000000,1,0.028571,0.000000,5,0.142857,0.000000,0,0.000000,0.000000,0,0.000000,0.000000,0,0.000000,0.000000,0,0.000000,0.000000,0,0.000000,0.000000,0,0.000000,0.000000
102,0.017620,1,0.014925,0.014925,1,0.014925,0.014925,2,0.029851,0.000000,7,0.104478,0.029851,1,0.014925,0.000000,0,0.000000,0.000000,1,0.014925,0.014925,5,0.074627,0.014925,0,0.000000,0.000000,4,0.059701,0.000000,3,0.044776,0.000000,27,0.402985,0.000000,14,0.208955,0.000000,7,0.104478,0.000000,23,0.343284,0.029851,2,0.029851,0.000000,1,0.014925,0.000000,6,0.089552,0.000000,10,0.149254,0.014925,2,0.029851,0.000000,5,0.074627,0.014925,6,0.089552,0.074627,17,0.253731,0.029851,8,0.119403,0.000000,7,0.104478,0.000000,4,0.059701,0.000000,7,0.104478,0.014925,0,0.000000,0.000000,13,0.194030,0.014925,3,0.044776,0.000000,2,0.029851,0.000000,7,0.104478,0.000000,4,0.059701,0.000000,19,0.283582,0.000000,8,0.119403,0.000000,3,0.044776,0.000000,20,0.298507,0.000000,0,0.000000,0.000000,0,0.000000,0.000000,0,0.000000,0.000000,0,0.000000,0.000000,0,0.000000,0.000000,0,0.000000,0.000000
103,0.006440,1,0.025641,0.025641,0,0.000000,0.000000,0,0.000000,0.000000,1,0.025641,0.000000,1,0.025641,0.025641,0,0.000000,0.000000,1,0.025641,0.025641,3,0.076923,0.000000,3,0.076923,0.025641,4,0.102564,0.000000,1,0.025641,0.000000,7,0.179487,0.000000,5,0.128205,0.051282,0,0.000000,0.000000,11,0.282051,0.153846,0,0.000000,0.000000,0,0.000000,0.000000,3,0.076923,0.000000,3,0.076923,0.025641,1,0.025641,0.000000,3,0.076923,0.000000,0,0.000000,0.000000,6,0.153846,0.076923,3,0.076923,0.000000,3,0.076923,0.000000,1,0.025641,0.000000,2,0.051282,0.000000,1,0.025641,0.000000,12,0.307692,0.076923,3,0.076923,0.000000,2,0.051282,0.000000,4,0.102564,0.000000,0,0.000000,0.000000,4,0.102564,0.000000,0,0.000000,0.000000,0,0.000000,0.000000,3,0.076923,0.000000,0,0.000000,0.000000,0,0.000000,0.000000,0,0.000000,0.000000,0,0.000000,0.000000,0,0.000000,0.000000,0,0.000000,0.000000
104,0.006995,0,0.000000,0.000000,0,0.000000,0.000000,1,0.027778,0.000000,2,0.055556,0.027778,1,0.027778,0.027778,0,0.000000,0.000000,2,0.055556,0.027778,0,0.000000,0.000000,7,0.194444,0.166667,6,0.166667,0.083333,2,0.055556,0.027778,11,0.305556,0.000000,3,0.083333,0.000000,2,0.055556,0.000000,11,0.305556,0.000000,0,0.000000,0.000000,0,0.000000,0.000000,6,0.166667,0.000000,0,0.000000,0.000000,0,0.000000,0.000000,6,0.166667,0.000000,0,0.000000,0.000000,0,0.000000,0.000000,4,0.111111,0.000000,1,0.027778,0.027778,0,0.000000,0.000000,4,0.111111,0.000000,0,0.000000,0.000000,3,0.083333,0.000000,0,0.000000,0.000000,0,0.000000,0.000000,3,0.083333,0.000000,0,0.000000,0.000000,3,0.083333,0.000000,1,0.027778,0.027778,1,0.027778,0.000000,4,0.111111,0.027778,0,0.000000,0.000000,0,0.000000,0.000000,1,0.027778,0.000000,0,0.000000,0.000000,0,0.000000,0.000000,0,0.000000,0.000000
105,0.001075,0,0.000000,0.000000,0,0.000000,0.000000,1,0.142857,0.142857,0,0.000000,0.000000,0,0.000000,0.000000,0,0.000000,0.000000,0,0.000000,0.000000,0,0.000000,0.000000,0,0.000000,0.000000,0,0.000000,0.000000,0,0.000000,0.000000,2,0.285714,0.000000,0,0.000000,0.000000,1,0.142857,0.000000,2,0.285714,0.142857,0,0.000000,0.000000,0,0.000000,0.000000,0,0.000000,0.000000,1,0.142857,0.142857,0,0.000000,0.000000,0,0.000000,0.000000,0,0.000000,0.000000,1,0.142857,0.142857,0,0.000000,0.000000,0,0.000000,0.000000,0,0.000000,0.000000,0,0.000000,0.000000,0,0.000000,0.000000,0,0.000000,0.000000,0,0.000000,0.000000,0,0.000000,0.000000,0,0.000000,0.000000,0,0.000000,0.000000,0,0.000000,0.000000,0,0.000000,0.000000,0,0.000000,0.000000,0,0.000000,0.000000,0,0.000000,0.000000,0,0.000000,0.000000,0,0.000000,0.000000,1,0.142857,0.000000,1,0.142857,0.000000,0,0.000000,0.000000
106,0.001240,0,0.000000,0.000000,0,0.000000,0.000000,0,0.000000,0.000000,0,0.000000,0.000000,0,0.000000,0.000000,0,0.000000,0.000000,0,0.000000,0.000000,0,0.000000,0.000000,0,0.000000,0.000000,1,0.090909,0.000000,0,0.000000,0.000000,2,0.181818,0.000000,1,0.090909,0.000000,1,0.090909,0.000000,1,0.090909,0.000000,0,0.000000,0.000000,0,0.000000,0.000000,0,0.000000,0.000000,0,0.000000,0.000000,0,0.000000,0.000000,3,0.272727,0.181818,0,0.000000,0.000000,0,0.000000,0.000000,0,0.000000,0.000000,0,0.000000,0.000000,0,0.000000,0.000000,0,0.000000,0.000000,0,0.000000,0.000000,0,0.000000,0.000000,0,0.000000,0.000000,0,0.000000,0.000000,1,0.090909,0.000000,1,0.090909,0.090909,1,0.090909,0.000000,1,0.090909,0.000000,1,0.090909,0.000000,2,0.181818,0.090909,0,0.000000,0.000000,0,0.000000,0.000000,0,0.000000,0.000000,1,0.090909,0.000000,0,0.000000,0.000000,1,0.090909,0.000000
107,0.004835,0,0.000000,0.000000,1,0.033333,0.033333,2,0.066667,0.033333,1,0.033333,0.000000,3,0.100000,0.000000,1,0.033333,0.000000,2,0.066667,0.066667,2,0.066667,0.000000,0,0.000000,0.000000,7,0.233333,0.100000,3,0.100000,0.033333,3,0.100000,0.000000,4,0.133333,0.033333,0,0.000000,0.000000,3,0.100000,0.033333,0,0.000000,0.000000,1,0.033333,0.000000,3,0.100000,0.033333,4,0.133333,0.033333,1,0.033333,0.000000,1,0.033333,0.000000,0,0.000000,0.000000,0,0.000000,0.000000,0,0.000000,0.000000,1,0.033333,0.000000,0,0.000000,0.000000,3,0.100000,0.033333,1,0.033333,0.033333,0,0.000000,0.000000,1,0.033333,0.000000,0,0.000000,0.000000,1,0.033333,0.000000,0,0.000000,0.000000,0,0.000000,0.000000,2,0.066667,0.033333,1,0.033333,0.033333,2,0.066667,0.000000,0,0.000000,0.000000,0,0.000000,0.000000,0,0.000000,0.000000,1,0.033333,0.000000,0,0.000000,0.000000,1,0.033333,0.000000
108,0.006840,3,0.090909,0.030303,3,0.090909,0.000000,2,0.060606,0.000000,3,0.090909,0.030303,3,0.090909,0.030303,0,0.000000,0.000000,1,0.030303,0.030303,3,0.090909,0.000000,2,0.060606,0.030303,3,0.090909,0.000000,3,0.090909,0.060606,4,0.121212,0.000000,4,0.121212,0.000000,2,0.060606,0.000000,5,0.151515,0.060606,1,0.030303,0.000000,2,0.060606,0.000000,0,0.000000,0.000000,4,0.121212,0.090909,0,0.000000,0.000000,1,0.030303,0.000000,1,0.030303,0.000000,7,0.212121,0.000000,2,0.060606,0.000000,0,0.000000,0.000000,1,0.030303,0.000000,1,0.030303,0.000000,2,0.060606,0.000000,8,0.242424,0.000000,5,0.151515,0.030303,1,0.030303,0.000000,2,0.060606,0.000000,4,0.121212,0.030303,3,0.090909,0.000000,0,0.000000,0.000000,1,0.030303,0.030303,3,0.090909,0.000000,0,0.000000,0.000000,0,0.000000,0.000000,0,0.000000,0.000000,0,0.000000,0.000000,0,0.000000,0.000000,0,0.000000,0.000000
109,0.007635,1,0.033333,0.000000,1,0.033333,0.000000,3,0.100000,0.033333,3,0.100000,0.000000,3,0.100000,0.033333,2,0.066667,0.000000,3,0.100000,0.033333,4,0.133333,0.000000,1,0.033333,0.000000,7,0.233333,0.000000,2,0.066667,0.000000,3,0.100000,0.000000,4,0.133333,0.033333,0,0.000000,0.000000,5,0.166667,0.000000,2,0.066667,0.000000,6,0.200000,0.000000,0,0.000000,0.000000,3,0.100000,0.033333,0,0.000000,0.000000,8,0.266667,0.000000,5,0.166667,0.000000,2,0.066667,0.000000,3,0.100000,0.000000,0,0.000000,0.000000,0,0.000000,0.000000,6,0.200000,0.000000,0,0.000000,0.000000,4,0.133333,0.033333,3,0.100000,0.000000,0,0.000000,0.000000,4,0.133333,0.000000,1,0.033333,0.000000,2,0.066667,0.000000,1,0.033333,0.000000,0,0.000000,0.000000,3,0.100000,0.000000,0,0.000000,0.000000,1,0.033333,0.033333,0,0.000000,0.000000,0,0.000000,0.000000,0,0.000000,0.000000,0,0.000000,0.000000
110,0.004415,0,0.000000,0.000000,3,0.166667,0.166667,0,0.000000,0.000000,1,0.055556,0.055556,2,0.111111,0.055556,0,0.000000,0.000000,1,0.055556,0.000000,1,0.055556,0.000000,0,0.000000,0.000000,5,0.277778,0.000000,7,0.388889,0.055556,2,0.111111,0.000000,5,0.277778,0.000000,0,0.000000,0.000000,0,0.000000,0.000000,0,0.000000,0.000000,3,0.166667,0.000000,0,0.000000,0.000000,0,0.000000,0.000000,0,0.000000,0.000000,3,0.166667,0.000000,2,0.111111,0.000000,2,0.111111,0.000000,1,0.055556,0.000000,1,0.055556,0.000000,0,0.000000,0.000000,3,0.166667,0.000000,3,0.166667,0.000000,2,0.111111,0.000000,0,0.000000,0.000000,0,0.000000,0.000000,1,0.055556,0.000000,1,0.055556,0.000000,0,0.000000,0.000000,0,0.000000,0.000000,1,0.055556,0.000000,0,0.000000,0.000000,0,0.000000,0.000000,1,0.055556,0.000000,0,0.000000,0.000000,0,0.000000,0.000000,0,0.000000,0.000000,0,0.000000,0.000000
111,0.003220,0,0.000000,0.000000,1,0.047619,0.047619,1,0.047619,0.000000,1,0.047619,0.000000,3,0.142857,0.000000,0,0.000000,0.000000,1,0.047619,0.047619,4,0.190476,0.000000,1,0.047619,0.047619,3,0.142857,0.000000,0,0.000000,0.000000,3,0.142857,0.000000,0,0.000000,0.000000,1,0.047619,0.047619,4,0.190476,0.047619,0,0.000000,0.000000,1,0.047619,0.047619,0,0.000000,0.000000,0,0.000000,0.000000,0,0.000000,0.000000,2,0.095238,0.095238,1,0.047619,0.000000,3,0.142857,0.047619,2,0.095238,0.000000,1,0.047619,0.000000,0,0.000000,0.000000,2,0.095238,0.000000,0,0.000000,0.000000,1,0.047619,0.000000,0,0.000000,0.000000,1,0.047619,0.047619,1,0.047619,0.000000,0,0.000000,0.000000,3,0.142857,0.000000,0,0.000000,0.000000,0,0.000000,0.000000,3,0.142857,0.000000,0,0.000000,0.000000,0,0.000000,0.000000,0,0.000000,0.000000,0,0.000000,0.000000,0,0.000000,0.000000,0,0.000000,0.000000
112,0.009640,0,0.000000,0.000000,1,0.018519,0.018519,2,0.037037,0.037037,5,0.092593,0.074074,3,0.055556,0.018519,6,0.111111,0.055556,1,0.018519,0.018519,4,0.074074,0.000000,3,0.055556,0.018519,6,0.111111,0.000000,5,0.092593,0.018519,6,0.111111,0.037037,7,0.129630,0.055556,2,0.037037,0.000000,2,0.037037,0.000000,0,0.000000,0.000000,0,0.000000,0.000000,2,0.037037,0.000000,6,0.111111,0.018519,0,0.000000,0.000000,5,0.092593,0.018519,3,0.055556,0.000000,4,0.074074,0.000000,1,0.018519,0.000000,8,0.148148,0.018519,0,0.000000,0.000000,6,0.111111,0.000000,3,0.055556,0.000000,4,0.074074,0.000000,2,0.037037,0.000000,3,0.055556,0.000000,3,0.055556,0.000000,2,0.037037,0.000000,10,0.185185,0.037037,0,0.000000,0.000000,3,0.055556,0.000000,0,0.000000,0.000000,0,0.000000,0.000000,3,0.055556,0.055556,0,0.000000,0.000000,0,0.000000,0.000000,0,0.000000,0.000000,0,0.000000,0.000000
113,0.006015,2,0.055556,0.000000,2,0.055556,0.000000,3,0.083333,0.055556,0,0.000000,0.000000,3,0.083333,0.027778,11,0.305556,0.194444,0,0.000000,0.000000,2,0.055556,0.000000,0,0.000000,0.000000,2,0.055556,0.000000,2,0.055556,0.000000,1,0.027778,0.000000,3,0.083333,0.027778,0,0.000000,0.000000,3,0.083333,0.027778,1,0.027778,0.000000,5,0.138889,0.000000,0,0.000000,0.000000,0,0.000000,0.000000,0,0.000000,0.000000,3,0.083333,0.000000,0,0.000000,0.000000,1,0.027778,0.027778,0,0.000000,0.000000,4,0.111111,0.055556,0,0.000000,0.000000,0,0.000000,0.000000,2,0.055556,0.000000,0,0.000000,0.000000,4,0.111111,0.027778,3,0.083333,0.000000,0,0.000000,0.000000,0,0.000000,0.000000,5,0.138889,0.027778,3,0.083333,0.027778,1,0.027778,0.000000,0,0.000000,0.000000,0,0.000000,0.000000,1,0.027778,0.000000,0,0.000000,0.000000,1,0.027778,0.000000,0,0.000000,0.000000,1,0.027778,0.000000
114,0.001055,0,0.000000,0.000000,0,0.000000,0.000000,1,0.142857,0.142857,0,0.000000,0.000000,1,0.142857,0.142857,0,0.000000,0.000000,1,0.142857,0.142857,0,0.000000,0.000000,0,0.000000,0.000000,0,0.000000,0.000000,0,0.000000,0.000000,0,0.000000,0.000000,0,0.000000,0.000000,0,0.000000,0.000000,0,0.000000,0.000000,0,0.000000,0.000000,0,0.000000,0.000000,0,0.000000,0.000000,0,0.000000,0.000000,0,0.000000,0.000000,1,0.142857,0.142857,0,0.000000,0.000000,0,0.000000,0.000000,1,0.142857,0.142857,1,0.142857,0.142857,0,0.000000,0.000000,0,0.000000,0.000000,0,0.000000,0.000000,0,0.000000,0.000000,0,0.000000,0.000000,0,0.000000,0.000000,0,0.000000,0.000000,0,0.000000,0.000000,0,0.000000,0.000000,0,0.000000,0.000000,1,0.142857,0.142857,0,0.000000,0.000000,0,0.000000,0.000000,0,0.000000,0.000000,0,0.000000,0.000000,0,0.000000,0.000000,0,0.000000,0.000000,0,0.000000,0.000000
115,0.003195,0,0.000000,0.000000,2,0.133333,0.066667,2,0.133333,0.066667,0,0.000000,0.000000,2,0.133333,0.066667,0,0.000000,0.000000,0,0.000000,0.000000,2,0.133333,0.000000,0,0.000000,0.000000,0,0.000000,0.000000,1,0.066667,0.066667,0,0.000000,0.000000,5,0.333333,0.200000,0,0.000000,0.000000,0,0.000000,0.000000,0,0.000000,0.000000,0,0.000000,0.000000,0,0.000000,0.000000,1,0.066667,0.000000,0,0.000000,0.000000,1,0.066667,0.066667,0,0.000000,0.000000,4,0.266667,0.200000,0,0.000000,0.000000,0,0.000000,0.000000,0,0.000000,0.000000,1,0.066667,0.000000,0,0.000000,0.000000,0,0.000000,0.000000,1,0.066667,0.000000,0,0.000000,0.000000,0,0.000000,0.000000,0,0.000000,0.000000,0,0.000000,0.000000,0,0.000000,0.000000,0,0.000000,0.000000,0,0.000000,0.000000,0,0.000000,0.000000,0,0.000000,0.000000,0,0.000000,0.000000,0,0.000000,0.000000,0,0.000000,0.000000,0,0.000000,0.000000
116,0.011190,3,0.068182,0.000000,4,0.090909,0.022727,2,0.045455,0.000000,2,0.045455,0.000000,2,0.045455,0.000000,4,0.090909,0.045455,0,0.000000,0.000000,6,0.136364,0.000000,8,0.181818,0.045455,9,0.204545,0.022727,3,0.068182,0.022727,0,0.000000,0.000000,15,0.340909,0.090909,0,0.000000,0.000000,1,0.022727,0.000000,2,0.045455,0.000000,2,0.045455,0.022727,1,0.022727,0.000000,1,0.022727,0.000000,0,0.000000,0.000000,3,0.068182,0.000000,1,0.022727,0.000000,1,0.022727,0.022727,1,0.022727,0.000000,2,0.045455,0.000000,0,0.000000,0.000000,1,0.022727,0.000000,0,0.000000,0.000000,0,0.000000,0.000000,4,0.090909,0.000000,5,0.113636,0.000000,1,0.022727,0.000000,4,0.090909,0.022727,6,0.136364,0.022727,0,0.000000,0.000000,0,0.000000,0.000000,0,0.000000,0.000000,0,0.000000,0.000000,3,0.068182,0.022727,2,0.045455,0.045455,4,0.090909,0.000000,0,0.000000,0.000000,5,0.113636,0.000000
117,0.005885,0,0.000000,0.000000,1,0.031250,0.031250,0,0.000000,0.000000,5,0.156250,0.062500,5,0.156250,0.125000,4,0.125000,0.062500,0,0.000000,0.000000,0,0.000000,0.000000,2,0.062500,0.062500,4,0.125000,0.000000,0,0.000000,0.000000,2,0.062500,0.000000,4,0.125000,0.031250,0,0.000000,0.000000,2,0.062500,0.062500,1,0.031250,0.000000,4,0.125000,0.062500,1,0.031250,0.000000,1,0.031250,0.000000,0,0.000000,0.000000,1,0.031250,0.000000,0,0.000000,0.000000,0,0.000000,0.000000,0,0.000000,0.000000,1,0.031250,0.000000,0,0.000000,0.000000,1,0.031250,0.000000,1,0.031250,0.000000,0,0.000000,0.000000,2,0.062500,0.000000,4,0.125000,0.000000,0,0.000000,0.000000,4,0.125000,0.000000,4,0.125000,0.000000,1,0.031250,0.000000,3,0.093750,0.031250,1,0.031250,0.000000,1,0.031250,0.000000,3,0.093750,0.000000,0,0.000000,0.000000,0,0.000000,0.000000,0,0.000000,0.000000,0,0.000000,0.000000
118,0.002905,0,0.000000,0.000000,0,0.000000,0.000000,0,0.000000,0.000000,2,0.142857,0.071429,0,0.000000,0.000000,0,0.000000,0.000000,0,0.000000,0.000000,0,0.000000,0.000000,0,0.000000,0.000000,1,0.071429,0.000000,1,0.071429,0.071429,0,0.000000,0.000000,1,0.071429,0.000000,0,0.000000,0.000000,1,0.071429,0.000000,0,0.000000,0.000000,1,0.071429,0.000000,0,0.000000,0.000000,0,0.000000,0.000000,0,0.000000,0.000000,2,0.142857,0.000000,2,0.142857,0.000000,3,0.214286,0.071429,2,0.142857,0.000000,0,0.000000,0.000000,0,0.000000,0.000000,0,0.000000,0.000000,0,0.000000,0.000000,0,0.000000,0.000000,3,0.214286,0.000000,1,0.071429,0.000000,3,0.214286,0.071429,0,0.000000,0.000000,3,0.214286,0.142857,0,0.000000,0.000000,2,0.142857,0.000000,0,0.000000,0.000000,0,0.000000,0.000000,1,0.071429,0.000000,1,0.071429,0.000000,0,0.000000,0.000000,0,0.000000,0.000000,0,0.000000,0.000000
119,0.011970,0,0.000000,0.000000,1,0.015385,0.015385,1,0.015385,0.015385,4,0.061538,0.030769,2,0.030769,0.000000,1,0.015385,0.015385,49,0.753846,0.753846,3,0.046154,0.000000,2,0.030769,0.015385,2,0.030769,0.000000,0,0.000000,0.000000,1,0.015385,0.000000,2,0.030769,0.000000,0,0.000000,0.000000,1,0.015385,0.015385,0,0.000000,0.000000,0,0.000000,0.000000,0,0.000000,0.000000,0,0.000000,0.000000,0,0.000000,0.000000,2,0.030769,0.015385,1,0.015385,0.000000,0,0.000000,0.000000,0,0.000000,0.000000,3,0.046154,0.015385,0,0.000000,0.000000,0,0.000000,0.000000,0,0.000000,0.000000,0,0.000000,0.000000,0,0.000000,0.000000,0,0.000000,0.000000,1,0.015385,0.000000,0,0.000000,0.000000,2,0.030769,0.015385,1,0.015385,0.000000,0,0.000000,0.000000,0,0.000000,0.000000,0,0.000000,0.000000,1,0.015385,0.000000,0,0.000000,0.000000,0,0.000000,0.000000,0,0.000000,0.000000,0,0.000000,0.000000
120,0.004120,0,0.000000,0.000000,1,0.045455,0.045455,2,0.090909,0.000000,1,0.045455,0.000000,1,0.045455,0.045455,1,0.045455,0.000000,0,0.000000,0.000000,0,0.000000,0.000000,0,0.000000,0.000000,1,0.045455,0.000000,0,0.000000,0.000000,0,0.000000,0.000000,7,0.318182,0.227273,0,0.000000,0.000000,2,0.090909,0.090909,3,0.136364,0.000000,1,0.045455,0.000000,1,0.045455,0.000000,4,0.181818,0.045455,0,0.000000,0.000000,4,0.181818,0.045455,4,0.181818,0.000000,1,0.045455,0.000000,1,0.045455,0.000000,5,0.227273,0.000000,0,0.000000,0.000000,2,0.090909,0.045455,2,0.090909,0.000000,0,0.000000,0.000000,0,0.000000,0.000000,1,0.045455,0.000000,0,0.000000,0.000000,0,0.000000,0.000000,3,0.136364,0.090909,0,0.000000,0.000000,0,0.000000,0.000000,0,0.000000,0.000000,0,0.000000,0.000000,0,0.000000,0.000000,0,0.000000,0.000000,0,0.000000,0.000000,0,0.000000,0.000000,0,0.000000,0.000000
121,0.009280,1,0.023256,0.000000,1,0.023256,0.000000,3,0.069767,0.023256,3,0.069767,0.000000,1,0.023256,0.000000,0,0.000000,0.000000,1,0.023256,0.023256,2,0.046512,0.023256,0,0.000000,0.000000,8,0.186047,0.023256,8,0.186047,0.046512,2,0.046512,0.000000,5,0.116279,0.023256,1,0.023256,0.000000,5,0.116279,0.046512,2,0.046512,0.000000,6,0.139535,0.069767,0,0.000000,0.000000,2,0.046512,0.000000,0,0.000000,0.000000,3,0.069767,0.023256,2,0.046512,0.000000,3,0.069767,0.023256,0,0.000000,0.000000,5,0.116279,0.046512,0,0.000000,0.000000,2,0.046512,0.000000,2,0.046512,0.000000,0,0.000000,0.000000,1,0.023256,0.023256,3,0.069767,0.000000,3,0.069767,0.023256,0,0.000000,0.000000,4,0.093023,0.000000,4,0.093023,0.023256,0,0.000000,0.000000,4,0.093023,0.046512,0,0.000000,0.000000,1,0.023256,0.023256,1,0.023256,0.023256,0,0.000000,0.000000,0,0.000000,0.000000,0,0.000000,0.000000
122,0.005720,1,0.030303,0.000000,1,0.030303,0.000000,2,0.060606,0.030303,0,0.000000,0.000000,2,0.060606,0.000000,4,0.121212,0.030303,0,0.000000,0.000000,2,0.060606,0.000000,0,0.000000,0.000000,4,0.121212,0.000000,4,0.121212,0.030303,2,0.060606,0.000000,6,0.181818,0.030303,0,0.000000,0.000000,4,0.121212,0.090909,1,0.030303,0.000000,2,0.060606,0.030303,0,0.000000,0.000000,1,0.030303,0.000000,0,0.000000,0.000000,1,0.030303,0.000000,1,0.030303,0.000000,1,0.030303,0.000000,0,0.000000,0.000000,1,0.030303,0.000000,0,0.000000,0.000000,2,0.060606,0.000000,1,0.030303,0.000000,0,0.000000,0.000000,3,0.090909,0.060606,3,0.090909,0.000000,0,0.000000,0.000000,3,0.090909,0.000000,3,0.090909,0.000000,0,0.000000,0.000000,1,0.030303,0.000000,7,0.212121,0.151515,0,0.000000,0.000000,1,0.030303,0.030303,1,0.030303,0.000000,0,0.000000,0.000000,0,0.000000,0.000000,0,0.000000,0.000000
123,0.006055,0,0.000000,0.000000,1,0.030303,0.030303,1,0.030303,0.030303,0,0.000000,0.000000,2,0.060606,0.000000,3,0.090909,0.030303,0,0.000000,0.000000,2,0.060606,0.000000,0,0.000000,0.000000,7,0.212121,0.000000,2,0.060606,0.000000,2,0.060606,0.000000,7,0.212121,0.030303,1,0.030303,0.000000,1,0.030303,0.000000,1,0.030303,0.000000,1,0.030303,0.000000,0,0.000000,0.000000,1,0.030303,0.000000,1,0.030303,0.000000,5,0.151515,0.060606,4,0.121212,0.030303,5,0.151515,0.060606,2,0.060606,0.000000,4,0.121212,0.060606,1,0.030303,0.000000,4,0.121212,0.000000,2,0.060606,0.000000,1,0.030303,0.000000,2,0.060606,0.000000,1,0.030303,0.000000,1,0.030303,0.000000,0,0.000000,0.000000,2,0.060606,0.000000,3,0.090909,0.030303,1,0.030303,0.030303,0,0.000000,0.000000,0,0.000000,0.000000,2,0.060606,0.030303,1,0.030303,0.030303,0,0.000000,0.000000,0,0.000000,0.000000,0,0.000000,0.000000
124,0.007685,18,0.486486,0.459459,0,0.000000,0.000000,2,0.054054,0.027027,3,0.081081,0.054054,2,0.054054,0.000000,2,0.054054,0.000000,0,0.000000,0.000000,1,0.027027,0.000000,0,0.000000,0.000000,2,0.054054,0.000000,2,0.054054,0.000000,0,0.000000,0.000000,4,0.108108,0.054054,0,0.000000,0.000000,0,0.000000,0.000000,3,0.081081,0.000000,1,0.027027,0.027027,0,0.000000,0.000000,0,0.000000,0.000000,0,0.000000,0.000000,2,0.054054,0.000000,4,0.108108,0.000000,2,0.054054,0.027027,1,0.027027,0.000000,0,0.000000,0.000000,0,0.000000,0.000000,2,0.054054,0.000000,1,0.027027,0.027027,0,0.000000,0.000000,0,0.000000,0.000000,2,0.054054,0.000000,0,0.000000,0.000000,1,0.027027,0.000000,2,0.054054,0.027027,0,0.000000,0.000000,0,0.000000,0.000000,0,0.000000,0.000000,0,0.000000,0.000000,3,0.081081,0.000000,0,0.000000,0.000000,0,0.000000,0.000000,0,0.000000,0.000000,0,0.000000,0.000000
125,0.005895,0,0.000000,0.000000,0,0.000000,0.000000,0,0.000000,0.000000,5,0.147059,0.088235,11,0.323529,0.264706,3,0.088235,0.000000,0,0.000000,0.000000,0,0.000000,0.000000,0,0.000000,0.000000,4,0.117647,0.000000,0,0.000000,0.000000,2,0.058824,0.000000,4,0.117647,0.029412,1,0.029412,0.000000,1,0.029412,0.000000,1,0.029412,0.000000,0,0.000000,0.000000,1,0.029412,0.000000,1,0.029412,0.000000,0,0.000000,0.000000,4,0.117647,0.058824,2,0.058824,0.000000,0,0.000000,0.000000,1,0.029412,0.000000,4,0.117647,0.029412,0,0.000000,0.000000,0,0.000000,0.000000,0,0.000000,0.000000,0,0.000000,0.000000,4,0.117647,0.029412,3,0.088235,0.029412,0,0.000000,0.000000,1,0.029412,0.000000,11,0.323529,0.088235,0,0.000000,0.000000,0,0.000000,0.000000,0,0.000000,0.000000,0,0.000000,0.000000,4,0.117647,0.029412,0,0.000000,0.000000,0,0.000000,0.000000,0,0.000000,0.000000,0,0.000000,0.000000
126,0.013820,0,0.000000,0.000000,2,0.025974,0.012987,1,0.012987,0.000000,2,0.025974,0.000000,4,0.051948,0.012987,3,0.038961,0.012987,2,0.025974,0.012987,30,0.389610,0.064935,2,0.025974,0.012987,53,0.688312,0.311688,3,0.038961,0.000000,1,0.012987,0.000000,4,0.051948,0.012987,1,0.012987,0.000000,0,0.000000,0.000000,0,0.000000,0.000000,5,0.064935,0.000000,0,0.000000,0.000000,2,0.025974,0.000000,0,0.000000,0.000000,2,0.025974,0.000000,3,0.038961,0.000000,6,0.077922,0.000000,2,0.025974,0.000000,3,0.038961,0.000000,0,0.000000,0.000000,1,0.012987,0.000000,2,0.025974,0.012987,0,0.000000,0.000000,1,0.012987,0.000000,6,0.077922,0.000000,4,0.051948,0.012987,3,0.038961,0.000000,7,0.090909,0.000000,1,0.012987,0.000000,0,0.000000,0.000000,0,0.000000,0.000000,0,0.000000,0.000000,1,0.012987,0.000000,0,0.000000,0.000000,0,0.000000,0.000000,0,0.000000,0.000000,0,0.000000,0.000000
127,0.013710,0,0.000000,0.000000,1,0.011905,0.011905,1,0.011905,0.000000,1,0.011905,0.000000,18,0.214286,0.047619,7,0.083333,0.000000,0,0.000000,0.000000,31,0.369048,0.023810,1,0.011905,0.000000,59,0.702381,0.250000,9,0.107143,0.047619,2,0.023810,0.000000,6,0.071429,0.000000,1,0.011905,0.000000,1,0.011905,0.011905,1,0.011905,0.000000,1,0.011905,0.000000,0,0.000000,0.000000,1,0.011905,0.000000,0,0.000000,0.000000,4,0.047619,0.000000,1,0.011905,0.000000,2,0.023810,0.000000,0,0.000000,0.000000,1,0.011905,0.000000,0,0.000000,0.000000,1,0.011905,0.000000,0,0.000000,0.000000,0,0.000000,0.000000,1,0.011905,0.000000,2,0.023810,0.000000,0,0.000000,0.000000,1,0.011905,0.000000,4,0.047619,0.000000,2,0.023810,0.000000,1,0.011905,0.000000,0,0.000000,0.000000,0,0.000000,0.000000,0,0.000000,0.000000,1,0.011905,0.000000,0,0.000000,0.000000,0,0.000000,0.000000,0,0.000000,0.000000
128,0.015405,1,0.016393,0.000000,1,0.016393,0.000000,5,0.081967,0.000000,4,0.065574,0.000000,23,0.377049,0.229508,5,0.081967,0.000000,2,0.032787,0.000000,2,0.032787,0.000000,0,0.000000,0.000000,6,0.098361,0.000000,7,0.114754,0.000000,1,0.016393,0.000000,9,0.147541,0.000000,1,0.016393,0.000000,1,0.016393,0.000000,16,0.262295,0.049180,6,0.098361,0.000000,2,0.032787,0.000000,6,0.098361,0.016393,0,0.000000,0.000000,11,0.180328,0.016393,2,0.032787,0.000000,7,0.114754,0.000000,0,0.000000,0.000000,6,0.098361,0.000000,0,0.000000,0.000000,5,0.081967,0.000000,6,0.098361,0.000000,1,0.016393,0.000000,6,0.098361,0.000000,6,0.098361,0.000000,4,0.065574,0.016393,3,0.049180,0.000000,8,0.131148,0.000000,0,0.000000,0.000000,0,0.000000,0.000000,1,0.016393,0.000000,0,0.000000,0.000000,2,0.032787,0.000000,1,0.016393,0.016393,0,0.000000,0.000000,0,0.000000,0.000000,0,0.000000,0.000000
129,0.011225,1,0.013333,0.000000,1,0.013333,0.000000,2,0.026667,0.013333,1,0.013333,0.000000,7,0.093333,0.000000,7,0.093333,0.000000,2,0.026667,0.026667,33,0.440000,0.013333,0,0.000000,0.000000,55,0.733333,0.240000,1,0.013333,0.000000,1,0.013333,0.000000,5,0.066667,0.026667,0,0.000000,0.000000,1,0.013333,0.013333,0,0.000000,0.000000,1,0.013333,0.013333,0,0.000000,0.000000,1,0.013333,0.000000,0,0.000000,0.000000,5,0.066667,0.026667,0,0.000000,0.000000,1,0.013333,0.000000,0,0.000000,0.000000,1,0.013333,0.000000,0,0.000000,0.000000,1,0.013333,0.000000,0,0.000000,0.000000,0,0.000000,0.000000,3,0.040000,0.000000,1,0.013333,0.000000,0,0.000000,0.000000,1,0.013333,0.000000,0,0.000000,0.000000,0,0.000000,0.000000,0,0.000000,0.000000,0,0.000000,0.000000,0,0.000000,0.000000,1,0.013333,0.000000,0,0.000000,0.000000,0,0.000000,0.000000,0,0.000000,0.000000,0,0.000000,0.000000
130,0.003830,0,0.000000,0.000000,0,0.000000,0.000000,1,0.058824,0.058824,0,0.000000,0.000000,1,0.058824,0.000000,2,0.117647,0.058824,0,0.000000,0.000000,0,0.000000,0.000000,0,0.000000,0.000000,2,0.117647,0.000000,3,0.176471,0.058824,0,0.000000,0.000000,4,0.235294,0.117647,0,0.000000,0.000000,1,0.058824,0.000000,1,0.058824,0.058824,1,0.058824,0.000000,0,0.000000,0.000000,3,0.176471,0.117647,0,0.000000,0.000000,1,0.058824,0.000000,0,0.000000,0.000000,2,0.117647,0.000000,0,0.000000,0.000000,1,0.058824,0.000000,0,0.000000,0.000000,1,0.058824,0.000000,0,0.000000,0.000000,0,0.000000,0.000000,3,0.176471,0.058824,0,0.000000,0.000000,0,0.000000,0.000000,0,0.000000,0.000000,1,0.058824,0.058824,0,0.000000,0.000000,0,0.000000,0.000000,0,0.000000,0.000000,0,0.000000,0.000000,2,0.117647,0.058824,0,0.000000,0.000000,0,0.000000,0.000000,0,0.000000,0.000000,0,0.000000,0.000000
131,0.003960,0,0.000000,0.000000,1,0.062500,0.062500,0,0.000000,0.000000,1,0.062500,0.062500,1,0.062500,0.000000,1,0.062500,0.000000,1,0.062500,0.000000,0,0.000000,0.000000,0,0.000000,0.000000,4,0.250000,0.000000,0,0.000000,0.000000,1,0.062500,0.000000,2,0.125000,0.000000,0,0.000000,0.000000,0,0.000000,0.000000,0,0.000000,0.000000,3,0.187500,0.125000,0,0.000000,0.000000,0,0.000000,0.000000,0,0.000000,0.000000,1,0.062500,0.000000,1,0.062500,0.000000,2,0.125000,0.000000,1,0.062500,0.000000,2,0.125000,0.062500,0,0.000000,0.000000,1,0.062500,0.000000,0,0.000000,0.000000,0,0.000000,0.000000,1,0.062500,0.000000,0,0.000000,0.000000,0,0.000000,0.000000,1,0.062500,0.000000,1,0.062500,0.062500,0,0.000000,0.000000,1,0.062500,0.062500,1,0.062500,0.000000,0,0.000000,0.000000,1,0.062500,0.000000,0,0.000000,0.000000,0,0.000000,0.000000,0,0.000000,0.000000,0,0.000000,0.000000
132,0.005915,1,0.038462,0.000000,1,0.038462,0.000000,3,0.115385,0.000000,2,0.076923,0.000000,2,0.076923,0.000000,2,0.076923,0.000000,0,0.000000,0.000000,2,0.076923,0.000000,1,0.038462,0.038462,6,0.230769,0.000000,3,0.115385,0.000000,2,0.076923,0.000000,4,0.153846,0.038462,0,0.000000,0.000000,1,0.038462,0.000000,3,0.115385,0.000000,7,0.269231,0.115385,1,0.038462,0.000000,3,0.115385,0.038462,0,0.000000,0.000000,3,0.115385,0.000000,2,0.076923,0.000000,3,0.115385,0.000000,0,0.000000,0.000000,3,0.115385,0.000000,0,0.000000,0.000000,4,0.153846,0.000000,4,0.153846,0.038462,1,0.038462,0.000000,1,0.038462,0.000000,4,0.153846,0.000000,0,0.000000,0.000000,2,0.076923,0.000000,2,0.076923,0.000000,1,0.038462,0.000000,1,0.038462,0.038462,1,0.038462,0.000000,0,0.000000,0.000000,1,0.038462,0.000000,0,0.000000,0.000000,0,0.000000,0.000000,0,0.000000,0.000000,0,0.000000,0.000000
133,0.003210,1,0.071429,0.000000,1,0.071429,0.000000,1,0.071429,0.071429,0,0.000000,0.000000,2,0.142857,0.000000,2,0.142857,0.000000,0,0.000000,0.000000,2,0.142857,0.000000,0,0.000000,0.000000,2,0.142857,0.000000,1,0.071429,0.071429,2,0.142857,0.000000,3,0.214286,0.000000,0,0.000000,0.000000,0,0.000000,0.000000,0,0.000000,0.000000,1,0.071429,0.000000,1,0.071429,0.000000,0,0.000000,0.000000,0,0.000000,0.000000,2,0.142857,0.000000,1,0.071429,0.000000,0,0.000000,0.000000,1,0.071429,0.000000,1,0.071429,0.000000,0,0.000000,0.000000,1,0.071429,0.000000,1,0.071429,0.000000,0,0.000000,0.000000,1,0.071429,0.000000,1,0.071429,0.000000,0,0.000000,0.000000,0,0.000000,0.000000,3,0.214286,0.071429,1,0.071429,0.000000,3,0.214286,0.142857,0,0.000000,0.000000,0,0.000000,0.000000,1,0.071429,0.000000,0,0.000000,0.000000,0,0.000000,0.000000,0,0.000000,0.000000,0,0.000000,0.000000
134,0.006055,1,0.043478,0.000000,1,0.043478,0.000000,0,0.000000,0.000000,0,0.000000,0.000000,2,0.086957,0.000000,2,0.086957,0.000000,1,0.043478,0.000000,2,0.086957,0.000000,0,0.000000,0.000000,2,0.086957,0.000000,3,0.130435,0.000000,2,0.086957,0.000000,5,0.217391,0.043478,0,0.000000,0.000000,0,0.000000,0.000000,1,0.043478,0.000000,2,0.086957,0.000000,0,0.000000,0.000000,2,0.086957,0.000000,0,0.000000,0.000000,3,0.130435,0.000000,1,0.043478,0.000000,2,0.086957,0.000000,0,0.000000,0.000000,3,0.130435,0.000000,0,0.000000,0.000000,1,0.043478,0.000000,6,0.260870,0.086957,0,0.000000,0.000000,0,0.000000,0.000000,4,0.173913,0.043478,7,0.304348,0.086957,3,0.130435,0.000000,6,0.260870,0.043478,4,0.173913,0.000000,0,0.000000,0.000000,0,0.000000,0.000000,0,0.000000,0.000000,0,0.000000,0.000000,0,0.000000,0.000000,0,0.000000,0.000000,0,0.000000,0.000000,0,0.000000,0.000000
135,0.011370,0,0.000000,0.000000,1,0.022222,0.022222,4,0.088889,0.000000,1,0.022222,0.022222,2,0.044444,0.000000,6,0.133333,0.000000,4,0.088889,0.044444,2,0.044444,0.000000,1,0.022222,0.000000,9,0.200000,0.000000,0,0.000000,0.000000,5,0.111111,0.000000,9,0.200000,0.000000,0,0.000000,0.000000,1,0.022222,0.000000,4,0.088889,0.000000,1,0.022222,0.022222,1,0.022222,0.000000,4,0.088889,0.000000,0,0.000000,0.000000,3,0.066667,0.000000,5,0.111111,0.000000,0,0.000000,0.000000,1,0.022222,0.000000,4,0.088889,0.022222,0,0.000000,0.000000,8,0.177778,0.022222,0,0.000000,0.000000,0,0.000000,0.000000,7,0.155556,0.022222,13,0.288889,0.022222,1,0.022222,0.000000,4,0.088889,0.000000,16,0.355556,0.088889,0,0.000000,0.000000,4,0.088889,0.000000,1,0.022222,0.000000,2,0.044444,0.000000,10,0.222222,0.066667,0,0.000000,0.000000,0,0.000000,0.000000,0,0.000000,0.000000,1,0.022222,0.000000
136,0.006135,0,0.000000,0.000000,1,0.031250,0.031250,1,0.031250,0.000000,1,0.031250,0.000000,2,0.062500,0.031250,1,0.031250,0.031250,1,0.031250,0.000000,1,0.031250,0.000000,0,0.000000,0.000000,3,0.093750,0.000000,7,0.218750,0.156250,2,0.062500,0.000000,3,0.093750,0.000000,0,0.000000,0.000000,0,0.000000,0.000000,4,0.125000,0.000000,1,0.031250,0.000000,0,0.000000,0.000000,0,0.000000,0.000000,1,0.031250,0.000000,2,0.062500,0.031250,6,0.187500,0.000000,2,0.062500,0.000000,2,0.062500,0.000000,2,0.062500,0.000000,0,0.000000,0.000000,3,0.093750,0.000000,1,0.031250,0.000000,0,0.000000,0.000000,3,0.093750,0.062500,3,0.093750,0.000000,5,0.156250,0.093750,2,0.062500,0.000000,2,0.062500,0.000000,0,0.000000,0.000000,0,0.000000,0.000000,0,0.000000,0.000000,0,0.000000,0.000000,1,0.031250,0.031250,0,0.000000,0.000000,0,0.000000,0.000000,0,0.000000,0.000000,0,0.000000,0.000000
137,0.010325,0,0.000000,0.000000,1,0.018182,0.018182,5,0.090909,0.036364,3,0.054545,0.000000,2,0.036364,0.000000,2,0.036364,0.000000,5,0.090909,0.000000,2,0.036364,0.000000,0,0.000000,0.000000,24,0.436364,0.018182,11,0.200000,0.072727,3,0.054545,0.000000,31,0.563636,0.127273,2,0.036364,0.000000,0,0.000000,0.000000,0,0.000000,0.000000,3,0.054545,0.018182,1,0.018182,0.000000,6,0.109091,0.018182,0,0.000000,0.000000,3,0.054545,0.000000,0,0.000000,0.000000,2,0.036364,0.000000,0,0.000000,0.000000,4,0.072727,0.000000,1,0.018182,0.000000,1,0.018182,0.000000,0,0.000000,0.000000,0,0.000000,0.000000,4,0.072727,0.018182,0,0.000000,0.000000,1,0.018182,0.000000,0,0.000000,0.000000,2,0.036364,0.000000,5,0.090909,0.018182,0,0.000000,0.000000,0,0.000000,0.000000,0,0.000000,0.000000,1,0.018182,0.000000,0,0.000000,0.000000,0,0.000000,0.000000,0,0.000000,0.000000,0,0.000000,0.000000
138,0.005475,0,0.000000,0.000000,1,0.052632,0.052632,0,0.000000,0.000000,1,0.052632,0.000000,2,0.105263,0.000000,2,0.105263,0.000000,2,0.105263,0.052632,2,0.105263,0.000000,0,0.000000,0.000000,6,0.315789,0.000000,3,0.157895,0.000000,2,0.105263,0.000000,3,0.157895,0.000000,0,0.000000,0.000000,2,0.105263,0.105263,2,0.105263,0.000000,2,0.105263,0.000000,1,0.052632,0.000000,1,0.052632,0.052632,0,0.000000,0.000000,2,0.105263,0.052632,3,0.157895,0.000000,2,0.105263,0.000000,3,0.157895,0.000000,2,0.105263,0.000000,0,0.000000,0.000000,5,0.263158,0.000000,2,0.105263,0.000000,2,0.105263,0.000000,2,0.105263,0.000000,1,0.052632,0.000000,1,0.052632,0.000000,3,0.157895,0.000000,2,0.105263,0.000000,1,0.052632,0.000000,1,0.052632,0.000000,0,0.000000,0.000000,0,0.000000,0.000000,1,0.052632,0.000000,0,0.000000,0.000000,0,0.000000,0.000000,0,0.000000,0.000000,0,0.000000,0.000000
139,0.005010,0,0.000000,0.000000,1,0.038462,0.038462,1,0.038462,0.038462,4,0.153846,0.038462,2,0.076923,0.000000,1,0.038462,0.000000,2,0.076923,0.076923,2,0.076923,0.000000,0,0.000000,0.000000,1,0.038462,0.000000,2,0.076923,0.000000,1,0.038462,0.000000,8,0.307692,0.153846,0,0.000000,0.000000,2,0.076923,0.000000,1,0.038462,0.000000,2,0.076923,0.038462,0,0.000000,0.000000,1,0.038462,0.038462,0,0.000000,0.000000,1,0.038462,0.000000,1,0.038462,0.000000,5,0.192308,0.076923,1,0.038462,0.000000,0,0.000000,0.000000,0,0.000000,0.000000,3,0.115385,0.000000,1,0.038462,0.000000,1,0.038462,0.000000,1,0.038462,0.000000,3,0.115385,0.038462,3,0.115385,0.000000,0,0.000000,0.000000,1,0.038462,0.038462,1,0.038462,0.000000,1,0.038462,0.000000,1,0.038462,0.000000,0,0.000000,0.000000,0,0.000000,0.000000,0,0.000000,0.000000,0,0.000000,0.000000,0,0.000000,0.000000,0,0.000000,0.000000
140,0.009065,3,0.083333,0.000000,4,0.111111,0.000000,2,0.055556,0.055556,0,0.000000,0.000000,2,0.055556,0.000000,3,0.083333,0.000000,1,0.027778,0.027778,1,0.027778,0.000000,0,0.000000,0.000000,2,0.055556,0.027778,4,0.111111,0.000000,0,0.000000,0.000000,5,0.138889,0.055556,0,0.000000,0.000000,0,0.000000,0.000000,3,0.083333,0.000000,7,0.194444,0.055556,1,0.027778,0.000000,4,0.111111,0.000000,0,0.000000,0.000000,4,0.111111,0.000000,4,0.111111,0.027778,3,0.083333,0.000000,2,0.055556,0.000000,5,0.138889,0.000000,0,0.000000,0.000000,3,0.083333,0.000000,7,0.194444,0.055556,0,0.000000,0.000000,8,0.222222,0.027778,3,0.083333,0.000000,3,0.083333,0.000000,1,0.027778,0.000000,6,0.166667,0.027778,0,0.000000,0.000000,0,0.000000,0.000000,0,0.000000,0.000000,0,0.000000,0.000000,2,0.055556,0.027778,0,0.000000,0.000000,0,0.000000,0.000000,0,0.000000,0.000000,0,0.000000,0.000000
141,0.004680,0,0.000000,0.000000,1,0.052632,0.052632,1,0.052632,0.000000,0,0.000000,0.000000,2,0.105263,0.000000,0,0.000000,0.000000,2,0.105263,0.000000,2,0.105263,0.000000,0,0.000000,0.000000,7,0.368421,0.000000,0,0.000000,0.000000,2,0.105263,0.000000,5,0.263158,0.000000,0,0.000000,0.000000,0,0.000000,0.000000,2,0.105263,0.052632,2,0.105263,0.105263,0,0.000000,0.000000,0,0.000000,0.000000,0,0.000000,0.000000,1,0.052632,0.052632,1,0.052632,0.000000,0,0.000000,0.000000,0,0.000000,0.000000,4,0.210526,0.105263,0,0.000000,0.000000,4,0.210526,0.000000,0,0.000000,0.000000,0,0.000000,0.000000,4,0.210526,0.000000,0,0.000000,0.000000,0,0.000000,0.000000,1,0.052632,0.000000,1,0.052632,0.000000,1,0.052632,0.000000,0,0.000000,0.000000,1,0.052632,0.000000,0,0.000000,0.000000,0,0.000000,0.000000,0,0.000000,0.000000,0,0.000000,0.000000,0,0.000000,0.000000,0,0.000000,0.000000
142,0.005700,1,0.034483,0.000000,1,0.034483,0.000000,3,0.103448,0.000000,3,0.103448,0.034483,2,0.068966,0.000000,4,0.137931,0.000000,0,0.000000,0.000000,2,0.068966,0.000000,0,0.000000,0.000000,4,0.137931,0.000000,3,0.103448,0.000000,1,0.034483,0.000000,8,0.275862,0.068966,0,0.000000,0.000000,2,0.068966,0.000000,4,0.137931,0.000000,7,0.241379,0.137931,0,0.000000,0.000000,1,0.034483,0.000000,0,0.000000,0.000000,2,0.068966,0.034483,4,0.137931,0.034483,4,0.137931,0.000000,1,0.034483,0.000000,2,0.068966,0.000000,0,0.000000,0.000000,5,0.172414,0.000000,3,0.103448,0.000000,1,0.034483,0.000000,4,0.137931,0.034483,0,0.000000,0.000000,0,0.000000,0.000000,0,0.000000,0.000000,0,0.000000,0.000000,3,0.103448,0.000000,0,0.000000,0.000000,0,0.000000,0.000000,0,0.000000,0.000000,1,0.034483,0.000000,0,0.000000,0.000000,0,0.000000,0.000000,0,0.000000,0.000000,0,0.000000,0.000000
143,0.011175,0,0.000000,0.000000,2,0.041667,0.020833,4,0.083333,0.020833,5,0.104167,0.000000,2,0.041667,0.000000,4,0.083333,0.020833,1,0.020833,0.020833,2,0.041667,0.000000,0,0.000000,0.000000,5,0.104167,0.000000,4,0.083333,0.020833,3,0.062500,0.000000,8,0.166667,0.062500,0,0.000000,0.000000,4,0.083333,0.020833,4,0.083333,0.020833,6,0.125000,0.062500,0,0.000000,0.000000,0,0.000000,0.000000,0,0.000000,0.000000,15,0.312500,0.104167,3,0.062500,0.000000,4,0.083333,0.041667,0,0.000000,0.000000,4,0.083333,0.000000,1,0.020833,0.000000,1,0.020833,0.000000,0,0.000000,0.000000,0,0.000000,0.000000,1,0.020833,0.000000,4,0.083333,0.020833,0,0.000000,0.000000,1,0.020833,0.000000,8,0.166667,0.062500,0,0.000000,0.000000,2,0.041667,0.020833,0,0.000000,0.000000,0,0.000000,0.000000,5,0.104167,0.020833,0,0.000000,0.000000,0,0.000000,0.000000,0,0.000000,0.000000,0,0.000000,0.000000
144,0.002755,0,0.000000,0.000000,1,0.076923,0.076923,2,0.153846,0.000000,2,0.153846,0.000000,2,0.153846,0.000000,1,0.076923,0.076923,0,0.000000,0.000000,0,0.000000,0.000000,0,0.000000,0.000000,3,0.230769,0.000000,0,0.000000,0.000000,1,0.076923,0.000000,4,0.307692,0.153846,0,0.000000,0.000000,0,0.000000,0.000000,0,0.000000,0.000000,0,0.000000,0.000000,0,0.000000,0.000000,2,0.153846,0.000000,0,0.000000,0.000000,2,0.153846,0.076923,0,0.000000,0.000000,0,0.000000,0.000000,0,0.000000,0.000000,1,0.076923,0.000000,0,0.000000,0.000000,0,0.000000,0.000000,0,0.000000,0.000000,0,0.000000,0.000000,1,0.076923,0.076923,2,0.153846,0.000000,0,0.000000,0.000000,0,0.000000,0.000000,3,0.230769,0.000000,0,0.000000,0.000000,0,0.000000,0.000000,0,0.000000,0.000000,0,0.000000,0.000000,2,0.153846,0.000000,0,0.000000,0.000000,0,0.000000,0.000000,0,0.000000,0.000000,0,0.000000,0.000000
145,0.005030,1,0.040000,0.000000,2,0.080000,0.000000,2,0.080000,0.000000,2,0.080000,0.000000,2,0.080000,0.000000,1,0.040000,0.000000,1,0.040000,0.040000,0,0.000000,0.000000,2,0.080000,0.040000,2,0.080000,0.000000,2,0.080000,0.000000,0,0.000000,0.000000,4,0.160000,0.120000,0,0.000000,0.000000,2,0.080000,0.000000,3,0.120000,0.000000,2,0.080000,0.040000,0,0.000000,0.000000,2,0.080000,0.040000,0,0.000000,0.000000,3,0.120000,0.040000,3,0.120000,0.000000,1,0.040000,0.000000,0,0.000000,0.000000,3,0.120000,0.000000,0,0.000000,0.000000,2,0.080000,0.000000,3,0.120000,0.000000,0,0.000000,0.000000,3,0.120000,0.040000,0,0.000000,0.000000,1,0.040000,0.000000,0,0.000000,0.000000,1,0.040000,0.040000,1,0.040000,0.000000,0,0.000000,0.000000,0,0.000000,0.000000,0,0.000000,0.000000,1,0.040000,0.040000,0,0.000000,0.000000,0,0.000000,0.000000,0,0.000000,0.000000,2,0.080000,0.000000
146,0.010755,1,0.018868,0.000000,1,0.018868,0.000000,3,0.056604,0.018868,4,0.075472,0.037736,2,0.037736,0.000000,4,0.075472,0.000000,0,0.000000,0.000000,3,0.056604,0.000000,1,0.018868,0.000000,5,0.094340,0.018868,4,0.075472,0.018868,1,0.018868,0.000000,9,0.169811,0.056604,0,0.000000,0.000000,0,0.000000,0.000000,0,0.000000,0.000000,2,0.037736,0.000000,1,0.018868,0.000000,3,0.056604,0.037736,0,0.000000,0.000000,7,0.132075,0.018868,4,0.075472,0.000000,4,0.075472,0.037736,2,0.037736,0.000000,5,0.094340,0.000000,0,0.000000,0.000000,2,0.037736,0.000000,2,0.037736,0.000000,1,0.018868,0.000000,2,0.037736,0.018868,15,0.283019,0.037736,4,0.075472,0.018868,5,0.094340,0.000000,11,0.207547,0.056604,0,0.000000,0.000000,5,0.094340,0.037736,2,0.037736,0.018868,0,0.000000,0.000000,3,0.056604,0.018868,2,0.037736,0.000000,0,0.000000,0.000000,0,0.000000,0.000000,1,0.018868,0.000000
147,0.003820,0,0.000000,0.000000,1,0.052632,0.052632,1,0.052632,0.000000,1,0.052632,0.052632,2,0.105263,0.105263,1,0.052632,0.000000,0,0.000000,0.000000,0,0.000000,0.000000,0,0.000000,0.000000,2,0.105263,0.000000,0,0.000000,0.000000,1,0.052632,0.000000,4,0.210526,0.052632,1,0.052632,0.000000,0,0.000000,0.000000,0,0.000000,0.000000,0,0.000000,0.000000,0,0.000000,0.000000,1,0.052632,0.000000,0,0.000000,0.000000,3,0.157895,0.000000,0,0.000000,0.000000,0,0.000000,0.000000,0,0.000000,0.000000,1,0.052632,0.000000,0,0.000000,0.000000,0,0.000000,0.000000,0,0.000000,0.000000,0,0.000000,0.000000,3,0.157895,0.052632,3,0.157895,0.000000,3,0.157895,0.105263,1,0.052632,0.000000,2,0.105263,0.000000,0,0.000000,0.000000,3,0.157895,0.000000,4,0.210526,0.157895,1,0.052632,0.000000,1,0.052632,0.000000,0,0.000000,0.000000,0,0.000000,0.000000,0,0.000000,0.000000,0,0.000000,0.000000
148,0.005465,1,0.038462,0.000000,1,0.038462,0.000000,1,0.038462,0.038462,1,0.038462,0.038462,2,0.076923,0.000000,3,0.115385,0.038462,1,0.038462,0.000000,2,0.076923,0.000000,0,0.000000,0.000000,2,0.076923,0.000000,3,0.115385,0.038462,1,0.038462,0.000000,4,0.153846,0.076923,1,0.038462,0.038462,0,0.000000,0.000000,1,0.038462,0.000000,5,0.192308,0.038462,1,0.038462,0.000000,1,0.038462,0.000000,0,0.000000,0.000000,7,0.269231,0.076923,3,0.115385,0.038462,2,0.076923,0.038462,1,0.038462,0.000000,1,0.038462,0.000000,0,0.000000,0.000000,2,0.076923,0.000000,5,0.192308,0.076923,0,0.000000,0.000000,2,0.076923,0.038462,1,0.038462,0.000000,1,0.038462,0.000000,1,0.038462,0.000000,0,0.000000,0.000000,3,0.115385,0.000000,0,0.000000,0.000000,0,0.000000,0.000000,0,0.000000,0.000000,1,0.038462,0.038462,0,0.000000,0.000000,0,0.000000,0.000000,0,0.000000,0.000000,0,0.000000,0.000000
149,0.006455,2,0.054054,0.000000,2,0.054054,0.000000,1,0.027027,0.000000,1,0.027027,0.000000,2,0.054054,0.000000,2,0.054054,0.027027,0,0.000000,0.000000,2,0.054054,0.000000,1,0.027027,0.000000,4,0.108108,0.027027,2,0.054054,0.000000,0,0.000000,0.000000,4,0.108108,0.027027,0,0.000000,0.000000,0,0.000000,0.000000,3,0.081081,0.000000,1,0.027027,0.000000,1,0.027027,0.000000,1,0.027027,0.000000,0,0.000000,0.000000,3,0.081081,0.027027,3,0.081081,0.000000,2,0.054054,0.000000,1,0.027027,0.000000,6,0.162162,0.054054,1,0.027027,0.027027,0,0.000000,0.000000,0,0.000000,0.000000,2,0.054054,0.027027,1,0.027027,0.000000,8,0.216216,0.000000,0,0.000000,0.000000,0,0.000000,0.000000,7,0.189189,0.000000,6,0.162162,0.081081,3,0.081081,0.054054,0,0.000000,0.000000,1,0.027027,0.000000,0,0.000000,0.000000,0,0.000000,0.000000,1,0.027027,0.000000,0,0.000000,0.000000,2,0.054054,0.027027
150,0.010145,1,0.028571,0.000000,1,0.028571,0.000000,2,0.057143,0.000000,9,0.257143,0.142857,1,0.028571,0.000000,1,0.028571,0.000000,1,0.028571,0.000000,0,0.000000,0.000000,0,0.000000,0.000000,5,0.142857,0.028571,4,0.114286,0.000000,0,0.000000,0.000000,4,0.114286,0.000000,0,0.000000,0.000000,2,0.057143,0.000000,3,0.085714,0.000000,2,0.057143,0.000000,1,0.028571,0.000000,3,0.085714,0.000000,0,0.000000,0.000000,4,0.114286,0.028571,2,0.057143,0.000000,6,0.171429,0.057143,2,0.057143,0.000000,4,0.114286,0.028571,0,0.000000,0.000000,4,0.114286,0.000000,4,0.114286,0.000000,2,0.057143,0.028571,7,0.200000,0.057143,3,0.085714,0.000000,3,0.085714,0.028571,0,0.000000,0.000000,7,0.200000,0.057143,0,0.000000,0.000000,0,0.000000,0.000000,0,0.000000,0.000000,0,0.000000,0.000000,2,0.057143,0.000000,0,0.000000,0.000000,0,0.000000,0.000000,0,0.000000,0.000000,0,0.000000,0.000000
151,0.003310,0,0.000000,0.000000,1,0.058824,0.058824,0,0.000000,0.000000,0,0.000000,0.000000,2,0.117647,0.000000,0,0.000000,0.000000,0,0.000000,0.000000,2,0.117647,0.000000,0,0.000000,0.000000,0,0.000000,0.000000,1,0.058824,0.000000,0,0.000000,0.000000,4,0.235294,0.117647,0,0.000000,0.000000,0,0.000000,0.000000,1,0.058824,0.000000,1,0.058824,0.000000,0,0.000000,0.000000,0,0.000000,0.000000,1,0.058824,0.000000,2,0.117647,0.058824,2,0.117647,0.000000,1,0.058824,0.000000,1,0.058824,0.000000,3,0.176471,0.058824,0,0.000000,0.000000,1,0.058824,0.000000,1,0.058824,0.000000,1,0.058824,0.058824,0,0.000000,0.000000,1,0.058824,0.000000,2,0.117647,0.058824,1,0.058824,0.000000,0,0.000000,0.000000,3,0.176471,0.058824,1,0.058824,0.000000,0,0.000000,0.000000,0,0.000000,0.000000,1,0.058824,0.000000,0,0.000000,0.000000,0,0.000000,0.000000,0,0.000000,0.000000,0,0.000000,0.000000
152,0.005115,0,0.000000,0.000000,2,0.071429,0.035714,1,0.035714,0.035714,4,0.142857,0.107143,2,0.071429,0.000000,1,0.035714,0.000000,0,0.000000,0.000000,2,0.071429,0.000000,0,0.000000,0.000000,8,0.285714,0.000000,2,0.071429,0.035714,3,0.107143,0.000000,8,0.285714,0.000000,3,0.107143,0.035714,1,0.035714,0.000000,0,0.000000,0.000000,1,0.035714,0.000000,0,0.000000,0.000000,2,0.071429,0.035714,0,0.000000,0.000000,4,0.142857,0.071429,0,0.000000,0.000000,1,0.035714,0.000000,0,0.000000,0.000000,2,0.071429,0.035714,0,0.000000,0.000000,1,0.035714,0.000000,0,0.000000,0.000000,1,0.035714,0.000000,1,0.035714,0.000000,2,0.071429,0.000000,1,0.035714,0.000000,0,0.000000,0.000000,2,0.071429,0.000000,1,0.035714,0.000000,0,0.000000,0.000000,0,0.000000,0.000000,0,0.000000,0.000000,1,0.035714,0.035714,0,0.000000,0.000000,0,0.000000,0.000000,0,0.000000,0.000000,0,0.000000,0.000000
153,0.006295,0,0.000000,0.000000,2,0.071429,0.071429,1,0.035714,0.000000,2,0.071429,0.071429,1,0.035714,0.035714,1,0.035714,0.000000,1,0.035714,0.035714,0,0.000000,0.000000,0,0.000000,0.000000,2,0.071429,0.000000,2,0.071429,0.000000,0,0.000000,0.000000,3,0.107143,0.000000,0,0.000000,0.000000,1,0.035714,0.035714,2,0.071429,0.000000,0,0.000000,0.000000,0,0.000000,0.000000,1,0.035714,0.000000,0,0.000000,0.000000,5,0.178571,0.035714,3,0.107143,0.000000,2,0.071429,0.000000,1,0.035714,0.000000,3,0.107143,0.035714,0,0.000000,0.000000,8,0.285714,0.071429,2,0.071429,0.035714,1,0.035714,0.000000,4,0.142857,0.035714,6,0.214286,0.000000,0,0.000000,0.000000,1,0.035714,0.000000,6,0.214286,0.035714,0,0.000000,0.000000,1,0.035714,0.000000,0,0.000000,0.000000,0,0.000000,0.000000,1,0.035714,0.035714,0,0.000000,0.000000,0,0.000000,0.000000,0,0.000000,0.000000,0,0.000000,0.000000
154,0.003615,0,0.000000,0.000000,2,0.111111,0.055556,1,0.055556,0.055556,0,0.000000,0.000000,2,0.111111,0.000000,2,0.111111,0.000000,1,0.055556,0.055556,0,0.000000,0.000000,0,0.000000,0.000000,1,0.055556,0.000000,0,0.000000,0.000000,0,0.000000,0.000000,3,0.166667,0.055556,0,0.000000,0.000000,0,0.000000,0.000000,2,0.111111,0.000000,2,0.111111,0.111111,0,0.000000,0.000000,0,0.000000,0.000000,0,0.000000,0.000000,0,0.000000,0.000000,0,0.000000,0.000000,0,0.000000,0.000000,0,0.000000,0.000000,1,0.055556,0.000000,0,0.000000,0.000000,2,0.111111,0.000000,1,0.055556,0.000000,2,0.111111,0.000000,1,0.055556,0.055556,4,0.222222,0.000000,3,0.166667,0.055556,1,0.055556,0.000000,2,0.111111,0.000000,1,0.055556,0.000000,0,0.000000,0.000000,0,0.000000,0.000000,0,0.000000,0.000000,0,0.000000,0.000000,0,0.000000,0.000000,0,0.000000,0.000000,0,0.000000,0.000000,0,0.000000,0.000000
155,0.003085,1,0.058824,0.000000,1,0.058824,0.000000,1,0.058824,0.000000,0,0.000000,0.000000,2,0.117647,0.000000,3,0.176471,0.000000,0,0.000000,0.000000,2,0.117647,0.000000,0,0.000000,0.000000,3,0.176471,0.000000,3,0.176471,0.058824,3,0.176471,0.000000,1,0.058824,0.058824,1,0.058824,0.000000,1,0.058824,0.000000,0,0.000000,0.000000,5,0.294118,0.176471,0,0.000000,0.000000,0,0.000000,0.000000,0,0.000000,0.000000,2,0.117647,0.000000,0,0.000000,0.000000,0,0.000000,0.000000,0,0.000000,0.000000,2,0.117647,0.058824,0,0.000000,0.000000,0,0.000000,0.000000,0,0.000000,0.000000,0,0.000000,0.000000,0,0.000000,0.000000,2,0.117647,0.000000,2,0.117647,0.058824,0,0.000000,0.000000,1,0.058824,0.000000,1,0.058824,0.000000,0,0.000000,0.000000,1,0.058824,0.000000,0,0.000000,0.000000,0,0.000000,0.000000,0,0.000000,0.000000,0,0.000000,0.000000,0,0.000000,0.000000,0,0.000000,0.000000
156,0.005235,1,0.040000,0.000000,1,0.040000,0.000000,1,0.040000,0.000000,3,0.120000,0.080000,2,0.080000,0.000000,0,0.000000,0.000000,2,0.080000,0.080000,2,0.080000,0.000000,0,0.000000,0.000000,5,0.200000,0.040000,4,0.160000,0.040000,2,0.080000,0.000000,4,0.160000,0.080000,0,0.000000,0.000000,0,0.000000,0.000000,0,0.000000,0.000000,1,0.040000,0.000000,0,0.000000,0.000000,1,0.040000,0.000000,0,0.000000,0.000000,3,0.120000,0.000000,0,0.000000,0.000000,2,0.080000,0.040000,0,0.000000,0.000000,4,0.160000,0.080000,0,0.000000,0.000000,1,0.040000,0.000000,2,0.080000,0.040000,0,0.000000,0.000000,0,0.000000,0.000000,1,0.040000,0.000000,1,0.040000,0.000000,1,0.040000,0.000000,1,0.040000,0.000000,2,0.080000,0.000000,0,0.000000,0.000000,0,0.000000,0.000000,0,0.000000,0.000000,1,0.040000,0.000000,0,0.000000,0.000000,0,0.000000,0.000000,0,0.000000,0.000000,0,0.000000,0.000000
157,0.003100,0,0.000000,0.000000,1,0.055556,0.055556,1,0.055556,0.000000,0,0.000000,0.000000,2,0.111111,0.000000,2,0.111111,0.000000,1,0.055556,0.055556,1,0.055556,0.000000,0,0.000000,0.000000,3,0.166667,0.055556,0,0.000000,0.000000,1,0.055556,0.000000,2,0.111111,0.000000,0,0.000000,0.000000,4,0.222222,0.111111,2,0.111111,0.055556,1,0.055556,0.000000,1,0.055556,0.000000,1,0.055556,0.000000,0,0.000000,0.000000,1,0.055556,0.000000,0,0.000000,0.000000,0,0.000000,0.000000,0,0.000000,0.000000,0,0.000000,0.000000,0,0.000000,0.000000,1,0.055556,0.000000,1,0.055556,0.000000,1,0.055556,0.000000,1,0.055556,0.055556,0,0.000000,0.000000,2,0.111111,0.055556,0,0.000000,0.000000,1,0.055556,0.055556,1,0.055556,0.000000,1,0.055556,0.000000,1,0.055556,0.055556,1,0.055556,0.000000,0,0.000000,0.000000,0,0.000000,0.000000,0,0.000000,0.000000,0,0.000000,0.000000,0,0.000000,0.000000
158,0.004960,0,0.000000,0.000000,1,0.030303,0.030303,2,0.060606,0.000000,2,0.060606,0.030303,2,0.060606,0.000000,1,0.030303,0.000000,2,0.060606,0.030303,2,0.060606,0.000000,1,0.030303,0.030303,5,0.151515,0.060606,1,0.030303,0.000000,2,0.060606,0.000000,3,0.090909,0.090909,0,0.000000,0.000000,2,0.060606,0.000000,1,0.030303,0.000000,0,0.000000,0.000000,0,0.000000,0.000000,1,0.030303,0.000000,0,0.000000,0.000000,5,0.151515,0.090909,1,0.030303,0.000000,1,0.030303,0.000000,1,0.030303,0.000000,2,0.060606,0.030303,0,0.000000,0.000000,1,0.030303,0.000000,1,0.030303,0.030303,0,0.000000,0.000000,1,0.030303,0.000000,1,0.030303,0.000000,2,0.060606,0.000000,2,0.060606,0.060606,2,0.060606,0.000000,1,0.030303,0.030303,3,0.090909,0.030303,0,0.000000,0.000000,1,0.030303,0.000000,2,0.060606,0.000000,0,0.000000,0.000000,0,0.000000,0.000000,0,0.000000,0.000000,1,0.030303,0.030303
159,0.007390,1,0.024390,0.000000,1,0.024390,0.000000,1,0.024390,0.000000,0,0.000000,0.000000,2,0.048780,0.000000,3,0.073171,0.000000,1,0.024390,0.024390,2,0.048780,0.000000,0,0.000000,0.000000,4,0.097561,0.000000,6,0.146341,0.024390,3,0.073171,0.000000,5,0.121951,0.024390,0,0.000000,0.000000,2,0.048780,0.000000,2,0.048780,0.000000,10,0.243902,0.121951,1,0.024390,0.000000,2,0.048780,0.000000,0,0.000000,0.000000,5,0.121951,0.024390,2,0.048780,0.000000,2,0.048780,0.000000,0,0.000000,0.000000,3,0.073171,0.000000,0,0.000000,0.000000,2,0.048780,0.000000,3,0.073171,0.000000,0,0.000000,0.000000,3,0.073171,0.048780,6,0.146341,0.000000,4,0.097561,0.048780,0,0.000000,0.000000,8,0.195122,0.024390,1,0.024390,0.000000,1,0.024390,0.000000,3,0.073171,0.000000,0,0.000000,0.000000,2,0.048780,0.024390,0,0.000000,0.000000,0,0.000000,0.000000,0,0.000000,0.000000,0,0.000000,0.000000
160,0.008500,0,0.000000,0.000000,2,0.071429,0.035714,1,0.035714,0.000000,2,0.071429,0.000000,2,0.071429,0.000000,2,0.071429,0.035714,1,0.035714,0.035714,1,0.035714,0.000000,0,0.000000,0.000000,6,0.214286,0.035714,3,0.107143,0.000000,4,0.142857,0.000000,6,0.214286,0.035714,0,0.000000,0.000000,2,0.071429,0.000000,3,0.107143,0.035714,1,0.035714,0.000000,1,0.035714,0.000000,3,0.107143,0.000000,0,0.000000,0.000000,4,0.142857,0.107143,2,0.071429,0.000000,3,0.107143,0.035714,1,0.035714,0.000000,4,0.142857,0.000000,0,0.000000,0.000000,2,0.071429,0.000000,2,0.071429,0.035714,1,0.035714,0.000000,1,0.035714,0.000000,5,0.178571,0.000000,0,0.000000,0.000000,4,0.142857,0.000000,5,0.178571,0.000000,2,0.071429,0.035714,2,0.071429,0.000000,3,0.107143,0.035714,1,0.035714,0.000000,2,0.071429,0.035714,0,0.000000,0.000000,0,0.000000,0.000000,0,0.000000,0.000000,0,0.000000,0.000000
161,0.002565,0,0.000000,0.000000,1,0.066667,0.066667,0,0.000000,0.000000,1,0.066667,0.000000,2,0.133333,0.000000,0,0.000000,0.000000,1,0.066667,0.066667,2,0.133333,0.000000,2,0.133333,0.066667,1,0.066667,0.000000,0,0.000000,0.000000,0,0.000000,0.000000,2,0.133333,0.000000,0,0.000000,0.000000,3,0.200000,0.066667,0,0.000000,0.000000,0,0.000000,0.000000,0,0.000000,0.000000,0,0.000000,0.000000,0,0.000000,0.000000,5,0.333333,0.066667,1,0.066667,0.000000,1,0.066667,0.066667,0,0.000000,0.000000,1,0.066667,0.000000,0,0.000000,0.000000,2,0.133333,0.000000,1,0.066667,0.000000,0,0.000000,0.000000,2,0.133333,0.066667,0,0.000000,0.000000,0,0.000000,0.000000,0,0.000000,0.000000,0,0.000000,0.000000,1,0.066667,0.000000,0,0.000000,0.000000,0,0.000000,0.000000,0,0.000000,0.000000,0,0.000000,0.000000,0,0.000000,0.000000,0,0.000000,0.000000,0,0.000000,0.000000,0,0.000000,0.000000
162,0.009100,1,0.025000,0.000000,1,0.025000,0.000000,1,0.025000,0.000000,2,0.050000,0.050000,2,0.050000,0.000000,1,0.025000,0.025000,2,0.050000,0.025000,2,0.050000,0.000000,0,0.000000,0.000000,5,0.125000,0.025000,5,0.125000,0.025000,1,0.025000,0.000000,7,0.175000,0.050000,1,0.025000,0.000000,4,0.100000,0.000000,3,0.075000,0.000000,1,0.025000,0.000000,1,0.025000,0.000000,5,0.125000,0.000000,0,0.000000,0.000000,6,0.150000,0.050000,4,0.100000,0.025000,1,0.025000,0.000000,2,0.050000,0.000000,4,0.100000,0.000000,0,0.000000,0.000000,3,0.075000,0.000000,4,0.100000,0.025000,0,0.000000,0.000000,5,0.125000,0.025000,2,0.050000,0.000000,6,0.150000,0.050000,1,0.025000,0.000000,6,0.150000,0.050000,2,0.050000,0.000000,4,0.100000,0.000000,0,0.000000,0.000000,0,0.000000,0.000000,3,0.075000,0.000000,0,0.000000,0.000000,0,0.000000,0.000000,0,0.000000,0.000000,0,0.000000,0.000000
163,0.001915,0,0.000000,0.000000,1,0.090909,0.090909,1,0.090909,0.090909,0,0.000000,0.000000,2,0.181818,0.000000,0,0.000000,0.000000,0,0.000000,0.000000,2,0.181818,0.000000,0,0.000000,0.000000,1,0.090909,0.000000,0,0.000000,0.000000,1,0.090909,0.000000,1,0.090909,0.090909,0,0.000000,0.000000,0,0.000000,0.000000,1,0.090909,0.000000,1,0.090909,0.090909,0,0.000000,0.000000,1,0.090909,0.000000,0,0.000000,0.000000,1,0.090909,0.090909,1,0.090909,0.000000,0,0.000000,0.000000,0,0.000000,0.000000,1,0.090909,0.000000,0,0.000000,0.000000,1,0.090909,0.000000,0,0.000000,0.000000,1,0.090909,0.000000,0,0.000000,0.000000,0,0.000000,0.000000,1,0.090909,0.000000,0,0.000000,0.000000,1,0.090909,0.090909,1,0.090909,0.000000,0,0.000000,0.000000,0,0.000000,0.000000,0,0.000000,0.000000,0,0.000000,0.000000,0,0.000000,0.000000,0,0.000000,0.000000,0,0.000000,0.000000,0,0.000000,0.000000
164,0.005120,1,0.050000,0.000000,1,0.050000,0.000000,0,0.000000,0.000000,0,0.000000,0.000000,0,0.000000,0.000000,2,0.100000,0.100000,1,0.050000,0.050000,0,0.000000,0.000000,0,0.000000,0.000000,3,0.150000,0.000000,2,0.100000,0.000000,0,0.000000,0.000000,5,0.250000,0.000000,0,0.000000,0.000000,0,0.000000,0.000000,0,0.000000,0.000000,1,0.050000,0.000000,0,0.000000,0.000000,1,0.050000,0.000000,0,0.000000,0.000000,3,0.150000,0.050000,0,0.000000,0.000000,2,0.100000,0.000000,0,0.000000,0.000000,3,0.150000,0.000000,0,0.000000,0.000000,1,0.050000,0.000000,1,0.050000,0.050000,0,0.000000,0.000000,2,0.100000,0.000000,2,0.100000,0.000000,1,0.050000,0.000000,2,0.100000,0.050000,2,0.100000,0.000000,3,0.150000,0.100000,3,0.150000,0.000000,2,0.100000,0.000000,0,0.000000,0.000000,0,0.000000,0.000000,1,0.050000,0.000000,0,0.000000,0.000000,0,0.000000,0.000000,0,0.000000,0.000000
165,0.002530,1,0.090909,0.000000,1,0.090909,0.000000,1,0.090909,0.000000,1,0.090909,0.000000,2,0.181818,0.000000,2,0.181818,0.090909,0,0.000000,0.000000,2,0.181818,0.000000,1,0.090909,0.000000,5,0.454545,0.090909,1,0.090909,0.000000,1,0.090909,0.000000,5,0.454545,0.000000,0,0.000000,0.000000,3,0.272727,0.000000,0,0.000000,0.000000,0,0.000000,0.000000,0,0.000000,0.000000,0,0.000000,0.000000,0,0.000000,0.000000,4,0.363636,0.090909,0,0.000000,0.000000,1,0.090909,0.000000,0,0.000000,0.000000,1,0.090909,0.000000,0,0.000000,0.000000,0,0.000000,0.000000,0,0.000000,0.000000,0,0.000000,0.000000,0,0.000000,0.000000,1,0.090909,0.000000,0,0.000000,0.000000,0,0.000000,0.000000,1,0.090909,0.000000,0,0.000000,0.000000,0,0.000000,0.000000,0,0.000000,0.000000,0,0.000000,0.000000,1,0.090909,0.000000,0,0.000000,0.000000,0,0.000000,0.000000,0,0.000000,0.000000,0,0.000000,0.000000
166,0.003945,0,0.000000,0.000000,1,0.058824,0.058824,3,0.176471,0.000000,2,0.117647,0.000000,2,0.117647,0.058824,4,0.235294,0.000000,1,0.058824,0.000000,1,0.058824,0.000000,0,0.000000,0.000000,1,0.058824,0.000000,3,0.176471,0.000000,1,0.058824,0.000000,4,0.235294,0.117647,0,0.000000,0.000000,1,0.058824,0.000000,3,0.176471,0.058824,0,0.000000,0.000000,1,0.058824,0.000000,1,0.058824,0.000000,0,0.000000,0.000000,2,0.117647,0.000000,0,0.000000,0.000000,0,0.000000,0.000000,0,0.000000,0.000000,2,0.117647,0.000000,0,0.000000,0.000000,0,0.000000,0.000000,0,0.000000,0.000000,0,0.000000,0.000000,2,0.117647,0.000000,0,0.000000,0.000000,2,0.117647,0.058824,1,0.058824,0.000000,3,0.176471,0.000000,1,0.058824,0.000000,0,0.000000,0.000000,0,0.000000,0.000000,0,0.000000,0.000000,2,0.117647,0.058824,0,0.000000,0.000000,0,0.000000,0.000000,0,0.000000,0.000000,0,0.000000,0.000000
167,0.003835,0,0.000000,0.000000,0,0.000000,0.000000,0,0.000000,0.000000,1,0.062500,0.000000,1,0.062500,0.062500,0,0.000000,0.000000,0,0.000000,0.000000,0,0.000000,0.000000,0,0.000000,0.000000,1,0.062500,0.000000,3,0.187500,0.000000,1,0.062500,0.000000,3,0.187500,0.062500,0,0.000000,0.000000,0,0.000000,0.000000,1,0.062500,0.000000,0,0.000000,0.000000,0,0.000000,0.000000,2,0.125000,0.000000,0,0.000000,0.000000,3,0.187500,0.062500,1,0.062500,0.000000,0,0.000000,0.000000,0,0.000000,0.000000,2,0.125000,0.000000,0,0.000000,0.000000,3,0.187500,0.000000,1,0.062500,0.000000,0,0.000000,0.000000,0,0.000000,0.000000,2,0.125000,0.000000,2,0.125000,0.000000,0,0.000000,0.000000,5,0.312500,0.062500,1,0.062500,0.062500,2,0.125000,0.000000,3,0.187500,0.062500,1,0.062500,0.000000,2,0.125000,0.000000,0,0.000000,0.000000,0,0.000000,0.000000,0,0.000000,0.000000,0,0.000000,0.000000
168,0.007485,0,0.000000,0.000000,1,0.028571,0.028571,1,0.028571,0.028571,1,0.028571,0.000000,2,0.057143,0.000000,4,0.114286,0.000000,0,0.000000,0.000000,1,0.028571,0.000000,0,0.000000,0.000000,2,0.057143,0.000000,5,0.142857,0.057143,0,0.000000,0.000000,3,0.085714,0.057143,0,0.000000,0.000000,3,0.085714,0.057143,1,0.028571,0.000000,5,0.142857,0.028571,0,0.000000,0.000000,1,0.028571,0.000000,0,0.000000,0.000000,5,0.142857,0.028571,1,0.028571,0.000000,11,0.314286,0.057143,1,0.028571,0.000000,2,0.057143,0.000000,0,0.000000,0.000000,3,0.085714,0.000000,4,0.114286,0.028571,0,0.000000,0.000000,1,0.028571,0.000000,4,0.114286,0.000000,5,0.142857,0.028571,2,0.057143,0.000000,4,0.114286,0.000000,1,0.028571,0.000000,1,0.028571,0.000000,1,0.028571,0.028571,1,0.028571,0.000000,1,0.028571,0.028571,0,0.000000,0.000000,0,0.000000,0.000000,0,0.000000,0.000000,0,0.000000,0.000000
169,0.003070,0,0.000000,0.000000,1,0.058824,0.058824,1,0.058824,0.058824,0,0.000000,0.000000,2,0.117647,0.000000,2,0.117647,0.000000,2,0.117647,0.058824,2,0.117647,0.000000,0,0.000000,0.000000,3,0.176471,0.000000,0,0.000000,0.000000,1,0.058824,0.000000,3,0.176471,0.058824,0,0.000000,0.000000,2,0.117647,0.000000,1,0.058824,0.000000,0,0.000000,0.000000,0,0.000000,0.000000,2,0.117647,0.058824,0,0.000000,0.000000,3,0.176471,0.117647,1,0.058824,0.000000,1,0.058824,0.058824,1,0.058824,0.000000,3,0.176471,0.176471,0,0.000000,0.000000,2,0.117647,0.000000,0,0.000000,0.000000,1,0.058824,0.000000,1,0.058824,0.000000,1,0.058824,0.000000,1,0.058824,0.000000,1,0.058824,0.000000,1,0.058824,0.000000,0,0.000000,0.000000,0,0.000000,0.000000,0,0.000000,0.000000,0,0.000000,0.000000,0,0.000000,0.000000,0,0.000000,0.000000,0,0.000000,0.000000,0,0.000000,0.000000,0,0.000000,0.000000
170,0.002580,0,0.000000,0.000000,0,0.000000,0.000000,1,0.062500,0.062500,0,0.000000,0.000000,2,0.125000,0.062500,0,0.000000,0.000000,1,0.062500,0.000000,1,0.062500,0.000000,0,0.000000,0.000000,4,0.250000,0.000000,0,0.000000,0.000000,1,0.062500,0.000000,5,0.312500,0.062500,0,0.000000,0.000000,0,0.000000,0.000000,0,0.000000,0.000000,5,0.312500,0.062500,0,0.000000,0.000000,1,0.062500,0.062500,0,0.000000,0.000000,2,0.125000,0.062500,1,0.062500,0.000000,0,0.000000,0.000000,0,0.000000,0.000000,1,0.062500,0.000000,0,0.000000,0.000000,1,0.062500,0.000000,2,0.125000,0.062500,0,0.000000,0.000000,0,0.000000,0.000000,1,0.062500,0.000000,0,0.000000,0.000000,0,0.000000,0.000000,2,0.125000,0.000000,0,0.000000,0.000000,0,0.000000,0.000000,0,0.000000,0.000000,0,0.000000,0.000000,1,0.062500,0.062500,0,0.000000,0.000000,0,0.000000,0.000000,0,0.000000,0.000000,0,0.000000,0.000000
171,0.003100,0,0.000000,0.000000,0,0.000000,0.000000,2,0.111111,0.055556,1,0.055556,0.000000,2,0.111111,0.000000,2,0.111111,0.000000,0,0.000000,0.000000,2,0.111111,0.000000,0,0.000000,0.000000,1,0.055556,0.000000,2,0.111111,0.055556,1,0.055556,0.000000,3,0.166667,0.055556,0,0.000000,0.000000,0,0.000000,0.000000,1,0.055556,0.000000,2,0.111111,0.055556,0,0.000000,0.000000,2,0.111111,0.000000,0,0.000000,0.000000,1,0.055556,0.000000,0,0.000000,0.000000,6,0.333333,0.055556,0,0.000000,0.000000,1,0.055556,0.000000,0,0.000000,0.000000,1,0.055556,0.000000,0,0.000000,0.000000,0,0.000000,0.000000,2,0.111111,0.000000,4,0.222222,0.000000,0,0.000000,0.000000,1,0.055556,0.000000,5,0.277778,0.055556,0,0.000000,0.000000,0,0.000000,0.000000,0,0.000000,0.000000,0,0.000000,0.000000,0,0.000000,0.000000,0,0.000000,0.000000,0,0.000000,0.000000,0,0.000000,0.000000,0,0.000000,0.000000
172,0.005015,0,0.000000,0.000000,1,0.038462,0.038462,2,0.076923,0.038462,0,0.000000,0.000000,2,0.076923,0.000000,2,0.076923,0.000000,1,0.038462,0.038462,1,0.038462,0.000000,0,0.000000,0.000000,4,0.153846,0.000000,12,0.461538,0.115385,1,0.038462,0.000000,3,0.115385,0.038462,0,0.000000,0.000000,0,0.000000,0.000000,2,0.076923,0.000000,4,0.153846,0.038462,1,0.038462,0.000000,1,0.038462,0.000000,0,0.000000,0.000000,3,0.115385,0.038462,0,0.000000,0.000000,6,0.230769,0.038462,0,0.000000,0.000000,2,0.076923,0.000000,0,0.000000,0.000000,0,0.000000,0.000000,0,0.000000,0.000000,0,0.000000,0.000000,1,0.038462,0.000000,1,0.038462,0.000000,0,0.000000,0.000000,1,0.038462,0.000000,0,0.000000,0.000000,1,0.038462,0.038462,0,0.000000,0.000000,0,0.000000,0.000000,0,0.000000,0.000000,0,0.000000,0.000000,0,0.000000,0.000000,0,0.000000,0.000000,0,0.000000,0.000000,0,0.000000,0.000000
173,0.007430,0,0.000000,0.000000,1,0.027027,0.027027,0,0.000000,0.000000,1,0.027027,0.027027,2,0.054054,0.054054,2,0.054054,0.000000,1,0.027027,0.000000,0,0.000000,0.000000,0,0.000000,0.000000,7,0.189189,0.000000,1,0.027027,0.000000,5,0.135135,0.000000,8,0.216216,0.108108,0,0.000000,0.000000,0,0.000000,0.000000,0,0.000000,0.000000,2,0.054054,0.027027,0,0.000000,0.000000,5,0.135135,0.000000,0,0.000000,0.000000,0,0.000000,0.000000,1,0.027027,0.000000,2,0.054054,0.027027,1,0.027027,0.000000,5,0.135135,0.027027,0,0.000000,0.000000,2,0.054054,0.000000,1,0.027027,0.000000,1,0.027027,0.000000,5,0.135135,0.054054,6,0.162162,0.000000,3,0.081081,0.027027,5,0.135135,0.000000,11,0.297297,0.081081,1,0.027027,0.027027,1,0.027027,0.027027,0,0.000000,0.000000,0,0.000000,0.000000,1,0.027027,0.027027,0,0.000000,0.000000,0,0.000000,0.000000,0,0.000000,0.000000,0,0.000000,0.000000
174,0.002495,0,0.000000,0.000000,0,0.000000,0.000000,0,0.000000,0.000000,0,0.000000,0.000000,2,0.166667,0.166667,2,0.166667,0.083333,0,0.000000,0.000000,0,0.000000,0.000000,0,0.000000,0.000000,1,0.083333,0.000000,0,0.000000,0.000000,0,0.000000,0.000000,1,0.083333,0.083333,0,0.000000,0.000000,1,0.083333,0.000000,0,0.000000,0.000000,0,0.000000,0.000000,0,0.000000,0.000000,0,0.000000,0.000000,0,0.000000,0.000000,2,0.166667,0.000000,0,0.000000,0.000000,0,0.000000,0.000000,0,0.000000,0.000000,1,0.083333,0.000000,0,0.000000,0.000000,2,0.166667,0.000000,1,0.083333,0.000000,0,0.000000,0.000000,2,0.166667,0.000000,1,0.083333,0.000000,1,0.083333,0.000000,0,0.000000,0.000000,3,0.250000,0.166667,0,0.000000,0.000000,0,0.000000,0.000000,0,0.000000,0.000000,0,0.000000,0.000000,3,0.250000,0.083333,0,0.000000,0.000000,0,0.000000,0.000000,0,0.000000,0.000000,0,0.000000,0.000000
175,0.008780,0,0.000000,0.000000,2,0.062500,0.031250,1,0.031250,0.031250,5,0.156250,0.031250,0,0.000000,0.000000,3,0.093750,0.000000,0,0.000000,0.000000,2,0.062500,0.031250,1,0.031250,0.000000,5,0.156250,0.000000,2,0.062500,0.000000,2,0.062500,0.000000,6,0.187500,0.093750,0,0.000000,0.000000,0,0.000000,0.000000,3,0.093750,0.000000,4,0.125000,0.031250,0,0.000000,0.000000,2,0.062500,0.000000,0,0.000000,0.000000,4,0.125000,0.000000,6,0.187500,0.000000,4,0.125000,0.000000,3,0.093750,0.000000,2,0.062500,0.031250,0,0.000000,0.000000,2,0.062500,0.000000,1,0.031250,0.000000,0,0.000000,0.000000,3,0.093750,0.000000,7,0.218750,0.031250,2,0.062500,0.000000,2,0.062500,0.000000,3,0.093750,0.031250,1,0.031250,0.031250,3,0.093750,0.000000,3,0.093750,0.000000,0,0.000000,0.000000,3,0.093750,0.000000,0,0.000000,0.000000,0,0.000000,0.000000,0,0.000000,0.000000,1,0.031250,0.000000
176,0.003545,1,0.045455,0.000000,1,0.045455,0.000000,1,0.045455,0.045455,0,0.000000,0.000000,2,0.090909,0.000000,2,0.090909,0.000000,1,0.045455,0.000000,2,0.090909,0.000000,0,0.000000,0.000000,0,0.000000,0.000000,2,0.090909,0.000000,0,0.000000,0.000000,2,0.090909,0.090909,0,0.000000,0.000000,2,0.090909,0.045455,1,0.045455,0.000000,9,0.409091,0.318182,0,0.000000,0.000000,0,0.000000,0.000000,0,0.000000,0.000000,3,0.136364,0.045455,0,0.000000,0.000000,0,0.000000,0.000000,0,0.000000,0.000000,1,0.045455,0.000000,0,0.000000,0.000000,1,0.045455,0.000000,1,0.045455,0.000000,0,0.000000,0.000000,1,0.045455,0.045455,1,0.045455,0.045455,0,0.000000,0.000000,0,0.000000,0.000000,2,0.090909,0.045455,0,0.000000,0.000000,0,0.000000,0.000000,0,0.000000,0.000000,0,0.000000,0.000000,0,0.000000,0.000000,0,0.000000,0.000000,0,0.000000,0.000000,0,0.000000,0.000000,0,0.000000,0.000000
177,0.006795,2,0.076923,0.000000,2,0.076923,0.000000,2,0.076923,0.000000,2,0.076923,0.000000,4,0.153846,0.000000,0,0.000000,0.000000,0,0.000000,0.000000,3,0.115385,0.000000,1,0.038462,0.000000,1,0.038462,0.000000,3,0.115385,0.076923,1,0.038462,0.000000,4,0.153846,0.115385,0,0.000000,0.000000,0,0.000000,0.000000,3,0.115385,0.000000,1,0.038462,0.000000,0,0.000000,0.000000,1,0.038462,0.000000,0,0.000000,0.000000,3,0.115385,0.076923,4,0.153846,0.038462,3,0.115385,0.000000,1,0.038462,0.000000,1,0.038462,0.000000,0,0.000000,0.000000,5,0.192308,0.000000,3,0.115385,0.000000,2,0.076923,0.000000,3,0.115385,0.076923,3,0.115385,0.000000,1,0.038462,0.000000,1,0.038462,0.000000,2,0.076923,0.000000,0,0.000000,0.000000,1,0.038462,0.000000,1,0.038462,0.000000,1,0.038462,0.000000,0,0.000000,0.000000,0,0.000000,0.000000,2,0.076923,0.000000,1,0.038462,0.000000,1,0.038462,0.000000
178,0.003290,0,0.000000,0.000000,1,0.071429,0.071429,0,0.000000,0.000000,0,0.000000,0.000000,2,0.142857,0.000000,0,0.000000,0.000000,0,0.000000,0.000000,2,0.142857,0.000000,1,0.071429,0.000000,1,0.071429,0.000000,1,0.071429,0.000000,1,0.071429,0.000000,1,0.071429,0.000000,0,0.000000,0.000000,2,0.142857,0.071429,1,0.071429,0.000000,1,0.071429,0.000000,0,0.000000,0.000000,1,0.071429,0.000000,0,0.000000,0.000000,3,0.214286,0.071429,1,0.071429,0.000000,0,0.000000,0.000000,1,0.071429,0.000000,0,0.000000,0.000000,0,0.000000,0.000000,0,0.000000,0.000000,1,0.071429,0.000000,0,0.000000,0.000000,4,0.285714,0.071429,0,0.000000,0.000000,0,0.000000,0.000000,0,0.000000,0.000000,0,0.000000,0.000000,1,0.071429,0.071429,1,0.071429,0.000000,0,0.000000,0.000000,1,0.071429,0.000000,0,0.000000,0.000000,0,0.000000,0.000000,0,0.000000,0.000000,0,0.000000,0.000000,0,0.000000,0.000000
179,0.003885,0,0.000000,0.000000,0,0.000000,0.000000,1,0.050000,0.050000,0,0.000000,0.000000,1,0.050000,0.000000,1,0.050000,0.050000,0,0.000000,0.000000,2,0.100000,0.050000,0,0.000000,0.000000,1,0.050000,0.000000,0,0.000000,0.000000,0,0.000000,0.000000,3,0.150000,0.050000,0,0.000000,0.000000,0,0.000000,0.000000,3,0.150000,0.050000,1,0.050000,0.000000,0,0.000000,0.000000,2,0.100000,0.100000,0,0.000000,0.000000,1,0.050000,0.000000,3,0.150000,0.100000,0,0.000000,0.000000,1,0.050000,0.000000,0,0.000000,0.000000,0,0.000000,0.000000,0,0.000000,0.000000,1,0.050000,0.050000,0,0.000000,0.000000,0,0.000000,0.000000,1,0.050000,0.000000,1,0.050000,0.050000,1,0.050000,0.000000,3,0.150000,0.100000,2,0.100000,0.100000,0,0.000000,0.000000,0,0.000000,0.000000,0,0.000000,0.000000,1,0.050000,0.050000,0,0.000000,0.000000,0,0.000000,0.000000,0,0.000000,0.000000,0,0.000000,0.000000
180,0.004385,0,0.000000,0.000000,1,0.041667,0.041667,1,0.041667,0.041667,0,0.000000,0.000000,2,0.083333,0.000000,1,0.041667,0.041667,0,0.000000,0.000000,2,0.083333,0.000000,0,0.000000,0.000000,6,0.250000,0.000000,2,0.083333,0.041667,2,0.083333,0.000000,7,0.291667,0.041667,0,0.000000,0.000000,1,0.041667,0.000000,2,0.083333,0.000000,1,0.041667,0.041667,2,0.083333,0.000000,1,0.041667,0.000000,0,0.000000,0.000000,0,0.000000,0.000000,3,0.125000,0.000000,1,0.041667,0.000000,2,0.083333,0.000000,0,0.000000,0.000000,0,0.000000,0.000000,1,0.041667,0.000000,4,0.166667,0.083333,0,0.000000,0.000000,2,0.083333,0.000000,1,0.041667,0.000000,0,0.000000,0.000000,1,0.041667,0.000000,1,0.041667,0.000000,2,0.083333,0.041667,0,0.000000,0.000000,0,0.000000,0.000000,0,0.000000,0.000000,2,0.083333,0.000000,0,0.000000,0.000000,0,0.000000,0.000000,0,0.000000,0.000000,0,0.000000,0.000000
181,0.004085,0,0.000000,0.000000,0,0.000000,0.000000,2,0.111111,0.000000,4,0.222222,0.166667,3,0.166667,0.000000,3,0.166667,0.055556,0,0.000000,0.000000,2,0.111111,0.000000,0,0.000000,0.000000,3,0.166667,0.000000,1,0.055556,0.000000,1,0.055556,0.000000,0,0.000000,0.000000,0,0.000000,0.000000,0,0.000000,0.000000,1,0.055556,0.000000,0,0.000000,0.000000,0,0.000000,0.000000,0,0.000000,0.000000,0,0.000000,0.000000,2,0.111111,0.000000,2,0.111111,0.000000,1,0.055556,0.000000,1,0.055556,0.000000,0,0.000000,0.000000,0,0.000000,0.000000,3,0.166667,0.055556,1,0.055556,0.000000,1,0.055556,0.000000,0,0.000000,0.000000,5,0.277778,0.000000,2,0.111111,0.055556,3,0.166667,0.000000,2,0.111111,0.000000,0,0.000000,0.000000,1,0.055556,0.000000,0,0.000000,0.000000,0,0.000000,0.000000,0,0.000000,0.000000,0,0.000000,0.000000,1,0.055556,0.000000,0,0.000000,0.000000,1,0.055556,0.000000
182,0.008385,0,0.000000,0.000000,1,0.023810,0.023810,4,0.095238,0.023810,4,0.095238,0.047619,1,0.023810,0.000000,11,0.261905,0.119048,0,0.000000,0.000000,1,0.023810,0.000000,0,0.000000,0.000000,7,0.166667,0.000000,4,0.095238,0.047619,4,0.095238,0.000000,7,0.166667,0.071429,0,0.000000,0.000000,0,0.000000,0.000000,3,0.071429,0.000000,1,0.023810,0.000000,1,0.023810,0.000000,3,0.071429,0.047619,0,0.000000,0.000000,5,0.119048,0.023810,1,0.023810,0.000000,4,0.095238,0.023810,0,0.000000,0.000000,4,0.095238,0.000000,0,0.000000,0.000000,3,0.071429,0.000000,2,0.047619,0.023810,0,0.000000,0.000000,9,0.214286,0.023810,1,0.023810,0.000000,1,0.023810,0.000000,1,0.023810,0.000000,2,0.047619,0.023810,0,0.000000,0.000000,2,0.047619,0.000000,2,0.047619,0.000000,0,0.000000,0.000000,0,0.000000,0.000000,0,0.000000,0.000000,0,0.000000,0.000000,0,0.000000,0.000000,0,0.000000,0.000000
183,0.005630,0,0.000000,0.000000,2,0.064516,0.032258,0,0.000000,0.000000,0,0.000000,0.000000,2,0.064516,0.032258,2,0.064516,0.000000,1,0.032258,0.032258,1,0.032258,0.000000,0,0.000000,0.000000,10,0.322581,0.000000,2,0.064516,0.000000,6,0.193548,0.000000,6,0.193548,0.000000,0,0.000000,0.000000,1,0.032258,0.000000,1,0.032258,0.000000,0,0.000000,0.000000,0,0.000000,0.000000,1,0.032258,0.000000,0,0.000000,0.000000,3,0.096774,0.064516,2,0.064516,0.000000,0,0.000000,0.000000,0,0.000000,0.000000,3,0.096774,0.032258,0,0.000000,0.000000,4,0.129032,0.000000,0,0.000000,0.000000,0,0.000000,0.000000,3,0.096774,0.032258,4,0.129032,0.000000,0,0.000000,0.000000,4,0.129032,0.064516,6,0.193548,0.064516,0,0.000000,0.000000,2,0.064516,0.000000,0,0.000000,0.000000,0,0.000000,0.000000,4,0.129032,0.032258,0,0.000000,0.000000,0,0.000000,0.000000,0,0.000000,0.000000,1,0.032258,0.032258
184,0.003865,1,0.045455,0.000000,1,0.045455,0.000000,3,0.136364,0.045455,1,0.045455,0.000000,2,0.090909,0.000000,2,0.090909,0.000000,0,0.000000,0.000000,1,0.045455,0.000000,0,0.000000,0.000000,0,0.000000,0.000000,3,0.136364,0.045455,0,0.000000,0.000000,3,0.136364,0.045455,0,0.000000,0.000000,0,0.000000,0.000000,2,0.090909,0.000000,5,0.227273,0.181818,0,0.000000,0.000000,0,0.000000,0.000000,0,0.000000,0.000000,1,0.045455,0.000000,1,0.045455,0.000000,2,0.090909,0.000000,1,0.045455,0.000000,3,0.136364,0.045455,0,0.000000,0.000000,1,0.045455,0.045455,2,0.090909,0.000000,0,0.000000,0.000000,0,0.000000,0.000000,0,0.000000,0.000000,0,0.000000,0.000000,2,0.090909,0.045455,0,0.000000,0.000000,2,0.090909,0.000000,1,0.045455,0.000000,0,0.000000,0.000000,0,0.000000,0.000000,0,0.000000,0.000000,0,0.000000,0.000000,0,0.000000,0.000000,0,0.000000,0.000000,0,0.000000,0.000000
185,0.003680,1,0.043478,0.000000,1,0.043478,0.000000,1,0.043478,0.000000,2,0.086957,0.043478,2,0.086957,0.043478,0,0.000000,0.000000,0,0.000000,0.000000,0,0.000000,0.000000,0,0.000000,0.000000,2,0.086957,0.000000,3,0.130435,0.086957,0,0.000000,0.000000,5,0.217391,0.086957,0,0.000000,0.000000,0,0.000000,0.000000,1,0.043478,0.043478,0,0.000000,0.000000,0,0.000000,0.000000,1,0.043478,0.000000,0,0.000000,0.000000,2,0.086957,0.043478,0,0.000000,0.000000,0,0.000000,0.000000,0,0.000000,0.000000,3,0.130435,0.043478,0,0.000000,0.000000,1,0.043478,0.000000,3,0.130435,0.043478,0,0.000000,0.000000,1,0.043478,0.000000,0,0.000000,0.000000,3,0.130435,0.043478,0,0.000000,0.000000,4,0.173913,0.086957,0,0.000000,0.000000,0,0.000000,0.000000,2,0.086957,0.043478,0,0.000000,0.000000,1,0.043478,0.000000,0,0.000000,0.000000,0,0.000000,0.000000,0,0.000000,0.000000,0,0.000000,0.000000
186,0.015070,0,0.000000,0.000000,2,0.038462,0.019231,3,0.057692,0.000000,4,0.076923,0.000000,2,0.038462,0.000000,14,0.269231,0.076923,1,0.019231,0.019231,2,0.038462,0.000000,1,0.019231,0.000000,6,0.115385,0.000000,6,0.115385,0.038462,0,0.000000,0.000000,12,0.230769,0.038462,0,0.000000,0.000000,1,0.019231,0.000000,9,0.173077,0.000000,4,0.076923,0.000000,7,0.134615,0.000000,6,0.115385,0.038462,0,0.000000,0.000000,5,0.096154,0.019231,3,0.057692,0.000000,5,0.096154,0.000000,1,0.019231,0.000000,4,0.076923,0.000000,0,0.000000,0.000000,0,0.000000,0.000000,4,0.076923,0.019231,0,0.000000,0.000000,7,0.134615,0.000000,7,0.134615,0.000000,3,0.057692,0.019231,5,0.096154,0.000000,11,0.211538,0.057692,3,0.057692,0.000000,0,0.000000,0.000000,0,0.000000,0.000000,0,0.000000,0.000000,1,0.019231,0.000000,0,0.000000,0.000000,0,0.000000,0.000000,0,0.000000,0.000000,1,0.019231,0.019231
187,0.003750,1,0.055556,0.000000,1,0.055556,0.000000,2,0.111111,0.055556,1,0.055556,0.000000,2,0.111111,0.000000,0,0.000000,0.000000,2,0.111111,0.111111,2,0.111111,0.000000,0,0.000000,0.000000,3,0.166667,0.000000,4,0.222222,0.055556,1,0.055556,0.000000,4,0.222222,0.111111,0,0.000000,0.000000,0,0.000000,0.000000,0,0.000000,0.000000,1,0.055556,0.000000,0,0.000000,0.000000,2,0.111111,0.000000,0,0.000000,0.000000,1,0.055556,0.000000,1,0.055556,0.000000,0,0.000000,0.000000,0,0.000000,0.000000,1,0.055556,0.000000,1,0.055556,0.000000,1,0.055556,0.000000,1,0.055556,0.000000,0,0.000000,0.000000,1,0.055556,0.000000,0,0.000000,0.000000,0,0.000000,0.000000,0,0.000000,0.000000,2,0.111111,0.000000,0,0.000000,0.000000,0,0.000000,0.000000,1,0.055556,0.055556,0,0.000000,0.000000,2,0.111111,0.055556,0,0.000000,0.000000,0,0.000000,0.000000,0,0.000000,0.000000,0,0.000000,0.000000
188,0.016390,1,0.015873,0.000000,1,0.015873,0.000000,9,0.142857,0.000000,8,0.126984,0.015873,3,0.047619,0.000000,3,0.047619,0.000000,3,0.047619,0.015873,1,0.015873,0.000000,1,0.015873,0.015873,9,0.142857,0.000000,15,0.238095,0.000000,2,0.031746,0.000000,7,0.111111,0.031746,3,0.047619,0.000000,0,0.000000,0.000000,13,0.206349,0.000000,6,0.095238,0.031746,0,0.000000,0.000000,2,0.031746,0.000000,0,0.000000,0.000000,6,0.095238,0.000000,15,0.238095,0.000000,14,0.222222,0.000000,1,0.015873,0.000000,4,0.063492,0.015873,1,0.015873,0.000000,5,0.079365,0.000000,4,0.063492,0.015873,0,0.000000,0.000000,4,0.063492,0.000000,5,0.079365,0.000000,0,0.000000,0.000000,0,0.000000,0.000000,7,0.111111,0.031746,2,0.031746,0.000000,4,0.063492,0.000000,0,0.000000,0.000000,0,0.000000,0.000000,11,0.174603,0.095238,2,0.031746,0.000000,0,0.000000,0.000000,0,0.000000,0.000000,1,0.015873,0.000000
189,0.001615,0,0.000000,0.000000,0,0.000000,0.000000,0,0.000000,0.000000,0,0.000000,0.000000,0,0.000000,0.000000,0,0.000000,0.000000,1,0.111111,0.000000,0,0.000000,0.000000,0,0.000000,0.000000,3,0.333333,0.000000,0,0.000000,0.000000,0,0.000000,0.000000,3,0.333333,0.000000,0,0.000000,0.000000,0,0.000000,0.000000,1,0.111111,0.000000,0,0.000000,0.000000,0,0.000000,0.000000,1,0.111111,0.000000,0,0.000000,0.000000,0,0.000000,0.000000,1,0.111111,0.000000,0,0.000000,0.000000,0,0.000000,0.000000,1,0.111111,0.000000,0,0.000000,0.000000,1,0.111111,0.000000,1,0.111111,0.000000,0,0.000000,0.000000,1,0.111111,0.111111,1,0.111111,0.000000,0,0.000000,0.000000,0,0.000000,0.000000,1,0.111111,0.000000,0,0.000000,0.000000,1,0.111111,0.000000,0,0.000000,0.000000,0,0.000000,0.000000,1,0.111111,0.000000,0,0.000000,0.000000,0,0.000000,0.000000,0,0.000000,0.000000,0,0.000000,0.000000
190,0.001815,0,0.000000,0.000000,0,0.000000,0.000000,0,0.000000,0.000000,0,0.000000,0.000000,2,0.250000,0.250000,0,0.000000,0.000000,0,0.000000,0.000000,0,0.000000,0.000000,0,0.000000,0.000000,1,0.125000,0.000000,0,0.000000,0.000000,0,0.000000,0.000000,2,0.250000,0.125000,0,0.000000,0.000000,3,0.375000,0.250000,0,0.000000,0.000000,0,0.000000,0.000000,0,0.000000,0.000000,0,0.000000,0.000000,0,0.000000,0.000000,1,0.125000,0.000000,2,0.250000,0.000000,0,0.000000,0.000000,0,0.000000,0.000000,2,0.250000,0.000000,0,0.000000,0.000000,1,0.125000,0.000000,0,0.000000,0.000000,0,0.000000,0.000000,1,0.125000,0.000000,0,0.000000,0.000000,0,0.000000,0.000000,0,0.000000,0.000000,1,0.125000,0.125000,0,0.000000,0.000000,0,0.000000,0.000000,0,0.000000,0.000000,0,0.000000,0.000000,0,0.000000,0.000000,0,0.000000,0.000000,0,0.000000,0.000000,0,0.000000,0.000000,0,0.000000,0.000000
191,0.002850,0,0.000000,0.000000,0,0.000000,0.000000,2,0.125000,0.000000,0,0.000000,0.000000,1,0.062500,0.062500,2,0.125000,0.000000,0,0.000000,0.000000,0,0.000000,0.000000,0,0.000000,0.000000,4,0.250000,0.000000,0,0.000000,0.000000,3,0.187500,0.000000,4,0.250000,0.062500,0,0.000000,0.000000,0,0.000000,0.000000,0,0.000000,0.000000,0,0.000000,0.000000,0,0.000000,0.000000,2,0.125000,0.062500,0,0.000000,0.000000,1,0.062500,0.000000,2,0.125000,0.000000,0,0.000000,0.000000,1,0.062500,0.000000,1,0.062500,0.000000,0,0.000000,0.000000,0,0.000000,0.000000,0,0.000000,0.000000,0,0.000000,0.000000,1,0.062500,0.000000,0,0.000000,0.000000,1,0.062500,0.000000,0,0.000000,0.000000,4,0.250000,0.062500,2,0.125000,0.062500,1,0.062500,0.000000,0,0.000000,0.000000,0,0.000000,0.000000,4,0.250000,0.062500,0,0.000000,0.000000,0,0.000000,0.000000,0,0.000000,0.000000,0,0.000000,0.000000
192,0.003515,0,0.000000,0.000000,1,0.071429,0.071429,2,0.142857,0.000000,4,0.285714,0.000000,2,0.142857,0.000000,0,0.000000,0.000000,0,0.000000,0.000000,2,0.142857,0.000000,0,0.000000,0.000000,2,0.142857,0.000000,0,0.000000,0.000000,0,0.000000,0.000000,2,0.142857,0.000000,0,0.000000,0.000000,1,0.071429,0.000000,1,0.071429,0.000000,0,0.000000,0.000000,0,0.000000,0.000000,0,0.000000,0.000000,0,0.000000,0.000000,0,0.000000,0.000000,0,0.000000,0.000000,0,0.000000,0.000000,0,0.000000,0.000000,0,0.000000,0.000000,0,0.000000,0.000000,0,0.000000,0.000000,3,0.214286,0.071429,0,0.000000,0.000000,0,0.000000,0.000000,4,0.285714,0.000000,0,0.000000,0.000000,1,0.071429,0.000000,4,0.285714,0.000000,0,0.000000,0.000000,0,0.000000,0.000000,1,0.071429,0.000000,0,0.000000,0.000000,0,0.000000,0.000000,0,0.000000,0.000000,2,0.142857,0.000000,0,0.000000,0.000000,2,0.142857,0.000000
193,0.000195,0,0.000000,0.000000,0,0.000000,0.000000,0,0.000000,0.000000,0,0.000000,0.000000,0,0.000000,0.000000,1,0.500000,0.500000,0,0.000000,0.000000,0,0.000000,0.000000,0,0.000000,0.000000,1,0.500000,0.500000,0,0.000000,0.000000,0,0.000000,0.000000,0,0.000000,0.000000,0,0.000000,0.000000,0,0.000000,0.000000,0,0.000000,0.000000,0,0.000000,0.000000,0,0.000000,0.000000,0,0.000000,0.000000,0,0.000000,0.000000,0,0.000000,0.000000,0,0.000000,0.000000,0,0.000000,0.000000,0,0.000000,0.000000,0,0.000000,0.000000,0,0.000000,0.000000,0,0.000000,0.000000,0,0.000000,0.000000,0,0.000000,0.000000,0,0.000000,0.000000,0,0.000000,0.000000,0,0.000000,0.000000,0,0.000000,0.000000,0,0.000000,0.000000,0,0.000000,0.000000,0,0.000000,0.000000,0,0.000000,0.000000,0,0.000000,0.000000,0,0.000000,0.000000,0,0.000000,0.000000,0,0.000000,0.000000,0,0.000000,0.000000,0,0.000000,0.000000
194,0.029440,42,0.350000,0.008333,119,0.991667,0.650000,0,0.000000,0.000000,0,0.000000,0.000000,0,0.000000,0.000000,0,0.000000,0.000000,0,0.000000,0.000000,0,0.000000,0.000000,0,0.000000,0.000000,0,0.000000,0.000000,0,0.000000,0.000000,0,0.000000,0.000000,0,0.000000,0.000000,0,0.000000,0.000000,0,0.000000,0.000000,0,0.000000,0.000000,0,0.000000,0.000000,0,0.000000,0.000000,0,0.000000,0.000000,0,0.000000,0.000000,0,0.000000,0.000000,0,0.000000,0.000000,0,0.000000,0.000000,0,0.000000,0.000000,0,0.000000,0.000000,0,0.000000,0.000000,0,0.000000,0.000000,0,0.000000,0.000000,0,0.000000,0.000000,0,0.000000,0.000000,0,0.000000,0.000000,1,0.008333,0.000000,0,0.000000,0.000000,0,0.000000,0.000000,0,0.000000,0.000000,0,0.000000,0.000000,0,0.000000,0.000000,0,0.000000,0.000000,0,0.000000,0.000000,0,0.000000,0.000000,0,0.000000,0.000000,0,0.000000,0.000000,0,0.000000,0.000000
195,0.028860,0,0.000000,0.000000,0,0.000000,0.000000,30,0.227273,0.060606,10,0.075758,0.000000,105,0.795455,0.106061,53,0.401515,0.030303,1,0.007576,0.000000,91,0.689394,0.037879,0,0.000000,0.000000,0,0.000000,0.000000,0,0.000000,0.000000,0,0.000000,0.000000,1,0.007576,0.007576,0,0.000000,0.000000,0,0.000000,0.000000,0,0.000000,0.000000,0,0.000000,0.000000,0,0.000000,0.000000,0,0.000000,0.000000,0,0.000000,0.000000,0,0.000000,0.000000,0,0.000000,0.000000,0,0.000000,0.000000,0,0.000000,0.000000,0,0.000000,0.000000,0,0.000000,0.000000,0,0.000000,0.000000,0,0.000000,0.000000,0,0.000000,0.000000,0,0.000000,0.000000,0,0.000000,0.000000,0,0.000000,0.000000,0,0.000000,0.000000,2,0.015152,0.007576,0,0.000000,0.000000,0,0.000000,0.000000,0,0.000000,0.000000,0,0.000000,0.000000,0,0.000000,0.000000,0,0.000000,0.000000,0,0.000000,0.000000,0,0.000000,0.000000,0,0.000000,0.000000
196,0.034170,0,0.000000,0.000000,0,0.000000,0.000000,36,0.258993,0.028777,18,0.129496,0.000000,126,0.906475,0.136691,48,0.345324,0.021583,2,0.014388,0.000000,91,0.654676,0.014388,0,0.000000,0.000000,0,0.000000,0.000000,0,0.000000,0.000000,0,0.000000,0.000000,1,0.007194,0.000000,0,0.000000,0.000000,0,0.000000,0.000000,0,0.000000,0.000000,0,0.000000,0.000000,0,0.000000,0.000000,0,0.000000,0.000000,0,0.000000,0.000000,0,0.000000,0.000000,0,0.000000,0.000000,0,0.000000,0.000000,0,0.000000,0.000000,0,0.000000,0.000000,0,0.000000,0.000000,0,0.000000,0.000000,0,0.000000,0.000000,0,0.000000,0.000000,0,0.000000,0.000000,0,0.000000,0.000000,0,0.000000,0.000000,0,0.000000,0.000000,1,0.007194,0.000000,0,0.000000,0.000000,0,0.000000,0.000000,0,0.000000,0.000000,0,0.000000,0.000000,1,0.007194,0.007194,0,0.000000,0.000000,0,0.000000,0.000000,0,0.000000,0.000000,0,0.000000,0.000000
197,0.004590,0,0.000000,0.000000,0,0.000000,0.000000,15,0.681818,0.590909,1,0.045455,0.000000,0,0.000000,0.000000,1,0.045455,0.045455,0,0.000000,0.000000,0,0.000000,0.000000,0,0.000000,0.000000,2,0.090909,0.000000,0,0.000000,0.000000,0,0.000000,0.000000,2,0.090909,0.000000,0,0.000000,0.000000,0,0.000000,0.000000,1,0.045455,0.000000,0,0.000000,0.000000,0,0.000000,0.000000,1,0.045455,0.000000,0,0.000000,0.000000,2,0.090909,0.045455,0,0.000000,0.000000,0,0.000000,0.000000,0,0.000000,0.000000,0,0.000000,0.000000,0,0.000000,0.000000,0,0.000000,0.000000,0,0.000000,0.000000,0,0.000000,0.000000,1,0.045455,0.000000,2,0.090909,0.000000,0,0.000000,0.000000,0,0.000000,0.000000,2,0.090909,0.000000,0,0.000000,0.000000,0,0.000000,0.000000,0,0.000000,0.000000,0,0.000000,0.000000,1,0.045455,0.045455,0,0.000000,0.000000,0,0.000000,0.000000,0,0.000000,0.000000,0,0.000000,0.000000
198,0.002540,0,0.000000,0.000000,0,0.000000,0.000000,12,0.750000,0.687500,1,0.062500,0.000000,0,0.000000,0.000000,1,0.062500,0.062500,0,0.000000,0.000000,0,0.000000,0.000000,0,0.000000,0.000000,1,0.062500,0.000000,0,0.000000,0.000000,0,0.000000,0.000000,1,0.062500,0.000000,0,0.000000,0.000000,0,0.000000,0.000000,0,0.000000,0.000000,0,0.000000,0.000000,0,0.000000,0.000000,0,0.000000,0.000000,0,0.000000,0.000000,0,0.000000,0.000000,0,0.000000,0.000000,0,0.000000,0.000000,0,0.000000,0.000000,0,0.000000,0.000000,0,0.000000,0.000000,0,0.000000,0.000000,0,0.000000,0.000000,0,0.000000,0.000000,0,0.000000,0.000000,1,0.062500,0.000000,0,0.000000,0.000000,0,0.000000,0.000000,2,0.125000,0.000000,0,0.000000,0.000000,1,0.062500,0.000000,0,0.000000,0.000000,0,0.000000,0.000000,1,0.062500,0.000000,0,0.000000,0.000000,0,0.000000,0.000000,0,0.000000,0.000000,0,0.000000,0.000000
199,0.001905,0,0.000000,0.000000,0,0.000000,0.000000,10,0.833333,0.750000,1,0.083333,0.000000,0,0.000000,0.000000,0,0.000000,0.000000,0,0.000000,0.000000,0,0.000000,0.000000,0,0.000000,0.000000,0,0.000000,0.000000,0,0.000000,0.000000,0,0.000000,0.000000,0,0.000000,0.000000,0,0.000000,0.000000,0,0.000000,0.000000,0,0.000000,0.000000,0,0.000000,0.000000,0,0.000000,0.000000,0,0.000000,0.000000,0,0.000000,0.000000,2,0.166667,0.166667,0,0.000000,0.000000,0,0.000000,0.000000,0,0.000000,0.000000,0,0.000000,0.000000,0,0.000000,0.000000,0,0.000000,0.000000,0,0.000000,0.000000,0,0.000000,0.000000,0,0.000000,0.000000,0,0.000000,0.000000,0,0.000000,0.000000,0,0.000000,0.000000,0,0.000000,0.000000,0,0.000000,0.000000,0,0.000000,0.000000,0,0.000000,0.000000,0,0.000000,0.000000,0,0.000000,0.000000,0,0.000000,0.000000,0,0.000000,0.000000,0,0.000000,0.000000,0,0.000000,0.000000
200,0.000610,0,0.000000,0.000000,0,0.000000,0.000000,1,0.250000,0.250000,0,0.000000,0.000000,0,0.000000,0.000000,1,0.250000,0.250000,0,0.000000,0.000000,0,0.000000,0.000000,0,0.000000,0.000000,0,0.000000,0.000000,0,0.000000,0.000000,0,0.000000,0.000000,0,0.000000,0.000000,0,0.000000,0.000000,0,0.000000,0.000000,0,0.000000,0.000000,0,0.000000,0.000000,0,0.000000,0.000000,0,0.000000,0.000000,0,0.000000,0.000000,0,0.000000,0.000000,0,0.000000,0.000000,0,0.000000,0.000000,0,0.000000,0.000000,0,0.000000,0.000000,0,0.000000,0.000000,0,0.000000,0.000000,0,0.000000,0.000000,0,0.000000,0.000000,1,0.250000,0.250000,1,0.250000,0.000000,0,0.000000,0.000000,0,0.000000,0.000000,1,0.250000,0.000000,0,0.000000,0.000000,0,0.000000,0.000000,0,0.000000,0.000000,0,0.000000,0.000000,0,0.000000,0.000000,0,0.000000,0.000000,0,0.000000,0.000000,0,0.000000,0.000000,0,0.000000,0.000000
201,0.000435,0,0.000000,0.000000,0,0.000000,0.000000,1,0.500000,0.500000,0,0.000000,0.000000,0,0.000000,0.000000,0,0.000000,0.000000,0,0.000000,0.000000,0,0.000000,0.000000,0,0.000000,0.000000,1,0.500000,0.000000,0,0.000000,0.000000,0,0.000000,0.000000,1,0.500000,0.000000,0,0.000000,0.000000,0,0.000000,0.000000,0,0.000000,0.000000,0,0.000000,0.000000,0,0.000000,0.000000,1,0.500000,0.000000,0,0.000000,0.000000,0,0.000000,0.000000,0,0.000000,0.000000,0,0.000000,0.000000,0,0.000000,0.000000,1,0.500000,0.000000,0,0.000000,0.000000,0,0.000000,0.000000,0,0.000000,0.000000,0,0.000000,0.000000,0,0.000000,0.000000,0,0.000000,0.000000,0,0.000000,0.000000,0,0.000000,0.000000,1,0.500000,0.000000,0,0.000000,0.000000,0,0.000000,0.000000,0,0.000000,0.000000,0,0.000000,0.000000,0,0.000000,0.000000,0,0.000000,0.000000,0,0.000000,0.000000,0,0.000000,0.000000,0,0.000000,0.000000
202,0.001095,0,0.000000,0.000000,0,0.000000,0.000000,1,0.200000,0.200000,0,0.000000,0.000000,0,0.000000,0.000000,1,0.200000,0.000000,0,0.000000,0.000000,0,0.000000,0.000000,0,0.000000,0.000000,1,0.200000,0.000000,0,0.000000,0.000000,0,0.000000,0.000000,1,0.200000,0.000000,0,0.000000,0.000000,0,0.000000,0.000000,1,0.200000,0.000000,0,0.000000,0.000000,0,0.000000,0.000000,1,0.200000,0.000000,0,0.000000,0.000000,0,0.000000,0.000000,1,0.200000,0.000000,0,0.000000,0.000000,0,0.000000,0.000000,1,0.200000,0.000000,0,0.000000,0.000000,0,0.000000,0.000000,0,0.000000,0.000000,0,0.000000,0.000000,0,0.000000,0.000000,2,0.400000,0.000000,0,0.000000,0.000000,0,0.000000,0.000000,2,0.400000,0.000000,0,0.000000,0.000000,0,0.000000,0.000000,0,0.000000,0.000000,0,0.000000,0.000000,1,0.200000,0.000000,0,0.000000,0.000000,0,0.000000,0.000000,0,0.000000,0.000000,0,0.000000,0.000000
203,0.000725,0,0.000000,0.000000,0,0.000000,0.000000,2,0.666667,0.666667,0,0.000000,0.000000,0,0.000000,0.000000,0,0.000000,0.000000,0,0.000000,0.000000,0,0.000000,0.000000,0,0.000000,0.000000,0,0.000000,0.000000,0,0.000000,0.000000,0,0.000000,0.000000,0,0.000000,0.000000,0,0.000000,0.000000,0,0.000000,0.000000,0,0.000000,0.000000,0,0.000000,0.000000,0,0.000000,0.000000,0,0.000000,0.000000,0,0.000000,0.000000,1,0.333333,0.333333,0,0.000000,0.000000,0,0.000000,0.000000,0,0.000000,0.000000,0,0.000000,0.000000,0,0.000000,0.000000,0,0.000000,0.000000,0,0.000000,0.000000,0,0.000000,0.000000,0,0.000000,0.000000,0,0.000000,0.000000,0,0.000000,0.000000,0,0.000000,0.000000,0,0.000000,0.000000,0,0.000000,0.000000,0,0.000000,0.000000,0,0.000000,0.000000,0,0.000000,0.000000,0,0.000000,0.000000,0,0.000000,0.000000,0,0.000000,0.000000,0,0.000000,0.000000,0,0.000000,0.000000
204,0.000570,0,0.000000,0.000000,0,0.000000,0.000000,2,0.666667,0.666667,0,0.000000,0.000000,0,0.000000,0.000000,0,0.000000,0.000000,0,0.000000,0.000000,0,0.000000,0.000000,0,0.000000,0.000000,0,0.000000,0.000000,0,0.000000,0.000000,0,0.000000,0.000000,0,0.000000,0.000000,0,0.000000,0.000000,0,0.000000,0.000000,0,0.000000,0.000000,0,0.000000,0.000000,0,0.000000,0.000000,0,0.000000,0.000000,0,0.000000,0.000000,1,0.333333,0.333333,0,0.000000,0.000000,0,0.000000,0.000000,0,0.000000,0.000000,0,0.000000,0.000000,0,0.000000,0.000000,0,0.000000,0.000000,0,0.000000,0.000000,0,0.000000,0.000000,0,0.000000,0.000000,0,0.000000,0.000000,0,0.000000,0.000000,0,0.000000,0.000000,0,0.000000,0.000000,0,0.000000,0.000000,0,0.000000,0.000000,0,0.000000,0.000000,0,0.000000,0.000000,0,0.000000,0.000000,0,0.000000,0.000000,0,0.000000,0.000000,0,0.000000,0.000000,0,0.000000,0.000000
205,0.001580,0,0.000000,0.000000,0,0.000000,0.000000,10,1.000000,1.000000,0,0.000000,0.000000,0,0.000000,0.000000,0,0.000000,0.000000,0,0.000000,0.000000,0,0.000000,0.000000,0,0.000000,0.000000,0,0.000000,0.000000,0,0.000000,0.000000,0,0.000000,0.000000,0,0.000000,0.000000,0,0.000000,0.000000,0,0.000000,0.000000,0,0.000000,0.000000,0,0.000000,0.000000,0,0.000000,0.000000,0,0.000000,0.000000,0,0.000000,0.000000,0,0.000000,0.000000,0,0.000000,0.000000,0,0.000000,0.000000,0,0.000000,0.000000,0,0.000000,0.000000,0,0.000000,0.000000,0,0.000000,0.000000,0,0.000000,0.000000,0,0.000000,0.000000,0,0.000000,0.000000,0,0.000000,0.000000,0,0.000000,0.000000,0,0.000000,0.000000,0,0.000000,0.000000,0,0.000000,0.000000,0,0.000000,0.000000,0,0.000000,0.000000,0,0.000000,0.000000,0,0.000000,0.000000,0,0.000000,0.000000,0,0.000000,0.000000,0,0.000000,0.000000,0,0.000000,0.000000
206,0.002840,0,0.000000,0.000000,0,0.000000,0.000000,18,1.000000,1.000000,0,0.000000,0.000000,0,0.000000,0.000000,0,0.000000,0.000000,0,0.000000,0.000000,0,0.000000,0.000000,0,0.000000,0.000000,0,0.000000,0.000000,0,0.000000,0.000000,0,0.000000,0.000000,0,0.000000,0.000000,0,0.000000,0.000000,0,0.000000,0.000000,0,0.000000,0.000000,0,0.000000,0.000000,0,0.000000,0.000000,0,0.000000,0.000000,0,0.000000,0.000000,0,0.000000,0.000000,0,0.000000,0.000000,0,0.000000,0.000000,0,0.000000,0.000000,0,0.000000,0.000000,0,0.000000,0.000000,0,0.000000,0.000000,0,0.000000,0.000000,0,0.000000,0.000000,0,0.000000,0.000000,0,0.000000,0.000000,0,0.000000,0.000000,0,0.000000,0.000000,0,0.000000,0.000000,0,0.000000,0.000000,0,0.000000,0.000000,0,0.000000,0.000000,0,0.000000,0.000000,0,0.000000,0.000000,0,0.000000,0.000000,0,0.000000,0.000000,0,0.000000,0.000000,0,0.000000,0.000000
207,0.001660,0,0.000000,0.000000,0,0.000000,0.000000,10,1.000000,1.000000,0,0.000000,0.000000,0,0.000000,0.000000,0,0.000000,0.000000,0,0.000000,0.000000,0,0.000000,0.000000,0,0.000000,0.000000,0,0.000000,0.000000,0,0.000000,0.000000,0,0.000000,0.000000,0,0.000000,0.000000,0,0.000000,0.000000,0,0.000000,0.000000,0,0.000000,0.000000,0,0.000000,0.000000,0,0.000000,0.000000,0,0.000000,0.000000,0,0.000000,0.000000,0,0.000000,0.000000,0,0.000000,0.000000,0,0.000000,0.000000,0,0.000000,0.000000,0,0.000000,0.000000,0,0.000000,0.000000,0,0.000000,0.000000,0,0.000000,0.000000,0,0.000000,0.000000,0,0.000000,0.000000,0,0.000000,0.000000,0,0.000000,0.000000,0,0.000000,0.000000,0,0.000000,0.000000,0,0.000000,0.000000,0,0.000000,0.000000,0,0.000000,0.000000,0,0.000000,0.000000,0,0.000000,0.000000,0,0.000000,0.000000,0,0.000000,0.000000,0,0.000000,0.000000,0,0.000000,0.000000
208,0.001365,0,0.000000,0.000000,1,0.111111,0.111111,0,0.000000,0.000000,0,0.000000,0.000000,1,0.111111,0.111111,0,0.000000,0.000000,0,0.000000,0.000000,0,0.000000,0.000000,0,0.000000,0.000000,0,0.000000,0.000000,2,0.222222,0.000000,0,0.000000,0.000000,4,0.444444,0.222222,0,0.000000,0.000000,1,0.111111,0.111111,0,0.000000,0.000000,0,0.000000,0.000000,0,0.000000,0.000000,3,0.333333,0.000000,0,0.000000,0.000000,2,0.222222,0.000000,0,0.000000,0.000000,0,0.000000,0.000000,0,0.000000,0.000000,1,0.111111,0.000000,0,0.000000,0.000000,0,0.000000,0.000000,0,0.000000,0.000000,0,0.000000,0.000000,1,0.111111,0.000000,0,0.000000,0.000000,0,0.000000,0.000000,0,0.000000,0.000000,0,0.000000,0.000000,1,0.111111,0.000000,0,0.000000,0.000000,0,0.000000,0.000000,0,0.000000,0.000000,0,0.000000,0.000000,0,0.000000,0.000000,0,0.000000,0.000000,0,0.000000,0.000000,0,0.000000,0.000000
209,0.000935,0,0.000000,0.000000,1,0.333333,0.000000,0,0.000000,0.000000,0,0.000000,0.000000,1,0.333333,0.333333,0,0.000000,0.000000,0,0.000000,0.000000,0,0.000000,0.000000,0,0.000000,0.000000,0,0.000000,0.000000,0,0.000000,0.000000,0,0.000000,0.000000,2,0.666667,0.000000,0,0.000000,0.000000,0,0.000000,0.000000,0,0.000000,0.000000,0,0.000000,0.000000,0,0.000000,0.000000,2,0.666667,0.000000,0,0.000000,0.000000,1,0.333333,0.000000,0,0.000000,0.000000,0,0.000000,0.000000,0,0.000000,0.000000,2,0.666667,0.000000,0,0.000000,0.000000,1,0.333333,0.000000,0,0.000000,0.000000,0,0.000000,0.000000,1,0.333333,0.000000,0,0.000000,0.000000,0,0.000000,0.000000,0,0.000000,0.000000,0,0.000000,0.000000,2,0.666667,0.000000,0,0.000000,0.000000,0,0.000000,0.000000,0,0.000000,0.000000,0,0.000000,0.000000,0,0.000000,0.000000,0,0.000000,0.000000,0,0.000000,0.000000,0,0.000000,0.000000
210,0.000495,0,0.000000,0.000000,1,0.333333,0.333333,0,0.000000,0.000000,0,0.000000,0.000000,0,0.000000,0.000000,0,0.000000,0.000000,1,0.333333,0.000000,0,0.000000,0.000000,0,0.000000,0.000000,0,0.000000,0.000000,0,0.000000,0.000000,0,0.000000,0.000000,1,0.333333,0.000000,0,0.000000,0.000000,0,0.000000,0.000000,0,0.000000,0.000000,0,0.000000,0.000000,0,0.000000,0.000000,0,0.000000,0.000000,0,0.000000,0.000000,0,0.000000,0.000000,0,0.000000,0.000000,0,0.000000,0.000000,0,0.000000,0.000000,1,0.333333,0.333333,0,0.000000,0.000000,0,0.000000,0.000000,0,0.000000,0.000000,0,0.000000,0.000000,0,0.000000,0.000000,0,0.000000,0.000000,0,0.000000,0.000000,0,0.000000,0.000000,0,0.000000,0.000000,1,0.333333,0.000000,0,0.000000,0.000000,0,0.000000,0.000000,0,0.000000,0.000000,0,0.000000,0.000000,0,0.000000,0.000000,0,0.000000,0.000000,0,0.000000,0.000000,0,0.000000,0.000000
211,0.000640,0,0.000000,0.000000,0,0.000000,0.000000,0,0.000000,0.000000,0,0.000000,0.000000,0,0.000000,0.000000,0,0.000000,0.000000,1,0.200000,0.000000,0,0.000000,0.000000,0,0.000000,0.000000,2,0.400000,0.000000,0,0.000000,0.000000,0,0.000000,0.000000,3,0.600000,0.200000,0,0.000000,0.000000,0,0.000000,0.000000,0,0.000000,0.000000,0,0.000000,0.000000,0,0.000000,0.000000,0,0.000000,0.000000,0,0.000000,0.000000,1,0.200000,0.200000,0,0.000000,0.000000,0,0.000000,0.000000,0,0.000000,0.000000,0,0.000000,0.000000,0,0.000000,0.000000,0,0.000000,0.000000,0,0.000000,0.000000,0,0.000000,0.000000,0,0.000000,0.000000,0,0.000000,0.000000,1,0.200000,0.000000,0,0.000000,0.000000,0,0.000000,0.000000,1,0.200000,0.000000,0,0.000000,0.000000,0,0.000000,0.000000,0,0.000000,0.000000,0,0.000000,0.000000,0,0.000000,0.000000,0,0.000000,0.000000,0,0.000000,0.000000,0,0.000000,0.000000
212,0.000695,0,0.000000,0.000000,0,0.000000,0.000000,0,0.000000,0.000000,0,0.000000,0.000000,0,0.000000,0.000000,0,0.000000,0.000000,1,0.250000,0.250000,0,0.000000,0.000000,0,0.000000,0.000000,1,0.250000,0.000000,0,0.000000,0.000000,0,0.000000,0.000000,1,0.250000,0.000000,0,0.000000,0.000000,0,0.000000,0.000000,0,0.000000,0.000000,0,0.000000,0.000000,0,0.000000,0.000000,0,0.000000,0.000000,0,0.000000,0.000000,2,0.500000,0.500000,0,0.000000,0.000000,0,0.000000,0.000000,0,0.000000,0.000000,0,0.000000,0.000000,0,0.000000,0.000000,0,0.000000,0.000000,0,0.000000,0.000000,0,0.000000,0.000000,0,0.000000,0.000000,0,0.000000,0.000000,0,0.000000,0.000000,0,0.000000,0.000000,0,0.000000,0.000000,0,0.000000,0.000000,0,0.000000,0.000000,0,0.000000,0.000000,0,0.000000,0.000000,0,0.000000,0.000000,0,0.000000,0.000000,0,0.000000,0.000000,0,0.000000,0.000000,0,0.000000,0.000000
213,0.000465,0,0.000000,0.000000,0,0.000000,0.000000,0,0.000000,0.000000,0,0.000000,0.000000,1,0.333333,0.333333,0,0.000000,0.000000,0,0.000000,0.000000,0,0.000000,0.000000,0,0.000000,0.000000,1,0.333333,0.000000,0,0.000000,0.000000,0,0.000000,0.000000,2,0.666667,0.000000,0,0.000000,0.000000,0,0.000000,0.000000,0,0.000000,0.000000,0,0.000000,0.000000,0,0.000000,0.000000,0,0.000000,0.000000,0,0.000000,0.000000,0,0.000000,0.000000,0,0.000000,0.000000,0,0.000000,0.000000,0,0.000000,0.000000,0,0.000000,0.000000,0,0.000000,0.000000,0,0.000000,0.000000,0,0.000000,0.000000,0,0.000000,0.000000,0,0.000000,0.000000,0,0.000000,0.000000,1,0.333333,0.000000,0,0.000000,0.000000,0,0.000000,0.000000,1,0.333333,0.000000,0,0.000000,0.000000,0,0.000000,0.000000,0,0.000000,0.000000,0,0.000000,0.000000,0,0.000000,0.000000,0,0.000000,0.000000,0,0.000000,0.000000,0,0.000000,0.000000
214,0.000070,0,0.000000,0.000000,0,0.000000,0.000000,0,0.000000,0.000000,0,0.000000,0.000000,0,0.000000,0.000000,0,0.000000,0.000000,0,0.000000,0.000000,0,0.000000,0.000000,0,0.000000,0.000000,1,1.000000,0.000000,0,0.000000,0.000000,0,0.000000,0.000000,1,1.000000,0.000000,0,0.000000,0.000000,0,0.000000,0.000000,0,0.000000,0.000000,0,0.000000,0.000000,0,0.000000,0.000000,0,0.000000,0.000000,0,0.000000,0.000000,0,0.000000,0.000000,0,0.000000,0.000000,0,0.000000,0.000000,0,0.000000,0.000000,0,0.000000,0.000000,0,0.000000,0.000000,0,0.000000,0.000000,0,0.000000,0.000000,0,0.000000,0.000000,0,0.000000,0.000000,0,0.000000,0.000000,0,0.000000,0.000000,0,0.000000,0.000000,0,0.000000,0.000000,0,0.000000,0.000000,0,0.000000,0.000000,0,0.000000,0.000000,0,0.000000,0.000000,0,0.000000,0.000000,0,0.000000,0.000000,0,0.000000,0.000000,0,0.000000,0.000000,0,0.000000,0.000000
215,0.000390,0,0.000000,0.000000,0,0.000000,0.000000,0,0.000000,0.000000,0,0.000000,0.000000,0,0.000000,0.000000,0,0.000000,0.000000,0,0.000000,0.000000,0,0.000000,0.000000,0,0.000000,0.000000,1,1.000000,0.000000,0,0.000000,0.000000,0,0.000000,0.000000,1,1.000000,0.000000,0,0.000000,0.000000,0,0.000000,0.000000,0,0.000000,0.000000,0,0.000000,0.000000,0,0.000000,0.000000,0,0.000000,0.000000,0,0.000000,0.000000,0,0.000000,0.000000,0,0.000000,0.000000,0,0.000000,0.000000,0,0.000000,0.000000,0,0.000000,0.000000,0,0.000000,0.000000,0,0.000000,0.000000,0,0.000000,0.000000,0,0.000000,0.000000,0,0.000000,0.000000,0,0.000000,0.000000,1,1.000000,0.000000,0,0.000000,0.000000,0,0.000000,0.000000,1,1.000000,0.000000,0,0.000000,0.000000,0,0.000000,0.000000,0,0.000000,0.000000,0,0.000000,0.000000,0,0.000000,0.000000,0,0.000000,0.000000,0,0.000000,0.000000,0,0.000000,0.000000
216,0.000800,0,0.000000,0.000000,1,0.250000,0.250000,0,0.000000,0.000000,0,0.000000,0.000000,2,0.500000,0.250000,0,0.000000,0.000000,0,0.000000,0.000000,1,0.250000,0.000000,0,0.000000,0.000000,0,0.000000,0.000000,0,0.000000,0.000000,0,0.000000,0.000000,1,0.250000,0.250000,0,0.000000,0.000000,0,0.000000,0.000000,0,0.000000,0.000000,0,0.000000,0.000000,0,0.000000,0.000000,0,0.000000,0.000000,0,0.000000,0.000000,0,0.000000,0.000000,0,0.000000,0.000000,0,0.000000,0.000000,0,0.000000,0.000000,0,0.000000,0.000000,0,0.000000,0.000000,0,0.000000,0.000000,0,0.000000,0.000000,0,0.000000,0.000000,0,0.000000,0.000000,0,0.000000,0.000000,0,0.000000,0.000000,0,0.000000,0.000000,0,0.000000,0.000000,0,0.000000,0.000000,0,0.000000,0.000000,0,0.000000,0.000000,0,0.000000,0.000000,0,0.000000,0.000000,0,0.000000,0.000000,0,0.000000,0.000000,0,0.000000,0.000000,0,0.000000,0.000000
