Node,OccCentrality,Deg_L0,Rel_L0,ExRel_L0,Deg_L1,Rel_L1,ExRel_L1,Deg_L2,Rel_L2,ExRel_L2,Deg_L3,Rel_L3,ExRel_L3,Deg_L4,Rel_L4,ExRel_L4,Deg_L5,Rel_L5,ExRel_L5,Deg_L6,Rel_L6,ExRel_L6,Deg_L7,Rel_L7,ExRel_L7,Deg_L8,Rel_L8,ExRel_L8,Deg_L9,Rel_L9,ExRel_L9,Deg_L10,Rel_L10,ExRel_L10,Deg_L11,Rel_L11,ExRel_L11,Deg_L12,Rel_L12,ExRel_L12,Deg_L13,Rel_L13,ExRel_L13,Deg_L14,Rel_L14,ExRel_L14,Deg_L15,Rel_L15,ExRel_L15,Deg_L16,Rel_L16,ExRel_L16,Deg_L17,Rel_L17,ExRel_L17,Deg_L18,Rel_L18,ExRel_L18,Deg_L19,Rel_L19,ExRel_L19,Deg_L20,Rel_L20,ExRel_L20,Deg_L21,Rel_L21,ExRel_L21,Deg_L22,Rel_L22,ExRel_L22,Deg_L23,Rel_L23,ExRel_L23,Deg_L24,Rel_L24,ExRel_L24,Deg_L25,Rel_L25,ExRel_L25,Deg_L26,Rel_L26,ExRel_L26,Deg_L27,Rel_L27,ExRel_L27,Deg_L28,Rel_L28,ExRel_L28,Deg_L29,Rel_L29,ExRel_L29,Deg_L30,Rel_L30,ExRel_L30,Deg_L31,Rel_L31,ExRel_L31,Deg_L32,Rel_L32,ExRel_L32,Deg_L33,Rel_L33,ExRel_L33,Deg_L34,Rel_L34,ExRel_L34,Deg_L35,Rel_L35,ExRel_L35,Deg_L36,Rel_L36,ExRel_L36
0,0.001915,2,0.153846,0.153846,0,0.000000,0.000000,1,0.076923,0.076923,1,0.076923,0.000000,0,0.000000,0.000000,0,0.000000,0.000000,0,0.000000,0.000000,0,0.000000,0.000000,0,0.000000,0.000000,0,0.000000,0.000000,0,0.000000,0.000000,0,0.000000,0.000000,0,0.000000,0.000000,1,0.076923,0.076923,0,0.000000,0.000000,1,0.076923,0.076923,0,0.000000,0.000000,0,0.000000,0.000000,0,0.000000,0.000000,1,0.076923,0.076923,0,0.000000,0.000000,0,0.000000,0.000000,0,0.000000,0.000000,0,0.000000,0.000000,0,0.000000,0.000000,2,0.153846,0.153846,0,0.000000,0.000000,0,0.000000,0.000000,0,0.000000,0.000000,3,0.230769,0.076923,1,0.076923,0.076923,0,0.000000,0.000000,1,0.076923,0.076923,0,0.000000,0.000000,0,0.000000,0.000000,1,0.076923,0.000000,1,0.076923,0.000000
1,0.015780,77,0.846154,0.483516,0,0.000000,0.000000,0,0.000000,0.000000,2,0.021978,0.010989,1,0.010989,0.000000,7,0.076923,0.032967,1,0.010989,0.000000,4,0.043956,0.000000,1,0.010989,0.000000,2,0.021978,0.000000,1,0.010989,0.000000,1,0.010989,0.000000,0,0.000000,0.000000,2,0.021978,0.010989,3,0.032967,0.010989,0,0.000000,0.000000,1,0.010989,0.000000,0,0.000000,0.000000,1,0.010989,0.000000,5,0.054945,0.000000,0,0.000000,0.000000,1,0.010989,0.000000,1,0.010989,0.000000,0,0.000000,0.000000,0,0.000000,0.000000,3,0.032967,0.010989,0,0.000000,0.000000,1,0.010989,0.000000,5,0.054945,0.054945,2,0.021978,0.010989,1,0.010989,0.000000,2,0.021978,0.010989,1,0.010989,0.000000,1,0.010989,0.000000,0,0.000000,0.000000,0,0.000000,0.000000,0,0.000000,0.000000
2,0.011090,4,0.070175,0.017544,0,0.000000,0.000000,1,0.017544,0.017544,0,0.000000,0.000000,1,0.017544,0.017544,13,0.228070,0.140351,1,0.017544,0.017544,0,0.000000,0.000000,1,0.017544,0.017544,0,0.000000,0.000000,0,0.000000,0.000000,0,0.000000,0.000000,0,0.000000,0.000000,1,0.017544,0.000000,0,0.000000,0.000000,1,0.017544,0.017544,0,0.000000,0.000000,0,0.000000,0.000000,0,0.000000,0.000000,0,0.000000,0.000000,0,0.000000,0.000000,0,0.000000,0.000000,0,0.000000,0.000000,37,0.649123,0.508772,2,0.035088,0.000000,4,0.070175,0.070175,0,0.000000,0.000000,0,0.000000,0.000000,3,0.052632,0.000000,0,0.000000,0.000000,0,0.000000,0.000000,1,0.017544,0.000000,0,0.000000,0.000000,0,0.000000,0.000000,0,0.000000,0.000000,0,0.000000,0.000000,0,0.000000,0.000000
3,0.004885,0,0.000000,0.000000,16,0.571429,0.464286,0,0.000000,0.000000,0,0.000000,0.000000,0,0.000000,0.000000,0,0.000000,0.000000,0,0.000000,0.000000,0,0.000000,0.000000,0,0.000000,0.000000,0,0.000000,0.000000,0,0.000000,0.000000,0,0.000000,0.000000,0,0.000000,0.000000,0,0.000000,0.000000,1,0.035714,0.035714,0,0.000000,0.000000,0,0.000000,0.000000,0,0.000000,0.000000,0,0.000000,0.000000,0,0.000000,0.000000,0,0.000000,0.000000,0,0.000000,0.000000,0,0.000000,0.000000,0,0.000000,0.000000,0,0.000000,0.000000,3,0.107143,0.071429,0,0.000000,0.000000,0,0.000000,0.000000,0,0.000000,0.000000,0,0.000000,0.000000,0,0.000000,0.000000,10,0.357143,0.250000,0,0.000000,0.000000,0,0.000000,0.000000,0,0.000000,0.000000,2,0.071429,0.035714,0,0.000000,0.000000
4,0.001790,0,0.000000,0.000000,0,0.000000,0.000000,0,0.000000,0.000000,0,0.000000,0.000000,0,0.000000,0.000000,0,0.000000,0.000000,0,0.000000,0.000000,0,0.000000,0.000000,0,0.000000,0.000000,0,0.000000,0.000000,0,0.000000,0.000000,0,0.000000,0.000000,0,0.000000,0.000000,0,0.000000,0.000000,11,1.000000,1.000000,0,0.000000,0.000000,0,0.000000,0.000000,0,0.000000,0.000000,0,0.000000,0.000000,0,0.000000,0.000000,0,0.000000,0.000000,0,0.000000,0.000000,0,0.000000,0.000000,0,0.000000,0.000000,0,0.000000,0.000000,0,0.000000,0.000000,0,0.000000,0.000000,0,0.000000,0.000000,0,0.000000,0.000000,0,0.000000,0.000000,0,0.000000,0.000000,0,0.000000,0.000000,0,0.000000,0.000000,0,0.000000,0.000000,0,0.000000,0.000000,0,0.000000,0.000000,0,0.000000,0.000000
5,0.006265,1,0.034483,0.000000,0,0.000000,0.000000,0,0.000000,0.000000,0,0.000000,0.000000,4,0.137931,0.034483,0,0.000000,0.000000,0,0.000000,0.000000,0,0.000000,0.000000,0,0.000000,0.000000,0,0.000000,0.000000,0,0.000000,0.000000,0,0.000000,0.000000,0,0.000000,0.000000,0,0.000000,0.000000,0,0.000000,0.000000,0,0.000000,0.000000,0,0.000000,0.000000,0,0.000000,0.000000,0,0.000000,0.000000,0,0.000000,0.000000,0,0.000000,0.000000,0,0.000000,0.000000,1,0.034483,0.034483,1,0.034483,0.000000,9,0.310345,0.137931,0,0.000000,0.000000,2,0.068966,0.068966,0,0.000000,0.000000,19,0.655172,0.482759,0,0.000000,0.000000,0,0.000000,0.000000,0,0.000000,0.000000,0,0.000000,0.000000,0,0.000000,0.000000,0,0.000000,0.000000,0,0.000000,0.000000,0,0.000000,0.000000
6,0.019130,6,0.076923,0.000000,0,0.000000,0.000000,26,0.333333,0.153846,1,0.012821,0.000000,1,0.012821,0.000000,1,0.012821,0.000000,50,0.641026,0.256410,3,0.038462,0.000000,1,0.012821,0.000000,2,0.025641,0.000000,1,0.012821,0.012821,0,0.000000,0.000000,0,0.000000,0.000000,1,0.012821,0.000000,4,0.051282,0.025641,0,0.000000,0.000000,0,0.000000,0.000000,1,0.012821,0.012821,1,0.012821,0.000000,2,0.025641,0.000000,3,0.038462,0.025641,0,0.000000,0.000000,2,0.025641,0.025641,0,0.000000,0.000000,0,0.000000,0.000000,0,0.000000,0.000000,0,0.000000,0.000000,1,0.012821,0.000000,0,0.000000,0.000000,1,0.012821,0.000000,1,0.012821,0.000000,4,0.051282,0.038462,1,0.012821,0.000000,1,0.012821,0.012821,0,0.000000,0.000000,3,0.038462,0.012821,0,0.000000,0.000000
7,0.003110,2,0.086957,0.086957,0,0.000000,0.000000,8,0.347826,0.217391,1,0.043478,0.043478,1,0.043478,0.043478,0,0.000000,0.000000,2,0.086957,0.000000,0,0.000000,0.000000,1,0.043478,0.043478,1,0.043478,0.000000,0,0.000000,0.000000,0,0.000000,0.000000,0,0.000000,0.000000,0,0.000000,0.000000,0,0.000000,0.000000,0,0.000000,0.000000,1,0.043478,0.043478,1,0.043478,0.043478,0,0.000000,0.000000,0,0.000000,0.000000,3,0.130435,0.130435,2,0.086957,0.043478,1,0.043478,0.043478,0,0.000000,0.000000,0,0.000000,0.000000,0,0.000000,0.000000,0,0.000000,0.000000,0,0.000000,0.000000,0,0.000000,0.000000,0,0.000000,0.000000,0,0.000000,0.000000,0,0.000000,0.000000,0,0.000000,0.000000,0,0.000000,0.000000,0,0.000000,0.000000,3,0.130435,0.086957,0,0.000000,0.000000
8,0.002080,1,0.055556,0.055556,1,0.055556,0.055556,8,0.444444,0.444444,0,0.000000,0.000000,0,0.000000,0.000000,0,0.000000,0.000000,0,0.000000,0.000000,0,0.000000,0.000000,1,0.055556,0.055556,0,0.000000,0.000000,0,0.000000,0.000000,0,0.000000,0.000000,0,0.000000,0.000000,0,0.000000,0.000000,6,0.333333,0.333333,0,0.000000,0.000000,0,0.000000,0.000000,1,0.055556,0.055556,0,0.000000,0.000000,0,0.000000,0.000000,0,0.000000,0.000000,0,0.000000,0.000000,0,0.000000,0.000000,0,0.000000,0.000000,0,0.000000,0.000000,0,0.000000,0.000000,0,0.000000,0.000000,0,0.000000,0.000000,0,0.000000,0.000000,0,0.000000,0.000000,0,0.000000,0.000000,0,0.000000,0.000000,0,0.000000,0.000000,0,0.000000,0.000000,0,0.000000,0.000000,0,0.000000,0.000000,0,0.000000,0.000000
9,0.010045,3,0.081081,0.027027,0,0.000000,0.000000,0,0.000000,0.000000,0,0.000000,0.000000,0,0.000000,0.000000,2,0.054054,0.027027,1,0.027027,0.000000,0,0.000000,0.000000,0,0.000000,0.000000,0,0.000000,0.000000,0,0.000000,0.000000,0,0.000000,0.000000,0,0.000000,0.000000,1,0.027027,0.027027,0,0.000000,0.000000,0,0.000000,0.000000,0,0.000000,0.000000,0,0.000000,0.000000,0,0.000000,0.000000,0,0.000000,0.000000,0,0.000000,0.000000,0,0.000000,0.000000,0,0.000000,0.000000,2,0.054054,0.000000,0,0.000000,0.000000,1,0.027027,0.027027,0,0.000000,0.000000,1,0.027027,0.027027,0,0.000000,0.000000,0,0.000000,0.000000,0,0.000000,0.000000,32,0.864865,0.729730,0,0.000000,0.000000,0,0.000000,0.000000,0,0.000000,0.000000,0,0.000000,0.000000,0,0.000000,0.000000
10,0.007435,0,0.000000,0.000000,44,0.721311,0.688525,0,0.000000,0.000000,0,0.000000,0.000000,0,0.000000,0.000000,0,0.000000,0.000000,0,0.000000,0.000000,0,0.000000,0.000000,0,0.000000,0.000000,1,0.016393,0.016393,0,0.000000,0.000000,0,0.000000,0.000000,0,0.000000,0.000000,0,0.000000,0.000000,0,0.000000,0.000000,9,0.147541,0.131148,0,0.000000,0.000000,0,0.000000,0.000000,0,0.000000,0.000000,0,0.000000,0.000000,0,0.000000,0.000000,0,0.000000,0.000000,0,0.000000,0.000000,0,0.000000,0.000000,1,0.016393,0.016393,0,0.000000,0.000000,0,0.000000,0.000000,0,0.000000,0.000000,0,0.000000,0.000000,0,0.000000,0.000000,0,0.000000,0.000000,8,0.131148,0.114754,0,0.000000,0.000000,0,0.000000,0.000000,0,0.000000,0.000000,0,0.000000,0.000000,0,0.000000,0.000000
11,0.013545,0,0.000000,0.000000,85,0.758929,0.705357,22,0.196429,0.151786,2,0.017857,0.008929,1,0.008929,0.008929,3,0.026786,0.026786,0,0.000000,0.000000,0,0.000000,0.000000,0,0.000000,0.000000,0,0.000000,0.000000,0,0.000000,0.000000,0,0.000000,0.000000,0,0.000000,0.000000,0,0.000000,0.000000,0,0.000000,0.000000,0,0.000000,0.000000,0,0.000000,0.000000,0,0.000000,0.000000,0,0.000000,0.000000,0,0.000000,0.000000,0,0.000000,0.000000,0,0.000000,0.000000,0,0.000000,0.000000,3,0.026786,0.026786,2,0.017857,0.017857,0,0.000000,0.000000,0,0.000000,0.000000,0,0.000000,0.000000,0,0.000000,0.000000,0,0.000000,0.000000,0,0.000000,0.000000,0,0.000000,0.000000,0,0.000000,0.000000,0,0.000000,0.000000,0,0.000000,0.000000,0,0.000000,0.000000,0,0.000000,0.000000
12,0.000910,1,0.200000,0.200000,0,0.000000,0.000000,0,0.000000,0.000000,0,0.000000,0.000000,3,0.600000,0.600000,0,0.000000,0.000000,0,0.000000,0.000000,0,0.000000,0.000000,0,0.000000,0.000000,0,0.000000,0.000000,0,0.000000,0.000000,0,0.000000,0.000000,0,0.000000,0.000000,0,0.000000,0.000000,0,0.000000,0.000000,0,0.000000,0.000000,0,0.000000,0.000000,0,0.000000,0.000000,0,0.000000,0.000000,0,0.000000,0.000000,0,0.000000,0.000000,0,0.000000,0.000000,0,0.000000,0.000000,0,0.000000,0.000000,1,0.200000,0.200000,0,0.000000,0.000000,0,0.000000,0.000000,0,0.000000,0.000000,0,0.000000,0.000000,0,0.000000,0.000000,0,0.000000,0.000000,0,0.000000,0.000000,0,0.000000,0.000000,0,0.000000,0.000000,0,0.000000,0.000000,0,0.000000,0.000000,0,0.000000,0.000000
13,0.014010,3,0.042857,0.000000,0,0.000000,0.000000,6,0.085714,0.057143,1,0.014286,0.000000,1,0.014286,0.000000,0,0.000000,0.000000,1,0.014286,0.000000,1,0.014286,0.014286,1,0.014286,0.000000,2,0.028571,0.000000,2,0.028571,0.028571,1,0.014286,0.000000,0,0.000000,0.000000,1,0.014286,0.000000,0,0.000000,0.000000,0,0.000000,0.000000,0,0.000000,0.000000,1,0.014286,0.000000,0,0.000000,0.000000,2,0.028571,0.028571,1,0.014286,0.000000,0,0.000000,0.000000,0,0.000000,0.000000,1,0.014286,0.014286,1,0.014286,0.014286,3,0.042857,0.028571,1,0.014286,0.000000,0,0.000000,0.000000,0,0.000000,0.000000,30,0.428571,0.071429,1,0.014286,0.014286,3,0.042857,0.028571,1,0.014286,0.014286,0,0.000000,0.000000,0,0.000000,0.000000,3,0.042857,0.014286,35,0.500000,0.285714
14,0.028570,3,0.029126,0.000000,0,0.000000,0.000000,15,0.145631,0.038835,2,0.019417,0.000000,1,0.009709,0.000000,1,0.009709,0.000000,2,0.019417,0.009709,3,0.029126,0.000000,62,0.601942,0.291262,4,0.038835,0.019417,1,0.009709,0.000000,1,0.009709,0.000000,2,0.019417,0.000000,1,0.009709,0.000000,2,0.019417,0.019417,0,0.000000,0.000000,2,0.019417,0.009709,0,0.000000,0.000000,1,0.009709,0.000000,1,0.009709,0.000000,5,0.048544,0.000000,0,0.000000,0.000000,2,0.019417,0.019417,0,0.000000,0.000000,1,0.009709,0.000000,10,0.097087,0.019417,29,0.281553,0.165049,0,0.000000,0.000000,0,0.000000,0.000000,0,0.000000,0.000000,1,0.009709,0.000000,1,0.009709,0.009709,1,0.009709,0.000000,1,0.009709,0.009709,0,0.000000,0.000000,0,0.000000,0.000000,1,0.009709,0.000000
15,0.008750,0,0.000000,0.000000,0,0.000000,0.000000,0,0.000000,0.000000,0,0.000000,0.000000,4,0.111111,0.055556,1,0.027778,0.000000,0,0.000000,0.000000,0,0.000000,0.000000,0,0.000000,0.000000,0,0.000000,0.000000,0,0.000000,0.000000,0,0.000000,0.000000,1,0.027778,0.027778,1,0.027778,0.000000,0,0.000000,0.000000,0,0.000000,0.000000,0,0.000000,0.000000,0,0.000000,0.000000,0,0.000000,0.000000,0,0.000000,0.000000,0,0.000000,0.000000,0,0.000000,0.000000,0,0.000000,0.000000,2,0.055556,0.000000,12,0.333333,0.166667,0,0.000000,0.000000,1,0.027778,0.027778,0,0.000000,0.000000,26,0.722222,0.472222,0,0.000000,0.000000,0,0.000000,0.000000,0,0.000000,0.000000,0,0.000000,0.000000,0,0.000000,0.000000,0,0.000000,0.000000,0,0.000000,0.000000,0,0.000000,0.000000
16,0.004530,3,0.088235,0.029412,11,0.323529,0.294118,0,0.000000,0.000000,0,0.000000,0.000000,0,0.000000,0.000000,1,0.029412,0.000000,1,0.029412,0.000000,1,0.029412,0.029412,1,0.029412,0.029412,0,0.000000,0.000000,1,0.029412,0.029412,0,0.000000,0.000000,0,0.000000,0.000000,0,0.000000,0.000000,18,0.529412,0.411765,0,0.000000,0.000000,0,0.000000,0.000000,1,0.029412,0.029412,0,0.000000,0.000000,0,0.000000,0.000000,0,0.000000,0.000000,0,0.000000,0.000000,1,0.029412,0.000000,0,0.000000,0.000000,0,0.000000,0.000000,0,0.000000,0.000000,0,0.000000,0.000000,0,0.000000,0.000000,0,0.000000,0.000000,0,0.000000,0.000000,0,0.000000,0.000000,0,0.000000,0.000000,0,0.000000,0.000000,0,0.000000,0.000000,0,0.000000,0.000000,0,0.000000,0.000000,0,0.000000,0.000000
17,0.005465,2,0.043478,0.021739,15,0.326087,0.304348,13,0.282609,0.260870,0,0.000000,0.000000,0,0.000000,0.000000,0,0.000000,0.000000,0,0.000000,0.000000,0,0.000000,0.000000,1,0.021739,0.000000,0,0.000000,0.000000,0,0.000000,0.000000,0,0.000000,0.000000,2,0.043478,0.043478,0,0.000000,0.000000,8,0.173913,0.173913,0,0.000000,0.000000,0,0.000000,0.000000,0,0.000000,0.000000,0,0.000000,0.000000,0,0.000000,0.000000,0,0.000000,0.000000,0,0.000000,0.000000,1,0.021739,0.000000,1,0.021739,0.021739,0,0.000000,0.000000,4,0.086957,0.065217,0,0.000000,0.000000,0,0.000000,0.000000,0,0.000000,0.000000,0,0.000000,0.000000,0,0.000000,0.000000,1,0.021739,0.021739,0,0.000000,0.000000,0,0.000000,0.000000,0,0.000000,0.000000,1,0.021739,0.021739,0,0.000000,0.000000
18,0.009585,0,0.000000,0.000000,0,0.000000,0.000000,0,0.000000,0.000000,0,0.000000,0.000000,0,0.000000,0.000000,0,0.000000,0.000000,0,0.000000,0.000000,0,0.000000,0.000000,0,0.000000,0.000000,0,0.000000,0.000000,0,0.000000,0.000000,0,0.000000,0.000000,0,0.000000,0.000000,0,0.000000,0.000000,0,0.000000,0.000000,0,0.000000,0.000000,0,0.000000,0.000000,0,0.000000,0.000000,0,0.000000,0.000000,0,0.000000,0.000000,0,0.000000,0.000000,0,0.000000,0.000000,0,0.000000,0.000000,0,0.000000,0.000000,0,0.000000,0.000000,0,0.000000,0.000000,0,0.000000,0.000000,0,0.000000,0.000000,0,0.000000,0.000000,0,0.000000,0.000000,0,0.000000,0.000000,0,0.000000,0.000000,0,0.000000,0.000000,0,0.000000,0.000000,0,0.000000,0.000000,35,1.000000,1.000000,0,0.000000,0.000000
19,0.004335,2,0.050000,0.050000,19,0.475000,0.375000,1,0.025000,0.000000,1,0.025000,0.000000,1,0.025000,0.025000,0,0.000000,0.000000,2,0.050000,0.050000,1,0.025000,0.025000,1,0.025000,0.025000,6,0.150000,0.050000,0,0.000000,0.000000,0,0.000000,0.000000,0,0.000000,0.000000,2,0.050000,0.050000,0,0.000000,0.000000,0,0.000000,0.000000,1,0.025000,0.025000,1,0.025000,0.025000,0,0.000000,0.000000,0,0.000000,0.000000,0,0.000000,0.000000,2,0.050000,0.025000,0,0.000000,0.000000,1,0.025000,0.025000,0,0.000000,0.000000,0,0.000000,0.000000,0,0.000000,0.000000,0,0.000000,0.000000,0,0.000000,0.000000,0,0.000000,0.000000,1,0.025000,0.025000,1,0.025000,0.025000,0,0.000000,0.000000,0,0.000000,0.000000,0,0.000000,0.000000,3,0.075000,0.050000,0,0.000000,0.000000
20,0.002495,0,0.000000,0.000000,0,0.000000,0.000000,15,0.833333,0.666667,0,0.000000,0.000000,0,0.000000,0.000000,0,0.000000,0.000000,0,0.000000,0.000000,0,0.000000,0.000000,0,0.000000,0.000000,0,0.000000,0.000000,0,0.000000,0.000000,0,0.000000,0.000000,0,0.000000,0.000000,0,0.000000,0.000000,0,0.000000,0.000000,0,0.000000,0.000000,0,0.000000,0.000000,0,0.000000,0.000000,0,0.000000,0.000000,0,0.000000,0.000000,0,0.000000,0.000000,0,0.000000,0.000000,5,0.277778,0.111111,0,0.000000,0.000000,0,0.000000,0.000000,0,0.000000,0.000000,0,0.000000,0.000000,0,0.000000,0.000000,0,0.000000,0.000000,0,0.000000,0.000000,0,0.000000,0.000000,1,0.055556,0.000000,0,0.000000,0.000000,0,0.000000,0.000000,0,0.000000,0.000000,1,0.055556,0.000000,0,0.000000,0.000000
21,0.019735,3,0.037975,0.037975,0,0.000000,0.000000,4,0.050633,0.025316,1,0.012658,0.000000,3,0.037975,0.037975,0,0.000000,0.000000,0,0.000000,0.000000,3,0.037975,0.012658,1,0.012658,0.012658,2,0.025316,0.000000,2,0.025316,0.025316,1,0.012658,0.000000,0,0.000000,0.000000,1,0.012658,0.000000,2,0.025316,0.012658,0,0.000000,0.000000,2,0.025316,0.000000,43,0.544304,0.303797,1,0.012658,0.012658,1,0.012658,0.000000,1,0.012658,0.000000,2,0.025316,0.025316,1,0.012658,0.012658,0,0.000000,0.000000,3,0.037975,0.037975,10,0.126582,0.088608,1,0.012658,0.012658,0,0.000000,0.000000,0,0.000000,0.000000,1,0.012658,0.000000,1,0.012658,0.000000,10,0.126582,0.063291,1,0.012658,0.000000,1,0.012658,0.012658,0,0.000000,0.000000,2,0.025316,0.025316,0,0.000000,0.000000
22,0.001260,0,0.000000,0.000000,0,0.000000,0.000000,0,0.000000,0.000000,0,0.000000,0.000000,3,0.500000,0.333333,0,0.000000,0.000000,0,0.000000,0.000000,0,0.000000,0.000000,0,0.000000,0.000000,0,0.000000,0.000000,0,0.000000,0.000000,0,0.000000,0.000000,0,0.000000,0.000000,0,0.000000,0.000000,0,0.000000,0.000000,0,0.000000,0.000000,0,0.000000,0.000000,0,0.000000,0.000000,0,0.000000,0.000000,0,0.000000,0.000000,0,0.000000,0.000000,0,0.000000,0.000000,0,0.000000,0.000000,0,0.000000,0.000000,4,0.666667,0.166667,0,0.000000,0.000000,0,0.000000,0.000000,0,0.000000,0.000000,3,0.500000,0.000000,0,0.000000,0.000000,0,0.000000,0.000000,0,0.000000,0.000000,0,0.000000,0.000000,0,0.000000,0.000000,0,0.000000,0.000000,0,0.000000,0.000000,0,0.000000,0.000000
23,0.023685,2,0.024390,0.000000,0,0.000000,0.000000,0,0.000000,0.000000,1,0.012195,0.000000,82,1.000000,0.829268,0,0.000000,0.000000,1,0.012195,0.000000,0,0.000000,0.000000,1,0.012195,0.000000,1,0.012195,0.000000,1,0.012195,0.000000,1,0.012195,0.000000,0,0.000000,0.000000,1,0.012195,0.000000,0,0.000000,0.000000,0,0.000000,0.000000,0,0.000000,0.000000,0,0.000000,0.000000,0,0.000000,0.000000,0,0.000000,0.000000,0,0.000000,0.000000,0,0.000000,0.000000,0,0.000000,0.000000,0,0.000000,0.000000,1,0.012195,0.000000,0,0.000000,0.000000,0,0.000000,0.000000,0,0.000000,0.000000,1,0.012195,0.000000,1,0.012195,0.000000,0,0.000000,0.000000,0,0.000000,0.000000,1,0.012195,0.000000,1,0.012195,0.000000,0,0.000000,0.000000,0,0.000000,0.000000,1,0.012195,0.000000
24,0.000965,0,0.000000,0.000000,0,0.000000,0.000000,0,0.000000,0.000000,0,0.000000,0.000000,2,0.400000,0.400000,0,0.000000,0.000000,0,0.000000,0.000000,0,0.000000,0.000000,0,0.000000,0.000000,0,0.000000,0.000000,0,0.000000,0.000000,0,0.000000,0.000000,0,0.000000,0.000000,0,0.000000,0.000000,0,0.000000,0.000000,0,0.000000,0.000000,0,0.000000,0.000000,0,0.000000,0.000000,0,0.000000,0.000000,0,0.000000,0.000000,0,0.000000,0.000000,0,0.000000,0.000000,0,0.000000,0.000000,0,0.000000,0.000000,1,0.200000,0.000000,0,0.000000,0.000000,0,0.000000,0.000000,0,0.000000,0.000000,3,0.600000,0.400000,0,0.000000,0.000000,0,0.000000,0.000000,0,0.000000,0.000000,0,0.000000,0.000000,0,0.000000,0.000000,0,0.000000,0.000000,0,0.000000,0.000000,0,0.000000,0.000000
25,0.015900,4,0.062500,0.015625,0,0.000000,0.000000,6,0.093750,0.046875,1,0.015625,0.015625,1,0.015625,0.015625,0,0.000000,0.000000,1,0.015625,0.000000,0,0.000000,0.000000,1,0.015625,0.000000,0,0.000000,0.000000,3,0.046875,0.015625,0,0.000000,0.000000,3,0.046875,0.031250,1,0.015625,0.015625,0,0.000000,0.000000,5,0.078125,0.062500,0,0.000000,0.000000,1,0.015625,0.000000,1,0.015625,0.000000,1,0.015625,0.000000,1,0.015625,0.000000,0,0.000000,0.000000,1,0.015625,0.015625,1,0.015625,0.015625,0,0.000000,0.000000,5,0.078125,0.062500,0,0.000000,0.000000,0,0.000000,0.000000,0,0.000000,0.000000,0,0.000000,0.000000,41,0.640625,0.437500,0,0.000000,0.000000,1,0.015625,0.000000,0,0.000000,0.000000,0,0.000000,0.000000,2,0.031250,0.031250,0,0.000000,0.000000
26,0.014205,2,0.031746,0.000000,0,0.000000,0.000000,6,0.095238,0.031746,1,0.015873,0.000000,2,0.031746,0.031746,2,0.031746,0.000000,1,0.015873,0.000000,42,0.666667,0.365079,1,0.015873,0.000000,0,0.000000,0.000000,2,0.031746,0.015873,1,0.015873,0.015873,14,0.222222,0.063492,1,0.015873,0.000000,0,0.000000,0.000000,0,0.000000,0.000000,1,0.015873,0.015873,1,0.015873,0.000000,1,0.015873,0.000000,1,0.015873,0.000000,0,0.000000,0.000000,0,0.000000,0.000000,0,0.000000,0.000000,1,0.015873,0.015873,1,0.015873,0.015873,0,0.000000,0.000000,0,0.000000,0.000000,1,0.015873,0.000000,0,0.000000,0.000000,0,0.000000,0.000000,1,0.015873,0.000000,2,0.031746,0.015873,1,0.015873,0.015873,1,0.015873,0.015873,2,0.031746,0.031746,0,0.000000,0.000000,0,0.000000,0.000000
27,0.009175,5,0.104167,0.041667,0,0.000000,0.000000,0,0.000000,0.000000,1,0.020833,0.000000,2,0.041667,0.041667,1,0.020833,0.000000,1,0.020833,0.000000,29,0.604167,0.270833,1,0.020833,0.000000,0,0.000000,0.000000,1,0.020833,0.000000,1,0.020833,0.020833,15,0.312500,0.083333,1,0.020833,0.000000,0,0.000000,0.000000,0,0.000000,0.000000,1,0.020833,0.020833,0,0.000000,0.000000,2,0.041667,0.020833,1,0.020833,0.020833,0,0.000000,0.000000,0,0.000000,0.000000,0,0.000000,0.000000,2,0.041667,0.020833,0,0.000000,0.000000,0,0.000000,0.000000,0,0.000000,0.000000,1,0.020833,0.000000,0,0.000000,0.000000,0,0.000000,0.000000,1,0.020833,0.020833,1,0.020833,0.020833,1,0.020833,0.000000,1,0.020833,0.020833,0,0.000000,0.000000,0,0.000000,0.000000,0,0.000000,0.000000
28,0.005825,1,0.035714,0.035714,0,0.000000,0.000000,0,0.000000,0.000000,0,0.000000,0.000000,26,0.928571,0.857143,0,0.000000,0.000000,0,0.000000,0.000000,0,0.000000,0.000000,0,0.000000,0.000000,1,0.035714,0.035714,0,0.000000,0.000000,0,0.000000,0.000000,0,0.000000,0.000000,0,0.000000,0.000000,0,0.000000,0.000000,0,0.000000,0.000000,0,0.000000,0.000000,0,0.000000,0.000000,0,0.000000,0.000000,0,0.000000,0.000000,0,0.000000,0.000000,0,0.000000,0.000000,0,0.000000,0.000000,0,0.000000,0.000000,2,0.071429,0.000000,0,0.000000,0.000000,0,0.000000,0.000000,0,0.000000,0.000000,0,0.000000,0.000000,0,0.000000,0.000000,0,0.000000,0.000000,0,0.000000,0.000000,0,0.000000,0.000000,0,0.000000,0.000000,0,0.000000,0.000000,0,0.000000,0.000000,0,0.000000,0.000000
29,0.003665,2,0.083333,0.041667,8,0.333333,0.291667,4,0.166667,0.125000,0,0.000000,0.000000,0,0.000000,0.000000,0,0.000000,0.000000,0,0.000000,0.000000,0,0.000000,0.000000,0,0.000000,0.000000,0,0.000000,0.000000,0,0.000000,0.000000,0,0.000000,0.000000,3,0.125000,0.125000,1,0.041667,0.000000,0,0.000000,0.000000,0,0.000000,0.000000,0,0.000000,0.000000,1,0.041667,0.041667,0,0.000000,0.000000,6,0.250000,0.125000,0,0.000000,0.000000,0,0.000000,0.000000,1,0.041667,0.000000,0,0.000000,0.000000,0,0.000000,0.000000,0,0.000000,0.000000,0,0.000000,0.000000,0,0.000000,0.000000,1,0.041667,0.041667,0,0.000000,0.000000,1,0.041667,0.041667,0,0.000000,0.000000,0,0.000000,0.000000,0,0.000000,0.000000,0,0.000000,0.000000,0,0.000000,0.000000,0,0.000000,0.000000
30,0.014145,4,0.067797,0.000000,0,0.000000,0.000000,0,0.000000,0.000000,1,0.016949,0.000000,1,0.016949,0.016949,1,0.016949,0.016949,1,0.016949,0.000000,26,0.440678,0.033898,1,0.016949,0.000000,0,0.000000,0.000000,1,0.016949,0.000000,0,0.000000,0.000000,41,0.694915,0.305085,1,0.016949,0.000000,0,0.000000,0.000000,0,0.000000,0.000000,1,0.016949,0.016949,1,0.016949,0.000000,1,0.016949,0.000000,0,0.000000,0.000000,0,0.000000,0.000000,0,0.000000,0.000000,0,0.000000,0.000000,0,0.000000,0.000000,0,0.000000,0.000000,2,0.033898,0.016949,0,0.000000,0.000000,0,0.000000,0.000000,0,0.000000,0.000000,0,0.000000,0.000000,0,0.000000,0.000000,1,0.016949,0.016949,0,0.000000,0.000000,1,0.016949,0.000000,6,0.101695,0.101695,0,0.000000,0.000000,0,0.000000,0.000000
31,0.002025,4,0.266667,0.266667,5,0.333333,0.333333,0,0.000000,0.000000,0,0.000000,0.000000,0,0.000000,0.000000,0,0.000000,0.000000,1,0.066667,0.066667,0,0.000000,0.000000,1,0.066667,0.066667,0,0.000000,0.000000,0,0.000000,0.000000,0,0.000000,0.000000,1,0.066667,0.066667,0,0.000000,0.000000,0,0.000000,0.000000,0,0.000000,0.000000,0,0.000000,0.000000,0,0.000000,0.000000,0,0.000000,0.000000,0,0.000000,0.000000,0,0.000000,0.000000,0,0.000000,0.000000,0,0.000000,0.000000,0,0.000000,0.000000,0,0.000000,0.000000,0,0.000000,0.000000,0,0.000000,0.000000,0,0.000000,0.000000,0,0.000000,0.000000,0,0.000000,0.000000,0,0.000000,0.000000,1,0.066667,0.066667,0,0.000000,0.000000,1,0.066667,0.066667,0,0.000000,0.000000,1,0.066667,0.066667,0,0.000000,0.000000
32,0.005825,0,0.000000,0.000000,7,0.166667,0.142857,22,0.523810,0.523810,0,0.000000,0.000000,0,0.000000,0.000000,0,0.000000,0.000000,0,0.000000,0.000000,0,0.000000,0.000000,0,0.000000,0.000000,0,0.000000,0.000000,0,0.000000,0.000000,0,0.000000,0.000000,3,0.071429,0.047619,0,0.000000,0.000000,0,0.000000,0.000000,0,0.000000,0.000000,0,0.000000,0.000000,0,0.000000,0.000000,0,0.000000,0.000000,0,0.000000,0.000000,0,0.000000,0.000000,0,0.000000,0.000000,1,0.023810,0.000000,6,0.142857,0.119048,1,0.023810,0.000000,2,0.047619,0.047619,0,0.000000,0.000000,0,0.000000,0.000000,3,0.071429,0.047619,0,0.000000,0.000000,0,0.000000,0.000000,0,0.000000,0.000000,0,0.000000,0.000000,0,0.000000,0.000000,0,0.000000,0.000000,0,0.000000,0.000000,0,0.000000,0.000000
33,0.008120,17,0.309091,0.072727,0,0.000000,0.000000,30,0.545455,0.218182,1,0.018182,0.000000,1,0.018182,0.018182,3,0.054545,0.018182,4,0.072727,0.018182,1,0.018182,0.000000,1,0.018182,0.000000,2,0.036364,0.018182,1,0.018182,0.018182,1,0.018182,0.000000,0,0.000000,0.000000,1,0.018182,0.000000,2,0.036364,0.036364,0,0.000000,0.000000,2,0.036364,0.000000,1,0.018182,0.000000,1,0.018182,0.018182,1,0.018182,0.000000,3,0.054545,0.036364,1,0.018182,0.000000,1,0.018182,0.018182,2,0.036364,0.036364,0,0.000000,0.000000,1,0.018182,0.018182,1,0.018182,0.018182,1,0.018182,0.000000,0,0.000000,0.000000,1,0.018182,0.000000,1,0.018182,0.000000,2,0.036364,0.000000,1,0.018182,0.000000,0,0.000000,0.000000,0,0.000000,0.000000,0,0.000000,0.000000,0,0.000000,0.000000
34,0.003315,3,0.136364,0.090909,2,0.090909,0.090909,0,0.000000,0.000000,0,0.000000,0.000000,0,0.000000,0.000000,0,0.000000,0.000000,0,0.000000,0.000000,2,0.090909,0.090909,0,0.000000,0.000000,0,0.000000,0.000000,0,0.000000,0.000000,0,0.000000,0.000000,0,0.000000,0.000000,0,0.000000,0.000000,0,0.000000,0.000000,11,0.500000,0.500000,0,0.000000,0.000000,0,0.000000,0.000000,0,0.000000,0.000000,2,0.090909,0.045455,0,0.000000,0.000000,0,0.000000,0.000000,0,0.000000,0.000000,0,0.000000,0.000000,0,0.000000,0.000000,0,0.000000,0.000000,0,0.000000,0.000000,0,0.000000,0.000000,1,0.045455,0.045455,0,0.000000,0.000000,0,0.000000,0.000000,0,0.000000,0.000000,0,0.000000,0.000000,1,0.045455,0.045455,0,0.000000,0.000000,1,0.045455,0.045455,0,0.000000,0.000000
35,0.012215,0,0.000000,0.000000,0,0.000000,0.000000,1,0.021739,0.021739,0,0.000000,0.000000,8,0.173913,0.000000,0,0.000000,0.000000,0,0.000000,0.000000,0,0.000000,0.000000,0,0.000000,0.000000,0,0.000000,0.000000,0,0.000000,0.000000,0,0.000000,0.000000,0,0.000000,0.000000,0,0.000000,0.000000,0,0.000000,0.000000,0,0.000000,0.000000,0,0.000000,0.000000,0,0.000000,0.000000,0,0.000000,0.000000,0,0.000000,0.000000,0,0.000000,0.000000,0,0.000000,0.000000,0,0.000000,0.000000,2,0.043478,0.000000,36,0.782609,0.413043,0,0.000000,0.000000,1,0.021739,0.000000,0,0.000000,0.000000,21,0.456522,0.152174,0,0.000000,0.000000,0,0.000000,0.000000,0,0.000000,0.000000,0,0.000000,0.000000,0,0.000000,0.000000,0,0.000000,0.000000,1,0.021739,0.021739,0,0.000000,0.000000
36,0.003125,0,0.000000,0.000000,15,0.555556,0.370370,4,0.148148,0.111111,0,0.000000,0.000000,0,0.000000,0.000000,2,0.074074,0.037037,0,0.000000,0.000000,0,0.000000,0.000000,0,0.000000,0.000000,0,0.000000,0.000000,0,0.000000,0.000000,0,0.000000,0.000000,0,0.000000,0.000000,0,0.000000,0.000000,0,0.000000,0.000000,0,0.000000,0.000000,0,0.000000,0.000000,0,0.000000,0.000000,0,0.000000,0.000000,0,0.000000,0.000000,5,0.185185,0.111111,4,0.148148,0.037037,0,0.000000,0.000000,1,0.037037,0.037037,0,0.000000,0.000000,3,0.111111,0.037037,1,0.037037,0.000000,0,0.000000,0.000000,0,0.000000,0.000000,0,0.000000,0.000000,0,0.000000,0.000000,0,0.000000,0.000000,0,0.000000,0.000000,0,0.000000,0.000000,0,0.000000,0.000000,0,0.000000,0.000000,0,0.000000,0.000000
37,0.016310,78,0.780000,0.490000,0,0.000000,0.000000,4,0.040000,0.030000,1,0.010000,0.000000,1,0.010000,0.000000,19,0.190000,0.090000,1,0.010000,0.000000,3,0.030000,0.000000,1,0.010000,0.000000,1,0.010000,0.000000,1,0.010000,0.000000,1,0.010000,0.000000,2,0.020000,0.000000,1,0.010000,0.000000,0,0.000000,0.000000,0,0.000000,0.000000,1,0.010000,0.000000,0,0.000000,0.000000,1,0.010000,0.000000,4,0.040000,0.010000,0,0.000000,0.000000,0,0.000000,0.000000,1,0.010000,0.010000,3,0.030000,0.020000,1,0.010000,0.000000,4,0.040000,0.000000,0,0.000000,0.000000,1,0.010000,0.000000,3,0.030000,0.010000,2,0.020000,0.000000,0,0.000000,0.000000,1,0.010000,0.000000,0,0.000000,0.000000,1,0.010000,0.010000,0,0.000000,0.000000,2,0.020000,0.020000,0,0.000000,0.000000
38,0.002500,0,0.000000,0.000000,0,0.000000,0.000000,0,0.000000,0.000000,0,0.000000,0.000000,0,0.000000,0.000000,0,0.000000,0.000000,0,0.000000,0.000000,0,0.000000,0.000000,0,0.000000,0.000000,0,0.000000,0.000000,0,0.000000,0.000000,0,0.000000,0.000000,0,0.000000,0.000000,0,0.000000,0.000000,0,0.000000,0.000000,0,0.000000,0.000000,0,0.000000,0.000000,0,0.000000,0.000000,0,0.000000,0.000000,0,0.000000,0.000000,0,0.000000,0.000000,0,0.000000,0.000000,0,0.000000,0.000000,0,0.000000,0.000000,0,0.000000,0.000000,0,0.000000,0.000000,0,0.000000,0.000000,0,0.000000,0.000000,0,0.000000,0.000000,0,0.000000,0.000000,0,0.000000,0.000000,9,0.900000,0.900000,0,0.000000,0.000000,0,0.000000,0.000000,0,0.000000,0.000000,1,0.100000,0.100000,0,0.000000,0.000000
39,0.015680,4,0.042105,0.021053,19,0.200000,0.084211,15,0.157895,0.084211,1,0.010526,0.000000,1,0.010526,0.010526,5,0.052632,0.021053,4,0.042105,0.000000,1,0.010526,0.010526,1,0.010526,0.000000,2,0.021053,0.010526,3,0.031579,0.000000,2,0.021053,0.000000,1,0.010526,0.010526,1,0.010526,0.000000,0,0.000000,0.000000,6,0.063158,0.052632,2,0.021053,0.000000,1,0.010526,0.000000,1,0.010526,0.010526,1,0.010526,0.010526,29,0.305263,0.094737,15,0.157895,0.136842,3,0.031579,0.010526,3,0.031579,0.021053,0,0.000000,0.000000,4,0.042105,0.010526,3,0.031579,0.021053,1,0.010526,0.000000,0,0.000000,0.000000,1,0.010526,0.000000,1,0.010526,0.000000,4,0.042105,0.010526,0,0.000000,0.000000,1,0.010526,0.010526,0,0.000000,0.000000,1,0.010526,0.010526,0,0.000000,0.000000
40,0.002545,1,0.045455,0.045455,0,0.000000,0.000000,1,0.045455,0.045455,1,0.045455,0.045455,1,0.045455,0.045455,1,0.045455,0.045455,1,0.045455,0.045455,0,0.000000,0.000000,1,0.045455,0.045455,1,0.045455,0.045455,1,0.045455,0.045455,1,0.045455,0.045455,0,0.000000,0.000000,1,0.045455,0.045455,0,0.000000,0.000000,0,0.000000,0.000000,0,0.000000,0.000000,1,0.045455,0.045455,0,0.000000,0.000000,1,0.045455,0.045455,1,0.045455,0.045455,0,0.000000,0.000000,0,0.000000,0.000000,0,0.000000,0.000000,1,0.045455,0.045455,0,0.000000,0.000000,0,0.000000,0.000000,0,0.000000,0.000000,0,0.000000,0.000000,3,0.136364,0.136364,1,0.045455,0.045455,1,0.045455,0.045455,1,0.045455,0.045455,1,0.045455,0.045455,0,0.000000,0.000000,0,0.000000,0.000000,0,0.000000,0.000000
41,0.015145,4,0.072727,0.000000,0,0.000000,0.000000,0,0.000000,0.000000,1,0.018182,0.000000,1,0.018182,0.018182,0,0.000000,0.000000,1,0.018182,0.000000,1,0.018182,0.000000,1,0.018182,0.000000,1,0.018182,0.000000,1,0.018182,0.000000,0,0.000000,0.000000,1,0.018182,0.018182,1,0.018182,0.000000,0,0.000000,0.000000,9,0.163636,0.109091,1,0.018182,0.018182,1,0.018182,0.000000,1,0.018182,0.000000,41,0.745455,0.436364,1,0.018182,0.000000,0,0.000000,0.000000,1,0.018182,0.018182,0,0.000000,0.000000,0,0.000000,0.000000,2,0.036364,0.036364,0,0.000000,0.000000,0,0.000000,0.000000,0,0.000000,0.000000,0,0.000000,0.000000,1,0.018182,0.000000,1,0.018182,0.018182,1,0.018182,0.000000,1,0.018182,0.000000,0,0.000000,0.000000,1,0.018182,0.018182,0,0.000000,0.000000
42,0.001540,2,0.166667,0.083333,0,0.000000,0.000000,0,0.000000,0.000000,0,0.000000,0.000000,0,0.000000,0.000000,8,0.666667,0.583333,0,0.000000,0.000000,0,0.000000,0.000000,0,0.000000,0.000000,0,0.000000,0.000000,0,0.000000,0.000000,0,0.000000,0.000000,0,0.000000,0.000000,0,0.000000,0.000000,0,0.000000,0.000000,0,0.000000,0.000000,0,0.000000,0.000000,0,0.000000,0.000000,0,0.000000,0.000000,0,0.000000,0.000000,0,0.000000,0.000000,0,0.000000,0.000000,0,0.000000,0.000000,0,0.000000,0.000000,0,0.000000,0.000000,0,0.000000,0.000000,0,0.000000,0.000000,1,0.083333,0.083333,2,0.166667,0.166667,0,0.000000,0.000000,0,0.000000,0.000000,0,0.000000,0.000000,0,0.000000,0.000000,0,0.000000,0.000000,0,0.000000,0.000000,0,0.000000,0.000000,0,0.000000,0.000000
43,0.000920,0,0.000000,0.000000,0,0.000000,0.000000,0,0.000000,0.000000,0,0.000000,0.000000,0,0.000000,0.000000,0,0.000000,0.000000,0,0.000000,0.000000,1,0.166667,0.000000,0,0.000000,0.000000,0,0.000000,0.000000,0,0.000000,0.000000,0,0.000000,0.000000,1,0.166667,0.000000,0,0.000000,0.000000,0,0.000000,0.000000,3,0.500000,0.500000,0,0.000000,0.000000,0,0.000000,0.000000,0,0.000000,0.000000,0,0.000000,0.000000,0,0.000000,0.000000,0,0.000000,0.000000,0,0.000000,0.000000,0,0.000000,0.000000,0,0.000000,0.000000,0,0.000000,0.000000,0,0.000000,0.000000,0,0.000000,0.000000,0,0.000000,0.000000,0,0.000000,0.000000,0,0.000000,0.000000,0,0.000000,0.000000,0,0.000000,0.000000,0,0.000000,0.000000,0,0.000000,0.000000,2,0.333333,0.333333,0,0.000000,0.000000
44,0.003235,5,0.208333,0.083333,0,0.000000,0.000000,0,0.000000,0.000000,0,0.000000,0.000000,1,0.041667,0.041667,14,0.583333,0.458333,0,0.000000,0.000000,0,0.000000,0.000000,1,0.041667,0.041667,0,0.000000,0.000000,1,0.041667,0.041667,0,0.000000,0.000000,0,0.000000,0.000000,0,0.000000,0.000000,0,0.000000,0.000000,0,0.000000,0.000000,0,0.000000,0.000000,0,0.000000,0.000000,0,0.000000,0.000000,0,0.000000,0.000000,0,0.000000,0.000000,0,0.000000,0.000000,0,0.000000,0.000000,0,0.000000,0.000000,1,0.041667,0.041667,0,0.000000,0.000000,0,0.000000,0.000000,1,0.041667,0.041667,1,0.041667,0.041667,0,0.000000,0.000000,0,0.000000,0.000000,0,0.000000,0.000000,0,0.000000,0.000000,0,0.000000,0.000000,0,0.000000,0.000000,2,0.083333,0.083333,0,0.000000,0.000000
45,0.001495,0,0.000000,0.000000,7,0.583333,0.583333,0,0.000000,0.000000,0,0.000000,0.000000,0,0.000000,0.000000,0,0.000000,0.000000,0,0.000000,0.000000,0,0.000000,0.000000,0,0.000000,0.000000,0,0.000000,0.000000,0,0.000000,0.000000,0,0.000000,0.000000,0,0.000000,0.000000,0,0.000000,0.000000,0,0.000000,0.000000,0,0.000000,0.000000,0,0.000000,0.000000,0,0.000000,0.000000,0,0.000000,0.000000,0,0.000000,0.000000,0,0.000000,0.000000,0,0.000000,0.000000,0,0.000000,0.000000,0,0.000000,0.000000,0,0.000000,0.000000,1,0.083333,0.083333,0,0.000000,0.000000,0,0.000000,0.000000,0,0.000000,0.000000,0,0.000000,0.000000,1,0.083333,0.083333,3,0.250000,0.250000,0,0.000000,0.000000,0,0.000000,0.000000,0,0.000000,0.000000,0,0.000000,0.000000,0,0.000000,0.000000
46,0.000600,0,0.000000,0.000000,3,0.600000,0.600000,0,0.000000,0.000000,0,0.000000,0.000000,1,0.200000,0.200000,0,0.000000,0.000000,0,0.000000,0.000000,0,0.000000,0.000000,0,0.000000,0.000000,0,0.000000,0.000000,0,0.000000,0.000000,0,0.000000,0.000000,0,0.000000,0.000000,0,0.000000,0.000000,0,0.000000,0.000000,0,0.000000,0.000000,0,0.000000,0.000000,0,0.000000,0.000000,0,0.000000,0.000000,0,0.000000,0.000000,0,0.000000,0.000000,0,0.000000,0.000000,0,0.000000,0.000000,1,0.200000,0.200000,0,0.000000,0.000000,0,0.000000,0.000000,0,0.000000,0.000000,0,0.000000,0.000000,0,0.000000,0.000000,0,0.000000,0.000000,0,0.000000,0.000000,0,0.000000,0.000000,0,0.000000,0.000000,0,0.000000,0.000000,0,0.000000,0.000000,0,0.000000,0.000000,0,0.000000,0.000000
47,0.002855,3,0.130435,0.130435,0,0.000000,0.000000,2,0.086957,0.086957,1,0.043478,0.043478,1,0.043478,0.043478,0,0.000000,0.000000,1,0.043478,0.043478,0,0.000000,0.000000,1,0.043478,0.043478,2,0.086957,0.043478,1,0.043478,0.043478,1,0.043478,0.000000,0,0.000000,0.000000,1,0.043478,0.000000,0,0.000000,0.000000,0,0.000000,0.000000,0,0.000000,0.000000,0,0.000000,0.000000,1,0.043478,0.043478,1,0.043478,0.043478,0,0.000000,0.000000,0,0.000000,0.000000,0,0.000000,0.000000,0,0.000000,0.000000,1,0.043478,0.043478,0,0.000000,0.000000,0,0.000000,0.000000,1,0.043478,0.000000,0,0.000000,0.000000,0,0.000000,0.000000,1,0.043478,0.043478,2,0.086957,0.086957,1,0.043478,0.043478,0,0.000000,0.000000,0,0.000000,0.000000,2,0.086957,0.086957,1,0.043478,0.043478
48,0.001225,0,0.000000,0.000000,3,0.333333,0.333333,0,0.000000,0.000000,1,0.111111,0.111111,0,0.000000,0.000000,0,0.000000,0.000000,0,0.000000,0.000000,0,0.000000,0.000000,0,0.000000,0.000000,0,0.000000,0.000000,0,0.000000,0.000000,0,0.000000,0.000000,0,0.000000,0.000000,0,0.000000,0.000000,0,0.000000,0.000000,0,0.000000,0.000000,0,0.000000,0.000000,0,0.000000,0.000000,0,0.000000,0.000000,0,0.000000,0.000000,0,0.000000,0.000000,0,0.000000,0.000000,3,0.333333,0.333333,0,0.000000,0.000000,0,0.000000,0.000000,1,0.111111,0.111111,0,0.000000,0.000000,0,0.000000,0.000000,0,0.000000,0.000000,0,0.000000,0.000000,0,0.000000,0.000000,1,0.111111,0.111111,0,0.000000,0.000000,0,0.000000,0.000000,0,0.000000,0.000000,0,0.000000,0.000000,0,0.000000,0.000000
49,0.023105,4,0.042105,0.010526,28,0.294737,0.168421,17,0.178947,0.073684,1,0.010526,0.000000,1,0.010526,0.000000,1,0.010526,0.000000,1,0.010526,0.000000,0,0.000000,0.000000,1,0.010526,0.000000,2,0.021053,0.000000,2,0.021053,0.000000,33,0.347368,0.105263,0,0.000000,0.000000,0,0.000000,0.000000,0,0.000000,0.000000,4,0.042105,0.021053,2,0.021053,0.000000,1,0.010526,0.000000,1,0.010526,0.010526,1,0.010526,0.000000,8,0.084211,0.000000,32,0.336842,0.157895,1,0.010526,0.000000,0,0.000000,0.000000,0,0.000000,0.000000,0,0.000000,0.000000,0,0.000000,0.000000,1,0.010526,0.000000,0,0.000000,0.000000,1,0.010526,0.000000,1,0.010526,0.010526,4,0.042105,0.021053,1,0.010526,0.000000,1,0.010526,0.010526,0,0.000000,0.000000,2,0.021053,0.021053,0,0.000000,0.000000
50,0.002180,2,0.117647,0.117647,1,0.058824,0.058824,0,0.000000,0.000000,0,0.000000,0.000000,0,0.000000,0.000000,0,0.000000,0.000000,0,0.000000,0.000000,0,0.000000,0.000000,0,0.000000,0.000000,0,0.000000,0.000000,0,0.000000,0.000000,0,0.000000,0.000000,0,0.000000,0.000000,0,0.000000,0.000000,0,0.000000,0.000000,9,0.529412,0.529412,0,0.000000,0.000000,0,0.000000,0.000000,0,0.000000,0.000000,4,0.235294,0.235294,0,0.000000,0.000000,0,0.000000,0.000000,0,0.000000,0.000000,0,0.000000,0.000000,0,0.000000,0.000000,0,0.000000,0.000000,0,0.000000,0.000000,0,0.000000,0.000000,0,0.000000,0.000000,0,0.000000,0.000000,0,0.000000,0.000000,0,0.000000,0.000000,0,0.000000,0.000000,0,0.000000,0.000000,0,0.000000,0.000000,1,0.058824,0.058824,0,0.000000,0.000000
51,0.002625,0,0.000000,0.000000,0,0.000000,0.000000,1,0.058824,0.058824,0,0.000000,0.000000,0,0.000000,0.000000,1,0.058824,0.058824,0,0.000000,0.000000,0,0.000000,0.000000,0,0.000000,0.000000,0,0.000000,0.000000,0,0.000000,0.000000,0,0.000000,0.000000,0,0.000000,0.000000,0,0.000000,0.000000,0,0.000000,0.000000,0,0.000000,0.000000,0,0.000000,0.000000,0,0.000000,0.000000,0,0.000000,0.000000,2,0.117647,0.117647,0,0.000000,0.000000,0,0.000000,0.000000,0,0.000000,0.000000,0,0.000000,0.000000,0,0.000000,0.000000,2,0.117647,0.117647,3,0.176471,0.176471,0,0.000000,0.000000,0,0.000000,0.000000,8,0.470588,0.294118,0,0.000000,0.000000,0,0.000000,0.000000,0,0.000000,0.000000,0,0.000000,0.000000,0,0.000000,0.000000,0,0.000000,0.000000,3,0.176471,0.000000
52,0.009225,0,0.000000,0.000000,10,0.156250,0.156250,29,0.453125,0.375000,0,0.000000,0.000000,0,0.000000,0.000000,0,0.000000,0.000000,0,0.000000,0.000000,0,0.000000,0.000000,0,0.000000,0.000000,0,0.000000,0.000000,0,0.000000,0.000000,0,0.000000,0.000000,0,0.000000,0.000000,0,0.000000,0.000000,2,0.031250,0.031250,15,0.234375,0.218750,0,0.000000,0.000000,0,0.000000,0.000000,0,0.000000,0.000000,0,0.000000,0.000000,0,0.000000,0.000000,0,0.000000,0.000000,0,0.000000,0.000000,0,0.000000,0.000000,0,0.000000,0.000000,10,0.156250,0.109375,0,0.000000,0.000000,0,0.000000,0.000000,0,0.000000,0.000000,0,0.000000,0.000000,0,0.000000,0.000000,3,0.046875,0.031250,0,0.000000,0.000000,0,0.000000,0.000000,0,0.000000,0.000000,0,0.000000,0.000000,0,0.000000,0.000000
53,0.004645,3,0.107143,0.071429,0,0.000000,0.000000,0,0.000000,0.000000,0,0.000000,0.000000,1,0.035714,0.035714,9,0.321429,0.142857,0,0.000000,0.000000,1,0.035714,0.035714,1,0.035714,0.000000,0,0.000000,0.000000,1,0.035714,0.000000,0,0.000000,0.000000,0,0.000000,0.000000,0,0.000000,0.000000,4,0.142857,0.107143,0,0.000000,0.000000,0,0.000000,0.000000,1,0.035714,0.035714,0,0.000000,0.000000,0,0.000000,0.000000,0,0.000000,0.000000,0,0.000000,0.000000,0,0.000000,0.000000,7,0.250000,0.178571,0,0.000000,0.000000,4,0.142857,0.071429,0,0.000000,0.000000,0,0.000000,0.000000,2,0.071429,0.071429,0,0.000000,0.000000,1,0.035714,0.035714,0,0.000000,0.000000,0,0.000000,0.000000,0,0.000000,0.000000,0,0.000000,0.000000,0,0.000000,0.000000,0,0.000000,0.000000
54,0.015885,4,0.071429,0.035714,0,0.000000,0.000000,5,0.089286,0.053571,1,0.017857,0.017857,1,0.017857,0.000000,0,0.000000,0.000000,1,0.017857,0.000000,0,0.000000,0.000000,1,0.017857,0.000000,1,0.017857,0.000000,2,0.035714,0.017857,2,0.035714,0.000000,2,0.035714,0.017857,1,0.017857,0.017857,0,0.000000,0.000000,10,0.178571,0.089286,1,0.017857,0.017857,1,0.017857,0.000000,0,0.000000,0.000000,1,0.017857,0.000000,0,0.000000,0.000000,0,0.000000,0.000000,1,0.017857,0.000000,2,0.035714,0.017857,0,0.000000,0.000000,0,0.000000,0.000000,0,0.000000,0.000000,0,0.000000,0.000000,0,0.000000,0.000000,0,0.000000,0.000000,1,0.017857,0.000000,1,0.017857,0.017857,34,0.607143,0.339286,1,0.017857,0.017857,0,0.000000,0.000000,2,0.035714,0.035714,0,0.000000,0.000000
55,0.001625,0,0.000000,0.000000,0,0.000000,0.000000,3,0.300000,0.300000,0,0.000000,0.000000,0,0.000000,0.000000,0,0.000000,0.000000,0,0.000000,0.000000,0,0.000000,0.000000,0,0.000000,0.000000,0,0.000000,0.000000,0,0.000000,0.000000,0,0.000000,0.000000,0,0.000000,0.000000,0,0.000000,0.000000,0,0.000000,0.000000,4,0.400000,0.400000,0,0.000000,0.000000,0,0.000000,0.000000,0,0.000000,0.000000,0,0.000000,0.000000,0,0.000000,0.000000,0,0.000000,0.000000,0,0.000000,0.000000,2,0.200000,0.100000,0,0.000000,0.000000,0,0.000000,0.000000,0,0.000000,0.000000,1,0.100000,0.000000,1,0.100000,0.100000,0,0.000000,0.000000,0,0.000000,0.000000,0,0.000000,0.000000,0,0.000000,0.000000,0,0.000000,0.000000,0,0.000000,0.000000,0,0.000000,0.000000,0,0.000000,0.000000
56,0.012580,2,0.025000,0.000000,24,0.300000,0.162500,10,0.125000,0.075000,0,0.000000,0.000000,0,0.000000,0.000000,26,0.325000,0.175000,0,0.000000,0.000000,0,0.000000,0.000000,0,0.000000,0.000000,0,0.000000,0.000000,1,0.012500,0.000000,0,0.000000,0.000000,0,0.000000,0.000000,0,0.000000,0.000000,2,0.025000,0.025000,0,0.000000,0.000000,0,0.000000,0.000000,1,0.012500,0.012500,0,0.000000,0.000000,0,0.000000,0.000000,5,0.062500,0.025000,3,0.037500,0.000000,1,0.012500,0.012500,3,0.037500,0.000000,0,0.000000,0.000000,6,0.075000,0.050000,5,0.062500,0.025000,17,0.212500,0.187500,0,0.000000,0.000000,0,0.000000,0.000000,0,0.000000,0.000000,0,0.000000,0.000000,0,0.000000,0.000000,0,0.000000,0.000000,0,0.000000,0.000000,0,0.000000,0.000000,0,0.000000,0.000000
57,0.004220,3,0.096774,0.096774,0,0.000000,0.000000,13,0.419355,0.322581,1,0.032258,0.032258,1,0.032258,0.032258,0,0.000000,0.000000,6,0.193548,0.129032,1,0.032258,0.032258,0,0.000000,0.000000,0,0.000000,0.000000,1,0.032258,0.032258,0,0.000000,0.000000,0,0.000000,0.000000,1,0.032258,0.032258,0,0.000000,0.000000,0,0.000000,0.000000,1,0.032258,0.032258,1,0.032258,0.032258,0,0.000000,0.000000,0,0.000000,0.000000,0,0.000000,0.000000,1,0.032258,0.000000,1,0.032258,0.032258,0,0.000000,0.000000,0,0.000000,0.000000,0,0.000000,0.000000,0,0.000000,0.000000,0,0.000000,0.000000,0,0.000000,0.000000,1,0.032258,0.032258,0,0.000000,0.000000,1,0.032258,0.032258,0,0.000000,0.000000,0,0.000000,0.000000,0,0.000000,0.000000,1,0.032258,0.032258,0,0.000000,0.000000
58,0.003530,3,0.111111,0.074074,9,0.333333,0.296296,1,0.037037,0.000000,1,0.037037,0.000000,0,0.000000,0.000000,0,0.000000,0.000000,1,0.037037,0.037037,0,0.000000,0.000000,1,0.037037,0.037037,0,0.000000,0.000000,0,0.000000,0.000000,0,0.000000,0.000000,0,0.000000,0.000000,0,0.000000,0.000000,0,0.000000,0.000000,0,0.000000,0.000000,1,0.037037,0.000000,1,0.037037,0.000000,0,0.000000,0.000000,0,0.000000,0.000000,0,0.000000,0.000000,2,0.074074,0.037037,0,0.000000,0.000000,0,0.000000,0.000000,1,0.037037,0.037037,3,0.111111,0.037037,0,0.000000,0.000000,0,0.000000,0.000000,0,0.000000,0.000000,2,0.074074,0.074074,1,0.037037,0.037037,3,0.111111,0.111111,0,0.000000,0.000000,0,0.000000,0.000000,0,0.000000,0.000000,2,0.074074,0.037037,0,0.000000,0.000000
59,0.001440,0,0.000000,0.000000,0,0.000000,0.000000,3,0.300000,0.300000,0,0.000000,0.000000,3,0.300000,0.200000,0,0.000000,0.000000,0,0.000000,0.000000,0,0.000000,0.000000,0,0.000000,0.000000,0,0.000000,0.000000,0,0.000000,0.000000,0,0.000000,0.000000,0,0.000000,0.000000,0,0.000000,0.000000,0,0.000000,0.000000,0,0.000000,0.000000,0,0.000000,0.000000,0,0.000000,0.000000,0,0.000000,0.000000,0,0.000000,0.000000,0,0.000000,0.000000,0,0.000000,0.000000,0,0.000000,0.000000,0,0.000000,0.000000,2,0.200000,0.100000,0,0.000000,0.000000,3,0.300000,0.300000,0,0.000000,0.000000,0,0.000000,0.000000,0,0.000000,0.000000,0,0.000000,0.000000,0,0.000000,0.000000,0,0.000000,0.000000,0,0.000000,0.000000,0,0.000000,0.000000,0,0.000000,0.000000,0,0.000000,0.000000
60,0.005860,5,0.125000,0.025000,5,0.125000,0.050000,12,0.300000,0.125000,0,0.000000,0.000000,1,0.025000,0.025000,1,0.025000,0.025000,1,0.025000,0.000000,2,0.050000,0.025000,1,0.025000,0.000000,0,0.000000,0.000000,1,0.025000,0.000000,0,0.000000,0.000000,0,0.000000,0.000000,0,0.000000,0.000000,17,0.425000,0.325000,0,0.000000,0.000000,1,0.025000,0.025000,1,0.025000,0.000000,1,0.025000,0.025000,0,0.000000,0.000000,0,0.000000,0.000000,0,0.000000,0.000000,1,0.025000,0.000000,0,0.000000,0.000000,1,0.025000,0.025000,2,0.050000,0.025000,0,0.000000,0.000000,0,0.000000,0.000000,0,0.000000,0.000000,0,0.000000,0.000000,0,0.000000,0.000000,0,0.000000,0.000000,0,0.000000,0.000000,0,0.000000,0.000000,0,0.000000,0.000000,0,0.000000,0.000000,0,0.000000,0.000000
61,0.006585,3,0.053571,0.035714,14,0.250000,0.178571,7,0.125000,0.035714,2,0.035714,0.017857,1,0.017857,0.017857,4,0.071429,0.035714,2,0.035714,0.017857,0,0.000000,0.000000,1,0.017857,0.000000,6,0.107143,0.035714,1,0.017857,0.000000,1,0.017857,0.000000,0,0.000000,0.000000,1,0.017857,0.017857,0,0.000000,0.000000,3,0.053571,0.053571,1,0.017857,0.017857,1,0.017857,0.017857,0,0.000000,0.000000,0,0.000000,0.000000,2,0.035714,0.017857,1,0.017857,0.000000,0,0.000000,0.000000,2,0.035714,0.035714,0,0.000000,0.000000,14,0.250000,0.178571,1,0.017857,0.000000,0,0.000000,0.000000,0,0.000000,0.000000,1,0.017857,0.017857,0,0.000000,0.000000,2,0.035714,0.035714,0,0.000000,0.000000,0,0.000000,0.000000,0,0.000000,0.000000,0,0.000000,0.000000,0,0.000000,0.000000
62,0.001090,0,0.000000,0.000000,2,0.200000,0.200000,2,0.200000,0.200000,0,0.000000,0.000000,0,0.000000,0.000000,0,0.000000,0.000000,1,0.100000,0.100000,0,0.000000,0.000000,0,0.000000,0.000000,0,0.000000,0.000000,0,0.000000,0.000000,0,0.000000,0.000000,0,0.000000,0.000000,0,0.000000,0.000000,1,0.100000,0.100000,0,0.000000,0.000000,0,0.000000,0.000000,0,0.000000,0.000000,0,0.000000,0.000000,0,0.000000,0.000000,0,0.000000,0.000000,2,0.200000,0.200000,0,0.000000,0.000000,0,0.000000,0.000000,0,0.000000,0.000000,0,0.000000,0.000000,0,0.000000,0.000000,0,0.000000,0.000000,0,0.000000,0.000000,0,0.000000,0.000000,0,0.000000,0.000000,2,0.200000,0.200000,0,0.000000,0.000000,0,0.000000,0.000000,0,0.000000,0.000000,0,0.000000,0.000000,0,0.000000,0.000000
63,0.025805,4,0.050000,0.000000,0,0.000000,0.000000,1,0.012500,0.012500,1,0.012500,0.000000,1,0.012500,0.000000,8,0.100000,0.037500,1,0.012500,0.000000,0,0.000000,0.000000,1,0.012500,0.000000,1,0.012500,0.000000,1,0.012500,0.000000,1,0.012500,0.000000,1,0.012500,0.000000,64,0.800000,0.437500,0,0.000000,0.000000,0,0.000000,0.000000,1,0.012500,0.012500,1,0.012500,0.000000,1,0.012500,0.000000,2,0.025000,0.000000,1,0.012500,0.000000,1,0.012500,0.000000,1,0.012500,0.012500,3,0.037500,0.000000,1,0.012500,0.000000,3,0.037500,0.025000,0,0.000000,0.000000,18,0.225000,0.037500,2,0.025000,0.012500,0,0.000000,0.000000,0,0.000000,0.000000,0,0.000000,0.000000,0,0.000000,0.000000,1,0.012500,0.012500,0,0.000000,0.000000,1,0.012500,0.012500,0,0.000000,0.000000
64,0.003660,0,0.000000,0.000000,3,0.120000,0.120000,3,0.120000,0.080000,1,0.040000,0.000000,1,0.040000,0.040000,2,0.080000,0.000000,0,0.000000,0.000000,0,0.000000,0.000000,0,0.000000,0.000000,1,0.040000,0.040000,1,0.040000,0.040000,0,0.000000,0.000000,0,0.000000,0.000000,1,0.040000,0.040000,0,0.000000,0.000000,0,0.000000,0.000000,0,0.000000,0.000000,0,0.000000,0.000000,0,0.000000,0.000000,0,0.000000,0.000000,0,0.000000,0.000000,0,0.000000,0.000000,0,0.000000,0.000000,2,0.080000,0.040000,0,0.000000,0.000000,0,0.000000,0.000000,0,0.000000,0.000000,0,0.000000,0.000000,0,0.000000,0.000000,11,0.440000,0.200000,0,0.000000,0.000000,1,0.040000,0.000000,1,0.040000,0.040000,0,0.000000,0.000000,0,0.000000,0.000000,0,0.000000,0.000000,5,0.200000,0.080000
65,0.017380,5,0.076923,0.000000,0,0.000000,0.000000,3,0.046154,0.030769,1,0.015385,0.000000,1,0.015385,0.000000,9,0.138462,0.061538,0,0.000000,0.000000,3,0.046154,0.000000,1,0.015385,0.000000,0,0.000000,0.000000,47,0.723077,0.369231,1,0.015385,0.000000,0,0.000000,0.000000,1,0.015385,0.000000,0,0.000000,0.000000,0,0.000000,0.000000,2,0.030769,0.015385,0,0.000000,0.000000,1,0.015385,0.015385,1,0.015385,0.000000,1,0.015385,0.000000,0,0.000000,0.000000,1,0.015385,0.000000,1,0.015385,0.015385,1,0.015385,0.015385,7,0.107692,0.076923,0,0.000000,0.000000,1,0.015385,0.000000,2,0.030769,0.030769,0,0.000000,0.000000,1,0.015385,0.000000,0,0.000000,0.000000,1,0.015385,0.000000,1,0.015385,0.015385,0,0.000000,0.000000,0,0.000000,0.000000,0,0.000000,0.000000
66,0.007630,8,0.160000,0.000000,0,0.000000,0.000000,0,0.000000,0.000000,1,0.020000,0.020000,1,0.020000,0.020000,37,0.740000,0.500000,1,0.020000,0.000000,2,0.040000,0.000000,1,0.020000,0.000000,0,0.000000,0.000000,1,0.020000,0.000000,1,0.020000,0.020000,0,0.000000,0.000000,1,0.020000,0.000000,0,0.000000,0.000000,0,0.000000,0.000000,0,0.000000,0.000000,1,0.020000,0.020000,1,0.020000,0.000000,1,0.020000,0.020000,0,0.000000,0.000000,0,0.000000,0.000000,0,0.000000,0.000000,0,0.000000,0.000000,0,0.000000,0.000000,1,0.020000,0.000000,1,0.020000,0.000000,0,0.000000,0.000000,0,0.000000,0.000000,1,0.020000,0.020000,1,0.020000,0.020000,0,0.000000,0.000000,1,0.020000,0.020000,1,0.020000,0.020000,0,0.000000,0.000000,2,0.040000,0.040000,0,0.000000,0.000000
67,0.004680,4,0.153846,0.153846,0,0.000000,0.000000,5,0.192308,0.153846,1,0.038462,0.038462,1,0.038462,0.038462,3,0.115385,0.115385,0,0.000000,0.000000,0,0.000000,0.000000,0,0.000000,0.000000,0,0.000000,0.000000,7,0.269231,0.230769,0,0.000000,0.000000,0,0.000000,0.000000,1,0.038462,0.038462,0,0.000000,0.000000,0,0.000000,0.000000,0,0.000000,0.000000,0,0.000000,0.000000,0,0.000000,0.000000,0,0.000000,0.000000,0,0.000000,0.000000,0,0.000000,0.000000,0,0.000000,0.000000,0,0.000000,0.000000,1,0.038462,0.038462,0,0.000000,0.000000,0,0.000000,0.000000,0,0.000000,0.000000,0,0.000000,0.000000,0,0.000000,0.000000,0,0.000000,0.000000,1,0.038462,0.038462,0,0.000000,0.000000,0,0.000000,0.000000,0,0.000000,0.000000,3,0.115385,0.115385,0,0.000000,0.000000
68,0.001125,0,0.000000,0.000000,0,0.000000,0.000000,0,0.000000,0.000000,0,0.000000,0.000000,0,0.000000,0.000000,0,0.000000,0.000000,0,0.000000,0.000000,1,0.166667,0.166667,0,0.000000,0.000000,0,0.000000,0.000000,0,0.000000,0.000000,0,0.000000,0.000000,0,0.000000,0.000000,0,0.000000,0.000000,0,0.000000,0.000000,1,0.166667,0.166667,0,0.000000,0.000000,0,0.000000,0.000000,0,0.000000,0.000000,0,0.000000,0.000000,0,0.000000,0.000000,0,0.000000,0.000000,0,0.000000,0.000000,0,0.000000,0.000000,0,0.000000,0.000000,0,0.000000,0.000000,0,0.000000,0.000000,0,0.000000,0.000000,0,0.000000,0.000000,0,0.000000,0.000000,0,0.000000,0.000000,0,0.000000,0.000000,0,0.000000,0.000000,2,0.333333,0.333333,0,0.000000,0.000000,2,0.333333,0.333333,0,0.000000,0.000000
69,0.000865,0,0.000000,0.000000,0,0.000000,0.000000,1,0.166667,0.166667,0,0.000000,0.000000,1,0.166667,0.166667,0,0.000000,0.000000,1,0.166667,0.166667,0,0.000000,0.000000,0,0.000000,0.000000,0,0.000000,0.000000,0,0.000000,0.000000,0,0.000000,0.000000,0,0.000000,0.000000,0,0.000000,0.000000,0,0.000000,0.000000,0,0.000000,0.000000,0,0.000000,0.000000,0,0.000000,0.000000,0,0.000000,0.000000,0,0.000000,0.000000,0,0.000000,0.000000,0,0.000000,0.000000,0,0.000000,0.000000,0,0.000000,0.000000,0,0.000000,0.000000,0,0.000000,0.000000,0,0.000000,0.000000,0,0.000000,0.000000,0,0.000000,0.000000,0,0.000000,0.000000,1,0.166667,0.166667,1,0.166667,0.166667,0,0.000000,0.000000,0,0.000000,0.000000,0,0.000000,0.000000,1,0.166667,0.166667,0,0.000000,0.000000
70,0.018120,8,0.150943,0.037736,0,0.000000,0.000000,0,0.000000,0.000000,43,0.811321,0.301887,1,0.018868,0.000000,0,0.000000,0.000000,1,0.018868,0.000000,5,0.094340,0.018868,1,0.018868,0.000000,2,0.037736,0.000000,2,0.037736,0.000000,1,0.018868,0.000000,0,0.000000,0.000000,1,0.018868,0.000000,0,0.000000,0.000000,0,0.000000,0.000000,1,0.018868,0.000000,1,0.018868,0.000000,1,0.018868,0.000000,1,0.018868,0.000000,3,0.056604,0.056604,0,0.000000,0.000000,4,0.075472,0.056604,0,0.000000,0.000000,0,0.000000,0.000000,0,0.000000,0.000000,0,0.000000,0.000000,0,0.000000,0.000000,0,0.000000,0.000000,2,0.037736,0.000000,0,0.000000,0.000000,4,0.075472,0.018868,0,0.000000,0.000000,0,0.000000,0.000000,0,0.000000,0.000000,0,0.000000,0.000000,0,0.000000,0.000000
71,0.002810,0,0.000000,0.000000,2,0.086957,0.086957,1,0.043478,0.043478,0,0.000000,0.000000,0,0.000000,0.000000,12,0.521739,0.521739,0,0.000000,0.000000,0,0.000000,0.000000,0,0.000000,0.000000,0,0.000000,0.000000,0,0.000000,0.000000,0,0.000000,0.000000,0,0.000000,0.000000,2,0.086957,0.043478,0,0.000000,0.000000,0,0.000000,0.000000,0,0.000000,0.000000,0,0.000000,0.000000,0,0.000000,0.000000,0,0.000000,0.000000,0,0.000000,0.000000,0,0.000000,0.000000,0,0.000000,0.000000,0,0.000000,0.000000,0,0.000000,0.000000,0,0.000000,0.000000,0,0.000000,0.000000,4,0.173913,0.130435,0,0.000000,0.000000,2,0.086957,0.043478,0,0.000000,0.000000,0,0.000000,0.000000,0,0.000000,0.000000,0,0.000000,0.000000,0,0.000000,0.000000,0,0.000000,0.000000,2,0.086957,0.043478
72,0.001305,0,0.000000,0.000000,0,0.000000,0.000000,0,0.000000,0.000000,0,0.000000,0.000000,2,0.285714,0.285714,0,0.000000,0.000000,0,0.000000,0.000000,0,0.000000,0.000000,0,0.000000,0.000000,0,0.000000,0.000000,0,0.000000,0.000000,0,0.000000,0.000000,0,0.000000,0.000000,0,0.000000,0.000000,0,0.000000,0.000000,0,0.000000,0.000000,0,0.000000,0.000000,0,0.000000,0.000000,0,0.000000,0.000000,0,0.000000,0.000000,0,0.000000,0.000000,0,0.000000,0.000000,0,0.000000,0.000000,0,0.000000,0.000000,1,0.142857,0.142857,0,0.000000,0.000000,0,0.000000,0.000000,0,0.000000,0.000000,4,0.571429,0.571429,0,0.000000,0.000000,0,0.000000,0.000000,0,0.000000,0.000000,0,0.000000,0.000000,0,0.000000,0.000000,0,0.000000,0.000000,0,0.000000,0.000000,0,0.000000,0.000000
73,0.000570,0,0.000000,0.000000,0,0.000000,0.000000,0,0.000000,0.000000,0,0.000000,0.000000,2,0.666667,0.666667,0,0.000000,0.000000,0,0.000000,0.000000,0,0.000000,0.000000,0,0.000000,0.000000,0,0.000000,0.000000,0,0.000000,0.000000,0,0.000000,0.000000,0,0.000000,0.000000,0,0.000000,0.000000,0,0.000000,0.000000,0,0.000000,0.000000,0,0.000000,0.000000,0,0.000000,0.000000,0,0.000000,0.000000,0,0.000000,0.000000,0,0.000000,0.000000,0,0.000000,0.000000,0,0.000000,0.000000,0,0.000000,0.000000,1,0.333333,0.000000,0,0.000000,0.000000,0,0.000000,0.000000,0,0.000000,0.000000,1,0.333333,0.000000,0,0.000000,0.000000,0,0.000000,0.000000,0,0.000000,0.000000,0,0.000000,0.000000,0,0.000000,0.000000,0,0.000000,0.000000,0,0.000000,0.000000,0,0.000000,0.000000
74,0.001940,3,0.176471,0.058824,8,0.470588,0.470588,0,0.000000,0.000000,0,0.000000,0.000000,0,0.000000,0.000000,0,0.000000,0.000000,0,0.000000,0.000000,1,0.058824,0.058824,0,0.000000,0.000000,0,0.000000,0.000000,0,0.000000,0.000000,0,0.000000,0.000000,0,0.000000,0.000000,0,0.000000,0.000000,0,0.000000,0.000000,3,0.176471,0.176471,0,0.000000,0.000000,0,0.000000,0.000000,0,0.000000,0.000000,3,0.176471,0.058824,0,0.000000,0.000000,0,0.000000,0.000000,0,0.000000,0.000000,0,0.000000,0.000000,0,0.000000,0.000000,0,0.000000,0.000000,0,0.000000,0.000000,0,0.000000,0.000000,1,0.058824,0.058824,0,0.000000,0.000000,0,0.000000,0.000000,0,0.000000,0.000000,0,0.000000,0.000000,0,0.000000,0.000000,0,0.000000,0.000000,0,0.000000,0.000000,0,0.000000,0.000000
75,0.005090,0,0.000000,0.000000,27,0.642857,0.619048,3,0.071429,0.071429,0,0.000000,0.000000,0,0.000000,0.000000,0,0.000000,0.000000,0,0.000000,0.000000,0,0.000000,0.000000,0,0.000000,0.000000,0,0.000000,0.000000,0,0.000000,0.000000,0,0.000000,0.000000,0,0.000000,0.000000,0,0.000000,0.000000,0,0.000000,0.000000,2,0.047619,0.047619,0,0.000000,0.000000,0,0.000000,0.000000,0,0.000000,0.000000,1,0.023810,0.023810,0,0.000000,0.000000,0,0.000000,0.000000,0,0.000000,0.000000,0,0.000000,0.000000,0,0.000000,0.000000,9,0.214286,0.190476,0,0.000000,0.000000,0,0.000000,0.000000,0,0.000000,0.000000,0,0.000000,0.000000,0,0.000000,0.000000,0,0.000000,0.000000,0,0.000000,0.000000,0,0.000000,0.000000,0,0.000000,0.000000,1,0.023810,0.023810,0,0.000000,0.000000
76,0.016515,2,0.041667,0.000000,0,0.000000,0.000000,2,0.041667,0.000000,1,0.020833,0.000000,1,0.020833,0.020833,2,0.041667,0.000000,0,0.000000,0.000000,2,0.041667,0.000000,1,0.020833,0.000000,0,0.000000,0.000000,0,0.000000,0.000000,0,0.000000,0.000000,8,0.166667,0.020833,1,0.020833,0.000000,0,0.000000,0.000000,0,0.000000,0.000000,1,0.020833,0.020833,0,0.000000,0.000000,40,0.833333,0.479167,1,0.020833,0.000000,0,0.000000,0.000000,0,0.000000,0.000000,0,0.000000,0.000000,0,0.000000,0.000000,0,0.000000,0.000000,1,0.020833,0.000000,0,0.000000,0.000000,0,0.000000,0.000000,0,0.000000,0.000000,0,0.000000,0.000000,1,0.020833,0.000000,1,0.020833,0.020833,1,0.020833,0.020833,1,0.020833,0.000000,0,0.000000,0.000000,2,0.041667,0.041667,0,0.000000,0.000000
77,0.016365,1,0.020408,0.000000,8,0.163265,0.122449,0,0.000000,0.000000,0,0.000000,0.000000,1,0.020408,0.000000,0,0.000000,0.000000,0,0.000000,0.000000,0,0.000000,0.000000,0,0.000000,0.000000,0,0.000000,0.000000,0,0.000000,0.000000,0,0.000000,0.000000,1,0.020408,0.000000,0,0.000000,0.000000,0,0.000000,0.000000,1,0.020408,0.020408,0,0.000000,0.000000,0,0.000000,0.000000,1,0.020408,0.000000,1,0.020408,0.000000,0,0.000000,0.000000,0,0.000000,0.000000,0,0.000000,0.000000,0,0.000000,0.000000,0,0.000000,0.000000,0,0.000000,0.000000,0,0.000000,0.000000,0,0.000000,0.000000,0,0.000000,0.000000,0,0.000000,0.000000,1,0.020408,0.020408,0,0.000000,0.000000,0,0.000000,0.000000,41,0.836735,0.693878,0,0.000000,0.000000,0,0.000000,0.000000,0,0.000000,0.000000
78,0.001680,1,0.071429,0.071429,3,0.214286,0.142857,0,0.000000,0.000000,0,0.000000,0.000000,0,0.000000,0.000000,0,0.000000,0.000000,0,0.000000,0.000000,1,0.071429,0.071429,0,0.000000,0.000000,0,0.000000,0.000000,0,0.000000,0.000000,0,0.000000,0.000000,0,0.000000,0.000000,1,0.071429,0.071429,0,0.000000,0.000000,3,0.214286,0.142857,0,0.000000,0.000000,1,0.071429,0.071429,1,0.071429,0.071429,1,0.071429,0.071429,0,0.000000,0.000000,0,0.000000,0.000000,0,0.000000,0.000000,0,0.000000,0.000000,0,0.000000,0.000000,0,0.000000,0.000000,0,0.000000,0.000000,0,0.000000,0.000000,0,0.000000,0.000000,0,0.000000,0.000000,1,0.071429,0.071429,0,0.000000,0.000000,0,0.000000,0.000000,2,0.142857,0.142857,0,0.000000,0.000000,0,0.000000,0.000000,0,0.000000,0.000000
79,0.005885,2,0.054054,0.027027,0,0.000000,0.000000,2,0.054054,0.027027,1,0.027027,0.000000,0,0.000000,0.000000,0,0.000000,0.000000,1,0.027027,0.000000,2,0.054054,0.054054,1,0.027027,0.000000,21,0.567568,0.351351,0,0.000000,0.000000,2,0.054054,0.000000,0,0.000000,0.000000,1,0.027027,0.027027,0,0.000000,0.000000,0,0.000000,0.000000,1,0.027027,0.027027,1,0.027027,0.000000,0,0.000000,0.000000,0,0.000000,0.000000,0,0.000000,0.000000,0,0.000000,0.000000,1,0.027027,0.027027,0,0.000000,0.000000,0,0.000000,0.000000,8,0.216216,0.189189,0,0.000000,0.000000,0,0.000000,0.000000,0,0.000000,0.000000,0,0.000000,0.000000,0,0.000000,0.000000,0,0.000000,0.000000,0,0.000000,0.000000,1,0.027027,0.027027,0,0.000000,0.000000,1,0.027027,0.027027,0,0.000000,0.000000
80,0.000330,0,0.000000,0.000000,1,0.500000,0.500000,0,0.000000,0.000000,0,0.000000,0.000000,0,0.000000,0.000000,0,0.000000,0.000000,0,0.000000,0.000000,0,0.000000,0.000000,0,0.000000,0.000000,0,0.000000,0.000000,0,0.000000,0.000000,0,0.000000,0.000000,0,0.000000,0.000000,0,0.000000,0.000000,0,0.000000,0.000000,0,0.000000,0.000000,0,0.000000,0.000000,0,0.000000,0.000000,0,0.000000,0.000000,0,0.000000,0.000000,0,0.000000,0.000000,0,0.000000,0.000000,0,0.000000,0.000000,0,0.000000,0.000000,0,0.000000,0.000000,0,0.000000,0.000000,0,0.000000,0.000000,0,0.000000,0.000000,0,0.000000,0.000000,0,0.000000,0.000000,0,0.000000,0.000000,0,0.000000,0.000000,0,0.000000,0.000000,0,0.000000,0.000000,0,0.000000,0.000000,1,0.500000,0.500000,0,0.000000,0.000000
81,0.001585,2,0.166667,0.166667,5,0.416667,0.416667,0,0.000000,0.000000,0,0.000000,0.000000,0,0.000000,0.000000,0,0.000000,0.000000,0,0.000000,0.000000,0,0.000000,0.000000,0,0.000000,0.000000,0,0.000000,0.000000,0,0.000000,0.000000,0,0.000000,0.000000,0,0.000000,0.000000,0,0.000000,0.000000,0,0.000000,0.000000,0,0.000000,0.000000,0,0.000000,0.000000,0,0.000000,0.000000,0,0.000000,0.000000,1,0.083333,0.083333,0,0.000000,0.000000,0,0.000000,0.000000,0,0.000000,0.000000,0,0.000000,0.000000,0,0.000000,0.000000,0,0.000000,0.000000,0,0.000000,0.000000,0,0.000000,0.000000,0,0.000000,0.000000,0,0.000000,0.000000,1,0.083333,0.083333,0,0.000000,0.000000,0,0.000000,0.000000,2,0.166667,0.166667,0,0.000000,0.000000,1,0.083333,0.083333,0,0.000000,0.000000
82,0.015855,3,0.037037,0.000000,0,0.000000,0.000000,12,0.148148,0.012346,2,0.024691,0.000000,1,0.012346,0.000000,4,0.049383,0.037037,6,0.074074,0.037037,1,0.012346,0.000000,1,0.012346,0.000000,48,0.592593,0.308642,2,0.024691,0.024691,1,0.012346,0.000000,4,0.049383,0.024691,1,0.012346,0.000000,0,0.000000,0.000000,8,0.098765,0.049383,2,0.024691,0.012346,1,0.012346,0.000000,1,0.012346,0.000000,2,0.024691,0.012346,7,0.086420,0.037037,1,0.012346,0.000000,1,0.012346,0.012346,3,0.037037,0.037037,1,0.012346,0.012346,0,0.000000,0.000000,1,0.012346,0.012346,1,0.012346,0.000000,0,0.000000,0.000000,1,0.012346,0.000000,1,0.012346,0.000000,0,0.000000,0.000000,1,0.012346,0.000000,1,0.012346,0.012346,0,0.000000,0.000000,0,0.000000,0.000000,0,0.000000,0.000000
83,0.001495,2,0.166667,0.166667,1,0.083333,0.083333,0,0.000000,0.000000,0,0.000000,0.000000,0,0.000000,0.000000,1,0.083333,0.083333,0,0.000000,0.000000,0,0.000000,0.000000,0,0.000000,0.000000,0,0.000000,0.000000,0,0.000000,0.000000,0,0.000000,0.000000,0,0.000000,0.000000,6,0.500000,0.500000,0,0.000000,0.000000,0,0.000000,0.000000,0,0.000000,0.000000,0,0.000000,0.000000,0,0.000000,0.000000,0,0.000000,0.000000,0,0.000000,0.000000,0,0.000000,0.000000,0,0.000000,0.000000,0,0.000000,0.000000,0,0.000000,0.000000,0,0.000000,0.000000,0,0.000000,0.000000,1,0.083333,0.083333,1,0.083333,0.083333,0,0.000000,0.000000,0,0.000000,0.000000,0,0.000000,0.000000,0,0.000000,0.000000,0,0.000000,0.000000,0,0.000000,0.000000,0,0.000000,0.000000,0,0.000000,0.000000
84,0.002030,0,0.000000,0.000000,1,0.062500,0.062500,2,0.125000,0.125000,0,0.000000,0.000000,0,0.000000,0.000000,4,0.250000,0.250000,0,0.000000,0.000000,0,0.000000,0.000000,0,0.000000,0.000000,0,0.000000,0.000000,0,0.000000,0.000000,0,0.000000,0.000000,0,0.000000,0.000000,0,0.000000,0.000000,0,0.000000,0.000000,0,0.000000,0.000000,0,0.000000,0.000000,0,0.000000,0.000000,1,0.062500,0.062500,0,0.000000,0.000000,0,0.000000,0.000000,0,0.000000,0.000000,0,0.000000,0.000000,0,0.000000,0.000000,0,0.000000,0.000000,0,0.000000,0.000000,0,0.000000,0.000000,0,0.000000,0.000000,0,0.000000,0.000000,6,0.375000,0.187500,0,0.000000,0.000000,0,0.000000,0.000000,0,0.000000,0.000000,0,0.000000,0.000000,0,0.000000,0.000000,0,0.000000,0.000000,5,0.312500,0.125000
85,0.000260,0,0.000000,0.000000,0,0.000000,0.000000,0,0.000000,0.000000,0,0.000000,0.000000,0,0.000000,0.000000,0,0.000000,0.000000,0,0.000000,0.000000,0,0.000000,0.000000,0,0.000000,0.000000,0,0.000000,0.000000,0,0.000000,0.000000,0,0.000000,0.000000,0,0.000000,0.000000,1,0.500000,0.500000,0,0.000000,0.000000,0,0.000000,0.000000,0,0.000000,0.000000,0,0.000000,0.000000,0,0.000000,0.000000,0,0.000000,0.000000,0,0.000000,0.000000,0,0.000000,0.000000,0,0.000000,0.000000,0,0.000000,0.000000,0,0.000000,0.000000,0,0.000000,0.000000,0,0.000000,0.000000,0,0.000000,0.000000,0,0.000000,0.000000,0,0.000000,0.000000,0,0.000000,0.000000,0,0.000000,0.000000,1,0.500000,0.500000,0,0.000000,0.000000,0,0.000000,0.000000,0,0.000000,0.000000,0,0.000000,0.000000
86,0.000635,0,0.000000,0.000000,0,0.000000,0.000000,1,0.200000,0.200000,0,0.000000,0.000000,0,0.000000,0.000000,0,0.000000,0.000000,0,0.000000,0.000000,0,0.000000,0.000000,0,0.000000,0.000000,0,0.000000,0.000000,0,0.000000,0.000000,0,0.000000,0.000000,0,0.000000,0.000000,0,0.000000,0.000000,0,0.000000,0.000000,0,0.000000,0.000000,0,0.000000,0.000000,0,0.000000,0.000000,0,0.000000,0.000000,0,0.000000,0.000000,0,0.000000,0.000000,0,0.000000,0.000000,0,0.000000,0.000000,0,0.000000,0.000000,0,0.000000,0.000000,0,0.000000,0.000000,0,0.000000,0.000000,0,0.000000,0.000000,0,0.000000,0.000000,4,0.800000,0.600000,0,0.000000,0.000000,0,0.000000,0.000000,0,0.000000,0.000000,0,0.000000,0.000000,0,0.000000,0.000000,0,0.000000,0.000000,1,0.200000,0.000000
87,0.000830,0,0.000000,0.000000,1,0.125000,0.125000,1,0.125000,0.125000,0,0.000000,0.000000,0,0.000000,0.000000,2,0.250000,0.250000,0,0.000000,0.000000,0,0.000000,0.000000,0,0.000000,0.000000,0,0.000000,0.000000,0,0.000000,0.000000,0,0.000000,0.000000,0,0.000000,0.000000,0,0.000000,0.000000,0,0.000000,0.000000,0,0.000000,0.000000,0,0.000000,0.000000,0,0.000000,0.000000,0,0.000000,0.000000,0,0.000000,0.000000,0,0.000000,0.000000,0,0.000000,0.000000,0,0.000000,0.000000,0,0.000000,0.000000,0,0.000000,0.000000,2,0.250000,0.250000,0,0.000000,0.000000,0,0.000000,0.000000,0,0.000000,0.000000,1,0.125000,0.000000,0,0.000000,0.000000,0,0.000000,0.000000,0,0.000000,0.000000,0,0.000000,0.000000,0,0.000000,0.000000,0,0.000000,0.000000,2,0.250000,0.125000
88,0.000665,1,0.142857,0.142857,0,0.000000,0.000000,0,0.000000,0.000000,1,0.142857,0.142857,1,0.142857,0.142857,0,0.000000,0.000000,0,0.000000,0.000000,0,0.000000,0.000000,0,0.000000,0.000000,1,0.142857,0.142857,0,0.000000,0.000000,0,0.000000,0.000000,0,0.000000,0.000000,1,0.142857,0.142857,0,0.000000,0.000000,0,0.000000,0.000000,0,0.000000,0.000000,0,0.000000,0.000000,0,0.000000,0.000000,0,0.000000,0.000000,0,0.000000,0.000000,0,0.000000,0.000000,0,0.000000,0.000000,0,0.000000,0.000000,0,0.000000,0.000000,0,0.000000,0.000000,0,0.000000,0.000000,0,0.000000,0.000000,0,0.000000,0.000000,0,0.000000,0.000000,0,0.000000,0.000000,0,0.000000,0.000000,1,0.142857,0.142857,0,0.000000,0.000000,0,0.000000,0.000000,0,0.000000,0.000000,1,0.142857,0.142857
89,0.000055,0,0.000000,0.000000,0,0.000000,0.000000,0,0.000000,0.000000,0,0.000000,0.000000,0,0.000000,0.000000,0,0.000000,0.000000,0,0.000000,0.000000,0,0.000000,0.000000,0,0.000000,0.000000,0,0.000000,0.000000,0,0.000000,0.000000,0,0.000000,0.000000,0,0.000000,0.000000,0,0.000000,0.000000,0,0.000000,0.000000,0,0.000000,0.000000,0,0.000000,0.000000,0,0.000000,0.000000,0,0.000000,0.000000,0,0.000000,0.000000,0,0.000000,0.000000,0,0.000000,0.000000,0,0.000000,0.000000,0,0.000000,0.000000,0,0.000000,0.000000,0,0.000000,0.000000,0,0.000000,0.000000,0,0.000000,0.000000,0,0.000000,0.000000,0,0.000000,0.000000,0,0.000000,0.000000,0,0.000000,0.000000,0,0.000000,0.000000,0,0.000000,0.000000,0,0.000000,0.000000,0,0.000000,0.000000,1,1.000000,1.000000
90,0.000225,0,0.000000,0.000000,0,0.000000,0.000000,0,0.000000,0.000000,0,0.000000,0.000000,0,0.000000,0.000000,2,0.666667,0.666667,0,0.000000,0.000000,0,0.000000,0.000000,0,0.000000,0.000000,0,0.000000,0.000000,0,0.000000,0.000000,0,0.000000,0.000000,0,0.000000,0.000000,0,0.000000,0.000000,0,0.000000,0.000000,0,0.000000,0.000000,0,0.000000,0.000000,0,0.000000,0.000000,0,0.000000,0.000000,0,0.000000,0.000000,0,0.000000,0.000000,0,0.000000,0.000000,0,0.000000,0.000000,0,0.000000,0.000000,0,0.000000,0.000000,0,0.000000,0.000000,0,0.000000,0.000000,0,0.000000,0.000000,0,0.000000,0.000000,1,0.333333,0.000000,0,0.000000,0.000000,0,0.000000,0.000000,0,0.000000,0.000000,0,0.000000,0.000000,0,0.000000,0.000000,0,0.000000,0.000000,1,0.333333,0.000000
91,0.000490,0,0.000000,0.000000,0,0.000000,0.000000,0,0.000000,0.000000,0,0.000000,0.000000,1,0.250000,0.250000,0,0.000000,0.000000,0,0.000000,0.000000,0,0.000000,0.000000,0,0.000000,0.000000,0,0.000000,0.000000,0,0.000000,0.000000,0,0.000000,0.000000,0,0.000000,0.000000,1,0.250000,0.250000,0,0.000000,0.000000,0,0.000000,0.000000,0,0.000000,0.000000,0,0.000000,0.000000,0,0.000000,0.000000,0,0.000000,0.000000,0,0.000000,0.000000,0,0.000000,0.000000,0,0.000000,0.000000,0,0.000000,0.000000,0,0.000000,0.000000,0,0.000000,0.000000,0,0.000000,0.000000,0,0.000000,0.000000,0,0.000000,0.000000,0,0.000000,0.000000,1,0.250000,0.250000,0,0.000000,0.000000,1,0.250000,0.250000,0,0.000000,0.000000,0,0.000000,0.000000,0,0.000000,0.000000,0,0.000000,0.000000
92,0.000460,0,0.000000,0.000000,0,0.000000,0.000000,0,0.000000,0.000000,0,0.000000,0.000000,0,0.000000,0.000000,2,0.400000,0.400000,0,0.000000,0.000000,0,0.000000,0.000000,0,0.000000,0.000000,0,0.000000,0.000000,0,0.000000,0.000000,0,0.000000,0.000000,0,0.000000,0.000000,1,0.200000,0.200000,0,0.000000,0.000000,0,0.000000,0.000000,0,0.000000,0.000000,0,0.000000,0.000000,0,0.000000,0.000000,0,0.000000,0.000000,0,0.000000,0.000000,0,0.000000,0.000000,0,0.000000,0.000000,0,0.000000,0.000000,0,0.000000,0.000000,0,0.000000,0.000000,0,0.000000,0.000000,0,0.000000,0.000000,0,0.000000,0.000000,1,0.200000,0.000000,0,0.000000,0.000000,0,0.000000,0.000000,0,0.000000,0.000000,0,0.000000,0.000000,0,0.000000,0.000000,0,0.000000,0.000000,2,0.400000,0.200000
93,0.001255,0,0.000000,0.000000,0,0.000000,0.000000,0,0.000000,0.000000,0,0.000000,0.000000,3,0.500000,0.500000,0,0.000000,0.000000,0,0.000000,0.000000,0,0.000000,0.000000,0,0.000000,0.000000,0,0.000000,0.000000,0,0.000000,0.000000,0,0.000000,0.000000,0,0.000000,0.000000,0,0.000000,0.000000,0,0.000000,0.000000,0,0.000000,0.000000,0,0.000000,0.000000,0,0.000000,0.000000,0,0.000000,0.000000,0,0.000000,0.000000,0,0.000000,0.000000,0,0.000000,0.000000,0,0.000000,0.000000,0,0.000000,0.000000,2,0.333333,0.000000,0,0.000000,0.000000,0,0.000000,0.000000,0,0.000000,0.000000,3,0.500000,0.166667,0,0.000000,0.000000,0,0.000000,0.000000,0,0.000000,0.000000,0,0.000000,0.000000,0,0.000000,0.000000,0,0.000000,0.000000,0,0.000000,0.000000,0,0.000000,0.000000
94,0.002410,0,0.000000,0.000000,2,0.105263,0.105263,5,0.263158,0.157895,1,0.052632,0.000000,0,0.000000,0.000000,0,0.000000,0.000000,3,0.157895,0.052632,0,0.000000,0.000000,1,0.052632,0.052632,0,0.000000,0.000000,0,0.000000,0.000000,0,0.000000,0.000000,0,0.000000,0.000000,0,0.000000,0.000000,0,0.000000,0.000000,0,0.000000,0.000000,1,0.052632,0.000000,0,0.000000,0.000000,0,0.000000,0.000000,0,0.000000,0.000000,1,0.052632,0.000000,1,0.052632,0.000000,1,0.052632,0.052632,0,0.000000,0.000000,0,0.000000,0.000000,3,0.157895,0.157895,0,0.000000,0.000000,0,0.000000,0.000000,0,0.000000,0.000000,0,0.000000,0.000000,0,0.000000,0.000000,1,0.052632,0.052632,0,0.000000,0.000000,0,0.000000,0.000000,0,0.000000,0.000000,3,0.157895,0.157895,0,0.000000,0.000000
95,0.006270,1,0.019608,0.019608,24,0.470588,0.274510,10,0.196078,0.078431,1,0.019608,0.000000,1,0.019608,0.019608,7,0.137255,0.137255,0,0.000000,0.000000,0,0.000000,0.000000,0,0.000000,0.000000,1,0.019608,0.000000,1,0.019608,0.019608,1,0.019608,0.000000,2,0.039216,0.039216,0,0.000000,0.000000,0,0.000000,0.000000,0,0.000000,0.000000,1,0.019608,0.019608,1,0.019608,0.019608,0,0.000000,0.000000,0,0.000000,0.000000,5,0.098039,0.019608,1,0.019608,0.000000,4,0.078431,0.000000,0,0.000000,0.000000,0,0.000000,0.000000,4,0.078431,0.000000,3,0.058824,0.019608,1,0.019608,0.019608,0,0.000000,0.000000,0,0.000000,0.000000,0,0.000000,0.000000,0,0.000000,0.000000,0,0.000000,0.000000,0,0.000000,0.000000,0,0.000000,0.000000,0,0.000000,0.000000,0,0.000000,0.000000
96,0.001795,0,0.000000,0.000000,0,0.000000,0.000000,0,0.000000,0.000000,0,0.000000,0.000000,0,0.000000,0.000000,0,0.000000,0.000000,0,0.000000,0.000000,4,0.307692,0.076923,0,0.000000,0.000000,0,0.000000,0.000000,0,0.000000,0.000000,0,0.000000,0.000000,3,0.230769,0.000000,0,0.000000,0.000000,0,0.000000,0.000000,0,0.000000,0.000000,0,0.000000,0.000000,0,0.000000,0.000000,0,0.000000,0.000000,0,0.000000,0.000000,0,0.000000,0.000000,0,0.000000,0.000000,0,0.000000,0.000000,0,0.000000,0.000000,0,0.000000,0.000000,0,0.000000,0.000000,0,0.000000,0.000000,0,0.000000,0.000000,0,0.000000,0.000000,0,0.000000,0.000000,0,0.000000,0.000000,0,0.000000,0.000000,0,0.000000,0.000000,0,0.000000,0.000000,11,0.846154,0.692308,0,0.000000,0.000000,0,0.000000,0.000000
97,0.002585,0,0.000000,0.000000,0,0.000000,0.000000,0,0.000000,0.000000,0,0.000000,0.000000,0,0.000000,0.000000,0,0.000000,0.000000,0,0.000000,0.000000,3,0.187500,0.000000,0,0.000000,0.000000,0,0.000000,0.000000,0,0.000000,0.000000,0,0.000000,0.000000,5,0.312500,0.125000,0,0.000000,0.000000,0,0.000000,0.000000,0,0.000000,0.000000,0,0.000000,0.000000,0,0.000000,0.000000,0,0.000000,0.000000,0,0.000000,0.000000,0,0.000000,0.000000,0,0.000000,0.000000,0,0.000000,0.000000,0,0.000000,0.000000,0,0.000000,0.000000,0,0.000000,0.000000,0,0.000000,0.000000,0,0.000000,0.000000,0,0.000000,0.000000,0,0.000000,0.000000,0,0.000000,0.000000,0,0.000000,0.000000,0,0.000000,0.000000,0,0.000000,0.000000,12,0.750000,0.687500,0,0.000000,0.000000,0,0.000000,0.000000
98,0.001315,1,0.100000,0.100000,1,0.100000,0.100000,0,0.000000,0.000000,0,0.000000,0.000000,0,0.000000,0.000000,1,0.100000,0.100000,0,0.000000,0.000000,0,0.000000,0.000000,0,0.000000,0.000000,0,0.000000,0.000000,0,0.000000,0.000000,0,0.000000,0.000000,0,0.000000,0.000000,2,0.200000,0.200000,0,0.000000,0.000000,0,0.000000,0.000000,0,0.000000,0.000000,0,0.000000,0.000000,0,0.000000,0.000000,0,0.000000,0.000000,0,0.000000,0.000000,0,0.000000,0.000000,0,0.000000,0.000000,0,0.000000,0.000000,0,0.000000,0.000000,0,0.000000,0.000000,0,0.000000,0.000000,2,0.200000,0.200000,1,0.100000,0.100000,0,0.000000,0.000000,0,0.000000,0.000000,2,0.200000,0.200000,0,0.000000,0.000000,0,0.000000,0.000000,0,0.000000,0.000000,0,0.000000,0.000000,0,0.000000,0.000000
99,0.000885,1,0.200000,0.200000,0,0.000000,0.000000,0,0.000000,0.000000,0,0.000000,0.000000,0,0.000000,0.000000,0,0.000000,0.000000,0,0.000000,0.000000,0,0.000000,0.000000,0,0.000000,0.000000,0,0.000000,0.000000,0,0.000000,0.000000,0,0.000000,0.000000,0,0.000000,0.000000,0,0.000000,0.000000,0,0.000000,0.000000,0,0.000000,0.000000,0,0.000000,0.000000,0,0.000000,0.000000,0,0.000000,0.000000,0,0.000000,0.000000,0,0.000000,0.000000,0,0.000000,0.000000,0,0.000000,0.000000,0,0.000000,0.000000,1,0.200000,0.200000,0,0.000000,0.000000,0,0.000000,0.000000,1,0.200000,0.200000,0,0.000000,0.000000,0,0.000000,0.000000,0,0.000000,0.000000,0,0.000000,0.000000,0,0.000000,0.000000,0,0.000000,0.000000,0,0.000000,0.000000,2,0.400000,0.400000,0,0.000000,0.000000
100,0.007775,5,0.094340,0.075472,0,0.000000,0.000000,7,0.132075,0.113208,1,0.018868,0.000000,1,0.018868,0.018868,0,0.000000,0.000000,1,0.018868,0.018868,2,0.037736,0.037736,1,0.018868,0.000000,1,0.018868,0.018868,8,0.150943,0.075472,1,0.018868,0.000000,0,0.000000,0.000000,1,0.018868,0.018868,0,0.000000,0.000000,0,0.000000,0.000000,2,0.037736,0.037736,1,0.018868,0.000000,1,0.018868,0.018868,1,0.018868,0.018868,0,0.000000,0.000000,0,0.000000,0.000000,1,0.018868,0.018868,0,0.000000,0.000000,0,0.000000,0.000000,24,0.452830,0.339623,0,0.000000,0.000000,0,0.000000,0.000000,0,0.000000,0.000000,0,0.000000,0.000000,0,0.000000,0.000000,1,0.018868,0.018868,0,0.000000,0.000000,0,0.000000,0.000000,0,0.000000,0.000000,1,0.018868,0.018868,0,0.000000,0.000000
101,0.000115,0,0.000000,0.000000,0,0.000000,0.000000,0,0.000000,0.000000,0,0.000000,0.000000,0,0.000000,0.000000,0,0.000000,0.000000,0,0.000000,0.000000,0,0.000000,0.000000,0,0.000000,0.000000,0,0.000000,0.000000,0,0.000000,0.000000,0,0.000000,0.000000,0,0.000000,0.000000,0,0.000000,0.000000,0,0.000000,0.000000,0,0.000000,0.000000,0,0.000000,0.000000,0,0.000000,0.000000,0,0.000000,0.000000,0,0.000000,0.000000,0,0.000000,0.000000,0,0.000000,0.000000,0,0.000000,0.000000,0,0.000000,0.000000,0,0.000000,0.000000,0,0.000000,0.000000,0,0.000000,0.000000,0,0.000000,0.000000,0,0.000000,0.000000,1,1.000000,1.000000,0,0.000000,0.000000,0,0.000000,0.000000,0,0.000000,0.000000,0,0.000000,0.000000,0,0.000000,0.000000,0,0.000000,0.000000,0,0.000000,0.000000
102,0.000270,0,0.000000,0.000000,0,0.000000,0.000000,0,0.000000,0.000000,0,0.000000,0.000000,0,0.000000,0.000000,0,0.000000,0.000000,0,0.000000,0.000000,0,0.000000,0.000000,0,0.000000,0.000000,0,0.000000,0.000000,0,0.000000,0.000000,0,0.000000,0.000000,0,0.000000,0.000000,0,0.000000,0.000000,0,0.000000,0.000000,0,0.000000,0.000000,0,0.000000,0.000000,0,0.000000,0.000000,1,0.500000,0.500000,0,0.000000,0.000000,0,0.000000,0.000000,0,0.000000,0.000000,0,0.000000,0.000000,0,0.000000,0.000000,0,0.000000,0.000000,0,0.000000,0.000000,0,0.000000,0.000000,0,0.000000,0.000000,0,0.000000,0.000000,0,0.000000,0.000000,0,0.000000,0.000000,0,0.000000,0.000000,0,0.000000,0.000000,0,0.000000,0.000000,0,0.000000,0.000000,0,0.000000,0.000000,1,0.500000,0.500000
103,0.000070,0,0.000000,0.000000,0,0.000000,0.000000,0,0.000000,0.000000,0,0.000000,0.000000,0,0.000000,0.000000,0,0.000000,0.000000,0,0.000000,0.000000,0,0.000000,0.000000,0,0.000000,0.000000,0,0.000000,0.000000,0,0.000000,0.000000,0,0.000000,0.000000,0,0.000000,0.000000,0,0.000000,0.000000,0,0.000000,0.000000,0,0.000000,0.000000,0,0.000000,0.000000,0,0.000000,0.000000,0,0.000000,0.000000,0,0.000000,0.000000,0,0.000000,0.000000,0,0.000000,0.000000,0,0.000000,0.000000,0,0.000000,0.000000,0,0.000000,0.000000,0,0.000000,0.000000,0,0.000000,0.000000,0,0.000000,0.000000,0,0.000000,0.000000,0,0.000000,0.000000,0,0.000000,0.000000,0,0.000000,0.000000,0,0.000000,0.000000,0,0.000000,0.000000,0,0.000000,0.000000,0,0.000000,0.000000,1,1.000000,1.000000
104,0.001165,1,0.125000,0.125000,0,0.000000,0.000000,0,0.000000,0.000000,0,0.000000,0.000000,0,0.000000,0.000000,0,0.000000,0.000000,0,0.000000,0.000000,0,0.000000,0.000000,0,0.000000,0.000000,0,0.000000,0.000000,0,0.000000,0.000000,0,0.000000,0.000000,0,0.000000,0.000000,0,0.000000,0.000000,0,0.000000,0.000000,6,0.750000,0.750000,0,0.000000,0.000000,0,0.000000,0.000000,0,0.000000,0.000000,0,0.000000,0.000000,0,0.000000,0.000000,0,0.000000,0.000000,0,0.000000,0.000000,0,0.000000,0.000000,0,0.000000,0.000000,0,0.000000,0.000000,0,0.000000,0.000000,0,0.000000,0.000000,0,0.000000,0.000000,0,0.000000,0.000000,0,0.000000,0.000000,0,0.000000,0.000000,1,0.125000,0.125000,0,0.000000,0.000000,0,0.000000,0.000000,0,0.000000,0.000000,0,0.000000,0.000000
105,0.000000,0,0.000000,0.000000,0,0.000000,0.000000,0,0.000000,0.000000,0,0.000000,0.000000,0,0.000000,0.000000,0,0.000000,0.000000,0,0.000000,0.000000,0,0.000000,0.000000,0,0.000000,0.000000,0,0.000000,0.000000,0,0.000000,0.000000,0,0.000000,0.000000,0,0.000000,0.000000,0,0.000000,0.000000,0,0.000000,0.000000,0,0.000000,0.000000,0,0.000000,0.000000,0,0.000000,0.000000,0,0.000000,0.000000,0,0.000000,0.000000,0,0.000000,0.000000,0,0.000000,0.000000,0,0.000000,0.000000,0,0.000000,0.000000,0,0.000000,0.000000,0,0.000000,0.000000,0,0.000000,0.000000,0,0.000000,0.000000,0,0.000000,0.000000,0,0.000000,0.000000,0,0.000000,0.000000,0,0.000000,0.000000,0,0.000000,0.000000,0,0.000000,0.000000,0,0.000000,0.000000,0,0.000000,0.000000,0,0.000000,0.000000
106,0.001675,1,0.058824,0.000000,0,0.000000,0.000000,1,0.058824,0.000000,1,0.058824,0.058824,0,0.000000,0.000000,4,0.235294,0.235294,0,0.000000,0.000000,0,0.000000,0.000000,0,0.000000,0.000000,7,0.411765,0.352941,0,0.000000,0.000000,0,0.000000,0.000000,0,0.000000,0.000000,0,0.000000,0.000000,0,0.000000,0.000000,1,0.058824,0.058824,0,0.000000,0.000000,1,0.058824,0.058824,0,0.000000,0.000000,0,0.000000,0.000000,0,0.000000,0.000000,0,0.000000,0.000000,1,0.058824,0.058824,0,0.000000,0.000000,0,0.000000,0.000000,0,0.000000,0.000000,1,0.058824,0.058824,0,0.000000,0.000000,0,0.000000,0.000000,0,0.000000,0.000000,0,0.000000,0.000000,0,0.000000,0.000000,0,0.000000,0.000000,0,0.000000,0.000000,0,0.000000,0.000000,1,0.058824,0.000000,0,0.000000,0.000000
107,0.019705,1,0.011111,0.000000,54,0.600000,0.444444,0,0.000000,0.000000,1,0.011111,0.000000,1,0.011111,0.011111,0,0.000000,0.000000,0,0.000000,0.000000,2,0.022222,0.011111,0,0.000000,0.000000,0,0.000000,0.000000,1,0.011111,0.000000,0,0.000000,0.000000,1,0.011111,0.000000,0,0.000000,0.000000,1,0.011111,0.011111,0,0.000000,0.000000,0,0.000000,0.000000,0,0.000000,0.000000,0,0.000000,0.000000,0,0.000000,0.000000,0,0.000000,0.000000,1,0.011111,0.000000,40,0.444444,0.277778,0,0.000000,0.000000,0,0.000000,0.000000,3,0.033333,0.022222,0,0.000000,0.000000,0,0.000000,0.000000,0,0.000000,0.000000,0,0.000000,0.000000,0,0.000000,0.000000,1,0.011111,0.000000,1,0.011111,0.000000,1,0.011111,0.000000,0,0.000000,0.000000,1,0.011111,0.011111,0,0.000000,0.000000
108,0.000625,1,0.166667,0.166667,0,0.000000,0.000000,0,0.000000,0.000000,0,0.000000,0.000000,0,0.000000,0.000000,0,0.000000,0.000000,0,0.000000,0.000000,0,0.000000,0.000000,0,0.000000,0.000000,0,0.000000,0.000000,0,0.000000,0.000000,0,0.000000,0.000000,0,0.000000,0.000000,1,0.166667,0.166667,0,0.000000,0.000000,4,0.666667,0.666667,0,0.000000,0.000000,0,0.000000,0.000000,0,0.000000,0.000000,0,0.000000,0.000000,0,0.000000,0.000000,0,0.000000,0.000000,0,0.000000,0.000000,0,0.000000,0.000000,0,0.000000,0.000000,0,0.000000,0.000000,0,0.000000,0.000000,0,0.000000,0.000000,0,0.000000,0.000000,0,0.000000,0.000000,0,0.000000,0.000000,0,0.000000,0.000000,0,0.000000,0.000000,0,0.000000,0.000000,0,0.000000,0.000000,0,0.000000,0.000000,0,0.000000,0.000000
109,0.000070,0,0.000000,0.000000,0,0.000000,0.000000,0,0.000000,0.000000,0,0.000000,0.000000,0,0.000000,0.000000,0,0.000000,0.000000,0,0.000000,0.000000,0,0.000000,0.000000,0,0.000000,0.000000,0,0.000000,0.000000,0,0.000000,0.000000,0,0.000000,0.000000,0,0.000000,0.000000,0,0.000000,0.000000,0,0.000000,0.000000,0,0.000000,0.000000,0,0.000000,0.000000,0,0.000000,0.000000,0,0.000000,0.000000,0,0.000000,0.000000,0,0.000000,0.000000,0,0.000000,0.000000,0,0.000000,0.000000,0,0.000000,0.000000,0,0.000000,0.000000,0,0.000000,0.000000,0,0.000000,0.000000,0,0.000000,0.000000,0,0.000000,0.000000,1,1.000000,0.000000,0,0.000000,0.000000,0,0.000000,0.000000,0,0.000000,0.000000,0,0.000000,0.000000,0,0.000000,0.000000,0,0.000000,0.000000,1,1.000000,0.000000
110,0.000190,0,0.000000,0.000000,0,0.000000,0.000000,0,0.000000,0.000000,0,0.000000,0.000000,0,0.000000,0.000000,0,0.000000,0.000000,0,0.000000,0.000000,0,0.000000,0.000000,0,0.000000,0.000000,0,0.000000,0.000000,0,0.000000,0.000000,0,0.000000,0.000000,0,0.000000,0.000000,0,0.000000,0.000000,0,0.000000,0.000000,0,0.000000,0.000000,0,0.000000,0.000000,0,0.000000,0.000000,0,0.000000,0.000000,0,0.000000,0.000000,0,0.000000,0.000000,0,0.000000,0.000000,0,0.000000,0.000000,0,0.000000,0.000000,0,0.000000,0.000000,0,0.000000,0.000000,0,0.000000,0.000000,0,0.000000,0.000000,0,0.000000,0.000000,2,1.000000,0.500000,0,0.000000,0.000000,0,0.000000,0.000000,0,0.000000,0.000000,0,0.000000,0.000000,0,0.000000,0.000000,0,0.000000,0.000000,1,0.500000,0.000000
111,0.002670,3,0.130435,0.130435,0,0.000000,0.000000,1,0.043478,0.043478,1,0.043478,0.043478,1,0.043478,0.043478,0,0.000000,0.000000,1,0.043478,0.043478,0,0.000000,0.000000,0,0.000000,0.000000,1,0.043478,0.000000,1,0.043478,0.043478,0,0.000000,0.000000,0,0.000000,0.000000,1,0.043478,0.000000,0,0.000000,0.000000,7,0.304348,0.260870,0,0.000000,0.000000,0,0.000000,0.000000,0,0.000000,0.000000,1,0.043478,0.043478,0,0.000000,0.000000,0,0.000000,0.000000,0,0.000000,0.000000,1,0.043478,0.043478,0,0.000000,0.000000,0,0.000000,0.000000,0,0.000000,0.000000,1,0.043478,0.000000,0,0.000000,0.000000,0,0.000000,0.000000,1,0.043478,0.043478,1,0.043478,0.043478,1,0.043478,0.043478,0,0.000000,0.000000,0,0.000000,0.000000,1,0.043478,0.043478,1,0.043478,0.043478
112,0.000000,0,0.000000,0.000000,0,0.000000,0.000000,0,0.000000,0.000000,0,0.000000,0.000000,0,0.000000,0.000000,0,0.000000,0.000000,0,0.000000,0.000000,0,0.000000,0.000000,0,0.000000,0.000000,0,0.000000,0.000000,0,0.000000,0.000000,0,0.000000,0.000000,0,0.000000,0.000000,0,0.000000,0.000000,0,0.000000,0.000000,0,0.000000,0.000000,0,0.000000,0.000000,0,0.000000,0.000000,0,0.000000,0.000000,0,0.000000,0.000000,0,0.000000,0.000000,0,0.000000,0.000000,0,0.000000,0.000000,0,0.000000,0.000000,0,0.000000,0.000000,0,0.000000,0.000000,0,0.000000,0.000000,0,0.000000,0.000000,0,0.000000,0.000000,0,0.000000,0.000000,0,0.000000,0.000000,0,0.000000,0.000000,0,0.000000,0.000000,0,0.000000,0.000000,0,0.000000,0.000000,0,0.000000,0.000000,0,0.000000,0.000000
113,0.000140,0,0.000000,0.000000,0,0.000000,0.000000,0,0.000000,0.000000,0,0.000000,0.000000,0,0.000000,0.000000,0,0.000000,0.000000,0,0.000000,0.000000,0,0.000000,0.000000,0,0.000000,0.000000,0,0.000000,0.000000,0,0.000000,0.000000,0,0.000000,0.000000,0,0.000000,0.000000,0,0.000000,0.000000,0,0.000000,0.000000,0,0.000000,0.000000,0,0.000000,0.000000,0,0.000000,0.000000,0,0.000000,0.000000,0,0.000000,0.000000,0,0.000000,0.000000,0,0.000000,0.000000,0,0.000000,0.000000,0,0.000000,0.000000,0,0.000000,0.000000,0,0.000000,0.000000,0,0.000000,0.000000,0,0.000000,0.000000,0,0.000000,0.000000,0,0.000000,0.000000,1,1.000000,1.000000,0,0.000000,0.000000,0,0.000000,0.000000,0,0.000000,0.000000,0,0.000000,0.000000,0,0.000000,0.000000,0,0.000000,0.000000
114,0.000050,0,0.000000,0.000000,0,0.000000,0.000000,0,0.000000,0.000000,0,0.000000,0.000000,0,0.000000,0.000000,0,0.000000,0.000000,0,0.000000,0.000000,0,0.000000,0.000000,0,0.000000,0.000000,0,0.000000,0.000000,0,0.000000,0.000000,0,0.000000,0.000000,0,0.000000,0.000000,0,0.000000,0.000000,0,0.000000,0.000000,0,0.000000,0.000000,0,0.000000,0.000000,0,0.000000,0.000000,0,0.000000,0.000000,0,0.000000,0.000000,0,0.000000,0.000000,0,0.000000,0.000000,0,0.000000,0.000000,0,0.000000,0.000000,0,0.000000,0.000000,0,0.000000,0.000000,0,0.000000,0.000000,0,0.000000,0.000000,0,0.000000,0.000000,0,0.000000,0.000000,0,0.000000,0.000000,0,0.000000,0.000000,0,0.000000,0.000000,0,0.000000,0.000000,0,0.000000,0.000000,0,0.000000,0.000000,1,1.000000,1.000000
115,0.000820,0,0.000000,0.000000,2,0.400000,0.400000,0,0.000000,0.000000,0,0.000000,0.000000,0,0.000000,0.000000,0,0.000000,0.000000,0,0.000000,0.000000,0,0.000000,0.000000,0,0.000000,0.000000,0,0.000000,0.000000,0,0.000000,0.000000,0,0.000000,0.000000,0,0.000000,0.000000,0,0.000000,0.000000,0,0.000000,0.000000,2,0.400000,0.400000,0,0.000000,0.000000,0,0.000000,0.000000,0,0.000000,0.000000,0,0.000000,0.000000,0,0.000000,0.000000,0,0.000000,0.000000,0,0.000000,0.000000,0,0.000000,0.000000,0,0.000000,0.000000,0,0.000000,0.000000,0,0.000000,0.000000,0,0.000000,0.000000,0,0.000000,0.000000,0,0.000000,0.000000,0,0.000000,0.000000,0,0.000000,0.000000,0,0.000000,0.000000,0,0.000000,0.000000,0,0.000000,0.000000,1,0.200000,0.200000,0,0.000000,0.000000
116,0.000420,0,0.000000,0.000000,0,0.000000,0.000000,0,0.000000,0.000000,0,0.000000,0.000000,0,0.000000,0.000000,0,0.000000,0.000000,0,0.000000,0.000000,0,0.000000,0.000000,0,0.000000,0.000000,0,0.000000,0.000000,0,0.000000,0.000000,0,0.000000,0.000000,0,0.000000,0.000000,0,0.000000,0.000000,0,0.000000,0.000000,3,0.750000,0.750000,0,0.000000,0.000000,0,0.000000,0.000000,0,0.000000,0.000000,0,0.000000,0.000000,0,0.000000,0.000000,0,0.000000,0.000000,0,0.000000,0.000000,0,0.000000,0.000000,0,0.000000,0.000000,0,0.000000,0.000000,0,0.000000,0.000000,0,0.000000,0.000000,0,0.000000,0.000000,0,0.000000,0.000000,0,0.000000,0.000000,0,0.000000,0.000000,1,0.250000,0.250000,0,0.000000,0.000000,0,0.000000,0.000000,0,0.000000,0.000000,0,0.000000,0.000000
117,0.002960,0,0.000000,0.000000,26,0.866667,0.866667,0,0.000000,0.000000,0,0.000000,0.000000,0,0.000000,0.000000,0,0.000000,0.000000,0,0.000000,0.000000,0,0.000000,0.000000,0,0.000000,0.000000,0,0.000000,0.000000,0,0.000000,0.000000,0,0.000000,0.000000,0,0.000000,0.000000,0,0.000000,0.000000,0,0.000000,0.000000,4,0.133333,0.133333,0,0.000000,0.000000,0,0.000000,0.000000,0,0.000000,0.000000,0,0.000000,0.000000,0,0.000000,0.000000,0,0.000000,0.000000,0,0.000000,0.000000,0,0.000000,0.000000,0,0.000000,0.000000,0,0.000000,0.000000,0,0.000000,0.000000,0,0.000000,0.000000,0,0.000000,0.000000,0,0.000000,0.000000,0,0.000000,0.000000,0,0.000000,0.000000,0,0.000000,0.000000,0,0.000000,0.000000,0,0.000000,0.000000,0,0.000000,0.000000,0,0.000000,0.000000
118,0.000830,0,0.000000,0.000000,1,0.142857,0.142857,1,0.142857,0.142857,0,0.000000,0.000000,0,0.000000,0.000000,0,0.000000,0.000000,0,0.000000,0.000000,0,0.000000,0.000000,0,0.000000,0.000000,0,0.000000,0.000000,0,0.000000,0.000000,0,0.000000,0.000000,0,0.000000,0.000000,0,0.000000,0.000000,0,0.000000,0.000000,5,0.714286,0.714286,0,0.000000,0.000000,0,0.000000,0.000000,0,0.000000,0.000000,0,0.000000,0.000000,0,0.000000,0.000000,0,0.000000,0.000000,0,0.000000,0.000000,0,0.000000,0.000000,0,0.000000,0.000000,0,0.000000,0.000000,0,0.000000,0.000000,0,0.000000,0.000000,0,0.000000,0.000000,0,0.000000,0.000000,0,0.000000,0.000000,0,0.000000,0.000000,0,0.000000,0.000000,0,0.000000,0.000000,0,0.000000,0.000000,0,0.000000,0.000000,0,0.000000,0.000000
119,0.000120,0,0.000000,0.000000,0,0.000000,0.000000,0,0.000000,0.000000,0,0.000000,0.000000,0,0.000000,0.000000,0,0.000000,0.000000,0,0.000000,0.000000,0,0.000000,0.000000,0,0.000000,0.000000,0,0.000000,0.000000,0,0.000000,0.000000,0,0.000000,0.000000,0,0.000000,0.000000,0,0.000000,0.000000,0,0.000000,0.000000,0,0.000000,0.000000,0,0.000000,0.000000,0,0.000000,0.000000,0,0.000000,0.000000,0,0.000000,0.000000,0,0.000000,0.000000,0,0.000000,0.000000,0,0.000000,0.000000,0,0.000000,0.000000,0,0.000000,0.000000,0,0.000000,0.000000,0,0.000000,0.000000,0,0.000000,0.000000,0,0.000000,0.000000,1,1.000000,0.000000,0,0.000000,0.000000,0,0.000000,0.000000,0,0.000000,0.000000,0,0.000000,0.000000,0,0.000000,0.000000,0,0.000000,0.000000,1,1.000000,0.000000
120,0.000110,0,0.000000,0.000000,0,0.000000,0.000000,0,0.000000,0.000000,0,0.000000,0.000000,0,0.000000,0.000000,0,0.000000,0.000000,0,0.000000,0.000000,0,0.000000,0.000000,1,1.000000,1.000000,0,0.000000,0.000000,0,0.000000,0.000000,0,0.000000,0.000000,0,0.000000,0.000000,0,0.000000,0.000000,0,0.000000,0.000000,0,0.000000,0.000000,0,0.000000,0.000000,0,0.000000,0.000000,0,0.000000,0.000000,0,0.000000,0.000000,0,0.000000,0.000000,0,0.000000,0.000000,0,0.000000,0.000000,0,0.000000,0.000000,0,0.000000,0.000000,0,0.000000,0.000000,0,0.000000,0.000000,0,0.000000,0.000000,0,0.000000,0.000000,0,0.000000,0.000000,0,0.000000,0.000000,0,0.000000,0.000000,0,0.000000,0.000000,0,0.000000,0.000000,0,0.000000,0.000000,0,0.000000,0.000000,0,0.000000,0.000000
121,0.007890,11,0.220000,0.120000,0,0.000000,0.000000,0,0.000000,0.000000,1,0.020000,0.000000,1,0.020000,0.020000,16,0.320000,0.160000,1,0.020000,0.020000,1,0.020000,0.020000,1,0.020000,0.020000,0,0.000000,0.000000,1,0.020000,0.020000,0,0.000000,0.000000,0,0.000000,0.000000,2,0.040000,0.020000,1,0.020000,0.020000,0,0.000000,0.000000,0,0.000000,0.000000,0,0.000000,0.000000,0,0.000000,0.000000,0,0.000000,0.000000,0,0.000000,0.000000,0,0.000000,0.000000,1,0.020000,0.020000,18,0.360000,0.160000,2,0.040000,0.020000,0,0.000000,0.000000,0,0.000000,0.000000,0,0.000000,0.000000,5,0.100000,0.060000,1,0.020000,0.000000,1,0.020000,0.020000,1,0.020000,0.000000,1,0.020000,0.000000,0,0.000000,0.000000,0,0.000000,0.000000,0,0.000000,0.000000,0,0.000000,0.000000
122,0.000210,0,0.000000,0.000000,0,0.000000,0.000000,0,0.000000,0.000000,0,0.000000,0.000000,0,0.000000,0.000000,0,0.000000,0.000000,0,0.000000,0.000000,0,0.000000,0.000000,0,0.000000,0.000000,0,0.000000,0.000000,0,0.000000,0.000000,0,0.000000,0.000000,0,0.000000,0.000000,1,0.500000,0.500000,0,0.000000,0.000000,0,0.000000,0.000000,0,0.000000,0.000000,0,0.000000,0.000000,0,0.000000,0.000000,0,0.000000,0.000000,0,0.000000,0.000000,0,0.000000,0.000000,0,0.000000,0.000000,0,0.000000,0.000000,0,0.000000,0.000000,0,0.000000,0.000000,0,0.000000,0.000000,0,0.000000,0.000000,0,0.000000,0.000000,0,0.000000,0.000000,1,0.500000,0.500000,0,0.000000,0.000000,0,0.000000,0.000000,0,0.000000,0.000000,0,0.000000,0.000000,0,0.000000,0.000000,0,0.000000,0.000000
123,0.001045,0,0.000000,0.000000,0,0.000000,0.000000,0,0.000000,0.000000,0,0.000000,0.000000,3,0.600000,0.400000,0,0.000000,0.000000,0,0.000000,0.000000,0,0.000000,0.000000,0,0.000000,0.000000,0,0.000000,0.000000,0,0.000000,0.000000,0,0.000000,0.000000,0,0.000000,0.000000,0,0.000000,0.000000,0,0.000000,0.000000,0,0.000000,0.000000,0,0.000000,0.000000,0,0.000000,0.000000,0,0.000000,0.000000,0,0.000000,0.000000,0,0.000000,0.000000,0,0.000000,0.000000,0,0.000000,0.000000,0,0.000000,0.000000,2,0.400000,0.200000,0,0.000000,0.000000,0,0.000000,0.000000,0,0.000000,0.000000,2,0.400000,0.200000,0,0.000000,0.000000,0,0.000000,0.000000,0,0.000000,0.000000,0,0.000000,0.000000,0,0.000000,0.000000,0,0.000000,0.000000,0,0.000000,0.000000,0,0.000000,0.000000
124,0.000130,0,0.000000,0.000000,0,0.000000,0.000000,0,0.000000,0.000000,0,0.000000,0.000000,0,0.000000,0.000000,0,0.000000,0.000000,0,0.000000,0.000000,0,0.000000,0.000000,0,0.000000,0.000000,0,0.000000,0.000000,0,0.000000,0.000000,0,0.000000,0.000000,0,0.000000,0.000000,1,1.000000,1.000000,0,0.000000,0.000000,0,0.000000,0.000000,0,0.000000,0.000000,0,0.000000,0.000000,0,0.000000,0.000000,0,0.000000,0.000000,0,0.000000,0.000000,0,0.000000,0.000000,0,0.000000,0.000000,0,0.000000,0.000000,0,0.000000,0.000000,0,0.000000,0.000000,0,0.000000,0.000000,0,0.000000,0.000000,0,0.000000,0.000000,0,0.000000,0.000000,0,0.000000,0.000000,0,0.000000,0.000000,0,0.000000,0.000000,0,0.000000,0.000000,0,0.000000,0.000000,0,0.000000,0.000000,0,0.000000,0.000000
125,0.000180,1,0.500000,0.500000,0,0.000000,0.000000,0,0.000000,0.000000,0,0.000000,0.000000,0,0.000000,0.000000,0,0.000000,0.000000,0,0.000000,0.000000,0,0.000000,0.000000,0,0.000000,0.000000,0,0.000000,0.000000,0,0.000000,0.000000,0,0.000000,0.000000,0,0.000000,0.000000,1,0.500000,0.500000,0,0.000000,0.000000,0,0.000000,0.000000,0,0.000000,0.000000,0,0.000000,0.000000,0,0.000000,0.000000,0,0.000000,0.000000,0,0.000000,0.000000,0,0.000000,0.000000,0,0.000000,0.000000,0,0.000000,0.000000,0,0.000000,0.000000,0,0.000000,0.000000,0,0.000000,0.000000,0,0.000000,0.000000,0,0.000000,0.000000,0,0.000000,0.000000,0,0.000000,0.000000,0,0.000000,0.000000,0,0.000000,0.000000,0,0.000000,0.000000,0,0.000000,0.000000,0,0.000000,0.000000,0,0.000000,0.000000
126,0.000000,0,0.000000,0.000000,0,0.000000,0.000000,0,0.000000,0.000000,0,0.000000,0.000000,0,0.000000,0.000000,0,0.000000,0.000000,0,0.000000,0.000000,0,0.000000,0.000000,0,0.000000,0.000000,0,0.000000,0.000000,0,0.000000,0.000000,0,0.000000,0.000000,0,0.000000,0.000000,0,0.000000,0.000000,0,0.000000,0.000000,0,0.000000,0.000000,0,0.000000,0.000000,0,0.000000,0.000000,0,0.000000,0.000000,0,0.000000,0.000000,0,0.000000,0.000000,0,0.000000,0.000000,0,0.000000,0.000000,0,0.000000,0.000000,0,0.000000,0.000000,0,0.000000,0.000000,0,0.000000,0.000000,0,0.000000,0.000000,0,0.000000,0.000000,0,0.000000,0.000000,0,0.000000,0.000000,0,0.000000,0.000000,0,0.000000,0.000000,0,0.000000,0.000000,0,0.000000,0.000000,0,0.000000,0.000000,0,0.000000,0.000000
127,0.000685,0,0.000000,0.000000,0,0.000000,0.000000,0,0.000000,0.000000,0,0.000000,0.000000,2,0.500000,0.500000,0,0.000000,0.000000,0,0.000000,0.000000,0,0.000000,0.000000,0,0.000000,0.000000,0,0.000000,0.000000,0,0.000000,0.000000,0,0.000000,0.000000,0,0.000000,0.000000,0,0.000000,0.000000,0,0.000000,0.000000,0,0.000000,0.000000,0,0.000000,0.000000,0,0.000000,0.000000,0,0.000000,0.000000,0,0.000000,0.000000,0,0.000000,0.000000,0,0.000000,0.000000,0,0.000000,0.000000,0,0.000000,0.000000,1,0.250000,0.250000,0,0.000000,0.000000,0,0.000000,0.000000,0,0.000000,0.000000,1,0.250000,0.250000,0,0.000000,0.000000,0,0.000000,0.000000,0,0.000000,0.000000,0,0.000000,0.000000,0,0.000000,0.000000,0,0.000000,0.000000,0,0.000000,0.000000,0,0.000000,0.000000
128,0.000000,0,0.000000,0.000000,0,0.000000,0.000000,0,0.000000,0.000000,0,0.000000,0.000000,0,0.000000,0.000000,0,0.000000,0.000000,0,0.000000,0.000000,0,0.000000,0.000000,0,0.000000,0.000000,0,0.000000,0.000000,0,0.000000,0.000000,0,0.000000,0.000000,0,0.000000,0.000000,0,0.000000,0.000000,0,0.000000,0.000000,0,0.000000,0.000000,0,0.000000,0.000000,0,0.000000,0.000000,0,0.000000,0.000000,0,0.000000,0.000000,0,0.000000,0.000000,0,0.000000,0.000000,0,0.000000,0.000000,0,0.000000,0.000000,0,0.000000,0.000000,0,0.000000,0.000000,0,0.000000,0.000000,0,0.000000,0.000000,0,0.000000,0.000000,0,0.000000,0.000000,0,0.000000,0.000000,0,0.000000,0.000000,0,0.000000,0.000000,0,0.000000,0.000000,0,0.000000,0.000000,0,0.000000,0.000000,0,0.000000,0.000000
129,0.000095,0,0.000000,0.000000,0,0.000000,0.000000,0,0.000000,0.000000,0,0.000000,0.000000,0,0.000000,0.000000,0,0.000000,0.000000,0,0.000000,0.000000,0,0.000000,0.000000,0,0.000000,0.000000,0,0.000000,0.000000,0,0.000000,0.000000,0,0.000000,0.000000,0,0.000000,0.000000,0,0.000000,0.000000,0,0.000000,0.000000,0,0.000000,0.000000,0,0.000000,0.000000,0,0.000000,0.000000,0,0.000000,0.000000,0,0.000000,0.000000,0,0.000000,0.000000,0,0.000000,0.000000,0,0.000000,0.000000,0,0.000000,0.000000,0,0.000000,0.000000,0,0.000000,0.000000,0,0.000000,0.000000,0,0.000000,0.000000,0,0.000000,0.000000,0,0.000000,0.000000,0,0.000000,0.000000,0,0.000000,0.000000,0,0.000000,0.000000,0,0.000000,0.000000,0,0.000000,0.000000,0,0.000000,0.000000,1,1.000000,1.000000
130,0.000890,1,0.166667,0.166667,0,0.000000,0.000000,0,0.000000,0.000000,0,0.000000,0.000000,0,0.000000,0.000000,4,0.666667,0.666667,0,0.000000,0.000000,0,0.000000,0.000000,0,0.000000,0.000000,0,0.000000,0.000000,0,0.000000,0.000000,0,0.000000,0.000000,0,0.000000,0.000000,0,0.000000,0.000000,0,0.000000,0.000000,0,0.000000,0.000000,0,0.000000,0.000000,0,0.000000,0.000000,0,0.000000,0.000000,0,0.000000,0.000000,0,0.000000,0.000000,0,0.000000,0.000000,0,0.000000,0.000000,0,0.000000,0.000000,0,0.000000,0.000000,0,0.000000,0.000000,0,0.000000,0.000000,1,0.166667,0.166667,0,0.000000,0.000000,0,0.000000,0.000000,0,0.000000,0.000000,0,0.000000,0.000000,0,0.000000,0.000000,0,0.000000,0.000000,0,0.000000,0.000000,0,0.000000,0.000000,0,0.000000,0.000000
131,0.000000,0,0.000000,0.000000,0,0.000000,0.000000,0,0.000000,0.000000,0,0.000000,0.000000,0,0.000000,0.000000,0,0.000000,0.000000,0,0.000000,0.000000,0,0.000000,0.000000,0,0.000000,0.000000,0,0.000000,0.000000,0,0.000000,0.000000,0,0.000000,0.000000,0,0.000000,0.000000,0,0.000000,0.000000,0,0.000000,0.000000,0,0.000000,0.000000,0,0.000000,0.000000,0,0.000000,0.000000,0,0.000000,0.000000,0,0.000000,0.000000,0,0.000000,0.000000,0,0.000000,0.000000,0,0.000000,0.000000,0,0.000000,0.000000,0,0.000000,0.000000,0,0.000000,0.000000,0,0.000000,0.000000,0,0.000000,0.000000,0,0.000000,0.000000,0,0.000000,0.000000,0,0.000000,0.000000,0,0.000000,0.000000,0,0.000000,0.000000,0,0.000000,0.000000,0,0.000000,0.000000,0,0.000000,0.000000,0,0.000000,0.000000
132,0.000405,0,0.000000,0.000000,0,0.000000,0.000000,0,0.000000,0.000000,0,0.000000,0.000000,0,0.000000,0.000000,0,0.000000,0.000000,0,0.000000,0.000000,0,0.000000,0.000000,0,0.000000,0.000000,0,0.000000,0.000000,0,0.000000,0.000000,0,0.000000,0.000000,1,0.500000,0.000000,0,0.000000,0.000000,0,0.000000,0.000000,0,0.000000,0.000000,0,0.000000,0.000000,0,0.000000,0.000000,1,0.500000,0.000000,0,0.000000,0.000000,0,0.000000,0.000000,0,0.000000,0.000000,0,0.000000,0.000000,0,0.000000,0.000000,0,0.000000,0.000000,0,0.000000,0.000000,0,0.000000,0.000000,0,0.000000,0.000000,0,0.000000,0.000000,0,0.000000,0.000000,0,0.000000,0.000000,0,0.000000,0.000000,0,0.000000,0.000000,1,0.500000,0.500000,0,0.000000,0.000000,0,0.000000,0.000000,0,0.000000,0.000000
133,0.000325,0,0.000000,0.000000,0,0.000000,0.000000,0,0.000000,0.000000,0,0.000000,0.000000,0,0.000000,0.000000,0,0.000000,0.000000,0,0.000000,0.000000,0,0.000000,0.000000,0,0.000000,0.000000,0,0.000000,0.000000,0,0.000000,0.000000,0,0.000000,0.000000,0,0.000000,0.000000,0,0.000000,0.000000,0,0.000000,0.000000,0,0.000000,0.000000,0,0.000000,0.000000,0,0.000000,0.000000,0,0.000000,0.000000,0,0.000000,0.000000,0,0.000000,0.000000,0,0.000000,0.000000,0,0.000000,0.000000,0,0.000000,0.000000,0,0.000000,0.000000,0,0.000000,0.000000,0,0.000000,0.000000,0,0.000000,0.000000,0,0.000000,0.000000,0,0.000000,0.000000,0,0.000000,0.000000,0,0.000000,0.000000,0,0.000000,0.000000,0,0.000000,0.000000,3,1.000000,1.000000,0,0.000000,0.000000,0,0.000000,0.000000
134,0.001370,0,0.000000,0.000000,5,0.625000,0.375000,0,0.000000,0.000000,1,0.125000,0.000000,0,0.000000,0.000000,0,0.000000,0.000000,0,0.000000,0.000000,0,0.000000,0.000000,0,0.000000,0.000000,0,0.000000,0.000000,0,0.000000,0.000000,0,0.000000,0.000000,0,0.000000,0.000000,0,0.000000,0.000000,0,0.000000,0.000000,0,0.000000,0.000000,0,0.000000,0.000000,0,0.000000,0.000000,0,0.000000,0.000000,0,0.000000,0.000000,0,0.000000,0.000000,0,0.000000,0.000000,0,0.000000,0.000000,0,0.000000,0.000000,0,0.000000,0.000000,0,0.000000,0.000000,0,0.000000,0.000000,0,0.000000,0.000000,0,0.000000,0.000000,0,0.000000,0.000000,0,0.000000,0.000000,0,0.000000,0.000000,0,0.000000,0.000000,0,0.000000,0.000000,0,0.000000,0.000000,4,0.500000,0.375000,0,0.000000,0.000000
135,0.000000,0,0.000000,0.000000,0,0.000000,0.000000,0,0.000000,0.000000,0,0.000000,0.000000,0,0.000000,0.000000,0,0.000000,0.000000,0,0.000000,0.000000,0,0.000000,0.000000,0,0.000000,0.000000,0,0.000000,0.000000,0,0.000000,0.000000,0,0.000000,0.000000,0,0.000000,0.000000,0,0.000000,0.000000,0,0.000000,0.000000,0,0.000000,0.000000,0,0.000000,0.000000,0,0.000000,0.000000,0,0.000000,0.000000,0,0.000000,0.000000,0,0.000000,0.000000,0,0.000000,0.000000,0,0.000000,0.000000,0,0.000000,0.000000,0,0.000000,0.000000,0,0.000000,0.000000,0,0.000000,0.000000,0,0.000000,0.000000,0,0.000000,0.000000,0,0.000000,0.000000,0,0.000000,0.000000,0,0.000000,0.000000,0,0.000000,0.000000,0,0.000000,0.000000,0,0.000000,0.000000,0,0.000000,0.000000,0,0.000000,0.000000
136,0.000385,0,0.000000,0.000000,0,0.000000,0.000000,0,0.000000,0.000000,0,0.000000,0.000000,0,0.000000,0.000000,0,0.000000,0.000000,0,0.000000,0.000000,0,0.000000,0.000000,0,0.000000,0.000000,0,0.000000,0.000000,0,0.000000,0.000000,0,0.000000,0.000000,1,0.500000,0.000000,0,0.000000,0.000000,0,0.000000,0.000000,0,0.000000,0.000000,0,0.000000,0.000000,0,0.000000,0.000000,1,0.500000,0.000000,0,0.000000,0.000000,0,0.000000,0.000000,0,0.000000,0.000000,0,0.000000,0.000000,0,0.000000,0.000000,0,0.000000,0.000000,0,0.000000,0.000000,0,0.000000,0.000000,0,0.000000,0.000000,0,0.000000,0.000000,0,0.000000,0.000000,0,0.000000,0.000000,0,0.000000,0.000000,0,0.000000,0.000000,1,0.500000,0.500000,0,0.000000,0.000000,0,0.000000,0.000000,0,0.000000,0.000000
137,0.000000,0,0.000000,0.000000,0,0.000000,0.000000,0,0.000000,0.000000,0,0.000000,0.000000,0,0.000000,0.000000,0,0.000000,0.000000,0,0.000000,0.000000,0,0.000000,0.000000,0,0.000000,0.000000,0,0.000000,0.000000,0,0.000000,0.000000,0,0.000000,0.000000,0,0.000000,0.000000,0,0.000000,0.000000,0,0.000000,0.000000,0,0.000000,0.000000,0,0.000000,0.000000,0,0.000000,0.000000,0,0.000000,0.000000,0,0.000000,0.000000,0,0.000000,0.000000,0,0.000000,0.000000,0,0.000000,0.000000,0,0.000000,0.000000,0,0.000000,0.000000,0,0.000000,0.000000,0,0.000000,0.000000,0,0.000000,0.000000,0,0.000000,0.000000,0,0.000000,0.000000,0,0.000000,0.000000,0,0.000000,0.000000,0,0.000000,0.000000,0,0.000000,0.000000,0,0.000000,0.000000,0,0.000000,0.000000,0,0.000000,0.000000
138,0.004775,0,0.000000,0.000000,37,0.880952,0.880952,0,0.000000,0.000000,0,0.000000,0.000000,0,0.000000,0.000000,0,0.000000,0.000000,0,0.000000,0.000000,0,0.000000,0.000000,0,0.000000,0.000000,0,0.000000,0.000000,0,0.000000,0.000000,0,0.000000,0.000000,0,0.000000,0.000000,0,0.000000,0.000000,0,0.000000,0.000000,5,0.119048,0.119048,0,0.000000,0.000000,0,0.000000,0.000000,0,0.000000,0.000000,0,0.000000,0.000000,0,0.000000,0.000000,0,0.000000,0.000000,0,0.000000,0.000000,0,0.000000,0.000000,0,0.000000,0.000000,0,0.000000,0.000000,0,0.000000,0.000000,0,0.000000,0.000000,0,0.000000,0.000000,0,0.000000,0.000000,0,0.000000,0.000000,0,0.000000,0.000000,0,0.000000,0.000000,0,0.000000,0.000000,0,0.000000,0.000000,0,0.000000,0.000000,0,0.000000,0.000000
139,0.000825,0,0.000000,0.000000,0,0.000000,0.000000,0,0.000000,0.000000,0,0.000000,0.000000,0,0.000000,0.000000,0,0.000000,0.000000,0,0.000000,0.000000,0,0.000000,0.000000,0,0.000000,0.000000,0,0.000000,0.000000,0,0.000000,0.000000,0,0.000000,0.000000,0,0.000000,0.000000,0,0.000000,0.000000,0,0.000000,0.000000,0,0.000000,0.000000,0,0.000000,0.000000,0,0.000000,0.000000,1,0.250000,0.250000,0,0.000000,0.000000,0,0.000000,0.000000,0,0.000000,0.000000,0,0.000000,0.000000,0,0.000000,0.000000,0,0.000000,0.000000,0,0.000000,0.000000,0,0.000000,0.000000,0,0.000000,0.000000,1,0.250000,0.250000,0,0.000000,0.000000,0,0.000000,0.000000,0,0.000000,0.000000,0,0.000000,0.000000,2,0.500000,0.500000,0,0.000000,0.000000,0,0.000000,0.000000,0,0.000000,0.000000
140,0.000000,0,0.000000,0.000000,0,0.000000,0.000000,0,0.000000,0.000000,0,0.000000,0.000000,0,0.000000,0.000000,0,0.000000,0.000000,0,0.000000,0.000000,0,0.000000,0.000000,0,0.000000,0.000000,0,0.000000,0.000000,0,0.000000,0.000000,0,0.000000,0.000000,0,0.000000,0.000000,0,0.000000,0.000000,0,0.000000,0.000000,0,0.000000,0.000000,0,0.000000,0.000000,0,0.000000,0.000000,0,0.000000,0.000000,0,0.000000,0.000000,0,0.000000,0.000000,0,0.000000,0.000000,0,0.000000,0.000000,0,0.000000,0.000000,0,0.000000,0.000000,0,0.000000,0.000000,0,0.000000,0.000000,0,0.000000,0.000000,0,0.000000,0.000000,0,0.000000,0.000000,0,0.000000,0.000000,0,0.000000,0.000000,0,0.000000,0.000000,0,0.000000,0.000000,0,0.000000,0.000000,0,0.000000,0.000000,0,0.000000,0.000000
141,0.000000,0,0.000000,0.000000,0,0.000000,0.000000,0,0.000000,0.000000,0,0.000000,0.000000,0,0.000000,0.000000,0,0.000000,0.000000,0,0.000000,0.000000,0,0.000000,0.000000,0,0.000000,0.000000,0,0.000000,0.000000,0,0.000000,0.000000,0,0.000000,0.000000,0,0.000000,0.000000,0,0.000000,0.000000,0,0.000000,0.000000,0,0.000000,0.000000,0,0.000000,0.000000,0,0.000000,0.000000,0,0.000000,0.000000,0,0.000000,0.000000,0,0.000000,0.000000,0,0.000000,0.000000,0,0.000000,0.000000,0,0.000000,0.000000,0,0.000000,0.000000,0,0.000000,0.000000,0,0.000000,0.000000,0,0.000000,0.000000,0,0.000000,0.000000,0,0.000000,0.000000,0,0.000000,0.000000,0,0.000000,0.000000,0,0.000000,0.000000,0,0.000000,0.000000,0,0.000000,0.000000,0,0.000000,0.000000,0,0.000000,0.000000
142,0.001195,0,0.000000,0.000000,8,0.888889,0.777778,0,0.000000,0.000000,0,0.000000,0.000000,0,0.000000,0.000000,0,0.000000,0.000000,0,0.000000,0.000000,0,0.000000,0.000000,0,0.000000,0.000000,0,0.000000,0.000000,0,0.000000,0.000000,0,0.000000,0.000000,0,0.000000,0.000000,0,0.000000,0.000000,0,0.000000,0.000000,0,0.000000,0.000000,0,0.000000,0.000000,0,0.000000,0.000000,0,0.000000,0.000000,0,0.000000,0.000000,0,0.000000,0.000000,0,0.000000,0.000000,0,0.000000,0.000000,0,0.000000,0.000000,0,0.000000,0.000000,0,0.000000,0.000000,0,0.000000,0.000000,0,0.000000,0.000000,0,0.000000,0.000000,0,0.000000,0.000000,0,0.000000,0.000000,0,0.000000,0.000000,0,0.000000,0.000000,2,0.222222,0.111111,0,0.000000,0.000000,0,0.000000,0.000000,0,0.000000,0.000000
143,0.000435,0,0.000000,0.000000,0,0.000000,0.000000,0,0.000000,0.000000,0,0.000000,0.000000,0,0.000000,0.000000,0,0.000000,0.000000,0,0.000000,0.000000,0,0.000000,0.000000,0,0.000000,0.000000,0,0.000000,0.000000,0,0.000000,0.000000,0,0.000000,0.000000,0,0.000000,0.000000,0,0.000000,0.000000,0,0.000000,0.000000,0,0.000000,0.000000,0,0.000000,0.000000,0,0.000000,0.000000,1,0.500000,0.500000,0,0.000000,0.000000,0,0.000000,0.000000,0,0.000000,0.000000,0,0.000000,0.000000,0,0.000000,0.000000,0,0.000000,0.000000,0,0.000000,0.000000,0,0.000000,0.000000,0,0.000000,0.000000,0,0.000000,0.000000,0,0.000000,0.000000,0,0.000000,0.000000,0,0.000000,0.000000,0,0.000000,0.000000,1,0.500000,0.500000,0,0.000000,0.000000,0,0.000000,0.000000,0,0.000000,0.000000
144,0.000380,0,0.000000,0.000000,0,0.000000,0.000000,0,0.000000,0.000000,0,0.000000,0.000000,1,0.500000,0.500000,0,0.000000,0.000000,0,0.000000,0.000000,0,0.000000,0.000000,0,0.000000,0.000000,0,0.000000,0.000000,0,0.000000,0.000000,0,0.000000,0.000000,0,0.000000,0.000000,0,0.000000,0.000000,0,0.000000,0.000000,0,0.000000,0.000000,0,0.000000,0.000000,0,0.000000,0.000000,0,0.000000,0.000000,0,0.000000,0.000000,0,0.000000,0.000000,0,0.000000,0.000000,0,0.000000,0.000000,0,0.000000,0.000000,1,0.500000,0.500000,0,0.000000,0.000000,0,0.000000,0.000000,0,0.000000,0.000000,0,0.000000,0.000000,0,0.000000,0.000000,0,0.000000,0.000000,0,0.000000,0.000000,0,0.000000,0.000000,0,0.000000,0.000000,0,0.000000,0.000000,0,0.000000,0.000000,0,0.000000,0.000000
145,0.001285,0,0.000000,0.000000,9,0.900000,0.900000,0,0.000000,0.000000,0,0.000000,0.000000,0,0.000000,0.000000,0,0.000000,0.000000,0,0.000000,0.000000,0,0.000000,0.000000,0,0.000000,0.000000,0,0.000000,0.000000,0,0.000000,0.000000,0,0.000000,0.000000,0,0.000000,0.000000,0,0.000000,0.000000,0,0.000000,0.000000,0,0.000000,0.000000,0,0.000000,0.000000,0,0.000000,0.000000,0,0.000000,0.000000,0,0.000000,0.000000,0,0.000000,0.000000,0,0.000000,0.000000,0,0.000000,0.000000,0,0.000000,0.000000,0,0.000000,0.000000,0,0.000000,0.000000,0,0.000000,0.000000,0,0.000000,0.000000,0,0.000000,0.000000,0,0.000000,0.000000,0,0.000000,0.000000,0,0.000000,0.000000,0,0.000000,0.000000,1,0.100000,0.100000,0,0.000000,0.000000,0,0.000000,0.000000,0,0.000000,0.000000
146,0.005470,1,0.031250,0.031250,15,0.468750,0.406250,4,0.125000,0.031250,0,0.000000,0.000000,0,0.000000,0.000000,1,0.031250,0.031250,1,0.031250,0.000000,0,0.000000,0.000000,0,0.000000,0.000000,0,0.000000,0.000000,0,0.000000,0.000000,0,0.000000,0.000000,0,0.000000,0.000000,0,0.000000,0.000000,0,0.000000,0.000000,0,0.000000,0.000000,13,0.406250,0.250000,1,0.031250,0.000000,0,0.000000,0.000000,0,0.000000,0.000000,0,0.000000,0.000000,1,0.031250,0.000000,0,0.000000,0.000000,0,0.000000,0.000000,0,0.000000,0.000000,0,0.000000,0.000000,0,0.000000,0.000000,0,0.000000,0.000000,0,0.000000,0.000000,0,0.000000,0.000000,0,0.000000,0.000000,1,0.031250,0.031250,0,0.000000,0.000000,0,0.000000,0.000000,0,0.000000,0.000000,1,0.031250,0.031250,0,0.000000,0.000000
147,0.000660,0,0.000000,0.000000,0,0.000000,0.000000,0,0.000000,0.000000,0,0.000000,0.000000,0,0.000000,0.000000,0,0.000000,0.000000,0,0.000000,0.000000,0,0.000000,0.000000,0,0.000000,0.000000,0,0.000000,0.000000,0,0.000000,0.000000,0,0.000000,0.000000,0,0.000000,0.000000,0,0.000000,0.000000,2,0.666667,0.666667,0,0.000000,0.000000,0,0.000000,0.000000,0,0.000000,0.000000,0,0.000000,0.000000,0,0.000000,0.000000,0,0.000000,0.000000,0,0.000000,0.000000,0,0.000000,0.000000,0,0.000000,0.000000,0,0.000000,0.000000,0,0.000000,0.000000,0,0.000000,0.000000,0,0.000000,0.000000,0,0.000000,0.000000,0,0.000000,0.000000,0,0.000000,0.000000,0,0.000000,0.000000,0,0.000000,0.000000,0,0.000000,0.000000,0,0.000000,0.000000,1,0.333333,0.333333,0,0.000000,0.000000
148,0.000815,0,0.000000,0.000000,0,0.000000,0.000000,0,0.000000,0.000000,0,0.000000,0.000000,0,0.000000,0.000000,0,0.000000,0.000000,0,0.000000,0.000000,0,0.000000,0.000000,0,0.000000,0.000000,0,0.000000,0.000000,0,0.000000,0.000000,0,0.000000,0.000000,0,0.000000,0.000000,0,0.000000,0.000000,0,0.000000,0.000000,0,0.000000,0.000000,0,0.000000,0.000000,0,0.000000,0.000000,0,0.000000,0.000000,0,0.000000,0.000000,0,0.000000,0.000000,0,0.000000,0.000000,0,0.000000,0.000000,0,0.000000,0.000000,0,0.000000,0.000000,0,0.000000,0.000000,0,0.000000,0.000000,0,0.000000,0.000000,0,0.000000,0.000000,0,0.000000,0.000000,0,0.000000,0.000000,0,0.000000,0.000000,0,0.000000,0.000000,0,0.000000,0.000000,5,1.000000,1.000000,0,0.000000,0.000000,0,0.000000,0.000000
149,0.000420,0,0.000000,0.000000,0,0.000000,0.000000,0,0.000000,0.000000,0,0.000000,0.000000,1,0.500000,0.500000,0,0.000000,0.000000,0,0.000000,0.000000,0,0.000000,0.000000,0,0.000000,0.000000,0,0.000000,0.000000,0,0.000000,0.000000,0,0.000000,0.000000,0,0.000000,0.000000,0,0.000000,0.000000,0,0.000000,0.000000,0,0.000000,0.000000,0,0.000000,0.000000,0,0.000000,0.000000,0,0.000000,0.000000,0,0.000000,0.000000,0,0.000000,0.000000,0,0.000000,0.000000,0,0.000000,0.000000,0,0.000000,0.000000,1,0.500000,0.500000,0,0.000000,0.000000,0,0.000000,0.000000,0,0.000000,0.000000,0,0.000000,0.000000,0,0.000000,0.000000,0,0.000000,0.000000,0,0.000000,0.000000,0,0.000000,0.000000,0,0.000000,0.000000,0,0.000000,0.000000,0,0.000000,0.000000,0,0.000000,0.000000
150,0.000175,0,0.000000,0.000000,0,0.000000,0.000000,0,0.000000,0.000000,0,0.000000,0.000000,0,0.000000,0.000000,0,0.000000,0.000000,0,0.000000,0.000000,0,0.000000,0.000000,0,0.000000,0.000000,0,0.000000,0.000000,0,0.000000,0.000000,0,0.000000,0.000000,0,0.000000,0.000000,0,0.000000,0.000000,0,0.000000,0.000000,0,0.000000,0.000000,0,0.000000,0.000000,0,0.000000,0.000000,1,1.000000,1.000000,0,0.000000,0.000000,0,0.000000,0.000000,0,0.000000,0.000000,0,0.000000,0.000000,0,0.000000,0.000000,0,0.000000,0.000000,0,0.000000,0.000000,0,0.000000,0.000000,0,0.000000,0.000000,0,0.000000,0.000000,0,0.000000,0.000000,0,0.000000,0.000000,0,0.000000,0.000000,0,0.000000,0.000000,0,0.000000,0.000000,0,0.000000,0.000000,0,0.000000,0.000000,0,0.000000,0.000000
151,0.000655,0,0.000000,0.000000,0,0.000000,0.000000,0,0.000000,0.000000,0,0.000000,0.000000,0,0.000000,0.000000,0,0.000000,0.000000,0,0.000000,0.000000,0,0.000000,0.000000,0,0.000000,0.000000,0,0.000000,0.000000,0,0.000000,0.000000,0,0.000000,0.000000,0,0.000000,0.000000,0,0.000000,0.000000,0,0.000000,0.000000,0,0.000000,0.000000,0,0.000000,0.000000,0,0.000000,0.000000,0,0.000000,0.000000,0,0.000000,0.000000,0,0.000000,0.000000,0,0.000000,0.000000,0,0.000000,0.000000,0,0.000000,0.000000,0,0.000000,0.000000,0,0.000000,0.000000,0,0.000000,0.000000,0,0.000000,0.000000,0,0.000000,0.000000,0,0.000000,0.000000,0,0.000000,0.000000,0,0.000000,0.000000,0,0.000000,0.000000,0,0.000000,0.000000,6,1.000000,1.000000,0,0.000000,0.000000,0,0.000000,0.000000
152,0.000600,0,0.000000,0.000000,0,0.000000,0.000000,0,0.000000,0.000000,0,0.000000,0.000000,0,0.000000,0.000000,0,0.000000,0.000000,0,0.000000,0.000000,0,0.000000,0.000000,0,0.000000,0.000000,0,0.000000,0.000000,0,0.000000,0.000000,0,0.000000,0.000000,0,0.000000,0.000000,0,0.000000,0.000000,0,0.000000,0.000000,0,0.000000,0.000000,0,0.000000,0.000000,0,0.000000,0.000000,0,0.000000,0.000000,0,0.000000,0.000000,0,0.000000,0.000000,0,0.000000,0.000000,0,0.000000,0.000000,0,0.000000,0.000000,0,0.000000,0.000000,0,0.000000,0.000000,0,0.000000,0.000000,0,0.000000,0.000000,0,0.000000,0.000000,0,0.000000,0.000000,0,0.000000,0.000000,0,0.000000,0.000000,0,0.000000,0.000000,0,0.000000,0.000000,5,1.000000,1.000000,0,0.000000,0.000000,0,0.000000,0.000000
153,0.000795,0,0.000000,0.000000,0,0.000000,0.000000,0,0.000000,0.000000,0,0.000000,0.000000,2,0.500000,0.250000,0,0.000000,0.000000,0,0.000000,0.000000,0,0.000000,0.000000,0,0.000000,0.000000,0,0.000000,0.000000,0,0.000000,0.000000,0,0.000000,0.000000,0,0.000000,0.000000,0,0.000000,0.000000,0,0.000000,0.000000,0,0.000000,0.000000,0,0.000000,0.000000,0,0.000000,0.000000,0,0.000000,0.000000,0,0.000000,0.000000,0,0.000000,0.000000,0,0.000000,0.000000,0,0.000000,0.000000,0,0.000000,0.000000,3,0.750000,0.500000,0,0.000000,0.000000,0,0.000000,0.000000,0,0.000000,0.000000,0,0.000000,0.000000,0,0.000000,0.000000,0,0.000000,0.000000,0,0.000000,0.000000,0,0.000000,0.000000,0,0.000000,0.000000,0,0.000000,0.000000,0,0.000000,0.000000,0,0.000000,0.000000
154,0.001520,4,0.333333,0.250000,0,0.000000,0.000000,0,0.000000,0.000000,0,0.000000,0.000000,0,0.000000,0.000000,4,0.333333,0.250000,0,0.000000,0.000000,0,0.000000,0.000000,0,0.000000,0.000000,0,0.000000,0.000000,0,0.000000,0.000000,0,0.000000,0.000000,0,0.000000,0.000000,0,0.000000,0.000000,0,0.000000,0.000000,0,0.000000,0.000000,0,0.000000,0.000000,0,0.000000,0.000000,0,0.000000,0.000000,0,0.000000,0.000000,0,0.000000,0.000000,0,0.000000,0.000000,0,0.000000,0.000000,2,0.166667,0.166667,2,0.166667,0.166667,0,0.000000,0.000000,0,0.000000,0.000000,1,0.083333,0.083333,0,0.000000,0.000000,0,0.000000,0.000000,0,0.000000,0.000000,0,0.000000,0.000000,0,0.000000,0.000000,0,0.000000,0.000000,0,0.000000,0.000000,0,0.000000,0.000000,0,0.000000,0.000000
155,0.000975,0,0.000000,0.000000,0,0.000000,0.000000,0,0.000000,0.000000,0,0.000000,0.000000,0,0.000000,0.000000,0,0.000000,0.000000,0,0.000000,0.000000,0,0.000000,0.000000,0,0.000000,0.000000,0,0.000000,0.000000,0,0.000000,0.000000,0,0.000000,0.000000,0,0.000000,0.000000,0,0.000000,0.000000,0,0.000000,0.000000,0,0.000000,0.000000,0,0.000000,0.000000,0,0.000000,0.000000,0,0.000000,0.000000,0,0.000000,0.000000,0,0.000000,0.000000,0,0.000000,0.000000,0,0.000000,0.000000,0,0.000000,0.000000,0,0.000000,0.000000,0,0.000000,0.000000,0,0.000000,0.000000,0,0.000000,0.000000,0,0.000000,0.000000,0,0.000000,0.000000,0,0.000000,0.000000,0,0.000000,0.000000,0,0.000000,0.000000,0,0.000000,0.000000,5,1.000000,1.000000,0,0.000000,0.000000,0,0.000000,0.000000
156,0.000390,0,0.000000,0.000000,0,0.000000,0.000000,0,0.000000,0.000000,0,0.000000,0.000000,2,1.000000,1.000000,0,0.000000,0.000000,0,0.000000,0.000000,0,0.000000,0.000000,0,0.000000,0.000000,0,0.000000,0.000000,0,0.000000,0.000000,0,0.000000,0.000000,0,0.000000,0.000000,0,0.000000,0.000000,0,0.000000,0.000000,0,0.000000,0.000000,0,0.000000,0.000000,0,0.000000,0.000000,0,0.000000,0.000000,0,0.000000,0.000000,0,0.000000,0.000000,0,0.000000,0.000000,0,0.000000,0.000000,0,0.000000,0.000000,0,0.000000,0.000000,0,0.000000,0.000000,0,0.000000,0.000000,0,0.000000,0.000000,0,0.000000,0.000000,0,0.000000,0.000000,0,0.000000,0.000000,0,0.000000,0.000000,0,0.000000,0.000000,0,0.000000,0.000000,0,0.000000,0.000000,0,0.000000,0.000000,0,0.000000,0.000000
157,0.000340,0,0.000000,0.000000,0,0.000000,0.000000,0,0.000000,0.000000,0,0.000000,0.000000,0,0.000000,0.000000,0,0.000000,0.000000,0,0.000000,0.000000,0,0.000000,0.000000,0,0.000000,0.000000,0,0.000000,0.000000,0,0.000000,0.000000,0,0.000000,0.000000,0,0.000000,0.000000,0,0.000000,0.000000,0,0.000000,0.000000,0,0.000000,0.000000,0,0.000000,0.000000,0,0.000000,0.000000,0,0.000000,0.000000,0,0.000000,0.000000,0,0.000000,0.000000,0,0.000000,0.000000,0,0.000000,0.000000,0,0.000000,0.000000,0,0.000000,0.000000,0,0.000000,0.000000,0,0.000000,0.000000,0,0.000000,0.000000,0,0.000000,0.000000,0,0.000000,0.000000,0,0.000000,0.000000,0,0.000000,0.000000,0,0.000000,0.000000,0,0.000000,0.000000,2,1.000000,1.000000,0,0.000000,0.000000,0,0.000000,0.000000
158,0.000875,0,0.000000,0.000000,0,0.000000,0.000000,0,0.000000,0.000000,0,0.000000,0.000000,3,0.750000,0.500000,0,0.000000,0.000000,0,0.000000,0.000000,0,0.000000,0.000000,0,0.000000,0.000000,0,0.000000,0.000000,0,0.000000,0.000000,0,0.000000,0.000000,0,0.000000,0.000000,0,0.000000,0.000000,0,0.000000,0.000000,0,0.000000,0.000000,0,0.000000,0.000000,0,0.000000,0.000000,0,0.000000,0.000000,0,0.000000,0.000000,0,0.000000,0.000000,0,0.000000,0.000000,0,0.000000,0.000000,0,0.000000,0.000000,0,0.000000,0.000000,0,0.000000,0.000000,0,0.000000,0.000000,0,0.000000,0.000000,2,0.500000,0.250000,0,0.000000,0.000000,0,0.000000,0.000000,0,0.000000,0.000000,0,0.000000,0.000000,0,0.000000,0.000000,0,0.000000,0.000000,0,0.000000,0.000000,0,0.000000,0.000000
159,0.000790,0,0.000000,0.000000,0,0.000000,0.000000,0,0.000000,0.000000,0,0.000000,0.000000,2,0.400000,0.400000,0,0.000000,0.000000,0,0.000000,0.000000,0,0.000000,0.000000,0,0.000000,0.000000,0,0.000000,0.000000,0,0.000000,0.000000,0,0.000000,0.000000,0,0.000000,0.000000,0,0.000000,0.000000,0,0.000000,0.000000,0,0.000000,0.000000,0,0.000000,0.000000,0,0.000000,0.000000,0,0.000000,0.000000,0,0.000000,0.000000,0,0.000000,0.000000,0,0.000000,0.000000,0,0.000000,0.000000,0,0.000000,0.000000,1,0.200000,0.200000,0,0.000000,0.000000,2,0.400000,0.400000,0,0.000000,0.000000,0,0.000000,0.000000,0,0.000000,0.000000,0,0.000000,0.000000,0,0.000000,0.000000,0,0.000000,0.000000,0,0.000000,0.000000,0,0.000000,0.000000,0,0.000000,0.000000,0,0.000000,0.000000
160,0.000115,0,0.000000,0.000000,0,0.000000,0.000000,0,0.000000,0.000000,0,0.000000,0.000000,0,0.000000,0.000000,0,0.000000,0.000000,0,0.000000,0.000000,0,0.000000,0.000000,1,1.000000,1.000000,0,0.000000,0.000000,0,0.000000,0.000000,0,0.000000,0.000000,0,0.000000,0.000000,0,0.000000,0.000000,0,0.000000,0.000000,0,0.000000,0.000000,0,0.000000,0.000000,0,0.000000,0.000000,0,0.000000,0.000000,0,0.000000,0.000000,0,0.000000,0.000000,0,0.000000,0.000000,0,0.000000,0.000000,0,0.000000,0.000000,0,0.000000,0.000000,0,0.000000,0.000000,0,0.000000,0.000000,0,0.000000,0.000000,0,0.000000,0.000000,0,0.000000,0.000000,0,0.000000,0.000000,0,0.000000,0.000000,0,0.000000,0.000000,0,0.000000,0.000000,0,0.000000,0.000000,0,0.000000,0.000000,0,0.000000,0.000000
161,0.000170,0,0.000000,0.000000,0,0.000000,0.000000,0,0.000000,0.000000,0,0.000000,0.000000,1,1.000000,1.000000,0,0.000000,0.000000,0,0.000000,0.000000,0,0.000000,0.000000,0,0.000000,0.000000,0,0.000000,0.000000,0,0.000000,0.000000,0,0.000000,0.000000,0,0.000000,0.000000,0,0.000000,0.000000,0,0.000000,0.000000,0,0.000000,0.000000,0,0.000000,0.000000,0,0.000000,0.000000,0,0.000000,0.000000,0,0.000000,0.000000,0,0.000000,0.000000,0,0.000000,0.000000,0,0.000000,0.000000,0,0.000000,0.000000,0,0.000000,0.000000,0,0.000000,0.000000,0,0.000000,0.000000,0,0.000000,0.000000,0,0.000000,0.000000,0,0.000000,0.000000,0,0.000000,0.000000,0,0.000000,0.000000,0,0.000000,0.000000,0,0.000000,0.000000,0,0.000000,0.000000,0,0.000000,0.000000,0,0.000000,0.000000
162,0.001530,0,0.000000,0.000000,7,0.700000,0.700000,0,0.000000,0.000000,0,0.000000,0.000000,0,0.000000,0.000000,0,0.000000,0.000000,0,0.000000,0.000000,0,0.000000,0.000000,0,0.000000,0.000000,0,0.000000,0.000000,0,0.000000,0.000000,0,0.000000,0.000000,0,0.000000,0.000000,0,0.000000,0.000000,0,0.000000,0.000000,1,0.100000,0.100000,0,0.000000,0.000000,0,0.000000,0.000000,0,0.000000,0.000000,0,0.000000,0.000000,0,0.000000,0.000000,0,0.000000,0.000000,0,0.000000,0.000000,0,0.000000,0.000000,0,0.000000,0.000000,2,0.200000,0.200000,0,0.000000,0.000000,0,0.000000,0.000000,0,0.000000,0.000000,0,0.000000,0.000000,0,0.000000,0.000000,0,0.000000,0.000000,0,0.000000,0.000000,0,0.000000,0.000000,0,0.000000,0.000000,0,0.000000,0.000000,0,0.000000,0.000000
163,0.002085,2,0.125000,0.125000,0,0.000000,0.000000,0,0.000000,0.000000,0,0.000000,0.000000,1,0.062500,0.062500,0,0.000000,0.000000,1,0.062500,0.062500,0,0.000000,0.000000,0,0.000000,0.000000,1,0.062500,0.062500,1,0.062500,0.062500,0,0.000000,0.000000,1,0.062500,0.062500,1,0.062500,0.000000,0,0.000000,0.000000,3,0.187500,0.187500,0,0.000000,0.000000,0,0.000000,0.000000,0,0.000000,0.000000,1,0.062500,0.062500,0,0.000000,0.000000,0,0.000000,0.000000,0,0.000000,0.000000,1,0.062500,0.062500,0,0.000000,0.000000,0,0.000000,0.000000,0,0.000000,0.000000,1,0.062500,0.000000,0,0.000000,0.000000,0,0.000000,0.000000,1,0.062500,0.062500,0,0.000000,0.000000,0,0.000000,0.000000,1,0.062500,0.062500,0,0.000000,0.000000,0,0.000000,0.000000,1,0.062500,0.062500
164,0.000930,0,0.000000,0.000000,0,0.000000,0.000000,1,0.125000,0.125000,0,0.000000,0.000000,0,0.000000,0.000000,0,0.000000,0.000000,0,0.000000,0.000000,0,0.000000,0.000000,0,0.000000,0.000000,0,0.000000,0.000000,0,0.000000,0.000000,0,0.000000,0.000000,0,0.000000,0.000000,0,0.000000,0.000000,0,0.000000,0.000000,0,0.000000,0.000000,0,0.000000,0.000000,0,0.000000,0.000000,0,0.000000,0.000000,0,0.000000,0.000000,2,0.250000,0.250000,3,0.375000,0.250000,0,0.000000,0.000000,0,0.000000,0.000000,0,0.000000,0.000000,1,0.125000,0.125000,2,0.250000,0.125000,0,0.000000,0.000000,0,0.000000,0.000000,0,0.000000,0.000000,0,0.000000,0.000000,0,0.000000,0.000000,0,0.000000,0.000000,0,0.000000,0.000000,0,0.000000,0.000000,0,0.000000,0.000000,0,0.000000,0.000000
165,0.013245,42,0.552632,0.210526,0,0.000000,0.000000,2,0.026316,0.013158,1,0.013158,0.000000,1,0.013158,0.013158,38,0.500000,0.223684,1,0.013158,0.000000,3,0.039474,0.000000,1,0.013158,0.013158,0,0.000000,0.000000,1,0.013158,0.000000,1,0.013158,0.000000,1,0.013158,0.000000,3,0.039474,0.026316,3,0.039474,0.013158,0,0.000000,0.000000,0,0.000000,0.000000,0,0.000000,0.000000,1,0.013158,0.000000,1,0.013158,0.000000,0,0.000000,0.000000,1,0.013158,0.000000,1,0.013158,0.013158,0,0.000000,0.000000,2,0.026316,0.013158,4,0.052632,0.013158,0,0.000000,0.000000,0,0.000000,0.000000,3,0.039474,0.013158,2,0.026316,0.000000,1,0.013158,0.000000,0,0.000000,0.000000,0,0.000000,0.000000,1,0.013158,0.013158,0,0.000000,0.000000,0,0.000000,0.000000,0,0.000000,0.000000
166,0.000550,0,0.000000,0.000000,0,0.000000,0.000000,0,0.000000,0.000000,0,0.000000,0.000000,0,0.000000,0.000000,0,0.000000,0.000000,0,0.000000,0.000000,0,0.000000,0.000000,0,0.000000,0.000000,0,0.000000,0.000000,0,0.000000,0.000000,0,0.000000,0.000000,0,0.000000,0.000000,0,0.000000,0.000000,0,0.000000,0.000000,0,0.000000,0.000000,0,0.000000,0.000000,0,0.000000,0.000000,0,0.000000,0.000000,0,0.000000,0.000000,0,0.000000,0.000000,0,0.000000,0.000000,0,0.000000,0.000000,0,0.000000,0.000000,0,0.000000,0.000000,0,0.000000,0.000000,0,0.000000,0.000000,0,0.000000,0.000000,0,0.000000,0.000000,0,0.000000,0.000000,0,0.000000,0.000000,0,0.000000,0.000000,0,0.000000,0.000000,0,0.000000,0.000000,4,1.000000,1.000000,0,0.000000,0.000000,0,0.000000,0.000000
167,0.000340,0,0.000000,0.000000,0,0.000000,0.000000,0,0.000000,0.000000,0,0.000000,0.000000,0,0.000000,0.000000,0,0.000000,0.000000,0,0.000000,0.000000,0,0.000000,0.000000,0,0.000000,0.000000,0,0.000000,0.000000,0,0.000000,0.000000,0,0.000000,0.000000,0,0.000000,0.000000,0,0.000000,0.000000,0,0.000000,0.000000,0,0.000000,0.000000,0,0.000000,0.000000,0,0.000000,0.000000,0,0.000000,0.000000,0,0.000000,0.000000,0,0.000000,0.000000,0,0.000000,0.000000,0,0.000000,0.000000,0,0.000000,0.000000,0,0.000000,0.000000,0,0.000000,0.000000,0,0.000000,0.000000,0,0.000000,0.000000,0,0.000000,0.000000,0,0.000000,0.000000,0,0.000000,0.000000,0,0.000000,0.000000,0,0.000000,0.000000,0,0.000000,0.000000,3,1.000000,1.000000,0,0.000000,0.000000,0,0.000000,0.000000
168,0.003610,0,0.000000,0.000000,0,0.000000,0.000000,12,0.387097,0.322581,1,0.032258,0.032258,0,0.000000,0.000000,1,0.032258,0.032258,6,0.193548,0.129032,0,0.000000,0.000000,0,0.000000,0.000000,1,0.032258,0.000000,0,0.000000,0.000000,1,0.032258,0.032258,2,0.064516,0.064516,0,0.000000,0.000000,1,0.032258,0.032258,0,0.000000,0.000000,2,0.064516,0.064516,0,0.000000,0.000000,0,0.000000,0.000000,0,0.000000,0.000000,5,0.161290,0.129032,1,0.032258,0.032258,0,0.000000,0.000000,0,0.000000,0.000000,1,0.032258,0.032258,0,0.000000,0.000000,0,0.000000,0.000000,0,0.000000,0.000000,0,0.000000,0.000000,0,0.000000,0.000000,0,0.000000,0.000000,0,0.000000,0.000000,0,0.000000,0.000000,0,0.000000,0.000000,0,0.000000,0.000000,0,0.000000,0.000000,0,0.000000,0.000000
169,0.000165,0,0.000000,0.000000,0,0.000000,0.000000,0,0.000000,0.000000,0,0.000000,0.000000,0,0.000000,0.000000,0,0.000000,0.000000,0,0.000000,0.000000,0,0.000000,0.000000,0,0.000000,0.000000,0,0.000000,0.000000,0,0.000000,0.000000,0,0.000000,0.000000,0,0.000000,0.000000,0,0.000000,0.000000,0,0.000000,0.000000,0,0.000000,0.000000,0,0.000000,0.000000,0,0.000000,0.000000,0,0.000000,0.000000,0,0.000000,0.000000,0,0.000000,0.000000,0,0.000000,0.000000,0,0.000000,0.000000,0,0.000000,0.000000,0,0.000000,0.000000,0,0.000000,0.000000,0,0.000000,0.000000,0,0.000000,0.000000,0,0.000000,0.000000,0,0.000000,0.000000,1,1.000000,1.000000,0,0.000000,0.000000,0,0.000000,0.000000,0,0.000000,0.000000,0,0.000000,0.000000,0,0.000000,0.000000,0,0.000000,0.000000
170,0.000675,0,0.000000,0.000000,0,0.000000,0.000000,0,0.000000,0.000000,0,0.000000,0.000000,0,0.000000,0.000000,1,0.166667,0.166667,0,0.000000,0.000000,1,0.166667,0.000000,0,0.000000,0.000000,0,0.000000,0.000000,0,0.000000,0.000000,0,0.000000,0.000000,1,0.166667,0.000000,0,0.000000,0.000000,0,0.000000,0.000000,0,0.000000,0.000000,0,0.000000,0.000000,0,0.000000,0.000000,0,0.000000,0.000000,0,0.000000,0.000000,0,0.000000,0.000000,0,0.000000,0.000000,0,0.000000,0.000000,0,0.000000,0.000000,0,0.000000,0.000000,0,0.000000,0.000000,0,0.000000,0.000000,0,0.000000,0.000000,0,0.000000,0.000000,0,0.000000,0.000000,0,0.000000,0.000000,0,0.000000,0.000000,0,0.000000,0.000000,0,0.000000,0.000000,4,0.666667,0.666667,0,0.000000,0.000000,0,0.000000,0.000000
171,0.000180,1,0.500000,0.500000,0,0.000000,0.000000,0,0.000000,0.000000,0,0.000000,0.000000,0,0.000000,0.000000,0,0.000000,0.000000,0,0.000000,0.000000,0,0.000000,0.000000,0,0.000000,0.000000,0,0.000000,0.000000,0,0.000000,0.000000,0,0.000000,0.000000,0,0.000000,0.000000,0,0.000000,0.000000,0,0.000000,0.000000,0,0.000000,0.000000,0,0.000000,0.000000,0,0.000000,0.000000,0,0.000000,0.000000,0,0.000000,0.000000,0,0.000000,0.000000,0,0.000000,0.000000,0,0.000000,0.000000,1,0.500000,0.500000,0,0.000000,0.000000,0,0.000000,0.000000,0,0.000000,0.000000,0,0.000000,0.000000,0,0.000000,0.000000,0,0.000000,0.000000,0,0.000000,0.000000,0,0.000000,0.000000,0,0.000000,0.000000,0,0.000000,0.000000,0,0.000000,0.000000,0,0.000000,0.000000,0,0.000000,0.000000
172,0.004275,0,0.000000,0.000000,18,0.514286,0.371429,7,0.200000,0.057143,1,0.028571,0.000000,0,0.000000,0.000000,4,0.114286,0.114286,0,0.000000,0.000000,0,0.000000,0.000000,0,0.000000,0.000000,0,0.000000,0.000000,0,0.000000,0.000000,0,0.000000,0.000000,1,0.028571,0.028571,0,0.000000,0.000000,1,0.028571,0.028571,0,0.000000,0.000000,1,0.028571,0.028571,0,0.000000,0.000000,0,0.000000,0.000000,0,0.000000,0.000000,0,0.000000,0.000000,0,0.000000,0.000000,3,0.085714,0.028571,2,0.057143,0.057143,0,0.000000,0.000000,1,0.028571,0.028571,3,0.085714,0.057143,0,0.000000,0.000000,0,0.000000,0.000000,0,0.000000,0.000000,0,0.000000,0.000000,0,0.000000,0.000000,0,0.000000,0.000000,0,0.000000,0.000000,0,0.000000,0.000000,0,0.000000,0.000000,0,0.000000,0.000000
173,0.000310,0,0.000000,0.000000,0,0.000000,0.000000,0,0.000000,0.000000,0,0.000000,0.000000,2,1.000000,1.000000,0,0.000000,0.000000,0,0.000000,0.000000,0,0.000000,0.000000,0,0.000000,0.000000,0,0.000000,0.000000,0,0.000000,0.000000,0,0.000000,0.000000,0,0.000000,0.000000,0,0.000000,0.000000,0,0.000000,0.000000,0,0.000000,0.000000,0,0.000000,0.000000,0,0.000000,0.000000,0,0.000000,0.000000,0,0.000000,0.000000,0,0.000000,0.000000,0,0.000000,0.000000,0,0.000000,0.000000,0,0.000000,0.000000,0,0.000000,0.000000,0,0.000000,0.000000,0,0.000000,0.000000,0,0.000000,0.000000,0,0.000000,0.000000,0,0.000000,0.000000,0,0.000000,0.000000,0,0.000000,0.000000,0,0.000000,0.000000,0,0.000000,0.000000,0,0.000000,0.000000,0,0.000000,0.000000,0,0.000000,0.000000
174,0.001225,2,0.200000,0.000000,3,0.300000,0.300000,0,0.000000,0.000000,0,0.000000,0.000000,0,0.000000,0.000000,0,0.000000,0.000000,0,0.000000,0.000000,1,0.100000,0.100000,0,0.000000,0.000000,0,0.000000,0.000000,0,0.000000,0.000000,0,0.000000,0.000000,0,0.000000,0.000000,0,0.000000,0.000000,0,0.000000,0.000000,3,0.300000,0.300000,0,0.000000,0.000000,0,0.000000,0.000000,0,0.000000,0.000000,3,0.300000,0.100000,0,0.000000,0.000000,0,0.000000,0.000000,0,0.000000,0.000000,0,0.000000,0.000000,0,0.000000,0.000000,0,0.000000,0.000000,0,0.000000,0.000000,0,0.000000,0.000000,0,0.000000,0.000000,0,0.000000,0.000000,0,0.000000,0.000000,0,0.000000,0.000000,0,0.000000,0.000000,0,0.000000,0.000000,0,0.000000,0.000000,0,0.000000,0.000000,0,0.000000,0.000000
175,0.000185,0,0.000000,0.000000,0,0.000000,0.000000,0,0.000000,0.000000,0,0.000000,0.000000,0,0.000000,0.000000,0,0.000000,0.000000,0,0.000000,0.000000,2,1.000000,1.000000,0,0.000000,0.000000,0,0.000000,0.000000,0,0.000000,0.000000,0,0.000000,0.000000,0,0.000000,0.000000,0,0.000000,0.000000,0,0.000000,0.000000,0,0.000000,0.000000,0,0.000000,0.000000,0,0.000000,0.000000,0,0.000000,0.000000,0,0.000000,0.000000,0,0.000000,0.000000,0,0.000000,0.000000,0,0.000000,0.000000,0,0.000000,0.000000,0,0.000000,0.000000,0,0.000000,0.000000,0,0.000000,0.000000,0,0.000000,0.000000,0,0.000000,0.000000,0,0.000000,0.000000,0,0.000000,0.000000,0,0.000000,0.000000,0,0.000000,0.000000,0,0.000000,0.000000,0,0.000000,0.000000,0,0.000000,0.000000,0,0.000000,0.000000
176,0.000650,0,0.000000,0.000000,0,0.000000,0.000000,0,0.000000,0.000000,0,0.000000,0.000000,0,0.000000,0.000000,0,0.000000,0.000000,0,0.000000,0.000000,2,0.500000,0.250000,0,0.000000,0.000000,0,0.000000,0.000000,0,0.000000,0.000000,0,0.000000,0.000000,1,0.250000,0.000000,0,0.000000,0.000000,0,0.000000,0.000000,0,0.000000,0.000000,0,0.000000,0.000000,0,0.000000,0.000000,0,0.000000,0.000000,0,0.000000,0.000000,0,0.000000,0.000000,0,0.000000,0.000000,0,0.000000,0.000000,0,0.000000,0.000000,0,0.000000,0.000000,0,0.000000,0.000000,0,0.000000,0.000000,0,0.000000,0.000000,1,0.250000,0.250000,0,0.000000,0.000000,0,0.000000,0.000000,0,0.000000,0.000000,0,0.000000,0.000000,1,0.250000,0.250000,0,0.000000,0.000000,0,0.000000,0.000000,0,0.000000,0.000000
177,0.000195,0,0.000000,0.000000,0,0.000000,0.000000,0,0.000000,0.000000,0,0.000000,0.000000,0,0.000000,0.000000,0,0.000000,0.000000,0,0.000000,0.000000,0,0.000000,0.000000,0,0.000000,0.000000,0,0.000000,0.000000,0,0.000000,0.000000,0,0.000000,0.000000,0,0.000000,0.000000,0,0.000000,0.000000,0,0.000000,0.000000,0,0.000000,0.000000,0,0.000000,0.000000,0,0.000000,0.000000,1,1.000000,1.000000,0,0.000000,0.000000,0,0.000000,0.000000,0,0.000000,0.000000,0,0.000000,0.000000,0,0.000000,0.000000,0,0.000000,0.000000,0,0.000000,0.000000,0,0.000000,0.000000,0,0.000000,0.000000,0,0.000000,0.000000,0,0.000000,0.000000,0,0.000000,0.000000,0,0.000000,0.000000,0,0.000000,0.000000,0,0.000000,0.000000,0,0.000000,0.000000,0,0.000000,0.000000,0,0.000000,0.000000
178,0.000000,0,0.000000,0.000000,0,0.000000,0.000000,0,0.000000,0.000000,0,0.000000,0.000000,0,0.000000,0.000000,0,0.000000,0.000000,0,0.000000,0.000000,0,0.000000,0.000000,0,0.000000,0.000000,0,0.000000,0.000000,0,0.000000,0.000000,0,0.000000,0.000000,0,0.000000,0.000000,0,0.000000,0.000000,0,0.000000,0.000000,0,0.000000,0.000000,0,0.000000,0.000000,0,0.000000,0.000000,0,0.000000,0.000000,0,0.000000,0.000000,0,0.000000,0.000000,0,0.000000,0.000000,0,0.000000,0.000000,0,0.000000,0.000000,0,0.000000,0.000000,0,0.000000,0.000000,0,0.000000,0.000000,0,0.000000,0.000000,0,0.000000,0.000000,0,0.000000,0.000000,0,0.000000,0.000000,0,0.000000,0.000000,0,0.000000,0.000000,0,0.000000,0.000000,0,0.000000,0.000000,0,0.000000,0.000000,0,0.000000,0.000000
179,0.000000,0,0.000000,0.000000,0,0.000000,0.000000,0,0.000000,0.000000,0,0.000000,0.000000,0,0.000000,0.000000,0,0.000000,0.000000,0,0.000000,0.000000,0,0.000000,0.000000,0,0.000000,0.000000,0,0.000000,0.000000,0,0.000000,0.000000,0,0.000000,0.000000,0,0.000000,0.000000,0,0.000000,0.000000,0,0.000000,0.000000,0,0.000000,0.000000,0,0.000000,0.000000,0,0.000000,0.000000,0,0.000000,0.000000,0,0.000000,0.000000,0,0.000000,0.000000,0,0.000000,0.000000,0,0.000000,0.000000,0,0.000000,0.000000,0,0.000000,0.000000,0,0.000000,0.000000,0,0.000000,0.000000,0,0.000000,0.000000,0,0.000000,0.000000,0,0.000000,0.000000,0,0.000000,0.000000,0,0.000000,0.000000,0,0.000000,0.000000,0,0.000000,0.000000,0,0.000000,0.000000,0,0.000000,0.000000,0,0.000000,0.000000
180,0.006290,19,0.431818,0.136364,0,0.000000,0.000000,3,0.068182,0.022727,1,0.022727,0.000000,1,0.022727,0.022727,16,0.363636,0.159091,1,0.022727,0.000000,1,0.022727,0.022727,1,0.022727,0.000000,0,0.000000,0.000000,2,0.045455,0.022727,0,0.000000,0.000000,1,0.022727,0.000000,1,0.022727,0.000000,1,0.022727,0.022727,0,0.000000,0.000000,1,0.022727,0.022727,1,0.022727,0.022727,1,0.022727,0.022727,1,0.022727,0.022727,0,0.000000,0.000000,0,0.000000,0.000000,1,0.022727,0.022727,1,0.022727,0.022727,0,0.000000,0.000000,4,0.090909,0.045455,0,0.000000,0.000000,0,0.000000,0.000000,0,0.000000,0.000000,0,0.000000,0.000000,1,0.022727,0.022727,0,0.000000,0.000000,1,0.022727,0.022727,1,0.022727,0.022727,0,0.000000,0.000000,0,0.000000,0.000000,0,0.000000,0.000000
181,0.000000,0,0.000000,0.000000,0,0.000000,0.000000,0,0.000000,0.000000,0,0.000000,0.000000,0,0.000000,0.000000,0,0.000000,0.000000,0,0.000000,0.000000,0,0.000000,0.000000,0,0.000000,0.000000,0,0.000000,0.000000,0,0.000000,0.000000,0,0.000000,0.000000,0,0.000000,0.000000,0,0.000000,0.000000,0,0.000000,0.000000,0,0.000000,0.000000,0,0.000000,0.000000,0,0.000000,0.000000,0,0.000000,0.000000,0,0.000000,0.000000,0,0.000000,0.000000,0,0.000000,0.000000,0,0.000000,0.000000,0,0.000000,0.000000,0,0.000000,0.000000,0,0.000000,0.000000,0,0.000000,0.000000,0,0.000000,0.000000,0,0.000000,0.000000,0,0.000000,0.000000,0,0.000000,0.000000,0,0.000000,0.000000,0,0.000000,0.000000,0,0.000000,0.000000,0,0.000000,0.000000,0,0.000000,0.000000,0,0.000000,0.000000
182,0.000480,0,0.000000,0.000000,4,1.000000,1.000000,0,0.000000,0.000000,0,0.000000,0.000000,0,0.000000,0.000000,0,0.000000,0.000000,0,0.000000,0.000000,0,0.000000,0.000000,0,0.000000,0.000000,0,0.000000,0.000000,0,0.000000,0.000000,0,0.000000,0.000000,0,0.000000,0.000000,0,0.000000,0.000000,0,0.000000,0.000000,0,0.000000,0.000000,0,0.000000,0.000000,0,0.000000,0.000000,0,0.000000,0.000000,0,0.000000,0.000000,0,0.000000,0.000000,0,0.000000,0.000000,0,0.000000,0.000000,0,0.000000,0.000000,0,0.000000,0.000000,0,0.000000,0.000000,0,0.000000,0.000000,0,0.000000,0.000000,0,0.000000,0.000000,0,0.000000,0.000000,0,0.000000,0.000000,0,0.000000,0.000000,0,0.000000,0.000000,0,0.000000,0.000000,0,0.000000,0.000000,0,0.000000,0.000000,0,0.000000,0.000000
183,0.002765,4,0.181818,0.136364,0,0.000000,0.000000,1,0.045455,0.045455,0,0.000000,0.000000,0,0.000000,0.000000,2,0.090909,0.045455,1,0.045455,0.045455,0,0.000000,0.000000,0,0.000000,0.000000,0,0.000000,0.000000,0,0.000000,0.000000,1,0.045455,0.045455,0,0.000000,0.000000,0,0.000000,0.000000,0,0.000000,0.000000,0,0.000000,0.000000,1,0.045455,0.045455,1,0.045455,0.045455,0,0.000000,0.000000,0,0.000000,0.000000,7,0.318182,0.272727,6,0.272727,0.227273,0,0.000000,0.000000,0,0.000000,0.000000,0,0.000000,0.000000,0,0.000000,0.000000,0,0.000000,0.000000,0,0.000000,0.000000,0,0.000000,0.000000,0,0.000000,0.000000,0,0.000000,0.000000,0,0.000000,0.000000,0,0.000000,0.000000,0,0.000000,0.000000,0,0.000000,0.000000,0,0.000000,0.000000,0,0.000000,0.000000
184,0.000610,0,0.000000,0.000000,0,0.000000,0.000000,0,0.000000,0.000000,0,0.000000,0.000000,2,0.666667,0.666667,0,0.000000,0.000000,0,0.000000,0.000000,0,0.000000,0.000000,0,0.000000,0.000000,0,0.000000,0.000000,0,0.000000,0.000000,0,0.000000,0.000000,0,0.000000,0.000000,0,0.000000,0.000000,0,0.000000,0.000000,0,0.000000,0.000000,0,0.000000,0.000000,0,0.000000,0.000000,0,0.000000,0.000000,0,0.000000,0.000000,0,0.000000,0.000000,0,0.000000,0.000000,0,0.000000,0.000000,0,0.000000,0.000000,1,0.333333,0.333333,0,0.000000,0.000000,0,0.000000,0.000000,0,0.000000,0.000000,0,0.000000,0.000000,0,0.000000,0.000000,0,0.000000,0.000000,0,0.000000,0.000000,0,0.000000,0.000000,0,0.000000,0.000000,0,0.000000,0.000000,0,0.000000,0.000000,0,0.000000,0.000000
185,0.000410,0,0.000000,0.000000,0,0.000000,0.000000,0,0.000000,0.000000,0,0.000000,0.000000,0,0.000000,0.000000,0,0.000000,0.000000,0,0.000000,0.000000,1,0.500000,0.500000,0,0.000000,0.000000,0,0.000000,0.000000,0,0.000000,0.000000,0,0.000000,0.000000,0,0.000000,0.000000,0,0.000000,0.000000,0,0.000000,0.000000,0,0.000000,0.000000,0,0.000000,0.000000,0,0.000000,0.000000,0,0.000000,0.000000,0,0.000000,0.000000,0,0.000000,0.000000,0,0.000000,0.000000,0,0.000000,0.000000,0,0.000000,0.000000,0,0.000000,0.000000,0,0.000000,0.000000,0,0.000000,0.000000,0,0.000000,0.000000,0,0.000000,0.000000,0,0.000000,0.000000,0,0.000000,0.000000,0,0.000000,0.000000,0,0.000000,0.000000,1,0.500000,0.500000,0,0.000000,0.000000,0,0.000000,0.000000,0,0.000000,0.000000
186,0.003265,1,0.045455,0.045455,0,0.000000,0.000000,0,0.000000,0.000000,0,0.000000,0.000000,0,0.000000,0.000000,0,0.000000,0.000000,0,0.000000,0.000000,5,0.227273,0.045455,1,0.045455,0.045455,0,0.000000,0.000000,0,0.000000,0.000000,0,0.000000,0.000000,8,0.363636,0.181818,0,0.000000,0.000000,0,0.000000,0.000000,0,0.000000,0.000000,0,0.000000,0.000000,0,0.000000,0.000000,1,0.045455,0.045455,0,0.000000,0.000000,0,0.000000,0.000000,0,0.000000,0.000000,0,0.000000,0.000000,0,0.000000,0.000000,0,0.000000,0.000000,0,0.000000,0.000000,0,0.000000,0.000000,0,0.000000,0.000000,0,0.000000,0.000000,0,0.000000,0.000000,0,0.000000,0.000000,0,0.000000,0.000000,0,0.000000,0.000000,1,0.045455,0.045455,9,0.409091,0.409091,0,0.000000,0.000000,0,0.000000,0.000000
187,0.000520,0,0.000000,0.000000,1,0.333333,0.333333,0,0.000000,0.000000,0,0.000000,0.000000,0,0.000000,0.000000,0,0.000000,0.000000,0,0.000000,0.000000,1,0.333333,0.000000,0,0.000000,0.000000,0,0.000000,0.000000,0,0.000000,0.000000,0,0.000000,0.000000,1,0.333333,0.000000,0,0.000000,0.000000,0,0.000000,0.000000,0,0.000000,0.000000,0,0.000000,0.000000,0,0.000000,0.000000,0,0.000000,0.000000,0,0.000000,0.000000,0,0.000000,0.000000,0,0.000000,0.000000,0,0.000000,0.000000,0,0.000000,0.000000,0,0.000000,0.000000,0,0.000000,0.000000,0,0.000000,0.000000,0,0.000000,0.000000,0,0.000000,0.000000,0,0.000000,0.000000,0,0.000000,0.000000,0,0.000000,0.000000,0,0.000000,0.000000,0,0.000000,0.000000,1,0.333333,0.333333,0,0.000000,0.000000,0,0.000000,0.000000
188,0.000550,0,0.000000,0.000000,0,0.000000,0.000000,0,0.000000,0.000000,0,0.000000,0.000000,0,0.000000,0.000000,0,0.000000,0.000000,0,0.000000,0.000000,0,0.000000,0.000000,0,0.000000,0.000000,0,0.000000,0.000000,0,0.000000,0.000000,0,0.000000,0.000000,0,0.000000,0.000000,0,0.000000,0.000000,0,0.000000,0.000000,0,0.000000,0.000000,0,0.000000,0.000000,0,0.000000,0.000000,0,0.000000,0.000000,0,0.000000,0.000000,0,0.000000,0.000000,0,0.000000,0.000000,0,0.000000,0.000000,0,0.000000,0.000000,0,0.000000,0.000000,0,0.000000,0.000000,0,0.000000,0.000000,0,0.000000,0.000000,0,0.000000,0.000000,0,0.000000,0.000000,0,0.000000,0.000000,0,0.000000,0.000000,0,0.000000,0.000000,0,0.000000,0.000000,4,1.000000,1.000000,0,0.000000,0.000000,0,0.000000,0.000000
189,0.000560,0,0.000000,0.000000,0,0.000000,0.000000,0,0.000000,0.000000,0,0.000000,0.000000,0,0.000000,0.000000,0,0.000000,0.000000,0,0.000000,0.000000,1,0.250000,0.000000,0,0.000000,0.000000,0,0.000000,0.000000,0,0.000000,0.000000,0,0.000000,0.000000,1,0.250000,0.000000,0,0.000000,0.000000,0,0.000000,0.000000,0,0.000000,0.000000,0,0.000000,0.000000,0,0.000000,0.000000,0,0.000000,0.000000,0,0.000000,0.000000,0,0.000000,0.000000,0,0.000000,0.000000,0,0.000000,0.000000,0,0.000000,0.000000,0,0.000000,0.000000,0,0.000000,0.000000,0,0.000000,0.000000,0,0.000000,0.000000,0,0.000000,0.000000,0,0.000000,0.000000,0,0.000000,0.000000,0,0.000000,0.000000,0,0.000000,0.000000,0,0.000000,0.000000,3,0.750000,0.750000,0,0.000000,0.000000,0,0.000000,0.000000
190,0.000160,0,0.000000,0.000000,0,0.000000,0.000000,0,0.000000,0.000000,0,0.000000,0.000000,1,1.000000,1.000000,0,0.000000,0.000000,0,0.000000,0.000000,0,0.000000,0.000000,0,0.000000,0.000000,0,0.000000,0.000000,0,0.000000,0.000000,0,0.000000,0.000000,0,0.000000,0.000000,0,0.000000,0.000000,0,0.000000,0.000000,0,0.000000,0.000000,0,0.000000,0.000000,0,0.000000,0.000000,0,0.000000,0.000000,0,0.000000,0.000000,0,0.000000,0.000000,0,0.000000,0.000000,0,0.000000,0.000000,0,0.000000,0.000000,0,0.000000,0.000000,0,0.000000,0.000000,0,0.000000,0.000000,0,0.000000,0.000000,0,0.000000,0.000000,0,0.000000,0.000000,0,0.000000,0.000000,0,0.000000,0.000000,0,0.000000,0.000000,0,0.000000,0.000000,0,0.000000,0.000000,0,0.000000,0.000000,0,0.000000,0.000000
191,0.000920,1,0.125000,0.125000,0,0.000000,0.000000,0,0.000000,0.000000,1,0.125000,0.125000,0,0.000000,0.000000,0,0.000000,0.000000,0,0.000000,0.000000,1,0.125000,0.125000,1,0.125000,0.125000,0,0.000000,0.000000,1,0.125000,0.125000,0,0.000000,0.000000,0,0.000000,0.000000,0,0.000000,0.000000,0,0.000000,0.000000,0,0.000000,0.000000,1,0.125000,0.125000,0,0.000000,0.000000,0,0.000000,0.000000,0,0.000000,0.000000,0,0.000000,0.000000,0,0.000000,0.000000,0,0.000000,0.000000,0,0.000000,0.000000,0,0.000000,0.000000,2,0.250000,0.250000,0,0.000000,0.000000,0,0.000000,0.000000,0,0.000000,0.000000,0,0.000000,0.000000,0,0.000000,0.000000,0,0.000000,0.000000,0,0.000000,0.000000,0,0.000000,0.000000,0,0.000000,0.000000,0,0.000000,0.000000,0,0.000000,0.000000
192,0.000190,0,0.000000,0.000000,0,0.000000,0.000000,0,0.000000,0.000000,0,0.000000,0.000000,1,1.000000,1.000000,0,0.000000,0.000000,0,0.000000,0.000000,0,0.000000,0.000000,0,0.000000,0.000000,0,0.000000,0.000000,0,0.000000,0.000000,0,0.000000,0.000000,0,0.000000,0.000000,0,0.000000,0.000000,0,0.000000,0.000000,0,0.000000,0.000000,0,0.000000,0.000000,0,0.000000,0.000000,0,0.000000,0.000000,0,0.000000,0.000000,0,0.000000,0.000000,0,0.000000,0.000000,0,0.000000,0.000000,0,0.000000,0.000000,0,0.000000,0.000000,0,0.000000,0.000000,0,0.000000,0.000000,0,0.000000,0.000000,0,0.000000,0.000000,0,0.000000,0.000000,0,0.000000,0.000000,0,0.000000,0.000000,0,0.000000,0.000000,0,0.000000,0.000000,0,0.000000,0.000000,0,0.000000,0.000000,0,0.000000,0.000000
193,0.001730,0,0.000000,0.000000,1,0.076923,0.076923,0,0.000000,0.000000,1,0.076923,0.076923,0,0.000000,0.000000,3,0.230769,0.230769,0,0.000000,0.000000,0,0.000000,0.000000,0,0.000000,0.000000,0,0.000000,0.000000,0,0.000000,0.000000,0,0.000000,0.000000,0,0.000000,0.000000,2,0.153846,0.153846,0,0.000000,0.000000,0,0.000000,0.000000,0,0.000000,0.000000,0,0.000000,0.000000,0,0.000000,0.000000,0,0.000000,0.000000,0,0.000000,0.000000,0,0.000000,0.000000,0,0.000000,0.000000,1,0.076923,0.076923,0,0.000000,0.000000,2,0.153846,0.153846,0,0.000000,0.000000,2,0.153846,0.153846,1,0.076923,0.076923,0,0.000000,0.000000,0,0.000000,0.000000,0,0.000000,0.000000,0,0.000000,0.000000,0,0.000000,0.000000,0,0.000000,0.000000,0,0.000000,0.000000,0,0.000000,0.000000
194,0.000215,0,0.000000,0.000000,0,0.000000,0.000000,0,0.000000,0.000000,0,0.000000,0.000000,0,0.000000,0.000000,0,0.000000,0.000000,0,0.000000,0.000000,0,0.000000,0.000000,0,0.000000,0.000000,0,0.000000,0.000000,0,0.000000,0.000000,0,0.000000,0.000000,0,0.000000,0.000000,0,0.000000,0.000000,0,0.000000,0.000000,1,0.500000,0.500000,0,0.000000,0.000000,0,0.000000,0.000000,0,0.000000,0.000000,0,0.000000,0.000000,0,0.000000,0.000000,0,0.000000,0.000000,1,0.500000,0.500000,0,0.000000,0.000000,0,0.000000,0.000000,0,0.000000,0.000000,0,0.000000,0.000000,0,0.000000,0.000000,0,0.000000,0.000000,0,0.000000,0.000000,0,0.000000,0.000000,0,0.000000,0.000000,0,0.000000,0.000000,0,0.000000,0.000000,0,0.000000,0.000000,0,0.000000,0.000000,0,0.000000,0.000000
195,0.002240,7,0.368421,0.368421,10,0.526316,0.473684,0,0.000000,0.000000,0,0.000000,0.000000,0,0.000000,0.000000,0,0.000000,0.000000,0,0.000000,0.000000,0,0.000000,0.000000,1,0.052632,0.052632,0,0.000000,0.000000,0,0.000000,0.000000,0,0.000000,0.000000,0,0.000000,0.000000,0,0.000000,0.000000,0,0.000000,0.000000,0,0.000000,0.000000,0,0.000000,0.000000,0,0.000000,0.000000,0,0.000000,0.000000,0,0.000000,0.000000,0,0.000000,0.000000,0,0.000000,0.000000,0,0.000000,0.000000,0,0.000000,0.000000,0,0.000000,0.000000,0,0.000000,0.000000,0,0.000000,0.000000,1,0.052632,0.000000,1,0.052632,0.052632,0,0.000000,0.000000,0,0.000000,0.000000,0,0.000000,0.000000,0,0.000000,0.000000,0,0.000000,0.000000,0,0.000000,0.000000,0,0.000000,0.000000,0,0.000000,0.000000
196,0.000455,0,0.000000,0.000000,3,0.750000,0.750000,0,0.000000,0.000000,0,0.000000,0.000000,0,0.000000,0.000000,0,0.000000,0.000000,0,0.000000,0.000000,0,0.000000,0.000000,0,0.000000,0.000000,0,0.000000,0.000000,0,0.000000,0.000000,0,0.000000,0.000000,0,0.000000,0.000000,0,0.000000,0.000000,0,0.000000,0.000000,0,0.000000,0.000000,0,0.000000,0.000000,0,0.000000,0.000000,0,0.000000,0.000000,0,0.000000,0.000000,0,0.000000,0.000000,0,0.000000,0.000000,0,0.000000,0.000000,0,0.000000,0.000000,0,0.000000,0.000000,0,0.000000,0.000000,0,0.000000,0.000000,0,0.000000,0.000000,0,0.000000,0.000000,1,0.250000,0.250000,0,0.000000,0.000000,0,0.000000,0.000000,0,0.000000,0.000000,0,0.000000,0.000000,0,0.000000,0.000000,0,0.000000,0.000000,0,0.000000,0.000000
197,0.000225,0,0.000000,0.000000,0,0.000000,0.000000,0,0.000000,0.000000,0,0.000000,0.000000,0,0.000000,0.000000,0,0.000000,0.000000,0,0.000000,0.000000,0,0.000000,0.000000,0,0.000000,0.000000,0,0.000000,0.000000,0,0.000000,0.000000,0,0.000000,0.000000,0,0.000000,0.000000,0,0.000000,0.000000,0,0.000000,0.000000,0,0.000000,0.000000,0,0.000000,0.000000,0,0.000000,0.000000,0,0.000000,0.000000,0,0.000000,0.000000,0,0.000000,0.000000,0,0.000000,0.000000,0,0.000000,0.000000,0,0.000000,0.000000,0,0.000000,0.000000,0,0.000000,0.000000,0,0.000000,0.000000,0,0.000000,0.000000,0,0.000000,0.000000,0,0.000000,0.000000,0,0.000000,0.000000,0,0.000000,0.000000,0,0.000000,0.000000,0,0.000000,0.000000,2,1.000000,1.000000,0,0.000000,0.000000,0,0.000000,0.000000
198,0.005500,4,0.088889,0.044444,0,0.000000,0.000000,11,0.244444,0.177778,1,0.022222,0.022222,1,0.022222,0.022222,1,0.022222,0.000000,0,0.000000,0.000000,3,0.066667,0.022222,1,0.022222,0.000000,1,0.022222,0.000000,1,0.022222,0.022222,0,0.000000,0.000000,3,0.066667,0.022222,1,0.022222,0.000000,0,0.000000,0.000000,0,0.000000,0.000000,1,0.022222,0.022222,1,0.022222,0.000000,0,0.000000,0.000000,1,0.022222,0.022222,1,0.022222,0.022222,2,0.044444,0.044444,1,0.022222,0.022222,1,0.022222,0.022222,0,0.000000,0.000000,15,0.333333,0.266667,3,0.066667,0.044444,1,0.022222,0.000000,0,0.000000,0.000000,0,0.000000,0.000000,0,0.000000,0.000000,0,0.000000,0.000000,0,0.000000,0.000000,0,0.000000,0.000000,0,0.000000,0.000000,0,0.000000,0.000000,0,0.000000,0.000000
199,0.000915,0,0.000000,0.000000,0,0.000000,0.000000,0,0.000000,0.000000,0,0.000000,0.000000,0,0.000000,0.000000,0,0.000000,0.000000,0,0.000000,0.000000,2,0.333333,0.000000,0,0.000000,0.000000,0,0.000000,0.000000,0,0.000000,0.000000,0,0.000000,0.000000,2,0.333333,0.000000,0,0.000000,0.000000,0,0.000000,0.000000,0,0.000000,0.000000,0,0.000000,0.000000,0,0.000000,0.000000,0,0.000000,0.000000,0,0.000000,0.000000,0,0.000000,0.000000,0,0.000000,0.000000,0,0.000000,0.000000,0,0.000000,0.000000,0,0.000000,0.000000,0,0.000000,0.000000,0,0.000000,0.000000,0,0.000000,0.000000,0,0.000000,0.000000,0,0.000000,0.000000,0,0.000000,0.000000,0,0.000000,0.000000,0,0.000000,0.000000,0,0.000000,0.000000,5,0.833333,0.666667,0,0.000000,0.000000,0,0.000000,0.000000
200,0.002770,0,0.000000,0.000000,0,0.000000,0.000000,0,0.000000,0.000000,0,0.000000,0.000000,0,0.000000,0.000000,0,0.000000,0.000000,0,0.000000,0.000000,6,0.352941,0.117647,1,0.058824,0.058824,0,0.000000,0.000000,0,0.000000,0.000000,0,0.000000,0.000000,5,0.294118,0.117647,0,0.000000,0.000000,0,0.000000,0.000000,0,0.000000,0.000000,0,0.000000,0.000000,0,0.000000,0.000000,0,0.000000,0.000000,0,0.000000,0.000000,0,0.000000,0.000000,0,0.000000,0.000000,0,0.000000,0.000000,0,0.000000,0.000000,0,0.000000,0.000000,0,0.000000,0.000000,0,0.000000,0.000000,0,0.000000,0.000000,0,0.000000,0.000000,0,0.000000,0.000000,0,0.000000,0.000000,0,0.000000,0.000000,0,0.000000,0.000000,0,0.000000,0.000000,9,0.529412,0.470588,0,0.000000,0.000000,0,0.000000,0.000000
201,0.002050,1,0.071429,0.071429,0,0.000000,0.000000,0,0.000000,0.000000,0,0.000000,0.000000,0,0.000000,0.000000,0,0.000000,0.000000,0,0.000000,0.000000,6,0.428571,0.214286,1,0.071429,0.071429,0,0.000000,0.000000,0,0.000000,0.000000,0,0.000000,0.000000,4,0.285714,0.142857,0,0.000000,0.000000,0,0.000000,0.000000,0,0.000000,0.000000,0,0.000000,0.000000,0,0.000000,0.000000,0,0.000000,0.000000,0,0.000000,0.000000,0,0.000000,0.000000,0,0.000000,0.000000,0,0.000000,0.000000,0,0.000000,0.000000,0,0.000000,0.000000,0,0.000000,0.000000,0,0.000000,0.000000,0,0.000000,0.000000,0,0.000000,0.000000,0,0.000000,0.000000,0,0.000000,0.000000,0,0.000000,0.000000,0,0.000000,0.000000,1,0.071429,0.071429,4,0.285714,0.214286,0,0.000000,0.000000,0,0.000000,0.000000
202,0.002125,0,0.000000,0.000000,0,0.000000,0.000000,0,0.000000,0.000000,0,0.000000,0.000000,0,0.000000,0.000000,0,0.000000,0.000000,0,0.000000,0.000000,0,0.000000,0.000000,0,0.000000,0.000000,0,0.000000,0.000000,0,0.000000,0.000000,0,0.000000,0.000000,0,0.000000,0.000000,0,0.000000,0.000000,0,0.000000,0.000000,13,0.866667,0.866667,0,0.000000,0.000000,0,0.000000,0.000000,0,0.000000,0.000000,0,0.000000,0.000000,0,0.000000,0.000000,0,0.000000,0.000000,0,0.000000,0.000000,2,0.133333,0.133333,0,0.000000,0.000000,0,0.000000,0.000000,0,0.000000,0.000000,0,0.000000,0.000000,0,0.000000,0.000000,0,0.000000,0.000000,0,0.000000,0.000000,0,0.000000,0.000000,0,0.000000,0.000000,0,0.000000,0.000000,0,0.000000,0.000000,0,0.000000,0.000000,0,0.000000,0.000000
203,0.000800,1,0.142857,0.142857,0,0.000000,0.000000,0,0.000000,0.000000,0,0.000000,0.000000,0,0.000000,0.000000,1,0.142857,0.142857,0,0.000000,0.000000,0,0.000000,0.000000,0,0.000000,0.000000,0,0.000000,0.000000,0,0.000000,0.000000,0,0.000000,0.000000,0,0.000000,0.000000,1,0.142857,0.142857,0,0.000000,0.000000,0,0.000000,0.000000,0,0.000000,0.000000,0,0.000000,0.000000,0,0.000000,0.000000,0,0.000000,0.000000,0,0.000000,0.000000,0,0.000000,0.000000,0,0.000000,0.000000,1,0.142857,0.142857,0,0.000000,0.000000,3,0.428571,0.428571,0,0.000000,0.000000,0,0.000000,0.000000,0,0.000000,0.000000,0,0.000000,0.000000,0,0.000000,0.000000,0,0.000000,0.000000,0,0.000000,0.000000,0,0.000000,0.000000,0,0.000000,0.000000,0,0.000000,0.000000,0,0.000000,0.000000
204,0.006430,0,0.000000,0.000000,32,0.640000,0.460000,9,0.180000,0.080000,0,0.000000,0.000000,0,0.000000,0.000000,5,0.100000,0.080000,0,0.000000,0.000000,1,0.020000,0.000000,0,0.000000,0.000000,0,0.000000,0.000000,0,0.000000,0.000000,1,0.020000,0.000000,2,0.040000,0.020000,0,0.000000,0.000000,0,0.000000,0.000000,0,0.000000,0.000000,0,0.000000,0.000000,0,0.000000,0.000000,0,0.000000,0.000000,0,0.000000,0.000000,4,0.080000,0.040000,3,0.060000,0.040000,2,0.040000,0.020000,0,0.000000,0.000000,0,0.000000,0.000000,0,0.000000,0.000000,2,0.040000,0.020000,0,0.000000,0.000000,0,0.000000,0.000000,0,0.000000,0.000000,0,0.000000,0.000000,1,0.020000,0.020000,0,0.000000,0.000000,0,0.000000,0.000000,0,0.000000,0.000000,0,0.000000,0.000000,0,0.000000,0.000000
205,0.001195,0,0.000000,0.000000,10,0.833333,0.833333,0,0.000000,0.000000,0,0.000000,0.000000,0,0.000000,0.000000,0,0.000000,0.000000,0,0.000000,0.000000,0,0.000000,0.000000,0,0.000000,0.000000,0,0.000000,0.000000,0,0.000000,0.000000,0,0.000000,0.000000,2,0.166667,0.166667,0,0.000000,0.000000,0,0.000000,0.000000,0,0.000000,0.000000,0,0.000000,0.000000,0,0.000000,0.000000,0,0.000000,0.000000,0,0.000000,0.000000,0,0.000000,0.000000,0,0.000000,0.000000,0,0.000000,0.000000,0,0.000000,0.000000,0,0.000000,0.000000,0,0.000000,0.000000,0,0.000000,0.000000,0,0.000000,0.000000,0,0.000000,0.000000,0,0.000000,0.000000,0,0.000000,0.000000,0,0.000000,0.000000,0,0.000000,0.000000,0,0.000000,0.000000,0,0.000000,0.000000,0,0.000000,0.000000,0,0.000000,0.000000
206,0.002505,0,0.000000,0.000000,18,0.857143,0.857143,0,0.000000,0.000000,0,0.000000,0.000000,0,0.000000,0.000000,0,0.000000,0.000000,0,0.000000,0.000000,0,0.000000,0.000000,0,0.000000,0.000000,0,0.000000,0.000000,0,0.000000,0.000000,0,0.000000,0.000000,3,0.142857,0.142857,0,0.000000,0.000000,0,0.000000,0.000000,0,0.000000,0.000000,0,0.000000,0.000000,0,0.000000,0.000000,0,0.000000,0.000000,0,0.000000,0.000000,0,0.000000,0.000000,0,0.000000,0.000000,0,0.000000,0.000000,0,0.000000,0.000000,0,0.000000,0.000000,0,0.000000,0.000000,0,0.000000,0.000000,0,0.000000,0.000000,0,0.000000,0.000000,0,0.000000,0.000000,0,0.000000,0.000000,0,0.000000,0.000000,0,0.000000,0.000000,0,0.000000,0.000000,0,0.000000,0.000000,0,0.000000,0.000000,0,0.000000,0.000000
207,0.001445,1,0.076923,0.076923,6,0.461538,0.461538,3,0.230769,0.153846,0,0.000000,0.000000,0,0.000000,0.000000,0,0.000000,0.000000,0,0.000000,0.000000,0,0.000000,0.000000,0,0.000000,0.000000,1,0.076923,0.000000,0,0.000000,0.000000,0,0.000000,0.000000,1,0.076923,0.076923,0,0.000000,0.000000,0,0.000000,0.000000,0,0.000000,0.000000,0,0.000000,0.000000,0,0.000000,0.000000,0,0.000000,0.000000,0,0.000000,0.000000,0,0.000000,0.000000,0,0.000000,0.000000,0,0.000000,0.000000,0,0.000000,0.000000,0,0.000000,0.000000,0,0.000000,0.000000,0,0.000000,0.000000,0,0.000000,0.000000,0,0.000000,0.000000,0,0.000000,0.000000,0,0.000000,0.000000,2,0.153846,0.153846,0,0.000000,0.000000,0,0.000000,0.000000,0,0.000000,0.000000,0,0.000000,0.000000,0,0.000000,0.000000
208,0.004930,0,0.000000,0.000000,21,0.552632,0.447368,19,0.500000,0.342105,0,0.000000,0.000000,0,0.000000,0.000000,0,0.000000,0.000000,0,0.000000,0.000000,0,0.000000,0.000000,1,0.026316,0.000000,0,0.000000,0.000000,0,0.000000,0.000000,0,0.000000,0.000000,0,0.000000,0.000000,0,0.000000,0.000000,2,0.052632,0.026316,1,0.026316,0.026316,0,0.000000,0.000000,0,0.000000,0.000000,0,0.000000,0.000000,0,0.000000,0.000000,0,0.000000,0.000000,0,0.000000,0.000000,0,0.000000,0.000000,0,0.000000,0.000000,0,0.000000,0.000000,0,0.000000,0.000000,0,0.000000,0.000000,0,0.000000,0.000000,0,0.000000,0.000000,0,0.000000,0.000000,0,0.000000,0.000000,0,0.000000,0.000000,0,0.000000,0.000000,0,0.000000,0.000000,0,0.000000,0.000000,0,0.000000,0.000000,0,0.000000,0.000000
209,0.003285,0,0.000000,0.000000,17,0.629630,0.444444,0,0.000000,0.000000,0,0.000000,0.000000,0,0.000000,0.000000,1,0.037037,0.000000,0,0.000000,0.000000,0,0.000000,0.000000,0,0.000000,0.000000,0,0.000000,0.000000,0,0.000000,0.000000,1,0.037037,0.037037,0,0.000000,0.000000,0,0.000000,0.000000,0,0.000000,0.000000,0,0.000000,0.000000,1,0.037037,0.037037,0,0.000000,0.000000,0,0.000000,0.000000,0,0.000000,0.000000,5,0.185185,0.111111,5,0.185185,0.074074,0,0.000000,0.000000,0,0.000000,0.000000,0,0.000000,0.000000,0,0.000000,0.000000,0,0.000000,0.000000,0,0.000000,0.000000,0,0.000000,0.000000,0,0.000000,0.000000,0,0.000000,0.000000,1,0.037037,0.037037,0,0.000000,0.000000,0,0.000000,0.000000,0,0.000000,0.000000,2,0.074074,0.037037,0,0.000000,0.000000
210,0.005115,1,0.025000,0.025000,19,0.475000,0.375000,1,0.025000,0.025000,0,0.000000,0.000000,0,0.000000,0.000000,2,0.050000,0.025000,0,0.000000,0.000000,0,0.000000,0.000000,0,0.000000,0.000000,1,0.025000,0.000000,1,0.025000,0.025000,0,0.000000,0.000000,0,0.000000,0.000000,0,0.000000,0.000000,0,0.000000,0.000000,3,0.075000,0.075000,1,0.025000,0.025000,0,0.000000,0.000000,0,0.000000,0.000000,0,0.000000,0.000000,4,0.100000,0.050000,10,0.250000,0.150000,0,0.000000,0.000000,0,0.000000,0.000000,0,0.000000,0.000000,0,0.000000,0.000000,1,0.025000,0.000000,0,0.000000,0.000000,0,0.000000,0.000000,0,0.000000,0.000000,0,0.000000,0.000000,1,0.025000,0.025000,0,0.000000,0.000000,0,0.000000,0.000000,0,0.000000,0.000000,2,0.050000,0.050000,0,0.000000,0.000000
211,0.000215,0,0.000000,0.000000,0,0.000000,0.000000,0,0.000000,0.000000,0,0.000000,0.000000,1,1.000000,1.000000,0,0.000000,0.000000,0,0.000000,0.000000,0,0.000000,0.000000,0,0.000000,0.000000,0,0.000000,0.000000,0,0.000000,0.000000,0,0.000000,0.000000,0,0.000000,0.000000,0,0.000000,0.000000,0,0.000000,0.000000,0,0.000000,0.000000,0,0.000000,0.000000,0,0.000000,0.000000,0,0.000000,0.000000,0,0.000000,0.000000,0,0.000000,0.000000,0,0.000000,0.000000,0,0.000000,0.000000,0,0.000000,0.000000,0,0.000000,0.000000,0,0.000000,0.000000,0,0.000000,0.000000,0,0.000000,0.000000,0,0.000000,0.000000,0,0.000000,0.000000,0,0.000000,0.000000,0,0.000000,0.000000,0,0.000000,0.000000,0,0.000000,0.000000,0,0.000000,0.000000,0,0.000000,0.000000,0,0.000000,0.000000
212,0.002765,0,0.000000,0.000000,16,0.666667,0.541667,0,0.000000,0.000000,0,0.000000,0.000000,0,0.000000,0.000000,0,0.000000,0.000000,0,0.000000,0.000000,0,0.000000,0.000000,0,0.000000,0.000000,0,0.000000,0.000000,0,0.000000,0.000000,0,0.000000,0.000000,0,0.000000,0.000000,0,0.000000,0.000000,0,0.000000,0.000000,3,0.125000,0.125000,0,0.000000,0.000000,0,0.000000,0.000000,0,0.000000,0.000000,0,0.000000,0.000000,0,0.000000,0.000000,0,0.000000,0.000000,0,0.000000,0.000000,0,0.000000,0.000000,0,0.000000,0.000000,0,0.000000,0.000000,7,0.291667,0.166667,0,0.000000,0.000000,0,0.000000,0.000000,0,0.000000,0.000000,0,0.000000,0.000000,0,0.000000,0.000000,0,0.000000,0.000000,0,0.000000,0.000000,1,0.041667,0.041667,0,0.000000,0.000000,0,0.000000,0.000000
213,0.000235,0,0.000000,0.000000,0,0.000000,0.000000,0,0.000000,0.000000,0,0.000000,0.000000,0,0.000000,0.000000,0,0.000000,0.000000,0,0.000000,0.000000,0,0.000000,0.000000,0,0.000000,0.000000,0,0.000000,0.000000,0,0.000000,0.000000,0,0.000000,0.000000,0,0.000000,0.000000,0,0.000000,0.000000,0,0.000000,0.000000,0,0.000000,0.000000,0,0.000000,0.000000,0,0.000000,0.000000,0,0.000000,0.000000,0,0.000000,0.000000,0,0.000000,0.000000,0,0.000000,0.000000,0,0.000000,0.000000,0,0.000000,0.000000,0,0.000000,0.000000,0,0.000000,0.000000,0,0.000000,0.000000,0,0.000000,0.000000,0,0.000000,0.000000,0,0.000000,0.000000,0,0.000000,0.000000,0,0.000000,0.000000,0,0.000000,0.000000,0,0.000000,0.000000,2,1.000000,1.000000,0,0.000000,0.000000,0,0.000000,0.000000
214,0.014160,4,0.078431,0.019608,0,0.000000,0.000000,10,0.196078,0.058824,1,0.019608,0.000000,0,0.000000,0.000000,0,0.000000,0.000000,2,0.039216,0.000000,0,0.000000,0.000000,1,0.019608,0.000000,0,0.000000,0.000000,1,0.019608,0.000000,1,0.019608,0.000000,0,0.000000,0.000000,0,0.000000,0.000000,0,0.000000,0.000000,0,0.000000,0.000000,40,0.784314,0.509804,1,0.019608,0.000000,0,0.000000,0.000000,0,0.000000,0.000000,1,0.019608,0.000000,0,0.000000,0.000000,1,0.019608,0.019608,1,0.019608,0.019608,0,0.000000,0.000000,1,0.019608,0.019608,1,0.019608,0.000000,1,0.019608,0.019608,0,0.000000,0.000000,0,0.000000,0.000000,0,0.000000,0.000000,2,0.039216,0.019608,0,0.000000,0.000000,0,0.000000,0.000000,0,0.000000,0.000000,2,0.039216,0.019608,0,0.000000,0.000000
215,0.001425,0,0.000000,0.000000,6,0.375000,0.312500,1,0.062500,0.062500,0,0.000000,0.000000,0,0.000000,0.000000,6,0.375000,0.375000,0,0.000000,0.000000,0,0.000000,0.000000,0,0.000000,0.000000,4,0.250000,0.187500,0,0.000000,0.000000,0,0.000000,0.000000,0,0.000000,0.000000,0,0.000000,0.000000,0,0.000000,0.000000,0,0.000000,0.000000,0,0.000000,0.000000,0,0.000000,0.000000,0,0.000000,0.000000,0,0.000000,0.000000,0,0.000000,0.000000,0,0.000000,0.000000,0,0.000000,0.000000,0,0.000000,0.000000,0,0.000000,0.000000,0,0.000000,0.000000,0,0.000000,0.000000,0,0.000000,0.000000,0,0.000000,0.000000,0,0.000000,0.000000,0,0.000000,0.000000,0,0.000000,0.000000,0,0.000000,0.000000,0,0.000000,0.000000,0,0.000000,0.000000,0,0.000000,0.000000,0,0.000000,0.000000
216,0.000940,0,0.000000,0.000000,0,0.000000,0.000000,0,0.000000,0.000000,0,0.000000,0.000000,0,0.000000,0.000000,0,0.000000,0.000000,0,0.000000,0.000000,3,0.500000,0.333333,0,0.000000,0.000000,0,0.000000,0.000000,0,0.000000,0.000000,0,0.000000,0.000000,0,0.000000,0.000000,0,0.000000,0.000000,0,0.000000,0.000000,0,0.000000,0.000000,0,0.000000,0.000000,0,0.000000,0.000000,0,0.000000,0.000000,0,0.000000,0.000000,0,0.000000,0.000000,0,0.000000,0.000000,0,0.000000,0.000000,0,0.000000,0.000000,0,0.000000,0.000000,0,0.000000,0.000000,0,0.000000,0.000000,0,0.000000,0.000000,0,0.000000,0.000000,0,0.000000,0.000000,0,0.000000,0.000000,0,0.000000,0.000000,0,0.000000,0.000000,0,0.000000,0.000000,4,0.666667,0.500000,0,0.000000,0.000000,0,0.000000,0.000000
217,0.000770,0,0.000000,0.000000,0,0.000000,0.000000,0,0.000000,0.000000,0,0.000000,0.000000,2,0.500000,0.500000,0,0.000000,0.000000,0,0.000000,0.000000,0,0.000000,0.000000,0,0.000000,0.000000,0,0.000000,0.000000,0,0.000000,0.000000,0,0.000000,0.000000,0,0.000000,0.000000,0,0.000000,0.000000,0,0.000000,0.000000,0,0.000000,0.000000,0,0.000000,0.000000,0,0.000000,0.000000,0,0.000000,0.000000,0,0.000000,0.000000,0,0.000000,0.000000,0,0.000000,0.000000,0,0.000000,0.000000,0,0.000000,0.000000,2,0.500000,0.500000,0,0.000000,0.000000,0,0.000000,0.000000,0,0.000000,0.000000,0,0.000000,0.000000,0,0.000000,0.000000,0,0.000000,0.000000,0,0.000000,0.000000,0,0.000000,0.000000,0,0.000000,0.000000,0,0.000000,0.000000,0,0.000000,0.000000,0,0.000000,0.000000
218,0.001070,2,0.222222,0.111111,0,0.000000,0.000000,1,0.111111,0.000000,0,0.000000,0.000000,1,0.111111,0.111111,0,0.000000,0.000000,1,0.111111,0.000000,0,0.000000,0.000000,0,0.000000,0.000000,0,0.000000,0.000000,0,0.000000,0.000000,0,0.000000,0.000000,0,0.000000,0.000000,1,0.111111,0.111111,0,0.000000,0.000000,0,0.000000,0.000000,0,0.000000,0.000000,0,0.000000,0.000000,0,0.000000,0.000000,0,0.000000,0.000000,0,0.000000,0.000000,0,0.000000,0.000000,0,0.000000,0.000000,2,0.222222,0.222222,0,0.000000,0.000000,1,0.111111,0.000000,0,0.000000,0.000000,0,0.000000,0.000000,0,0.000000,0.000000,0,0.000000,0.000000,1,0.111111,0.111111,0,0.000000,0.000000,1,0.111111,0.111111,0,0.000000,0.000000,0,0.000000,0.000000,0,0.000000,0.000000,0,0.000000,0.000000
219,0.001990,0,0.000000,0.000000,9,0.529412,0.529412,0,0.000000,0.000000,0,0.000000,0.000000,0,0.000000,0.000000,0,0.000000,0.000000,0,0.000000,0.000000,0,0.000000,0.000000,1,0.058824,0.058824,0,0.000000,0.000000,0,0.000000,0.000000,0,0.000000,0.000000,0,0.000000,0.000000,0,0.000000,0.000000,0,0.000000,0.000000,1,0.058824,0.058824,0,0.000000,0.000000,0,0.000000,0.000000,0,0.000000,0.000000,0,0.000000,0.000000,0,0.000000,0.000000,0,0.000000,0.000000,0,0.000000,0.000000,0,0.000000,0.000000,0,0.000000,0.000000,0,0.000000,0.000000,0,0.000000,0.000000,0,0.000000,0.000000,0,0.000000,0.000000,0,0.000000,0.000000,0,0.000000,0.000000,0,0.000000,0.000000,0,0.000000,0.000000,0,0.000000,0.000000,6,0.352941,0.352941,0,0.000000,0.000000,0,0.000000,0.000000
220,0.001675,2,0.105263,0.052632,10,0.526316,0.421053,1,0.052632,0.000000,1,0.052632,0.052632,0,0.000000,0.000000,0,0.000000,0.000000,0,0.000000,0.000000,0,0.000000,0.000000,0,0.000000,0.000000,5,0.263158,0.157895,0,0.000000,0.000000,0,0.000000,0.000000,0,0.000000,0.000000,0,0.000000,0.000000,0,0.000000,0.000000,1,0.052632,0.052632,0,0.000000,0.000000,0,0.000000,0.000000,0,0.000000,0.000000,0,0.000000,0.000000,0,0.000000,0.000000,0,0.000000,0.000000,0,0.000000,0.000000,2,0.105263,0.105263,0,0.000000,0.000000,0,0.000000,0.000000,0,0.000000,0.000000,0,0.000000,0.000000,0,0.000000,0.000000,0,0.000000,0.000000,0,0.000000,0.000000,0,0.000000,0.000000,0,0.000000,0.000000,0,0.000000,0.000000,0,0.000000,0.000000,0,0.000000,0.000000,0,0.000000,0.000000
221,0.001040,0,0.000000,0.000000,0,0.000000,0.000000,0,0.000000,0.000000,0,0.000000,0.000000,2,0.400000,0.400000,0,0.000000,0.000000,0,0.000000,0.000000,0,0.000000,0.000000,0,0.000000,0.000000,0,0.000000,0.000000,0,0.000000,0.000000,0,0.000000,0.000000,0,0.000000,0.000000,0,0.000000,0.000000,0,0.000000,0.000000,0,0.000000,0.000000,0,0.000000,0.000000,0,0.000000,0.000000,0,0.000000,0.000000,0,0.000000,0.000000,0,0.000000,0.000000,0,0.000000,0.000000,0,0.000000,0.000000,0,0.000000,0.000000,1,0.200000,0.000000,0,0.000000,0.000000,0,0.000000,0.000000,0,0.000000,0.000000,3,0.600000,0.400000,0,0.000000,0.000000,0,0.000000,0.000000,0,0.000000,0.000000,0,0.000000,0.000000,0,0.000000,0.000000,0,0.000000,0.000000,0,0.000000,0.000000,0,0.000000,0.000000
222,0.000860,0,0.000000,0.000000,0,0.000000,0.000000,0,0.000000,0.000000,0,0.000000,0.000000,0,0.000000,0.000000,0,0.000000,0.000000,0,0.000000,0.000000,0,0.000000,0.000000,0,0.000000,0.000000,0,0.000000,0.000000,0,0.000000,0.000000,0,0.000000,0.000000,0,0.000000,0.000000,0,0.000000,0.000000,0,0.000000,0.000000,0,0.000000,0.000000,0,0.000000,0.000000,0,0.000000,0.000000,0,0.000000,0.000000,0,0.000000,0.000000,0,0.000000,0.000000,0,0.000000,0.000000,0,0.000000,0.000000,0,0.000000,0.000000,0,0.000000,0.000000,0,0.000000,0.000000,0,0.000000,0.000000,0,0.000000,0.000000,0,0.000000,0.000000,0,0.000000,0.000000,0,0.000000,0.000000,0,0.000000,0.000000,0,0.000000,0.000000,0,0.000000,0.000000,5,1.000000,1.000000,0,0.000000,0.000000,0,0.000000,0.000000
223,0.001950,0,0.000000,0.000000,19,1.000000,1.000000,0,0.000000,0.000000,0,0.000000,0.000000,0,0.000000,0.000000,0,0.000000,0.000000,0,0.000000,0.000000,0,0.000000,0.000000,0,0.000000,0.000000,0,0.000000,0.000000,0,0.000000,0.000000,0,0.000000,0.000000,0,0.000000,0.000000,0,0.000000,0.000000,0,0.000000,0.000000,0,0.000000,0.000000,0,0.000000,0.000000,0,0.000000,0.000000,0,0.000000,0.000000,0,0.000000,0.000000,0,0.000000,0.000000,0,0.000000,0.000000,0,0.000000,0.000000,0,0.000000,0.000000,0,0.000000,0.000000,0,0.000000,0.000000,0,0.000000,0.000000,0,0.000000,0.000000,0,0.000000,0.000000,0,0.000000,0.000000,0,0.000000,0.000000,0,0.000000,0.000000,0,0.000000,0.000000,0,0.000000,0.000000,0,0.000000,0.000000,0,0.000000,0.000000,0,0.000000,0.000000
224,0.002855,3,0.115385,0.000000,0,0.000000,0.000000,6,0.230769,0.115385,1,0.038462,0.000000,0,0.000000,0.000000,4,0.153846,0.076923,2,0.076923,0.038462,0,0.000000,0.000000,0,0.000000,0.000000,10,0.384615,0.269231,0,0.000000,0.000000,0,0.000000,0.000000,0,0.000000,0.000000,0,0.000000,0.000000,0,0.000000,0.000000,0,0.000000,0.000000,0,0.000000,0.000000,1,0.038462,0.038462,0,0.000000,0.000000,0,0.000000,0.000000,1,0.038462,0.038462,1,0.038462,0.038462,1,0.038462,0.038462,0,0.000000,0.000000,0,0.000000,0.000000,0,0.000000,0.000000,1,0.038462,0.038462,1,0.038462,0.038462,0,0.000000,0.000000,1,0.038462,0.000000,0,0.000000,0.000000,0,0.000000,0.000000,0,0.000000,0.000000,0,0.000000,0.000000,0,0.000000,0.000000,0,0.000000,0.000000,0,0.000000,0.000000
225,0.000000,0,0.000000,0.000000,0,0.000000,0.000000,0,0.000000,0.000000,0,0.000000,0.000000,0,0.000000,0.000000,0,0.000000,0.000000,0,0.000000,0.000000,0,0.000000,0.000000,0,0.000000,0.000000,0,0.000000,0.000000,0,0.000000,0.000000,0,0.000000,0.000000,0,0.000000,0.000000,0,0.000000,0.000000,0,0.000000,0.000000,0,0.000000,0.000000,0,0.000000,0.000000,0,0.000000,0.000000,0,0.000000,0.000000,0,0.000000,0.000000,0,0.000000,0.000000,0,0.000000,0.000000,0,0.000000,0.000000,0,0.000000,0.000000,0,0.000000,0.000000,0,0.000000,0.000000,0,0.000000,0.000000,0,0.000000,0.000000,0,0.000000,0.000000,0,0.000000,0.000000,0,0.000000,0.000000,0,0.000000,0.000000,0,0.000000,0.000000,0,0.000000,0.000000,0,0.000000,0.000000,0,0.000000,0.000000,0,0.000000,0.000000
226,0.003470,0,0.000000,0.000000,29,0.906250,0.875000,0,0.000000,0.000000,0,0.000000,0.000000,0,0.000000,0.000000,0,0.000000,0.000000,0,0.000000,0.000000,0,0.000000,0.000000,0,0.000000,0.000000,0,0.000000,0.000000,0,0.000000,0.000000,0,0.000000,0.000000,0,0.000000,0.000000,0,0.000000,0.000000,0,0.000000,0.000000,0,0.000000,0.000000,0,0.000000,0.000000,0,0.000000,0.000000,0,0.000000,0.000000,0,0.000000,0.000000,0,0.000000,0.000000,0,0.000000,0.000000,0,0.000000,0.000000,0,0.000000,0.000000,0,0.000000,0.000000,3,0.093750,0.062500,1,0.031250,0.031250,0,0.000000,0.000000,0,0.000000,0.000000,0,0.000000,0.000000,0,0.000000,0.000000,0,0.000000,0.000000,0,0.000000,0.000000,0,0.000000,0.000000,0,0.000000,0.000000,0,0.000000,0.000000,0,0.000000,0.000000
227,0.000520,1,0.200000,0.200000,0,0.000000,0.000000,1,0.200000,0.200000,0,0.000000,0.000000,0,0.000000,0.000000,0,0.000000,0.000000,0,0.000000,0.000000,0,0.000000,0.000000,0,0.000000,0.000000,0,0.000000,0.000000,0,0.000000,0.000000,0,0.000000,0.000000,0,0.000000,0.000000,1,0.200000,0.200000,0,0.000000,0.000000,0,0.000000,0.000000,0,0.000000,0.000000,0,0.000000,0.000000,0,0.000000,0.000000,0,0.000000,0.000000,0,0.000000,0.000000,0,0.000000,0.000000,0,0.000000,0.000000,0,0.000000,0.000000,0,0.000000,0.000000,0,0.000000,0.000000,1,0.200000,0.200000,1,0.200000,0.200000,0,0.000000,0.000000,0,0.000000,0.000000,0,0.000000,0.000000,0,0.000000,0.000000,0,0.000000,0.000000,0,0.000000,0.000000,0,0.000000,0.000000,0,0.000000,0.000000,0,0.000000,0.000000
228,0.000525,0,0.000000,0.000000,0,0.000000,0.000000,1,0.250000,0.250000,0,0.000000,0.000000,0,0.000000,0.000000,0,0.000000,0.000000,0,0.000000,0.000000,0,0.000000,0.000000,0,0.000000,0.000000,0,0.000000,0.000000,0,0.000000,0.000000,0,0.000000,0.000000,0,0.000000,0.000000,1,0.250000,0.250000,0,0.000000,0.000000,0,0.000000,0.000000,0,0.000000,0.000000,0,0.000000,0.000000,0,0.000000,0.000000,0,0.000000,0.000000,0,0.000000,0.000000,0,0.000000,0.000000,0,0.000000,0.000000,0,0.000000,0.000000,0,0.000000,0.000000,2,0.500000,0.500000,0,0.000000,0.000000,0,0.000000,0.000000,0,0.000000,0.000000,0,0.000000,0.000000,0,0.000000,0.000000,0,0.000000,0.000000,0,0.000000,0.000000,0,0.000000,0.000000,0,0.000000,0.000000,0,0.000000,0.000000,0,0.000000,0.000000
229,0.001300,0,0.000000,0.000000,0,0.000000,0.000000,0,0.000000,0.000000,0,0.000000,0.000000,0,0.000000,0.000000,0,0.000000,0.000000,0,0.000000,0.000000,0,0.000000,0.000000,0,0.000000,0.000000,0,0.000000,0.000000,0,0.000000,0.000000,0,0.000000,0.000000,0,0.000000,0.000000,0,0.000000,0.000000,0,0.000000,0.000000,0,0.000000,0.000000,0,0.000000,0.000000,0,0.000000,0.000000,0,0.000000,0.000000,0,0.000000,0.000000,0,0.000000,0.000000,0,0.000000,0.000000,0,0.000000,0.000000,0,0.000000,0.000000,0,0.000000,0.000000,0,0.000000,0.000000,0,0.000000,0.000000,0,0.000000,0.000000,0,0.000000,0.000000,0,0.000000,0.000000,0,0.000000,0.000000,0,0.000000,0.000000,0,0.000000,0.000000,0,0.000000,0.000000,7,1.000000,1.000000,0,0.000000,0.000000,0,0.000000,0.000000
230,0.000695,0,0.000000,0.000000,0,0.000000,0.000000,0,0.000000,0.000000,0,0.000000,0.000000,0,0.000000,0.000000,0,0.000000,0.000000,0,0.000000,0.000000,0,0.000000,0.000000,0,0.000000,0.000000,0,0.000000,0.000000,0,0.000000,0.000000,0,0.000000,0.000000,0,0.000000,0.000000,0,0.000000,0.000000,0,0.000000,0.000000,0,0.000000,0.000000,0,0.000000,0.000000,0,0.000000,0.000000,0,0.000000,0.000000,0,0.000000,0.000000,0,0.000000,0.000000,0,0.000000,0.000000,0,0.000000,0.000000,0,0.000000,0.000000,0,0.000000,0.000000,0,0.000000,0.000000,0,0.000000,0.000000,0,0.000000,0.000000,0,0.000000,0.000000,0,0.000000,0.000000,0,0.000000,0.000000,0,0.000000,0.000000,0,0.000000,0.000000,0,0.000000,0.000000,4,1.000000,1.000000,0,0.000000,0.000000,0,0.000000,0.000000
231,0.000605,0,0.000000,0.000000,0,0.000000,0.000000,0,0.000000,0.000000,0,0.000000,0.000000,2,0.666667,0.666667,0,0.000000,0.000000,0,0.000000,0.000000,0,0.000000,0.000000,0,0.000000,0.000000,0,0.000000,0.000000,0,0.000000,0.000000,0,0.000000,0.000000,0,0.000000,0.000000,0,0.000000,0.000000,0,0.000000,0.000000,0,0.000000,0.000000,0,0.000000,0.000000,0,0.000000,0.000000,0,0.000000,0.000000,0,0.000000,0.000000,0,0.000000,0.000000,0,0.000000,0.000000,0,0.000000,0.000000,0,0.000000,0.000000,0,0.000000,0.000000,0,0.000000,0.000000,0,0.000000,0.000000,0,0.000000,0.000000,1,0.333333,0.333333,0,0.000000,0.000000,0,0.000000,0.000000,0,0.000000,0.000000,0,0.000000,0.000000,0,0.000000,0.000000,0,0.000000,0.000000,0,0.000000,0.000000,0,0.000000,0.000000
232,0.000095,0,0.000000,0.000000,0,0.000000,0.000000,0,0.000000,0.000000,0,0.000000,0.000000,0,0.000000,0.000000,0,0.000000,0.000000,0,0.000000,0.000000,0,0.000000,0.000000,1,1.000000,1.000000,0,0.000000,0.000000,0,0.000000,0.000000,0,0.000000,0.000000,0,0.000000,0.000000,0,0.000000,0.000000,0,0.000000,0.000000,0,0.000000,0.000000,0,0.000000,0.000000,0,0.000000,0.000000,0,0.000000,0.000000,0,0.000000,0.000000,0,0.000000,0.000000,0,0.000000,0.000000,0,0.000000,0.000000,0,0.000000,0.000000,0,0.000000,0.000000,0,0.000000,0.000000,0,0.000000,0.000000,0,0.000000,0.000000,0,0.000000,0.000000,0,0.000000,0.000000,0,0.000000,0.000000,0,0.000000,0.000000,0,0.000000,0.000000,0,0.000000,0.000000,0,0.000000,0.000000,0,0.000000,0.000000,0,0.000000,0.000000
233,0.001910,0,0.000000,0.000000,15,0.714286,0.666667,3,0.142857,0.142857,0,0.000000,0.000000,0,0.000000,0.000000,0,0.000000,0.000000,0,0.000000,0.000000,0,0.000000,0.000000,0,0.000000,0.000000,3,0.142857,0.095238,0,0.000000,0.000000,0,0.000000,0.000000,0,0.000000,0.000000,0,0.000000,0.000000,0,0.000000,0.000000,0,0.000000,0.000000,0,0.000000,0.000000,0,0.000000,0.000000,0,0.000000,0.000000,0,0.000000,0.000000,0,0.000000,0.000000,0,0.000000,0.000000,0,0.000000,0.000000,0,0.000000,0.000000,0,0.000000,0.000000,0,0.000000,0.000000,0,0.000000,0.000000,0,0.000000,0.000000,0,0.000000,0.000000,0,0.000000,0.000000,0,0.000000,0.000000,0,0.000000,0.000000,0,0.000000,0.000000,0,0.000000,0.000000,0,0.000000,0.000000,1,0.047619,0.047619,0,0.000000,0.000000
234,0.000645,0,0.000000,0.000000,0,0.000000,0.000000,0,0.000000,0.000000,0,0.000000,0.000000,0,0.000000,0.000000,0,0.000000,0.000000,0,0.000000,0.000000,2,0.400000,0.200000,1,0.200000,0.200000,0,0.000000,0.000000,0,0.000000,0.000000,0,0.000000,0.000000,1,0.200000,0.000000,0,0.000000,0.000000,0,0.000000,0.000000,0,0.000000,0.000000,0,0.000000,0.000000,0,0.000000,0.000000,0,0.000000,0.000000,0,0.000000,0.000000,0,0.000000,0.000000,0,0.000000,0.000000,0,0.000000,0.000000,0,0.000000,0.000000,0,0.000000,0.000000,0,0.000000,0.000000,0,0.000000,0.000000,0,0.000000,0.000000,0,0.000000,0.000000,0,0.000000,0.000000,0,0.000000,0.000000,0,0.000000,0.000000,0,0.000000,0.000000,0,0.000000,0.000000,2,0.400000,0.400000,0,0.000000,0.000000,0,0.000000,0.000000
235,0.000000,0,0.000000,0.000000,0,0.000000,0.000000,0,0.000000,0.000000,0,0.000000,0.000000,0,0.000000,0.000000,0,0.000000,0.000000,0,0.000000,0.000000,0,0.000000,0.000000,0,0.000000,0.000000,0,0.000000,0.000000,0,0.000000,0.000000,0,0.000000,0.000000,0,0.000000,0.000000,0,0.000000,0.000000,0,0.000000,0.000000,0,0.000000,0.000000,0,0.000000,0.000000,0,0.000000,0.000000,0,0.000000,0.000000,0,0.000000,0.000000,0,0.000000,0.000000,0,0.000000,0.000000,0,0.000000,0.000000,0,0.000000,0.000000,0,0.000000,0.000000,0,0.000000,0.000000,0,0.000000,0.000000,0,0.000000,0.000000,0,0.000000,0.000000,0,0.000000,0.000000,0,0.000000,0.000000,0,0.000000,0.000000,0,0.000000,0.000000,0,0.000000,0.000000,0,0.000000,0.000000,0,0.000000,0.000000,0,0.000000,0.000000
236,0.000175,0,0.000000,0.000000,0,0.000000,0.000000,0,0.000000,0.000000,0,0.000000,0.000000,0,0.000000,0.000000,0,0.000000,0.000000,0,0.000000,0.000000,0,0.000000,0.000000,0,0.000000,0.000000,2,1.000000,1.000000,0,0.000000,0.000000,0,0.000000,0.000000,0,0.000000,0.000000,0,0.000000,0.000000,0,0.000000,0.000000,0,0.000000,0.000000,0,0.000000,0.000000,0,0.000000,0.000000,0,0.000000,0.000000,0,0.000000,0.000000,0,0.000000,0.000000,0,0.000000,0.000000,0,0.000000,0.000000,0,0.000000,0.000000,0,0.000000,0.000000,0,0.000000,0.000000,0,0.000000,0.000000,0,0.000000,0.000000,0,0.000000,0.000000,0,0.000000,0.000000,0,0.000000,0.000000,0,0.000000,0.000000,0,0.000000,0.000000,0,0.000000,0.000000,0,0.000000,0.000000,0,0.000000,0.000000,0,0.000000,0.000000
237,0.000000,0,0.000000,0.000000,0,0.000000,0.000000,0,0.000000,0.000000,0,0.000000,0.000000,0,0.000000,0.000000,0,0.000000,0.000000,0,0.000000,0.000000,0,0.000000,0.000000,0,0.000000,0.000000,0,0.000000,0.000000,0,0.000000,0.000000,0,0.000000,0.000000,0,0.000000,0.000000,0,0.000000,0.000000,0,0.000000,0.000000,0,0.000000,0.000000,0,0.000000,0.000000,0,0.000000,0.000000,0,0.000000,0.000000,0,0.000000,0.000000,0,0.000000,0.000000,0,0.000000,0.000000,0,0.000000,0.000000,0,0.000000,0.000000,0,0.000000,0.000000,0,0.000000,0.000000,0,0.000000,0.000000,0,0.000000,0.000000,0,0.000000,0.000000,0,0.000000,0.000000,0,0.000000,0.000000,0,0.000000,0.000000,0,0.000000,0.000000,0,0.000000,0.000000,0,0.000000,0.000000,0,0.000000,0.000000,0,0.000000,0.000000
238,0.000745,0,0.000000,0.000000,0,0.000000,0.000000,0,0.000000,0.000000,0,0.000000,0.000000,0,0.000000,0.000000,0,0.000000,0.000000,0,0.000000,0.000000,0,0.000000,0.000000,0,0.000000,0.000000,0,0.000000,0.000000,0,0.000000,0.000000,0,0.000000,0.000000,0,0.000000,0.000000,1,0.166667,0.166667,0,0.000000,0.000000,0,0.000000,0.000000,0,0.000000,0.000000,0,0.000000,0.000000,0,0.000000,0.000000,0,0.000000,0.000000,0,0.000000,0.000000,0,0.000000,0.000000,0,0.000000,0.000000,0,0.000000,0.000000,0,0.000000,0.000000,5,0.833333,0.833333,0,0.000000,0.000000,0,0.000000,0.000000,0,0.000000,0.000000,0,0.000000,0.000000,0,0.000000,0.000000,0,0.000000,0.000000,0,0.000000,0.000000,0,0.000000,0.000000,0,0.000000,0.000000,0,0.000000,0.000000,0,0.000000,0.000000
239,0.003115,0,0.000000,0.000000,28,1.000000,1.000000,0,0.000000,0.000000,0,0.000000,0.000000,0,0.000000,0.000000,0,0.000000,0.000000,0,0.000000,0.000000,0,0.000000,0.000000,0,0.000000,0.000000,0,0.000000,0.000000,0,0.000000,0.000000,0,0.000000,0.000000,0,0.000000,0.000000,0,0.000000,0.000000,0,0.000000,0.000000,0,0.000000,0.000000,0,0.000000,0.000000,0,0.000000,0.000000,0,0.000000,0.000000,0,0.000000,0.000000,0,0.000000,0.000000,0,0.000000,0.000000,0,0.000000,0.000000,0,0.000000,0.000000,0,0.000000,0.000000,0,0.000000,0.000000,0,0.000000,0.000000,0,0.000000,0.000000,0,0.000000,0.000000,0,0.000000,0.000000,0,0.000000,0.000000,0,0.000000,0.000000,0,0.000000,0.000000,0,0.000000,0.000000,0,0.000000,0.000000,0,0.000000,0.000000,0,0.000000,0.000000
240,0.001195,0,0.000000,0.000000,0,0.000000,0.000000,3,0.272727,0.272727,0,0.000000,0.000000,0,0.000000,0.000000,2,0.181818,0.181818,0,0.000000,0.000000,0,0.000000,0.000000,0,0.000000,0.000000,0,0.000000,0.000000,0,0.000000,0.000000,0,0.000000,0.000000,0,0.000000,0.000000,0,0.000000,0.000000,0,0.000000,0.000000,0,0.000000,0.000000,0,0.000000,0.000000,0,0.000000,0.000000,0,0.000000,0.000000,0,0.000000,0.000000,0,0.000000,0.000000,0,0.000000,0.000000,0,0.000000,0.000000,0,0.000000,0.000000,0,0.000000,0.000000,3,0.272727,0.272727,2,0.181818,0.181818,1,0.090909,0.090909,0,0.000000,0.000000,0,0.000000,0.000000,0,0.000000,0.000000,0,0.000000,0.000000,0,0.000000,0.000000,0,0.000000,0.000000,0,0.000000,0.000000,0,0.000000,0.000000,0,0.000000,0.000000
241,0.000480,0,0.000000,0.000000,0,0.000000,0.000000,0,0.000000,0.000000,0,0.000000,0.000000,0,0.000000,0.000000,0,0.000000,0.000000,0,0.000000,0.000000,1,0.333333,0.000000,0,0.000000,0.000000,0,0.000000,0.000000,0,0.000000,0.000000,0,0.000000,0.000000,1,0.333333,0.000000,0,0.000000,0.000000,0,0.000000,0.000000,0,0.000000,0.000000,0,0.000000,0.000000,0,0.000000,0.000000,0,0.000000,0.000000,0,0.000000,0.000000,0,0.000000,0.000000,0,0.000000,0.000000,0,0.000000,0.000000,0,0.000000,0.000000,0,0.000000,0.000000,0,0.000000,0.000000,0,0.000000,0.000000,0,0.000000,0.000000,0,0.000000,0.000000,0,0.000000,0.000000,0,0.000000,0.000000,0,0.000000,0.000000,0,0.000000,0.000000,0,0.000000,0.000000,2,0.666667,0.666667,0,0.000000,0.000000,0,0.000000,0.000000
242,0.000230,0,0.000000,0.000000,0,0.000000,0.000000,0,0.000000,0.000000,0,0.000000,0.000000,0,0.000000,0.000000,2,1.000000,1.000000,0,0.000000,0.000000,0,0.000000,0.000000,0,0.000000,0.000000,0,0.000000,0.000000,0,0.000000,0.000000,0,0.000000,0.000000,0,0.000000,0.000000,0,0.000000,0.000000,0,0.000000,0.000000,0,0.000000,0.000000,0,0.000000,0.000000,0,0.000000,0.000000,0,0.000000,0.000000,0,0.000000,0.000000,0,0.000000,0.000000,0,0.000000,0.000000,0,0.000000,0.000000,0,0.000000,0.000000,0,0.000000,0.000000,0,0.000000,0.000000,0,0.000000,0.000000,0,0.000000,0.000000,0,0.000000,0.000000,0,0.000000,0.000000,0,0.000000,0.000000,0,0.000000,0.000000,0,0.000000,0.000000,0,0.000000,0.000000,0,0.000000,0.000000,0,0.000000,0.000000,0,0.000000,0.000000
243,0.002705,4,0.222222,0.166667,0,0.000000,0.000000,1,0.055556,0.055556,1,0.055556,0.000000,1,0.055556,0.055556,1,0.055556,0.055556,0,0.000000,0.000000,4,0.222222,0.055556,1,0.055556,0.000000,0,0.000000,0.000000,0,0.000000,0.000000,0,0.000000,0.000000,1,0.055556,0.000000,1,0.055556,0.055556,0,0.000000,0.000000,0,0.000000,0.000000,0,0.000000,0.000000,1,0.055556,0.055556,1,0.055556,0.055556,0,0.000000,0.000000,0,0.000000,0.000000,0,0.000000,0.000000,0,0.000000,0.000000,0,0.000000,0.000000,0,0.000000,0.000000,1,0.055556,0.000000,0,0.000000,0.000000,0,0.000000,0.000000,0,0.000000,0.000000,0,0.000000,0.000000,0,0.000000,0.000000,0,0.000000,0.000000,1,0.055556,0.055556,0,0.000000,0.000000,1,0.055556,0.055556,2,0.111111,0.111111,0,0.000000,0.000000
244,0.000340,1,0.333333,0.333333,0,0.000000,0.000000,0,0.000000,0.000000,0,0.000000,0.000000,0,0.000000,0.000000,0,0.000000,0.000000,0,0.000000,0.000000,1,0.333333,0.000000,1,0.333333,0.333333,0,0.000000,0.000000,0,0.000000,0.000000,0,0.000000,0.000000,1,0.333333,0.000000,0,0.000000,0.000000,0,0.000000,0.000000,0,0.000000,0.000000,0,0.000000,0.000000,0,0.000000,0.000000,0,0.000000,0.000000,0,0.000000,0.000000,0,0.000000,0.000000,0,0.000000,0.000000,0,0.000000,0.000000,0,0.000000,0.000000,0,0.000000,0.000000,0,0.000000,0.000000,0,0.000000,0.000000,0,0.000000,0.000000,0,0.000000,0.000000,0,0.000000,0.000000,0,0.000000,0.000000,0,0.000000,0.000000,0,0.000000,0.000000,0,0.000000,0.000000,0,0.000000,0.000000,0,0.000000,0.000000,0,0.000000,0.000000
245,0.000390,0,0.000000,0.000000,0,0.000000,0.000000,0,0.000000,0.000000,0,0.000000,0.000000,0,0.000000,0.000000,0,0.000000,0.000000,0,0.000000,0.000000,0,0.000000,0.000000,0,0.000000,0.000000,0,0.000000,0.000000,0,0.000000,0.000000,0,0.000000,0.000000,0,0.000000,0.000000,0,0.000000,0.000000,0,0.000000,0.000000,0,0.000000,0.000000,0,0.000000,0.000000,0,0.000000,0.000000,0,0.000000,0.000000,0,0.000000,0.000000,0,0.000000,0.000000,0,0.000000,0.000000,0,0.000000,0.000000,0,0.000000,0.000000,0,0.000000,0.000000,0,0.000000,0.000000,0,0.000000,0.000000,0,0.000000,0.000000,0,0.000000,0.000000,0,0.000000,0.000000,0,0.000000,0.000000,0,0.000000,0.000000,0,0.000000,0.000000,0,0.000000,0.000000,2,1.000000,1.000000,0,0.000000,0.000000,0,0.000000,0.000000
246,0.000115,0,0.000000,0.000000,0,0.000000,0.000000,0,0.000000,0.000000,0,0.000000,0.000000,0,0.000000,0.000000,0,0.000000,0.000000,0,0.000000,0.000000,1,1.000000,1.000000,0,0.000000,0.000000,0,0.000000,0.000000,0,0.000000,0.000000,0,0.000000,0.000000,0,0.000000,0.000000,0,0.000000,0.000000,0,0.000000,0.000000,0,0.000000,0.000000,0,0.000000,0.000000,0,0.000000,0.000000,0,0.000000,0.000000,0,0.000000,0.000000,0,0.000000,0.000000,0,0.000000,0.000000,0,0.000000,0.000000,0,0.000000,0.000000,0,0.000000,0.000000,0,0.000000,0.000000,0,0.000000,0.000000,0,0.000000,0.000000,0,0.000000,0.000000,0,0.000000,0.000000,0,0.000000,0.000000,0,0.000000,0.000000,0,0.000000,0.000000,0,0.000000,0.000000,0,0.000000,0.000000,0,0.000000,0.000000,0,0.000000,0.000000
247,0.000230,0,0.000000,0.000000,0,0.000000,0.000000,0,0.000000,0.000000,0,0.000000,0.000000,0,0.000000,0.000000,0,0.000000,0.000000,0,0.000000,0.000000,0,0.000000,0.000000,0,0.000000,0.000000,0,0.000000,0.000000,0,0.000000,0.000000,0,0.000000,0.000000,0,0.000000,0.000000,0,0.000000,0.000000,0,0.000000,0.000000,0,0.000000,0.000000,0,0.000000,0.000000,0,0.000000,0.000000,0,0.000000,0.000000,0,0.000000,0.000000,0,0.000000,0.000000,0,0.000000,0.000000,0,0.000000,0.000000,0,0.000000,0.000000,0,0.000000,0.000000,0,0.000000,0.000000,0,0.000000,0.000000,0,0.000000,0.000000,0,0.000000,0.000000,0,0.000000,0.000000,0,0.000000,0.000000,0,0.000000,0.000000,0,0.000000,0.000000,0,0.000000,0.000000,0,0.000000,0.000000,0,0.000000,0.000000,3,1.000000,1.000000
248,0.000065,0,0.000000,0.000000,0,0.000000,0.000000,0,0.000000,0.000000,0,0.000000,0.000000,0,0.000000,0.000000,0,0.000000,0.000000,0,0.000000,0.000000,0,0.000000,0.000000,0,0.000000,0.000000,0,0.000000,0.000000,0,0.000000,0.000000,0,0.000000,0.000000,0,0.000000,0.000000,0,0.000000,0.000000,0,0.000000,0.000000,0,0.000000,0.000000,0,0.000000,0.000000,0,0.000000,0.000000,0,0.000000,0.000000,0,0.000000,0.000000,0,0.000000,0.000000,0,0.000000,0.000000,0,0.000000,0.000000,0,0.000000,0.000000,0,0.000000,0.000000,0,0.000000,0.000000,0,0.000000,0.000000,0,0.000000,0.000000,0,0.000000,0.000000,0,0.000000,0.000000,0,0.000000,0.000000,0,0.000000,0.000000,0,0.000000,0.000000,0,0.000000,0.000000,0,0.000000,0.000000,0,0.000000,0.000000,1,1.000000,1.000000
249,0.000945,0,0.000000,0.000000,6,0.600000,0.600000,0,0.000000,0.000000,0,0.000000,0.000000,0,0.000000,0.000000,3,0.300000,0.300000,0,0.000000,0.000000,0,0.000000,0.000000,0,0.000000,0.000000,0,0.000000,0.000000,0,0.000000,0.000000,0,0.000000,0.000000,0,0.000000,0.000000,0,0.000000,0.000000,0,0.000000,0.000000,0,0.000000,0.000000,0,0.000000,0.000000,0,0.000000,0.000000,0,0.000000,0.000000,0,0.000000,0.000000,0,0.000000,0.000000,0,0.000000,0.000000,0,0.000000,0.000000,0,0.000000,0.000000,0,0.000000,0.000000,0,0.000000,0.000000,0,0.000000,0.000000,1,0.100000,0.100000,0,0.000000,0.000000,0,0.000000,0.000000,0,0.000000,0.000000,0,0.000000,0.000000,0,0.000000,0.000000,0,0.000000,0.000000,0,0.000000,0.000000,0,0.000000,0.000000,0,0.000000,0.000000
250,0.001910,0,0.000000,0.000000,15,0.937500,0.937500,0,0.000000,0.000000,0,0.000000,0.000000,0,0.000000,0.000000,0,0.000000,0.000000,0,0.000000,0.000000,0,0.000000,0.000000,0,0.000000,0.000000,0,0.000000,0.000000,0,0.000000,0.000000,0,0.000000,0.000000,0,0.000000,0.000000,0,0.000000,0.000000,0,0.000000,0.000000,0,0.000000,0.000000,0,0.000000,0.000000,0,0.000000,0.000000,1,0.062500,0.062500,0,0.000000,0.000000,0,0.000000,0.000000,0,0.000000,0.000000,0,0.000000,0.000000,0,0.000000,0.000000,0,0.000000,0.000000,0,0.000000,0.000000,0,0.000000,0.000000,0,0.000000,0.000000,0,0.000000,0.000000,0,0.000000,0.000000,0,0.000000,0.000000,0,0.000000,0.000000,0,0.000000,0.000000,0,0.000000,0.000000,0,0.000000,0.000000,0,0.000000,0.000000,0,0.000000,0.000000
251,0.015700,0,0.000000,0.000000,8,0.080808,0.040404,67,0.676768,0.464646,20,0.202020,0.070707,0,0.000000,0.000000,2,0.020202,0.020202,0,0.000000,0.000000,0,0.000000,0.000000,0,0.000000,0.000000,0,0.000000,0.000000,0,0.000000,0.000000,0,0.000000,0.000000,6,0.060606,0.040404,0,0.000000,0.000000,10,0.101010,0.080808,0,0.000000,0.000000,3,0.030303,0.000000,0,0.000000,0.000000,0,0.000000,0.000000,0,0.000000,0.000000,0,0.000000,0.000000,0,0.000000,0.000000,5,0.050505,0.020202,0,0.000000,0.000000,0,0.000000,0.000000,1,0.010101,0.010101,0,0.000000,0.000000,0,0.000000,0.000000,0,0.000000,0.000000,0,0.000000,0.000000,0,0.000000,0.000000,0,0.000000,0.000000,1,0.010101,0.000000,1,0.010101,0.010101,0,0.000000,0.000000,0,0.000000,0.000000,0,0.000000,0.000000
252,0.000155,0,0.000000,0.000000,0,0.000000,0.000000,0,0.000000,0.000000,0,0.000000,0.000000,1,1.000000,1.000000,0,0.000000,0.000000,0,0.000000,0.000000,0,0.000000,0.000000,0,0.000000,0.000000,0,0.000000,0.000000,0,0.000000,0.000000,0,0.000000,0.000000,0,0.000000,0.000000,0,0.000000,0.000000,0,0.000000,0.000000,0,0.000000,0.000000,0,0.000000,0.000000,0,0.000000,0.000000,0,0.000000,0.000000,0,0.000000,0.000000,0,0.000000,0.000000,0,0.000000,0.000000,0,0.000000,0.000000,0,0.000000,0.000000,0,0.000000,0.000000,0,0.000000,0.000000,0,0.000000,0.000000,0,0.000000,0.000000,0,0.000000,0.000000,0,0.000000,0.000000,0,0.000000,0.000000,0,0.000000,0.000000,0,0.000000,0.000000,0,0.000000,0.000000,0,0.000000,0.000000,0,0.000000,0.000000,0,0.000000,0.000000
253,0.000440,1,0.200000,0.200000,0,0.000000,0.000000,2,0.400000,0.200000,1,0.200000,0.000000,0,0.000000,0.000000,0,0.000000,0.000000,0,0.000000,0.000000,0,0.000000,0.000000,0,0.000000,0.000000,0,0.000000,0.000000,0,0.000000,0.000000,0,0.000000,0.000000,0,0.000000,0.000000,1,0.200000,0.200000,0,0.000000,0.000000,0,0.000000,0.000000,0,0.000000,0.000000,0,0.000000,0.000000,0,0.000000,0.000000,0,0.000000,0.000000,0,0.000000,0.000000,0,0.000000,0.000000,1,0.200000,0.200000,0,0.000000,0.000000,0,0.000000,0.000000,0,0.000000,0.000000,0,0.000000,0.000000,0,0.000000,0.000000,0,0.000000,0.000000,0,0.000000,0.000000,0,0.000000,0.000000,0,0.000000,0.000000,0,0.000000,0.000000,0,0.000000,0.000000,0,0.000000,0.000000,0,0.000000,0.000000,0,0.000000,0.000000
254,0.001595,0,0.000000,0.000000,16,1.000000,1.000000,0,0.000000,0.000000,0,0.000000,0.000000,0,0.000000,0.000000,0,0.000000,0.000000,0,0.000000,0.000000,0,0.000000,0.000000,0,0.000000,0.000000,0,0.000000,0.000000,0,0.000000,0.000000,0,0.000000,0.000000,0,0.000000,0.000000,0,0.000000,0.000000,0,0.000000,0.000000,0,0.000000,0.000000,0,0.000000,0.000000,0,0.000000,0.000000,0,0.000000,0.000000,0,0.000000,0.000000,0,0.000000,0.000000,0,0.000000,0.000000,0,0.000000,0.000000,0,0.000000,0.000000,0,0.000000,0.000000,0,0.000000,0.000000,0,0.000000,0.000000,0,0.000000,0.000000,0,0.000000,0.000000,0,0.000000,0.000000,0,0.000000,0.000000,0,0.000000,0.000000,0,0.000000,0.000000,0,0.000000,0.000000,0,0.000000,0.000000,0,0.000000,0.000000,0,0.000000,0.000000
255,0.004180,1,0.025641,0.025641,24,0.615385,0.615385,4,0.102564,0.076923,2,0.051282,0.025641,0,0.000000,0.000000,0,0.000000,0.000000,1,0.025641,0.025641,0,0.000000,0.000000,0,0.000000,0.000000,1,0.025641,0.025641,0,0.000000,0.000000,0,0.000000,0.000000,0,0.000000,0.000000,0,0.000000,0.000000,0,0.000000,0.000000,1,0.025641,0.025641,0,0.000000,0.000000,0,0.000000,0.000000,0,0.000000,0.000000,0,0.000000,0.000000,0,0.000000,0.000000,0,0.000000,0.000000,0,0.000000,0.000000,1,0.025641,0.025641,0,0.000000,0.000000,3,0.076923,0.076923,1,0.025641,0.025641,0,0.000000,0.000000,0,0.000000,0.000000,0,0.000000,0.000000,0,0.000000,0.000000,1,0.025641,0.025641,0,0.000000,0.000000,0,0.000000,0.000000,0,0.000000,0.000000,0,0.000000,0.000000,0,0.000000,0.000000
256,0.000705,0,0.000000,0.000000,0,0.000000,0.000000,0,0.000000,0.000000,0,0.000000,0.000000,0,0.000000,0.000000,0,0.000000,0.000000,0,0.000000,0.000000,0,0.000000,0.000000,0,0.000000,0.000000,0,0.000000,0.000000,0,0.000000,0.000000,0,0.000000,0.000000,0,0.000000,0.000000,0,0.000000,0.000000,0,0.000000,0.000000,0,0.000000,0.000000,0,0.000000,0.000000,0,0.000000,0.000000,0,0.000000,0.000000,0,0.000000,0.000000,0,0.000000,0.000000,0,0.000000,0.000000,0,0.000000,0.000000,0,0.000000,0.000000,0,0.000000,0.000000,0,0.000000,0.000000,0,0.000000,0.000000,0,0.000000,0.000000,0,0.000000,0.000000,0,0.000000,0.000000,0,0.000000,0.000000,0,0.000000,0.000000,0,0.000000,0.000000,0,0.000000,0.000000,4,1.000000,1.000000,0,0.000000,0.000000,0,0.000000,0.000000
257,0.000300,0,0.000000,0.000000,0,0.000000,0.000000,0,0.000000,0.000000,0,0.000000,0.000000,0,0.000000,0.000000,0,0.000000,0.000000,0,0.000000,0.000000,0,0.000000,0.000000,0,0.000000,0.000000,0,0.000000,0.000000,0,0.000000,0.000000,0,0.000000,0.000000,2,1.000000,1.000000,0,0.000000,0.000000,0,0.000000,0.000000,0,0.000000,0.000000,0,0.000000,0.000000,0,0.000000,0.000000,0,0.000000,0.000000,0,0.000000,0.000000,0,0.000000,0.000000,0,0.000000,0.000000,0,0.000000,0.000000,0,0.000000,0.000000,0,0.000000,0.000000,0,0.000000,0.000000,0,0.000000,0.000000,0,0.000000,0.000000,0,0.000000,0.000000,0,0.000000,0.000000,0,0.000000,0.000000,0,0.000000,0.000000,0,0.000000,0.000000,0,0.000000,0.000000,0,0.000000,0.000000,0,0.000000,0.000000,0,0.000000,0.000000
258,0.000120,0,0.000000,0.000000,0,0.000000,0.000000,0,0.000000,0.000000,0,0.000000,0.000000,0,0.000000,0.000000,0,0.000000,0.000000,0,0.000000,0.000000,0,0.000000,0.000000,0,0.000000,0.000000,0,0.000000,0.000000,0,0.000000,0.000000,0,0.000000,0.000000,0,0.000000,0.000000,0,0.000000,0.000000,0,0.000000,0.000000,0,0.000000,0.000000,0,0.000000,0.000000,0,0.000000,0.000000,0,0.000000,0.000000,0,0.000000,0.000000,0,0.000000,0.000000,0,0.000000,0.000000,0,0.000000,0.000000,0,0.000000,0.000000,0,0.000000,0.000000,0,0.000000,0.000000,0,0.000000,0.000000,0,0.000000,0.000000,0,0.000000,0.000000,0,0.000000,0.000000,0,0.000000,0.000000,1,1.000000,1.000000,0,0.000000,0.000000,0,0.000000,0.000000,0,0.000000,0.000000,0,0.000000,0.000000,0,0.000000,0.000000
259,0.000105,0,0.000000,0.000000,0,0.000000,0.000000,0,0.000000,0.000000,0,0.000000,0.000000,0,0.000000,0.000000,0,0.000000,0.000000,0,0.000000,0.000000,1,1.000000,1.000000,0,0.000000,0.000000,0,0.000000,0.000000,0,0.000000,0.000000,0,0.000000,0.000000,0,0.000000,0.000000,0,0.000000,0.000000,0,0.000000,0.000000,0,0.000000,0.000000,0,0.000000,0.000000,0,0.000000,0.000000,0,0.000000,0.000000,0,0.000000,0.000000,0,0.000000,0.000000,0,0.000000,0.000000,0,0.000000,0.000000,0,0.000000,0.000000,0,0.000000,0.000000,0,0.000000,0.000000,0,0.000000,0.000000,0,0.000000,0.000000,0,0.000000,0.000000,0,0.000000,0.000000,0,0.000000,0.000000,0,0.000000,0.000000,0,0.000000,0.000000,0,0.000000,0.000000,0,0.000000,0.000000,0,0.000000,0.000000,0,0.000000,0.000000
260,0.002955,0,0.000000,0.000000,24,0.923077,0.923077,0,0.000000,0.000000,0,0.000000,0.000000,0,0.000000,0.000000,0,0.000000,0.000000,0,0.000000,0.000000,0,0.000000,0.000000,0,0.000000,0.000000,0,0.000000,0.000000,0,0.000000,0.000000,0,0.000000,0.000000,0,0.000000,0.000000,0,0.000000,0.000000,0,0.000000,0.000000,2,0.076923,0.076923,0,0.000000,0.000000,0,0.000000,0.000000,0,0.000000,0.000000,0,0.000000,0.000000,0,0.000000,0.000000,0,0.000000,0.000000,0,0.000000,0.000000,0,0.000000,0.000000,0,0.000000,0.000000,0,0.000000,0.000000,0,0.000000,0.000000,0,0.000000,0.000000,0,0.000000,0.000000,0,0.000000,0.000000,0,0.000000,0.000000,0,0.000000,0.000000,0,0.000000,0.000000,0,0.000000,0.000000,0,0.000000,0.000000,0,0.000000,0.000000,0,0.000000,0.000000
261,0.000995,0,0.000000,0.000000,9,1.000000,0.777778,0,0.000000,0.000000,0,0.000000,0.000000,0,0.000000,0.000000,0,0.000000,0.000000,0,0.000000,0.000000,0,0.000000,0.000000,0,0.000000,0.000000,0,0.000000,0.000000,0,0.000000,0.000000,0,0.000000,0.000000,0,0.000000,0.000000,0,0.000000,0.000000,0,0.000000,0.000000,0,0.000000,0.000000,0,0.000000,0.000000,0,0.000000,0.000000,0,0.000000,0.000000,0,0.000000,0.000000,0,0.000000,0.000000,2,0.222222,0.000000,0,0.000000,0.000000,0,0.000000,0.000000,0,0.000000,0.000000,0,0.000000,0.000000,0,0.000000,0.000000,0,0.000000,0.000000,0,0.000000,0.000000,0,0.000000,0.000000,0,0.000000,0.000000,0,0.000000,0.000000,0,0.000000,0.000000,0,0.000000,0.000000,0,0.000000,0.000000,0,0.000000,0.000000,0,0.000000,0.000000
262,0.000245,0,0.000000,0.000000,2,1.000000,1.000000,0,0.000000,0.000000,0,0.000000,0.000000,0,0.000000,0.000000,0,0.000000,0.000000,0,0.000000,0.000000,0,0.000000,0.000000,0,0.000000,0.000000,0,0.000000,0.000000,0,0.000000,0.000000,0,0.000000,0.000000,0,0.000000,0.000000,0,0.000000,0.000000,0,0.000000,0.000000,0,0.000000,0.000000,0,0.000000,0.000000,0,0.000000,0.000000,0,0.000000,0.000000,0,0.000000,0.000000,0,0.000000,0.000000,0,0.000000,0.000000,0,0.000000,0.000000,0,0.000000,0.000000,0,0.000000,0.000000,0,0.000000,0.000000,0,0.000000,0.000000,0,0.000000,0.000000,0,0.000000,0.000000,0,0.000000,0.000000,0,0.000000,0.000000,0,0.000000,0.000000,0,0.000000,0.000000,0,0.000000,0.000000,0,0.000000,0.000000,0,0.000000,0.000000,0,0.000000,0.000000
263,0.000500,1,0.250000,0.250000,0,0.000000,0.000000,0,0.000000,0.000000,0,0.000000,0.000000,1,0.250000,0.250000,0,0.000000,0.000000,0,0.000000,0.000000,0,0.000000,0.000000,0,0.000000,0.000000,0,0.000000,0.000000,0,0.000000,0.000000,0,0.000000,0.000000,0,0.000000,0.000000,1,0.250000,0.250000,0,0.000000,0.000000,0,0.000000,0.000000,0,0.000000,0.000000,0,0.000000,0.000000,0,0.000000,0.000000,0,0.000000,0.000000,0,0.000000,0.000000,0,0.000000,0.000000,0,0.000000,0.000000,0,0.000000,0.000000,0,0.000000,0.000000,0,0.000000,0.000000,0,0.000000,0.000000,0,0.000000,0.000000,0,0.000000,0.000000,0,0.000000,0.000000,0,0.000000,0.000000,0,0.000000,0.000000,1,0.250000,0.250000,0,0.000000,0.000000,0,0.000000,0.000000,0,0.000000,0.000000,0,0.000000,0.000000
264,0.002110,0,0.000000,0.000000,10,0.625000,0.500000,0,0.000000,0.000000,0,0.000000,0.000000,0,0.000000,0.000000,1,0.062500,0.062500,0,0.000000,0.000000,0,0.000000,0.000000,0,0.000000,0.000000,0,0.000000,0.000000,0,0.000000,0.000000,1,0.062500,0.000000,0,0.000000,0.000000,0,0.000000,0.000000,0,0.000000,0.000000,0,0.000000,0.000000,0,0.000000,0.000000,0,0.000000,0.000000,0,0.000000,0.000000,0,0.000000,0.000000,2,0.125000,0.062500,1,0.062500,0.062500,0,0.000000,0.000000,0,0.000000,0.000000,0,0.000000,0.000000,2,0.125000,0.125000,0,0.000000,0.000000,0,0.000000,0.000000,0,0.000000,0.000000,0,0.000000,0.000000,0,0.000000,0.000000,1,0.062500,0.062500,0,0.000000,0.000000,0,0.000000,0.000000,0,0.000000,0.000000,0,0.000000,0.000000,0,0.000000,0.000000
265,0.000120,0,0.000000,0.000000,0,0.000000,0.000000,0,0.000000,0.000000,0,0.000000,0.000000,0,0.000000,0.000000,0,0.000000,0.000000,0,0.000000,0.000000,0,0.000000,0.000000,0,0.000000,0.000000,0,0.000000,0.000000,0,0.000000,0.000000,0,0.000000,0.000000,0,0.000000,0.000000,0,0.000000,0.000000,0,0.000000,0.000000,0,0.000000,0.000000,0,0.000000,0.000000,0,0.000000,0.000000,0,0.000000,0.000000,0,0.000000,0.000000,0,0.000000,0.000000,0,0.000000,0.000000,0,0.000000,0.000000,0,0.000000,0.000000,0,0.000000,0.000000,0,0.000000,0.000000,0,0.000000,0.000000,0,0.000000,0.000000,0,0.000000,0.000000,0,0.000000,0.000000,0,0.000000,0.000000,0,0.000000,0.000000,0,0.000000,0.000000,0,0.000000,0.000000,1,1.000000,1.000000,0,0.000000,0.000000,0,0.000000,0.000000
266,0.001315,1,0.066667,0.066667,5,0.333333,0.333333,0,0.000000,0.000000,1,0.066667,0.066667,0,0.000000,0.000000,0,0.000000,0.000000,1,0.066667,0.066667,0,0.000000,0.000000,0,0.000000,0.000000,4,0.266667,0.266667,0,0.000000,0.000000,0,0.000000,0.000000,0,0.000000,0.000000,0,0.000000,0.000000,0,0.000000,0.000000,0,0.000000,0.000000,0,0.000000,0.000000,0,0.000000,0.000000,0,0.000000,0.000000,0,0.000000,0.000000,0,0.000000,0.000000,1,0.066667,0.066667,0,0.000000,0.000000,0,0.000000,0.000000,0,0.000000,0.000000,2,0.133333,0.133333,0,0.000000,0.000000,0,0.000000,0.000000,0,0.000000,0.000000,0,0.000000,0.000000,0,0.000000,0.000000,0,0.000000,0.000000,0,0.000000,0.000000,0,0.000000,0.000000,0,0.000000,0.000000,0,0.000000,0.000000,0,0.000000,0.000000
267,0.000955,0,0.000000,0.000000,6,0.600000,0.600000,0,0.000000,0.000000,0,0.000000,0.000000,0,0.000000,0.000000,0,0.000000,0.000000,0,0.000000,0.000000,0,0.000000,0.000000,0,0.000000,0.000000,1,0.100000,0.100000,0,0.000000,0.000000,0,0.000000,0.000000,0,0.000000,0.000000,0,0.000000,0.000000,0,0.000000,0.000000,0,0.000000,0.000000,0,0.000000,0.000000,0,0.000000,0.000000,0,0.000000,0.000000,0,0.000000,0.000000,0,0.000000,0.000000,0,0.000000,0.000000,0,0.000000,0.000000,0,0.000000,0.000000,0,0.000000,0.000000,3,0.300000,0.300000,0,0.000000,0.000000,0,0.000000,0.000000,0,0.000000,0.000000,0,0.000000,0.000000,0,0.000000,0.000000,0,0.000000,0.000000,0,0.000000,0.000000,0,0.000000,0.000000,0,0.000000,0.000000,0,0.000000,0.000000,0,0.000000,0.000000
268,0.000575,0,0.000000,0.000000,0,0.000000,0.000000,0,0.000000,0.000000,0,0.000000,0.000000,0,0.000000,0.000000,0,0.000000,0.000000,0,0.000000,0.000000,0,0.000000,0.000000,0,0.000000,0.000000,0,0.000000,0.000000,0,0.000000,0.000000,0,0.000000,0.000000,0,0.000000,0.000000,0,0.000000,0.000000,0,0.000000,0.000000,0,0.000000,0.000000,0,0.000000,0.000000,0,0.000000,0.000000,0,0.000000,0.000000,0,0.000000,0.000000,0,0.000000,0.000000,0,0.000000,0.000000,0,0.000000,0.000000,0,0.000000,0.000000,0,0.000000,0.000000,0,0.000000,0.000000,0,0.000000,0.000000,0,0.000000,0.000000,0,0.000000,0.000000,0,0.000000,0.000000,0,0.000000,0.000000,0,0.000000,0.000000,0,0.000000,0.000000,0,0.000000,0.000000,3,1.000000,1.000000,0,0.000000,0.000000,0,0.000000,0.000000
269,0.000880,1,0.111111,0.111111,3,0.333333,0.333333,0,0.000000,0.000000,0,0.000000,0.000000,0,0.000000,0.000000,0,0.000000,0.000000,0,0.000000,0.000000,0,0.000000,0.000000,0,0.000000,0.000000,4,0.444444,0.444444,0,0.000000,0.000000,0,0.000000,0.000000,0,0.000000,0.000000,0,0.000000,0.000000,0,0.000000,0.000000,0,0.000000,0.000000,0,0.000000,0.000000,0,0.000000,0.000000,0,0.000000,0.000000,0,0.000000,0.000000,0,0.000000,0.000000,0,0.000000,0.000000,0,0.000000,0.000000,0,0.000000,0.000000,0,0.000000,0.000000,1,0.111111,0.111111,0,0.000000,0.000000,0,0.000000,0.000000,0,0.000000,0.000000,0,0.000000,0.000000,0,0.000000,0.000000,0,0.000000,0.000000,0,0.000000,0.000000,0,0.000000,0.000000,0,0.000000,0.000000,0,0.000000,0.000000,0,0.000000,0.000000
270,0.000600,0,0.000000,0.000000,0,0.000000,0.000000,2,0.500000,0.000000,0,0.000000,0.000000,0,0.000000,0.000000,0,0.000000,0.000000,0,0.000000,0.000000,0,0.000000,0.000000,0,0.000000,0.000000,0,0.000000,0.000000,0,0.000000,0.000000,0,0.000000,0.000000,0,0.000000,0.000000,1,0.250000,0.250000,0,0.000000,0.000000,0,0.000000,0.000000,3,0.750000,0.250000,0,0.000000,0.000000,0,0.000000,0.000000,0,0.000000,0.000000,0,0.000000,0.000000,0,0.000000,0.000000,0,0.000000,0.000000,0,0.000000,0.000000,0,0.000000,0.000000,0,0.000000,0.000000,0,0.000000,0.000000,0,0.000000,0.000000,0,0.000000,0.000000,0,0.000000,0.000000,0,0.000000,0.000000,0,0.000000,0.000000,0,0.000000,0.000000,0,0.000000,0.000000,0,0.000000,0.000000,0,0.000000,0.000000,0,0.000000,0.000000
271,0.000615,0,0.000000,0.000000,0,0.000000,0.000000,0,0.000000,0.000000,0,0.000000,0.000000,2,0.666667,0.666667,0,0.000000,0.000000,0,0.000000,0.000000,0,0.000000,0.000000,0,0.000000,0.000000,0,0.000000,0.000000,0,0.000000,0.000000,0,0.000000,0.000000,0,0.000000,0.000000,0,0.000000,0.000000,0,0.000000,0.000000,0,0.000000,0.000000,0,0.000000,0.000000,0,0.000000,0.000000,0,0.000000,0.000000,0,0.000000,0.000000,0,0.000000,0.000000,0,0.000000,0.000000,0,0.000000,0.000000,0,0.000000,0.000000,0,0.000000,0.000000,0,0.000000,0.000000,0,0.000000,0.000000,0,0.000000,0.000000,1,0.333333,0.333333,0,0.000000,0.000000,0,0.000000,0.000000,0,0.000000,0.000000,0,0.000000,0.000000,0,0.000000,0.000000,0,0.000000,0.000000,0,0.000000,0.000000,0,0.000000,0.000000
272,0.000535,0,0.000000,0.000000,0,0.000000,0.000000,0,0.000000,0.000000,0,0.000000,0.000000,0,0.000000,0.000000,0,0.000000,0.000000,0,0.000000,0.000000,1,0.333333,0.000000,0,0.000000,0.000000,0,0.000000,0.000000,0,0.000000,0.000000,0,0.000000,0.000000,1,0.333333,0.000000,0,0.000000,0.000000,0,0.000000,0.000000,0,0.000000,0.000000,0,0.000000,0.000000,0,0.000000,0.000000,0,0.000000,0.000000,0,0.000000,0.000000,0,0.000000,0.000000,0,0.000000,0.000000,0,0.000000,0.000000,0,0.000000,0.000000,0,0.000000,0.000000,0,0.000000,0.000000,0,0.000000,0.000000,0,0.000000,0.000000,1,0.333333,0.333333,0,0.000000,0.000000,0,0.000000,0.000000,0,0.000000,0.000000,0,0.000000,0.000000,1,0.333333,0.333333,0,0.000000,0.000000,0,0.000000,0.000000,0,0.000000,0.000000
273,0.000145,0,0.000000,0.000000,0,0.000000,0.000000,0,0.000000,0.000000,0,0.000000,0.000000,0,0.000000,0.000000,0,0.000000,0.000000,0,0.000000,0.000000,0,0.000000,0.000000,0,0.000000,0.000000,0,0.000000,0.000000,0,0.000000,0.000000,0,0.000000,0.000000,0,0.000000,0.000000,0,0.000000,0.000000,0,0.000000,0.000000,0,0.000000,0.000000,0,0.000000,0.000000,0,0.000000,0.000000,0,0.000000,0.000000,0,0.000000,0.000000,0,0.000000,0.000000,2,1.000000,1.000000,0,0.000000,0.000000,0,0.000000,0.000000,0,0.000000,0.000000,0,0.000000,0.000000,0,0.000000,0.000000,0,0.000000,0.000000,0,0.000000,0.000000,0,0.000000,0.000000,0,0.000000,0.000000,0,0.000000,0.000000,0,0.000000,0.000000,0,0.000000,0.000000,0,0.000000,0.000000,0,0.000000,0.000000,0,0.000000,0.000000
274,0.000590,0,0.000000,0.000000,3,0.500000,0.166667,0,0.000000,0.000000,0,0.000000,0.000000,0,0.000000,0.000000,1,0.166667,0.166667,0,0.000000,0.000000,0,0.000000,0.000000,0,0.000000,0.000000,0,0.000000,0.000000,0,0.000000,0.000000,1,0.166667,0.000000,0,0.000000,0.000000,0,0.000000,0.000000,0,0.000000,0.000000,0,0.000000,0.000000,0,0.000000,0.000000,0,0.000000,0.000000,0,0.000000,0.000000,0,0.000000,0.000000,1,0.166667,0.000000,0,0.000000,0.000000,0,0.000000,0.000000,0,0.000000,0.000000,0,0.000000,0.000000,0,0.000000,0.000000,2,0.333333,0.333333,0,0.000000,0.000000,0,0.000000,0.000000,0,0.000000,0.000000,0,0.000000,0.000000,0,0.000000,0.000000,0,0.000000,0.000000,0,0.000000,0.000000,0,0.000000,0.000000,0,0.000000,0.000000,0,0.000000,0.000000
275,0.001230,2,0.133333,0.133333,6,0.400000,0.400000,0,0.000000,0.000000,1,0.066667,0.066667,0,0.000000,0.000000,2,0.133333,0.066667,1,0.066667,0.066667,0,0.000000,0.000000,0,0.000000,0.000000,1,0.066667,0.066667,0,0.000000,0.000000,0,0.000000,0.000000,0,0.000000,0.000000,0,0.000000,0.000000,0,0.000000,0.000000,0,0.000000,0.000000,0,0.000000,0.000000,0,0.000000,0.000000,0,0.000000,0.000000,0,0.000000,0.000000,1,0.066667,0.066667,0,0.000000,0.000000,0,0.000000,0.000000,1,0.066667,0.066667,0,0.000000,0.000000,1,0.066667,0.000000,0,0.000000,0.000000,0,0.000000,0.000000,0,0.000000,0.000000,0,0.000000,0.000000,0,0.000000,0.000000,0,0.000000,0.000000,0,0.000000,0.000000,0,0.000000,0.000000,0,0.000000,0.000000,0,0.000000,0.000000,0,0.000000,0.000000
276,0.000560,0,0.000000,0.000000,2,0.666667,0.666667,0,0.000000,0.000000,0,0.000000,0.000000,0,0.000000,0.000000,0,0.000000,0.000000,0,0.000000,0.000000,0,0.000000,0.000000,0,0.000000,0.000000,0,0.000000,0.000000,0,0.000000,0.000000,0,0.000000,0.000000,0,0.000000,0.000000,0,0.000000,0.000000,0,0.000000,0.000000,0,0.000000,0.000000,0,0.000000,0.000000,0,0.000000,0.000000,0,0.000000,0.000000,0,0.000000,0.000000,0,0.000000,0.000000,0,0.000000,0.000000,0,0.000000,0.000000,0,0.000000,0.000000,0,0.000000,0.000000,0,0.000000,0.000000,0,0.000000,0.000000,0,0.000000,0.000000,0,0.000000,0.000000,0,0.000000,0.000000,0,0.000000,0.000000,0,0.000000,0.000000,0,0.000000,0.000000,1,0.333333,0.333333,0,0.000000,0.000000,0,0.000000,0.000000,0,0.000000,0.000000
277,0.001930,3,0.150000,0.150000,7,0.350000,0.300000,0,0.000000,0.000000,1,0.050000,0.050000,0,0.000000,0.000000,0,0.000000,0.000000,1,0.050000,0.050000,0,0.000000,0.000000,0,0.000000,0.000000,6,0.300000,0.250000,0,0.000000,0.000000,0,0.000000,0.000000,0,0.000000,0.000000,0,0.000000,0.000000,0,0.000000,0.000000,0,0.000000,0.000000,0,0.000000,0.000000,1,0.050000,0.050000,0,0.000000,0.000000,1,0.050000,0.050000,0,0.000000,0.000000,1,0.050000,0.050000,0,0.000000,0.000000,0,0.000000,0.000000,0,0.000000,0.000000,0,0.000000,0.000000,0,0.000000,0.000000,0,0.000000,0.000000,0,0.000000,0.000000,0,0.000000,0.000000,0,0.000000,0.000000,0,0.000000,0.000000,0,0.000000,0.000000,0,0.000000,0.000000,0,0.000000,0.000000,0,0.000000,0.000000,0,0.000000,0.000000
278,0.000130,0,0.000000,0.000000,0,0.000000,0.000000,0,0.000000,0.000000,0,0.000000,0.000000,0,0.000000,0.000000,0,0.000000,0.000000,0,0.000000,0.000000,1,1.000000,1.000000,0,0.000000,0.000000,0,0.000000,0.000000,0,0.000000,0.000000,0,0.000000,0.000000,0,0.000000,0.000000,0,0.000000,0.000000,0,0.000000,0.000000,0,0.000000,0.000000,0,0.000000,0.000000,0,0.000000,0.000000,0,0.000000,0.000000,0,0.000000,0.000000,0,0.000000,0.000000,0,0.000000,0.000000,0,0.000000,0.000000,0,0.000000,0.000000,0,0.000000,0.000000,0,0.000000,0.000000,0,0.000000,0.000000,0,0.000000,0.000000,0,0.000000,0.000000,0,0.000000,0.000000,0,0.000000,0.000000,0,0.000000,0.000000,0,0.000000,0.000000,0,0.000000,0.000000,0,0.000000,0.000000,0,0.000000,0.000000,0,0.000000,0.000000
279,0.000600,0,0.000000,0.000000,3,0.500000,0.500000,0,0.000000,0.000000,0,0.000000,0.000000,0,0.000000,0.000000,0,0.000000,0.000000,0,0.000000,0.000000,1,0.166667,0.166667,0,0.000000,0.000000,0,0.000000,0.000000,0,0.000000,0.000000,0,0.000000,0.000000,0,0.000000,0.000000,0,0.000000,0.000000,0,0.000000,0.000000,0,0.000000,0.000000,0,0.000000,0.000000,0,0.000000,0.000000,0,0.000000,0.000000,0,0.000000,0.000000,0,0.000000,0.000000,0,0.000000,0.000000,0,0.000000,0.000000,0,0.000000,0.000000,0,0.000000,0.000000,2,0.333333,0.333333,0,0.000000,0.000000,0,0.000000,0.000000,0,0.000000,0.000000,0,0.000000,0.000000,0,0.000000,0.000000,0,0.000000,0.000000,0,0.000000,0.000000,0,0.000000,0.000000,0,0.000000,0.000000,0,0.000000,0.000000,0,0.000000,0.000000
280,0.000150,0,0.000000,0.000000,0,0.000000,0.000000,0,0.000000,0.000000,0,0.000000,0.000000,0,0.000000,0.000000,0,0.000000,0.000000,0,0.000000,0.000000,0,0.000000,0.000000,0,0.000000,0.000000,0,0.000000,0.000000,0,0.000000,0.000000,0,0.000000,0.000000,0,0.000000,0.000000,0,0.000000,0.000000,0,0.000000,0.000000,0,0.000000,0.000000,0,0.000000,0.000000,0,0.000000,0.000000,0,0.000000,0.000000,0,0.000000,0.000000,0,0.000000,0.000000,2,1.000000,1.000000,0,0.000000,0.000000,0,0.000000,0.000000,0,0.000000,0.000000,0,0.000000,0.000000,0,0.000000,0.000000,0,0.000000,0.000000,0,0.000000,0.000000,0,0.000000,0.000000,0,0.000000,0.000000,0,0.000000,0.000000,0,0.000000,0.000000,0,0.000000,0.000000,0,0.000000,0.000000,0,0.000000,0.000000,0,0.000000,0.000000
281,0.001125,0,0.000000,0.000000,1,0.111111,0.111111,0,0.000000,0.000000,0,0.000000,0.000000,0,0.000000,0.000000,0,0.000000,0.000000,0,0.000000,0.000000,0,0.000000,0.000000,0,0.000000,0.000000,0,0.000000,0.000000,0,0.000000,0.000000,0,0.000000,0.000000,0,0.000000,0.000000,0,0.000000,0.000000,0,0.000000,0.000000,0,0.000000,0.000000,0,0.000000,0.000000,0,0.000000,0.000000,0,0.000000,0.000000,0,0.000000,0.000000,0,0.000000,0.000000,0,0.000000,0.000000,0,0.000000,0.000000,0,0.000000,0.000000,0,0.000000,0.000000,7,0.777778,0.777778,1,0.111111,0.111111,0,0.000000,0.000000,0,0.000000,0.000000,0,0.000000,0.000000,0,0.000000,0.000000,0,0.000000,0.000000,0,0.000000,0.000000,0,0.000000,0.000000,0,0.000000,0.000000,0,0.000000,0.000000,0,0.000000,0.000000
282,0.001695,2,0.125000,0.125000,0,0.000000,0.000000,0,0.000000,0.000000,0,0.000000,0.000000,0,0.000000,0.000000,2,0.125000,0.125000,0,0.000000,0.000000,0,0.000000,0.000000,0,0.000000,0.000000,3,0.187500,0.187500,1,0.062500,0.062500,0,0.000000,0.000000,0,0.000000,0.000000,2,0.125000,0.125000,0,0.000000,0.000000,0,0.000000,0.000000,0,0.000000,0.000000,1,0.062500,0.062500,0,0.000000,0.000000,0,0.000000,0.000000,0,0.000000,0.000000,0,0.000000,0.000000,0,0.000000,0.000000,0,0.000000,0.000000,0,0.000000,0.000000,5,0.312500,0.312500,0,0.000000,0.000000,0,0.000000,0.000000,0,0.000000,0.000000,0,0.000000,0.000000,0,0.000000,0.000000,0,0.000000,0.000000,0,0.000000,0.000000,0,0.000000,0.000000,0,0.000000,0.000000,0,0.000000,0.000000,0,0.000000,0.000000
283,0.002370,2,0.133333,0.066667,0,0.000000,0.000000,0,0.000000,0.000000,1,0.066667,0.066667,0,0.000000,0.000000,0,0.000000,0.000000,0,0.000000,0.000000,0,0.000000,0.000000,0,0.000000,0.000000,0,0.000000,0.000000,2,0.133333,0.133333,0,0.000000,0.000000,0,0.000000,0.000000,0,0.000000,0.000000,0,0.000000,0.000000,0,0.000000,0.000000,0,0.000000,0.000000,0,0.000000,0.000000,0,0.000000,0.000000,0,0.000000,0.000000,0,0.000000,0.000000,0,0.000000,0.000000,0,0.000000,0.000000,0,0.000000,0.000000,0,0.000000,0.000000,11,0.733333,0.666667,0,0.000000,0.000000,0,0.000000,0.000000,0,0.000000,0.000000,0,0.000000,0.000000,0,0.000000,0.000000,0,0.000000,0.000000,0,0.000000,0.000000,0,0.000000,0.000000,0,0.000000,0.000000,0,0.000000,0.000000,0,0.000000,0.000000
284,0.000845,0,0.000000,0.000000,0,0.000000,0.000000,0,0.000000,0.000000,0,0.000000,0.000000,0,0.000000,0.000000,0,0.000000,0.000000,0,0.000000,0.000000,0,0.000000,0.000000,0,0.000000,0.000000,0,0.000000,0.000000,0,0.000000,0.000000,0,0.000000,0.000000,0,0.000000,0.000000,0,0.000000,0.000000,0,0.000000,0.000000,0,0.000000,0.000000,0,0.000000,0.000000,0,0.000000,0.000000,0,0.000000,0.000000,0,0.000000,0.000000,0,0.000000,0.000000,0,0.000000,0.000000,0,0.000000,0.000000,0,0.000000,0.000000,0,0.000000,0.000000,0,0.000000,0.000000,0,0.000000,0.000000,0,0.000000,0.000000,0,0.000000,0.000000,0,0.000000,0.000000,0,0.000000,0.000000,0,0.000000,0.000000,0,0.000000,0.000000,0,0.000000,0.000000,7,1.000000,1.000000,0,0.000000,0.000000,0,0.000000,0.000000
285,0.001120,1,0.100000,0.100000,7,0.700000,0.700000,0,0.000000,0.000000,0,0.000000,0.000000,0,0.000000,0.000000,0,0.000000,0.000000,0,0.000000,0.000000,0,0.000000,0.000000,0,0.000000,0.000000,1,0.100000,0.100000,0,0.000000,0.000000,0,0.000000,0.000000,0,0.000000,0.000000,0,0.000000,0.000000,0,0.000000,0.000000,0,0.000000,0.000000,0,0.000000,0.000000,0,0.000000,0.000000,0,0.000000,0.000000,0,0.000000,0.000000,0,0.000000,0.000000,0,0.000000,0.000000,0,0.000000,0.000000,0,0.000000,0.000000,0,0.000000,0.000000,0,0.000000,0.000000,0,0.000000,0.000000,0,0.000000,0.000000,0,0.000000,0.000000,0,0.000000,0.000000,0,0.000000,0.000000,1,0.100000,0.100000,0,0.000000,0.000000,0,0.000000,0.000000,0,0.000000,0.000000,0,0.000000,0.000000,0,0.000000,0.000000
286,0.000415,0,0.000000,0.000000,0,0.000000,0.000000,1,0.200000,0.200000,0,0.000000,0.000000,0,0.000000,0.000000,1,0.200000,0.200000,1,0.200000,0.200000,0,0.000000,0.000000,0,0.000000,0.000000,0,0.000000,0.000000,0,0.000000,0.000000,1,0.200000,0.200000,0,0.000000,0.000000,0,0.000000,0.000000,0,0.000000,0.000000,0,0.000000,0.000000,0,0.000000,0.000000,0,0.000000,0.000000,0,0.000000,0.000000,0,0.000000,0.000000,1,0.200000,0.200000,0,0.000000,0.000000,0,0.000000,0.000000,0,0.000000,0.000000,0,0.000000,0.000000,0,0.000000,0.000000,0,0.000000,0.000000,0,0.000000,0.000000,0,0.000000,0.000000,0,0.000000,0.000000,0,0.000000,0.000000,0,0.000000,0.000000,0,0.000000,0.000000,0,0.000000,0.000000,0,0.000000,0.000000,0,0.000000,0.000000,0,0.000000,0.000000
287,0.000255,0,0.000000,0.000000,1,0.500000,0.500000,0,0.000000,0.000000,0,0.000000,0.000000,0,0.000000,0.000000,0,0.000000,0.000000,0,0.000000,0.000000,0,0.000000,0.000000,0,0.000000,0.000000,0,0.000000,0.000000,0,0.000000,0.000000,0,0.000000,0.000000,0,0.000000,0.000000,0,0.000000,0.000000,0,0.000000,0.000000,0,0.000000,0.000000,0,0.000000,0.000000,0,0.000000,0.000000,0,0.000000,0.000000,1,0.500000,0.500000,0,0.000000,0.000000,0,0.000000,0.000000,0,0.000000,0.000000,0,0.000000,0.000000,0,0.000000,0.000000,0,0.000000,0.000000,0,0.000000,0.000000,0,0.000000,0.000000,0,0.000000,0.000000,0,0.000000,0.000000,0,0.000000,0.000000,0,0.000000,0.000000,0,0.000000,0.000000,0,0.000000,0.000000,0,0.000000,0.000000,0,0.000000,0.000000,0,0.000000,0.000000
288,0.001375,1,0.066667,0.000000,7,0.466667,0.333333,2,0.133333,0.000000,0,0.000000,0.000000,0,0.000000,0.000000,3,0.200000,0.200000,0,0.000000,0.000000,0,0.000000,0.000000,0,0.000000,0.000000,6,0.400000,0.200000,0,0.000000,0.000000,0,0.000000,0.000000,0,0.000000,0.000000,0,0.000000,0.000000,0,0.000000,0.000000,0,0.000000,0.000000,0,0.000000,0.000000,0,0.000000,0.000000,0,0.000000,0.000000,0,0.000000,0.000000,0,0.000000,0.000000,0,0.000000,0.000000,0,0.000000,0.000000,0,0.000000,0.000000,0,0.000000,0.000000,0,0.000000,0.000000,0,0.000000,0.000000,0,0.000000,0.000000,0,0.000000,0.000000,0,0.000000,0.000000,0,0.000000,0.000000,0,0.000000,0.000000,0,0.000000,0.000000,0,0.000000,0.000000,0,0.000000,0.000000,0,0.000000,0.000000,0,0.000000,0.000000
289,0.000170,0,0.000000,0.000000,0,0.000000,0.000000,0,0.000000,0.000000,0,0.000000,0.000000,0,0.000000,0.000000,0,0.000000,0.000000,0,0.000000,0.000000,0,0.000000,0.000000,0,0.000000,0.000000,2,1.000000,1.000000,0,0.000000,0.000000,0,0.000000,0.000000,0,0.000000,0.000000,0,0.000000,0.000000,0,0.000000,0.000000,0,0.000000,0.000000,0,0.000000,0.000000,0,0.000000,0.000000,0,0.000000,0.000000,0,0.000000,0.000000,0,0.000000,0.000000,0,0.000000,0.000000,0,0.000000,0.000000,0,0.000000,0.000000,0,0.000000,0.000000,0,0.000000,0.000000,0,0.000000,0.000000,0,0.000000,0.000000,0,0.000000,0.000000,0,0.000000,0.000000,0,0.000000,0.000000,0,0.000000,0.000000,0,0.000000,0.000000,0,0.000000,0.000000,0,0.000000,0.000000,0,0.000000,0.000000,0,0.000000,0.000000
290,0.000700,0,0.000000,0.000000,0,0.000000,0.000000,0,0.000000,0.000000,0,0.000000,0.000000,0,0.000000,0.000000,0,0.000000,0.000000,0,0.000000,0.000000,0,0.000000,0.000000,0,0.000000,0.000000,0,0.000000,0.000000,0,0.000000,0.000000,0,0.000000,0.000000,0,0.000000,0.000000,0,0.000000,0.000000,0,0.000000,0.000000,0,0.000000,0.000000,0,0.000000,0.000000,0,0.000000,0.000000,0,0.000000,0.000000,0,0.000000,0.000000,0,0.000000,0.000000,0,0.000000,0.000000,0,0.000000,0.000000,0,0.000000,0.000000,0,0.000000,0.000000,0,0.000000,0.000000,0,0.000000,0.000000,0,0.000000,0.000000,0,0.000000,0.000000,0,0.000000,0.000000,0,0.000000,0.000000,0,0.000000,0.000000,0,0.000000,0.000000,0,0.000000,0.000000,4,1.000000,1.000000,0,0.000000,0.000000,0,0.000000,0.000000
291,0.000580,0,0.000000,0.000000,0,0.000000,0.000000,0,0.000000,0.000000,0,0.000000,0.000000,0,0.000000,0.000000,0,0.000000,0.000000,0,0.000000,0.000000,0,0.000000,0.000000,0,0.000000,0.000000,0,0.000000,0.000000,0,0.000000,0.000000,0,0.000000,0.000000,0,0.000000,0.000000,0,0.000000,0.000000,0,0.000000,0.000000,0,0.000000,0.000000,0,0.000000,0.000000,0,0.000000,0.000000,0,0.000000,0.000000,0,0.000000,0.000000,0,0.000000,0.000000,0,0.000000,0.000000,0,0.000000,0.000000,0,0.000000,0.000000,0,0.000000,0.000000,0,0.000000,0.000000,0,0.000000,0.000000,0,0.000000,0.000000,0,0.000000,0.000000,0,0.000000,0.000000,0,0.000000,0.000000,0,0.000000,0.000000,0,0.000000,0.000000,0,0.000000,0.000000,3,1.000000,1.000000,0,0.000000,0.000000,0,0.000000,0.000000
292,0.001650,0,0.000000,0.000000,13,0.928571,0.928571,0,0.000000,0.000000,0,0.000000,0.000000,0,0.000000,0.000000,0,0.000000,0.000000,1,0.071429,0.071429,0,0.000000,0.000000,0,0.000000,0.000000,0,0.000000,0.000000,0,0.000000,0.000000,0,0.000000,0.000000,0,0.000000,0.000000,0,0.000000,0.000000,0,0.000000,0.000000,0,0.000000,0.000000,0,0.000000,0.000000,0,0.000000,0.000000,0,0.000000,0.000000,0,0.000000,0.000000,0,0.000000,0.000000,0,0.000000,0.000000,0,0.000000,0.000000,0,0.000000,0.000000,0,0.000000,0.000000,0,0.000000,0.000000,0,0.000000,0.000000,0,0.000000,0.000000,0,0.000000,0.000000,0,0.000000,0.000000,0,0.000000,0.000000,0,0.000000,0.000000,0,0.000000,0.000000,0,0.000000,0.000000,0,0.000000,0.000000,0,0.000000,0.000000,0,0.000000,0.000000
293,0.000740,0,0.000000,0.000000,7,0.700000,0.700000,1,0.100000,0.100000,0,0.000000,0.000000,0,0.000000,0.000000,0,0.000000,0.000000,0,0.000000,0.000000,0,0.000000,0.000000,0,0.000000,0.000000,2,0.200000,0.200000,0,0.000000,0.000000,0,0.000000,0.000000,0,0.000000,0.000000,0,0.000000,0.000000,0,0.000000,0.000000,0,0.000000,0.000000,0,0.000000,0.000000,0,0.000000,0.000000,0,0.000000,0.000000,0,0.000000,0.000000,0,0.000000,0.000000,0,0.000000,0.000000,0,0.000000,0.000000,0,0.000000,0.000000,0,0.000000,0.000000,0,0.000000,0.000000,0,0.000000,0.000000,0,0.000000,0.000000,0,0.000000,0.000000,0,0.000000,0.000000,0,0.000000,0.000000,0,0.000000,0.000000,0,0.000000,0.000000,0,0.000000,0.000000,0,0.000000,0.000000,0,0.000000,0.000000,0,0.000000,0.000000
294,0.000065,0,0.000000,0.000000,0,0.000000,0.000000,0,0.000000,0.000000,0,0.000000,0.000000,0,0.000000,0.000000,0,0.000000,0.000000,0,0.000000,0.000000,1,1.000000,1.000000,0,0.000000,0.000000,0,0.000000,0.000000,0,0.000000,0.000000,0,0.000000,0.000000,0,0.000000,0.000000,0,0.000000,0.000000,0,0.000000,0.000000,0,0.000000,0.000000,0,0.000000,0.000000,0,0.000000,0.000000,0,0.000000,0.000000,0,0.000000,0.000000,0,0.000000,0.000000,0,0.000000,0.000000,0,0.000000,0.000000,0,0.000000,0.000000,0,0.000000,0.000000,0,0.000000,0.000000,0,0.000000,0.000000,0,0.000000,0.000000,0,0.000000,0.000000,0,0.000000,0.000000,0,0.000000,0.000000,0,0.000000,0.000000,0,0.000000,0.000000,0,0.000000,0.000000,0,0.000000,0.000000,0,0.000000,0.000000,0,0.000000,0.000000
295,0.000000,0,0.000000,0.000000,0,0.000000,0.000000,0,0.000000,0.000000,0,0.000000,0.000000,0,0.000000,0.000000,0,0.000000,0.000000,0,0.000000,0.000000,0,0.000000,0.000000,0,0.000000,0.000000,0,0.000000,0.000000,0,0.000000,0.000000,0,0.000000,0.000000,0,0.000000,0.000000,0,0.000000,0.000000,0,0.000000,0.000000,0,0.000000,0.000000,0,0.000000,0.000000,0,0.000000,0.000000,0,0.000000,0.000000,0,0.000000,0.000000,0,0.000000,0.000000,0,0.000000,0.000000,0,0.000000,0.000000,0,0.000000,0.000000,0,0.000000,0.000000,0,0.000000,0.000000,0,0.000000,0.000000,0,0.000000,0.000000,0,0.000000,0.000000,0,0.000000,0.000000,0,0.000000,0.000000,0,0.000000,0.000000,0,0.000000,0.000000,0,0.000000,0.000000,0,0.000000,0.000000,0,0.000000,0.000000,0,0.000000,0.000000
296,0.000000,0,0.000000,0.000000,0,0.000000,0.000000,0,0.000000,0.000000,0,0.000000,0.000000,0,0.000000,0.000000,0,0.000000,0.000000,0,0.000000,0.000000,0,0.000000,0.000000,0,0.000000,0.000000,0,0.000000,0.000000,0,0.000000,0.000000,0,0.000000,0.000000,0,0.000000,0.000000,0,0.000000,0.000000,0,0.000000,0.000000,0,0.000000,0.000000,0,0.000000,0.000000,0,0.000000,0.000000,0,0.000000,0.000000,0,0.000000,0.000000,0,0.000000,0.000000,0,0.000000,0.000000,0,0.000000,0.000000,0,0.000000,0.000000,0,0.000000,0.000000,0,0.000000,0.000000,0,0.000000,0.000000,0,0.000000,0.000000,0,0.000000,0.000000,0,0.000000,0.000000,0,0.000000,0.000000,0,0.000000,0.000000,0,0.000000,0.000000,0,0.000000,0.000000,0,0.000000,0.000000,0,0.000000,0.000000,0,0.000000,0.000000
297,0.001070,0,0.000000,0.000000,0,0.000000,0.000000,0,0.000000,0.000000,0,0.000000,0.000000,0,0.000000,0.000000,0,0.000000,0.000000,0,0.000000,0.000000,0,0.000000,0.000000,0,0.000000,0.000000,0,0.000000,0.000000,0,0.000000,0.000000,1,0.142857,0.142857,0,0.000000,0.000000,0,0.000000,0.000000,0,0.000000,0.000000,0,0.000000,0.000000,1,0.142857,0.142857,0,0.000000,0.000000,0,0.000000,0.000000,0,0.000000,0.000000,3,0.428571,0.285714,1,0.142857,0.142857,0,0.000000,0.000000,0,0.000000,0.000000,0,0.000000,0.000000,2,0.285714,0.142857,0,0.000000,0.000000,0,0.000000,0.000000,0,0.000000,0.000000,0,0.000000,0.000000,0,0.000000,0.000000,0,0.000000,0.000000,0,0.000000,0.000000,0,0.000000,0.000000,0,0.000000,0.000000,0,0.000000,0.000000,0,0.000000,0.000000
298,0.000000,0,0.000000,0.000000,0,0.000000,0.000000,0,0.000000,0.000000,0,0.000000,0.000000,0,0.000000,0.000000,0,0.000000,0.000000,0,0.000000,0.000000,0,0.000000,0.000000,0,0.000000,0.000000,0,0.000000,0.000000,0,0.000000,0.000000,0,0.000000,0.000000,0,0.000000,0.000000,0,0.000000,0.000000,0,0.000000,0.000000,0,0.000000,0.000000,0,0.000000,0.000000,0,0.000000,0.000000,0,0.000000,0.000000,0,0.000000,0.000000,0,0.000000,0.000000,0,0.000000,0.000000,0,0.000000,0.000000,0,0.000000,0.000000,0,0.000000,0.000000,0,0.000000,0.000000,0,0.000000,0.000000,0,0.000000,0.000000,0,0.000000,0.000000,0,0.000000,0.000000,0,0.000000,0.000000,0,0.000000,0.000000,0,0.000000,0.000000,0,0.000000,0.000000,0,0.000000,0.000000,0,0.000000,0.000000,0,0.000000,0.000000
299,0.000410,0,0.000000,0.000000,0,0.000000,0.000000,0,0.000000,0.000000,0,0.000000,0.000000,0,0.000000,0.000000,0,0.000000,0.000000,0,0.000000,0.000000,0,0.000000,0.000000,0,0.000000,0.000000,0,0.000000,0.000000,0,0.000000,0.000000,0,0.000000,0.000000,0,0.000000,0.000000,0,0.000000,0.000000,0,0.000000,0.000000,0,0.000000,0.000000,0,0.000000,0.000000,0,0.000000,0.000000,0,0.000000,0.000000,0,0.000000,0.000000,0,0.000000,0.000000,1,0.250000,0.250000,0,0.000000,0.000000,0,0.000000,0.000000,0,0.000000,0.000000,0,0.000000,0.000000,0,0.000000,0.000000,0,0.000000,0.000000,0,0.000000,0.000000,2,0.500000,0.500000,1,0.250000,0.250000,0,0.000000,0.000000,0,0.000000,0.000000,0,0.000000,0.000000,0,0.000000,0.000000,0,0.000000,0.000000,0,0.000000,0.000000
300,0.000115,0,0.000000,0.000000,0,0.000000,0.000000,0,0.000000,0.000000,0,0.000000,0.000000,0,0.000000,0.000000,0,0.000000,0.000000,0,0.000000,0.000000,1,1.000000,1.000000,0,0.000000,0.000000,0,0.000000,0.000000,0,0.000000,0.000000,0,0.000000,0.000000,0,0.000000,0.000000,0,0.000000,0.000000,0,0.000000,0.000000,0,0.000000,0.000000,0,0.000000,0.000000,0,0.000000,0.000000,0,0.000000,0.000000,0,0.000000,0.000000,0,0.000000,0.000000,0,0.000000,0.000000,0,0.000000,0.000000,0,0.000000,0.000000,0,0.000000,0.000000,0,0.000000,0.000000,0,0.000000,0.000000,0,0.000000,0.000000,0,0.000000,0.000000,0,0.000000,0.000000,0,0.000000,0.000000,0,0.000000,0.000000,0,0.000000,0.000000,0,0.000000,0.000000,0,0.000000,0.000000,0,0.000000,0.000000,0,0.000000,0.000000
301,0.000480,0,0.000000,0.000000,0,0.000000,0.000000,0,0.000000,0.000000,0,0.000000,0.000000,0,0.000000,0.000000,0,0.000000,0.000000,0,0.000000,0.000000,0,0.000000,0.000000,0,0.000000,0.000000,0,0.000000,0.000000,0,0.000000,0.000000,0,0.000000,0.000000,0,0.000000,0.000000,0,0.000000,0.000000,0,0.000000,0.000000,0,0.000000,0.000000,0,0.000000,0.000000,1,0.250000,0.250000,1,0.250000,0.250000,0,0.000000,0.000000,0,0.000000,0.000000,0,0.000000,0.000000,0,0.000000,0.000000,0,0.000000,0.000000,0,0.000000,0.000000,2,0.500000,0.500000,0,0.000000,0.000000,0,0.000000,0.000000,0,0.000000,0.000000,0,0.000000,0.000000,0,0.000000,0.000000,0,0.000000,0.000000,0,0.000000,0.000000,0,0.000000,0.000000,0,0.000000,0.000000,0,0.000000,0.000000,0,0.000000,0.000000
302,0.000845,0,0.000000,0.000000,2,0.250000,0.125000,1,0.125000,0.125000,0,0.000000,0.000000,0,0.000000,0.000000,1,0.125000,0.125000,0,0.000000,0.000000,0,0.000000,0.000000,0,0.000000,0.000000,0,0.000000,0.000000,0,0.000000,0.000000,0,0.000000,0.000000,0,0.000000,0.000000,0,0.000000,0.000000,0,0.000000,0.000000,0,0.000000,0.000000,0,0.000000,0.000000,0,0.000000,0.000000,0,0.000000,0.000000,0,0.000000,0.000000,0,0.000000,0.000000,3,0.375000,0.250000,0,0.000000,0.000000,0,0.000000,0.000000,0,0.000000,0.000000,0,0.000000,0.000000,2,0.250000,0.250000,0,0.000000,0.000000,0,0.000000,0.000000,0,0.000000,0.000000,0,0.000000,0.000000,0,0.000000,0.000000,0,0.000000,0.000000,0,0.000000,0.000000,0,0.000000,0.000000,0,0.000000,0.000000,0,0.000000,0.000000
303,0.000435,2,0.666667,0.666667,0,0.000000,0.000000,0,0.000000,0.000000,0,0.000000,0.000000,0,0.000000,0.000000,0,0.000000,0.000000,0,0.000000,0.000000,0,0.000000,0.000000,0,0.000000,0.000000,0,0.000000,0.000000,0,0.000000,0.000000,0,0.000000,0.000000,0,0.000000,0.000000,0,0.000000,0.000000,0,0.000000,0.000000,0,0.000000,0.000000,0,0.000000,0.000000,0,0.000000,0.000000,0,0.000000,0.000000,0,0.000000,0.000000,0,0.000000,0.000000,0,0.000000,0.000000,0,0.000000,0.000000,0,0.000000,0.000000,0,0.000000,0.000000,0,0.000000,0.000000,0,0.000000,0.000000,0,0.000000,0.000000,0,0.000000,0.000000,0,0.000000,0.000000,1,0.333333,0.333333,0,0.000000,0.000000,0,0.000000,0.000000,0,0.000000,0.000000,0,0.000000,0.000000,0,0.000000,0.000000,0,0.000000,0.000000
304,0.003355,0,0.000000,0.000000,11,0.354839,0.225806,22,0.709677,0.516129,0,0.000000,0.000000,0,0.000000,0.000000,0,0.000000,0.000000,1,0.032258,0.000000,0,0.000000,0.000000,1,0.032258,0.000000,0,0.000000,0.000000,0,0.000000,0.000000,0,0.000000,0.000000,0,0.000000,0.000000,0,0.000000,0.000000,1,0.032258,0.032258,0,0.000000,0.000000,0,0.000000,0.000000,1,0.032258,0.032258,0,0.000000,0.000000,0,0.000000,0.000000,0,0.000000,0.000000,0,0.000000,0.000000,0,0.000000,0.000000,0,0.000000,0.000000,0,0.000000,0.000000,0,0.000000,0.000000,0,0.000000,0.000000,0,0.000000,0.000000,0,0.000000,0.000000,0,0.000000,0.000000,0,0.000000,0.000000,0,0.000000,0.000000,0,0.000000,0.000000,0,0.000000,0.000000,0,0.000000,0.000000,0,0.000000,0.000000,0,0.000000,0.000000
305,0.001175,0,0.000000,0.000000,1,0.100000,0.100000,1,0.100000,0.100000,0,0.000000,0.000000,0,0.000000,0.000000,0,0.000000,0.000000,0,0.000000,0.000000,2,0.200000,0.100000,1,0.100000,0.100000,0,0.000000,0.000000,0,0.000000,0.000000,0,0.000000,0.000000,0,0.000000,0.000000,0,0.000000,0.000000,4,0.400000,0.400000,0,0.000000,0.000000,0,0.000000,0.000000,0,0.000000,0.000000,0,0.000000,0.000000,0,0.000000,0.000000,0,0.000000,0.000000,0,0.000000,0.000000,0,0.000000,0.000000,0,0.000000,0.000000,0,0.000000,0.000000,0,0.000000,0.000000,0,0.000000,0.000000,0,0.000000,0.000000,0,0.000000,0.000000,0,0.000000,0.000000,0,0.000000,0.000000,0,0.000000,0.000000,0,0.000000,0.000000,0,0.000000,0.000000,2,0.200000,0.100000,0,0.000000,0.000000,0,0.000000,0.000000
306,0.000550,0,0.000000,0.000000,2,0.400000,0.400000,1,0.200000,0.200000,0,0.000000,0.000000,0,0.000000,0.000000,0,0.000000,0.000000,0,0.000000,0.000000,0,0.000000,0.000000,0,0.000000,0.000000,0,0.000000,0.000000,0,0.000000,0.000000,0,0.000000,0.000000,0,0.000000,0.000000,0,0.000000,0.000000,0,0.000000,0.000000,0,0.000000,0.000000,0,0.000000,0.000000,0,0.000000,0.000000,0,0.000000,0.000000,0,0.000000,0.000000,0,0.000000,0.000000,0,0.000000,0.000000,0,0.000000,0.000000,0,0.000000,0.000000,0,0.000000,0.000000,1,0.200000,0.200000,1,0.200000,0.200000,0,0.000000,0.000000,0,0.000000,0.000000,0,0.000000,0.000000,0,0.000000,0.000000,0,0.000000,0.000000,0,0.000000,0.000000,0,0.000000,0.000000,0,0.000000,0.000000,0,0.000000,0.000000,0,0.000000,0.000000
307,0.001985,0,0.000000,0.000000,0,0.000000,0.000000,9,0.529412,0.529412,0,0.000000,0.000000,0,0.000000,0.000000,0,0.000000,0.000000,0,0.000000,0.000000,0,0.000000,0.000000,1,0.058824,0.058824,0,0.000000,0.000000,0,0.000000,0.000000,0,0.000000,0.000000,0,0.000000,0.000000,0,0.000000,0.000000,7,0.411765,0.411765,0,0.000000,0.000000,0,0.000000,0.000000,0,0.000000,0.000000,0,0.000000,0.000000,0,0.000000,0.000000,0,0.000000,0.000000,0,0.000000,0.000000,0,0.000000,0.000000,0,0.000000,0.000000,0,0.000000,0.000000,0,0.000000,0.000000,0,0.000000,0.000000,0,0.000000,0.000000,0,0.000000,0.000000,0,0.000000,0.000000,0,0.000000,0.000000,0,0.000000,0.000000,0,0.000000,0.000000,0,0.000000,0.000000,0,0.000000,0.000000,0,0.000000,0.000000,0,0.000000,0.000000
308,0.001025,0,0.000000,0.000000,0,0.000000,0.000000,0,0.000000,0.000000,1,0.142857,0.142857,0,0.000000,0.000000,0,0.000000,0.000000,0,0.000000,0.000000,0,0.000000,0.000000,1,0.142857,0.142857,0,0.000000,0.000000,0,0.000000,0.000000,0,0.000000,0.000000,0,0.000000,0.000000,0,0.000000,0.000000,5,0.714286,0.714286,0,0.000000,0.000000,0,0.000000,0.000000,0,0.000000,0.000000,0,0.000000,0.000000,0,0.000000,0.000000,0,0.000000,0.000000,0,0.000000,0.000000,0,0.000000,0.000000,0,0.000000,0.000000,0,0.000000,0.000000,0,0.000000,0.000000,0,0.000000,0.000000,0,0.000000,0.000000,0,0.000000,0.000000,0,0.000000,0.000000,0,0.000000,0.000000,0,0.000000,0.000000,0,0.000000,0.000000,0,0.000000,0.000000,0,0.000000,0.000000,0,0.000000,0.000000,0,0.000000,0.000000
309,0.000995,0,0.000000,0.000000,7,0.875000,0.875000,0,0.000000,0.000000,0,0.000000,0.000000,0,0.000000,0.000000,0,0.000000,0.000000,0,0.000000,0.000000,0,0.000000,0.000000,0,0.000000,0.000000,0,0.000000,0.000000,0,0.000000,0.000000,0,0.000000,0.000000,0,0.000000,0.000000,0,0.000000,0.000000,0,0.000000,0.000000,0,0.000000,0.000000,0,0.000000,0.000000,0,0.000000,0.000000,0,0.000000,0.000000,0,0.000000,0.000000,0,0.000000,0.000000,0,0.000000,0.000000,0,0.000000,0.000000,0,0.000000,0.000000,0,0.000000,0.000000,0,0.000000,0.000000,0,0.000000,0.000000,1,0.125000,0.125000,0,0.000000,0.000000,0,0.000000,0.000000,0,0.000000,0.000000,0,0.000000,0.000000,0,0.000000,0.000000,0,0.000000,0.000000,0,0.000000,0.000000,0,0.000000,0.000000,0,0.000000,0.000000
310,0.000585,0,0.000000,0.000000,0,0.000000,0.000000,0,0.000000,0.000000,0,0.000000,0.000000,0,0.000000,0.000000,0,0.000000,0.000000,0,0.000000,0.000000,4,1.000000,0.750000,0,0.000000,0.000000,0,0.000000,0.000000,0,0.000000,0.000000,0,0.000000,0.000000,1,0.250000,0.000000,0,0.000000,0.000000,0,0.000000,0.000000,0,0.000000,0.000000,0,0.000000,0.000000,0,0.000000,0.000000,0,0.000000,0.000000,0,0.000000,0.000000,0,0.000000,0.000000,0,0.000000,0.000000,0,0.000000,0.000000,0,0.000000,0.000000,0,0.000000,0.000000,0,0.000000,0.000000,0,0.000000,0.000000,0,0.000000,0.000000,0,0.000000,0.000000,0,0.000000,0.000000,0,0.000000,0.000000,0,0.000000,0.000000,0,0.000000,0.000000,0,0.000000,0.000000,0,0.000000,0.000000,0,0.000000,0.000000,0,0.000000,0.000000
311,0.003375,0,0.000000,0.000000,8,0.470588,0.352941,0,0.000000,0.000000,0,0.000000,0.000000,0,0.000000,0.000000,0,0.000000,0.000000,0,0.000000,0.000000,0,0.000000,0.000000,0,0.000000,0.000000,0,0.000000,0.000000,0,0.000000,0.000000,0,0.000000,0.000000,0,0.000000,0.000000,0,0.000000,0.000000,0,0.000000,0.000000,1,0.058824,0.058824,0,0.000000,0.000000,0,0.000000,0.000000,0,0.000000,0.000000,0,0.000000,0.000000,0,0.000000,0.000000,0,0.000000,0.000000,10,0.588235,0.470588,0,0.000000,0.000000,0,0.000000,0.000000,0,0.000000,0.000000,0,0.000000,0.000000,0,0.000000,0.000000,0,0.000000,0.000000,0,0.000000,0.000000,0,0.000000,0.000000,0,0.000000,0.000000,0,0.000000,0.000000,0,0.000000,0.000000,0,0.000000,0.000000,0,0.000000,0.000000,0,0.000000,0.000000
312,0.000170,0,0.000000,0.000000,0,0.000000,0.000000,0,0.000000,0.000000,0,0.000000,0.000000,0,0.000000,0.000000,0,0.000000,0.000000,0,0.000000,0.000000,0,0.000000,0.000000,0,0.000000,0.000000,0,0.000000,0.000000,0,0.000000,0.000000,1,0.500000,0.000000,0,0.000000,0.000000,0,0.000000,0.000000,0,0.000000,0.000000,0,0.000000,0.000000,0,0.000000,0.000000,0,0.000000,0.000000,0,0.000000,0.000000,0,0.000000,0.000000,1,0.500000,0.500000,1,0.500000,0.000000,0,0.000000,0.000000,0,0.000000,0.000000,0,0.000000,0.000000,0,0.000000,0.000000,0,0.000000,0.000000,0,0.000000,0.000000,0,0.000000,0.000000,0,0.000000,0.000000,0,0.000000,0.000000,0,0.000000,0.000000,0,0.000000,0.000000,0,0.000000,0.000000,0,0.000000,0.000000,0,0.000000,0.000000,0,0.000000,0.000000
313,0.001510,0,0.000000,0.000000,8,0.666667,0.666667,2,0.166667,0.166667,0,0.000000,0.000000,0,0.000000,0.000000,0,0.000000,0.000000,0,0.000000,0.000000,0,0.000000,0.000000,0,0.000000,0.000000,0,0.000000,0.000000,0,0.000000,0.000000,0,0.000000,0.000000,0,0.000000,0.000000,0,0.000000,0.000000,0,0.000000,0.000000,0,0.000000,0.000000,0,0.000000,0.000000,0,0.000000,0.000000,0,0.000000,0.000000,0,0.000000,0.000000,0,0.000000,0.000000,2,0.166667,0.166667,0,0.000000,0.000000,0,0.000000,0.000000,0,0.000000,0.000000,0,0.000000,0.000000,0,0.000000,0.000000,0,0.000000,0.000000,0,0.000000,0.000000,0,0.000000,0.000000,0,0.000000,0.000000,0,0.000000,0.000000,0,0.000000,0.000000,0,0.000000,0.000000,0,0.000000,0.000000,0,0.000000,0.000000,0,0.000000,0.000000
314,0.000130,0,0.000000,0.000000,0,0.000000,0.000000,0,0.000000,0.000000,0,0.000000,0.000000,0,0.000000,0.000000,0,0.000000,0.000000,0,0.000000,0.000000,0,0.000000,0.000000,0,0.000000,0.000000,0,0.000000,0.000000,0,0.000000,0.000000,0,0.000000,0.000000,1,1.000000,1.000000,0,0.000000,0.000000,0,0.000000,0.000000,0,0.000000,0.000000,0,0.000000,0.000000,0,0.000000,0.000000,0,0.000000,0.000000,0,0.000000,0.000000,0,0.000000,0.000000,0,0.000000,0.000000,0,0.000000,0.000000,0,0.000000,0.000000,0,0.000000,0.000000,0,0.000000,0.000000,0,0.000000,0.000000,0,0.000000,0.000000,0,0.000000,0.000000,0,0.000000,0.000000,0,0.000000,0.000000,0,0.000000,0.000000,0,0.000000,0.000000,0,0.000000,0.000000,0,0.000000,0.000000,0,0.000000,0.000000,0,0.000000,0.000000
315,0.000085,0,0.000000,0.000000,0,0.000000,0.000000,0,0.000000,0.000000,0,0.000000,0.000000,0,0.000000,0.000000,0,0.000000,0.000000,0,0.000000,0.000000,0,0.000000,0.000000,0,0.000000,0.000000,0,0.000000,0.000000,0,0.000000,0.000000,0,0.000000,0.000000,0,0.000000,0.000000,0,0.000000,0.000000,0,0.000000,0.000000,0,0.000000,0.000000,0,0.000000,0.000000,0,0.000000,0.000000,0,0.000000,0.000000,0,0.000000,0.000000,0,0.000000,0.000000,0,0.000000,0.000000,0,0.000000,0.000000,0,0.000000,0.000000,0,0.000000,0.000000,1,1.000000,1.000000,0,0.000000,0.000000,0,0.000000,0.000000,0,0.000000,0.000000,0,0.000000,0.000000,0,0.000000,0.000000,0,0.000000,0.000000,0,0.000000,0.000000,0,0.000000,0.000000,0,0.000000,0.000000,0,0.000000,0.000000,0,0.000000,0.000000
316,0.000000,0,0.000000,0.000000,0,0.000000,0.000000,0,0.000000,0.000000,0,0.000000,0.000000,0,0.000000,0.000000,0,0.000000,0.000000,0,0.000000,0.000000,0,0.000000,0.000000,0,0.000000,0.000000,0,0.000000,0.000000,0,0.000000,0.000000,0,0.000000,0.000000,0,0.000000,0.000000,0,0.000000,0.000000,0,0.000000,0.000000,0,0.000000,0.000000,0,0.000000,0.000000,0,0.000000,0.000000,0,0.000000,0.000000,0,0.000000,0.000000,0,0.000000,0.000000,0,0.000000,0.000000,0,0.000000,0.000000,0,0.000000,0.000000,0,0.000000,0.000000,0,0.000000,0.000000,0,0.000000,0.000000,0,0.000000,0.000000,0,0.000000,0.000000,0,0.000000,0.000000,0,0.000000,0.000000,0,0.000000,0.000000,0,0.000000,0.000000,0,0.000000,0.000000,0,0.000000,0.000000,0,0.000000,0.000000,0,0.000000,0.000000
317,0.002430,0,0.000000,0.000000,0,0.000000,0.000000,0,0.000000,0.000000,0,0.000000,0.000000,0,0.000000,0.000000,0,0.000000,0.000000,0,0.000000,0.000000,0,0.000000,0.000000,0,0.000000,0.000000,0,0.000000,0.000000,0,0.000000,0.000000,0,0.000000,0.000000,0,0.000000,0.000000,0,0.000000,0.000000,0,0.000000,0.000000,0,0.000000,0.000000,0,0.000000,0.000000,0,0.000000,0.000000,0,0.000000,0.000000,0,0.000000,0.000000,0,0.000000,0.000000,0,0.000000,0.000000,0,0.000000,0.000000,0,0.000000,0.000000,0,0.000000,0.000000,2,0.133333,0.133333,13,0.866667,0.866667,0,0.000000,0.000000,0,0.000000,0.000000,0,0.000000,0.000000,0,0.000000,0.000000,0,0.000000,0.000000,0,0.000000,0.000000,0,0.000000,0.000000,0,0.000000,0.000000,0,0.000000,0.000000,0,0.000000,0.000000
318,0.000670,0,0.000000,0.000000,3,0.500000,0.500000,1,0.166667,0.166667,0,0.000000,0.000000,0,0.000000,0.000000,0,0.000000,0.000000,0,0.000000,0.000000,0,0.000000,0.000000,0,0.000000,0.000000,0,0.000000,0.000000,0,0.000000,0.000000,0,0.000000,0.000000,0,0.000000,0.000000,0,0.000000,0.000000,0,0.000000,0.000000,0,0.000000,0.000000,0,0.000000,0.000000,0,0.000000,0.000000,0,0.000000,0.000000,0,0.000000,0.000000,0,0.000000,0.000000,1,0.166667,0.166667,0,0.000000,0.000000,0,0.000000,0.000000,0,0.000000,0.000000,0,0.000000,0.000000,1,0.166667,0.166667,0,0.000000,0.000000,0,0.000000,0.000000,0,0.000000,0.000000,0,0.000000,0.000000,0,0.000000,0.000000,0,0.000000,0.000000,0,0.000000,0.000000,0,0.000000,0.000000,0,0.000000,0.000000,0,0.000000,0.000000
319,0.000680,0,0.000000,0.000000,0,0.000000,0.000000,0,0.000000,0.000000,0,0.000000,0.000000,0,0.000000,0.000000,0,0.000000,0.000000,1,0.166667,0.166667,0,0.000000,0.000000,0,0.000000,0.000000,0,0.000000,0.000000,0,0.000000,0.000000,1,0.166667,0.166667,0,0.000000,0.000000,0,0.000000,0.000000,0,0.000000,0.000000,0,0.000000,0.000000,0,0.000000,0.000000,0,0.000000,0.000000,0,0.000000,0.000000,0,0.000000,0.000000,1,0.166667,0.166667,3,0.500000,0.500000,0,0.000000,0.000000,0,0.000000,0.000000,0,0.000000,0.000000,0,0.000000,0.000000,0,0.000000,0.000000,0,0.000000,0.000000,0,0.000000,0.000000,0,0.000000,0.000000,0,0.000000,0.000000,0,0.000000,0.000000,0,0.000000,0.000000,0,0.000000,0.000000,0,0.000000,0.000000,0,0.000000,0.000000,0,0.000000,0.000000
320,0.000130,0,0.000000,0.000000,0,0.000000,0.000000,0,0.000000,0.000000,0,0.000000,0.000000,0,0.000000,0.000000,0,0.000000,0.000000,0,0.000000,0.000000,0,0.000000,0.000000,0,0.000000,0.000000,2,1.000000,1.000000,0,0.000000,0.000000,0,0.000000,0.000000,0,0.000000,0.000000,0,0.000000,0.000000,0,0.000000,0.000000,0,0.000000,0.000000,0,0.000000,0.000000,0,0.000000,0.000000,0,0.000000,0.000000,0,0.000000,0.000000,0,0.000000,0.000000,0,0.000000,0.000000,0,0.000000,0.000000,0,0.000000,0.000000,0,0.000000,0.000000,0,0.000000,0.000000,0,0.000000,0.000000,0,0.000000,0.000000,0,0.000000,0.000000,0,0.000000,0.000000,0,0.000000,0.000000,0,0.000000,0.000000,0,0.000000,0.000000,0,0.000000,0.000000,0,0.000000,0.000000,0,0.000000,0.000000,0,0.000000,0.000000
321,0.000070,0,0.000000,0.000000,0,0.000000,0.000000,0,0.000000,0.000000,0,0.000000,0.000000,0,0.000000,0.000000,0,0.000000,0.000000,0,0.000000,0.000000,0,0.000000,0.000000,0,0.000000,0.000000,0,0.000000,0.000000,0,0.000000,0.000000,0,0.000000,0.000000,0,0.000000,0.000000,0,0.000000,0.000000,0,0.000000,0.000000,0,0.000000,0.000000,0,0.000000,0.000000,0,0.000000,0.000000,0,0.000000,0.000000,0,0.000000,0.000000,0,0.000000,0.000000,0,0.000000,0.000000,0,0.000000,0.000000,0,0.000000,0.000000,0,0.000000,0.000000,0,0.000000,0.000000,0,0.000000,0.000000,0,0.000000,0.000000,0,0.000000,0.000000,0,0.000000,0.000000,0,0.000000,0.000000,0,0.000000,0.000000,0,0.000000,0.000000,0,0.000000,0.000000,0,0.000000,0.000000,0,0.000000,0.000000,1,1.000000,1.000000
322,0.000000,0,0.000000,0.000000,0,0.000000,0.000000,0,0.000000,0.000000,0,0.000000,0.000000,0,0.000000,0.000000,0,0.000000,0.000000,0,0.000000,0.000000,0,0.000000,0.000000,0,0.000000,0.000000,0,0.000000,0.000000,0,0.000000,0.000000,0,0.000000,0.000000,0,0.000000,0.000000,0,0.000000,0.000000,0,0.000000,0.000000,0,0.000000,0.000000,0,0.000000,0.000000,0,0.000000,0.000000,0,0.000000,0.000000,0,0.000000,0.000000,0,0.000000,0.000000,0,0.000000,0.000000,0,0.000000,0.000000,0,0.000000,0.000000,0,0.000000,0.000000,0,0.000000,0.000000,0,0.000000,0.000000,0,0.000000,0.000000,0,0.000000,0.000000,0,0.000000,0.000000,0,0.000000,0.000000,0,0.000000,0.000000,0,0.000000,0.000000,0,0.000000,0.000000,0,0.000000,0.000000,0,0.000000,0.000000,0,0.000000,0.000000
323,0.000200,0,0.000000,0.000000,2,1.000000,1.000000,0,0.000000,0.000000,0,0.000000,0.000000,0,0.000000,0.000000,0,0.000000,0.000000,0,0.000000,0.000000,0,0.000000,0.000000,0,0.000000,0.000000,0,0.000000,0.000000,0,0.000000,0.000000,0,0.000000,0.000000,0,0.000000,0.000000,0,0.000000,0.000000,0,0.000000,0.000000,0,0.000000,0.000000,0,0.000000,0.000000,0,0.000000,0.000000,0,0.000000,0.000000,0,0.000000,0.000000,0,0.000000,0.000000,0,0.000000,0.000000,0,0.000000,0.000000,0,0.000000,0.000000,0,0.000000,0.000000,0,0.000000,0.000000,0,0.000000,0.000000,0,0.000000,0.000000,0,0.000000,0.000000,0,0.000000,0.000000,0,0.000000,0.000000,0,0.000000,0.000000,0,0.000000,0.000000,0,0.000000,0.000000,0,0.000000,0.000000,0,0.000000,0.000000,0,0.000000,0.000000
324,0.000275,0,0.000000,0.000000,0,0.000000,0.000000,0,0.000000,0.000000,0,0.000000,0.000000,0,0.000000,0.000000,0,0.000000,0.000000,0,0.000000,0.000000,0,0.000000,0.000000,0,0.000000,0.000000,0,0.000000,0.000000,1,0.500000,0.500000,0,0.000000,0.000000,0,0.000000,0.000000,0,0.000000,0.000000,0,0.000000,0.000000,0,0.000000,0.000000,0,0.000000,0.000000,0,0.000000,0.000000,0,0.000000,0.000000,0,0.000000,0.000000,0,0.000000,0.000000,0,0.000000,0.000000,0,0.000000,0.000000,0,0.000000,0.000000,0,0.000000,0.000000,1,0.500000,0.500000,0,0.000000,0.000000,0,0.000000,0.000000,0,0.000000,0.000000,0,0.000000,0.000000,0,0.000000,0.000000,0,0.000000,0.000000,0,0.000000,0.000000,0,0.000000,0.000000,0,0.000000,0.000000,0,0.000000,0.000000,0,0.000000,0.000000
325,0.000350,0,0.000000,0.000000,0,0.000000,0.000000,2,0.500000,0.500000,0,0.000000,0.000000,0,0.000000,0.000000,0,0.000000,0.000000,1,0.250000,0.250000,0,0.000000,0.000000,0,0.000000,0.000000,0,0.000000,0.000000,0,0.000000,0.000000,0,0.000000,0.000000,0,0.000000,0.000000,0,0.000000,0.000000,0,0.000000,0.000000,0,0.000000,0.000000,0,0.000000,0.000000,1,0.250000,0.250000,0,0.000000,0.000000,0,0.000000,0.000000,0,0.000000,0.000000,0,0.000000,0.000000,0,0.000000,0.000000,0,0.000000,0.000000,0,0.000000,0.000000,0,0.000000,0.000000,0,0.000000,0.000000,0,0.000000,0.000000,0,0.000000,0.000000,0,0.000000,0.000000,0,0.000000,0.000000,0,0.000000,0.000000,0,0.000000,0.000000,0,0.000000,0.000000,0,0.000000,0.000000,0,0.000000,0.000000,0,0.000000,0.000000
326,0.000200,0,0.000000,0.000000,0,0.000000,0.000000,0,0.000000,0.000000,0,0.000000,0.000000,0,0.000000,0.000000,0,0.000000,0.000000,0,0.000000,0.000000,0,0.000000,0.000000,0,0.000000,0.000000,0,0.000000,0.000000,0,0.000000,0.000000,0,0.000000,0.000000,0,0.000000,0.000000,0,0.000000,0.000000,0,0.000000,0.000000,0,0.000000,0.000000,0,0.000000,0.000000,0,0.000000,0.000000,0,0.000000,0.000000,0,0.000000,0.000000,0,0.000000,0.000000,0,0.000000,0.000000,0,0.000000,0.000000,0,0.000000,0.000000,0,0.000000,0.000000,0,0.000000,0.000000,0,0.000000,0.000000,0,0.000000,0.000000,0,0.000000,0.000000,0,0.000000,0.000000,0,0.000000,0.000000,0,0.000000,0.000000,0,0.000000,0.000000,0,0.000000,0.000000,1,1.000000,1.000000,0,0.000000,0.000000,0,0.000000,0.000000
327,0.000610,0,0.000000,0.000000,0,0.000000,0.000000,0,0.000000,0.000000,0,0.000000,0.000000,0,0.000000,0.000000,0,0.000000,0.000000,0,0.000000,0.000000,0,0.000000,0.000000,1,0.166667,0.166667,0,0.000000,0.000000,0,0.000000,0.000000,0,0.000000,0.000000,0,0.000000,0.000000,0,0.000000,0.000000,3,0.500000,0.500000,0,0.000000,0.000000,0,0.000000,0.000000,0,0.000000,0.000000,0,0.000000,0.000000,0,0.000000,0.000000,0,0.000000,0.000000,0,0.000000,0.000000,0,0.000000,0.000000,0,0.000000,0.000000,0,0.000000,0.000000,2,0.333333,0.333333,0,0.000000,0.000000,0,0.000000,0.000000,0,0.000000,0.000000,0,0.000000,0.000000,0,0.000000,0.000000,0,0.000000,0.000000,0,0.000000,0.000000,0,0.000000,0.000000,0,0.000000,0.000000,0,0.000000,0.000000,0,0.000000,0.000000
328,0.000385,0,0.000000,0.000000,2,0.666667,0.333333,0,0.000000,0.000000,0,0.000000,0.000000,0,0.000000,0.000000,0,0.000000,0.000000,0,0.000000,0.000000,0,0.000000,0.000000,0,0.000000,0.000000,0,0.000000,0.000000,0,0.000000,0.000000,0,0.000000,0.000000,0,0.000000,0.000000,0,0.000000,0.000000,0,0.000000,0.000000,0,0.000000,0.000000,0,0.000000,0.000000,0,0.000000,0.000000,0,0.000000,0.000000,0,0.000000,0.000000,0,0.000000,0.000000,2,0.666667,0.333333,0,0.000000,0.000000,0,0.000000,0.000000,0,0.000000,0.000000,0,0.000000,0.000000,0,0.000000,0.000000,0,0.000000,0.000000,0,0.000000,0.000000,0,0.000000,0.000000,0,0.000000,0.000000,0,0.000000,0.000000,0,0.000000,0.000000,0,0.000000,0.000000,0,0.000000,0.000000,0,0.000000,0.000000,0,0.000000,0.000000
329,0.000000,0,0.000000,0.000000,0,0.000000,0.000000,0,0.000000,0.000000,0,0.000000,0.000000,0,0.000000,0.000000,0,0.000000,0.000000,0,0.000000,0.000000,0,0.000000,0.000000,0,0.000000,0.000000,0,0.000000,0.000000,0,0.000000,0.000000,0,0.000000,0.000000,0,0.000000,0.000000,0,0.000000,0.000000,0,0.000000,0.000000,0,0.000000,0.000000,0,0.000000,0.000000,0,0.000000,0.000000,0,0.000000,0.000000,0,0.000000,0.000000,0,0.000000,0.000000,0,0.000000,0.000000,0,0.000000,0.000000,0,0.000000,0.000000,0,0.000000,0.000000,0,0.000000,0.000000,0,0.000000,0.000000,0,0.000000,0.000000,0,0.000000,0.000000,0,0.000000,0.000000,0,0.000000,0.000000,0,0.000000,0.000000,0,0.000000,0.000000,0,0.000000,0.000000,0,0.000000,0.000000,0,0.000000,0.000000,0,0.000000,0.000000
330,0.000225,0,0.000000,0.000000,0,0.000000,0.000000,0,0.000000,0.000000,0,0.000000,0.000000,0,0.000000,0.000000,0,0.000000,0.000000,0,0.000000,0.000000,0,0.000000,0.000000,0,0.000000,0.000000,0,0.000000,0.000000,0,0.000000,0.000000,0,0.000000,0.000000,0,0.000000,0.000000,0,0.000000,0.000000,0,0.000000,0.000000,0,0.000000,0.000000,0,0.000000,0.000000,0,0.000000,0.000000,0,0.000000,0.000000,0,0.000000,0.000000,0,0.000000,0.000000,0,0.000000,0.000000,0,0.000000,0.000000,0,0.000000,0.000000,0,0.000000,0.000000,0,0.000000,0.000000,0,0.000000,0.000000,0,0.000000,0.000000,0,0.000000,0.000000,0,0.000000,0.000000,0,0.000000,0.000000,0,0.000000,0.000000,0,0.000000,0.000000,1,1.000000,1.000000,0,0.000000,0.000000,0,0.000000,0.000000,0,0.000000,0.000000
331,0.000050,0,0.000000,0.000000,0,0.000000,0.000000,0,0.000000,0.000000,0,0.000000,0.000000,0,0.000000,0.000000,0,0.000000,0.000000,0,0.000000,0.000000,0,0.000000,0.000000,0,0.000000,0.000000,0,0.000000,0.000000,0,0.000000,0.000000,0,0.000000,0.000000,0,0.000000,0.000000,0,0.000000,0.000000,0,0.000000,0.000000,0,0.000000,0.000000,0,0.000000,0.000000,0,0.000000,0.000000,0,0.000000,0.000000,0,0.000000,0.000000,0,0.000000,0.000000,0,0.000000,0.000000,0,0.000000,0.000000,0,0.000000,0.000000,0,0.000000,0.000000,0,0.000000,0.000000,0,0.000000,0.000000,0,0.000000,0.000000,0,0.000000,0.000000,0,0.000000,0.000000,0,0.000000,0.000000,0,0.000000,0.000000,0,0.000000,0.000000,0,0.000000,0.000000,0,0.000000,0.000000,0,0.000000,0.000000,1,1.000000,1.000000
332,0.000820,0,0.000000,0.000000,2,0.400000,0.400000,0,0.000000,0.000000,0,0.000000,0.000000,0,0.000000,0.000000,0,0.000000,0.000000,0,0.000000,0.000000,0,0.000000,0.000000,0,0.000000,0.000000,0,0.000000,0.000000,0,0.000000,0.000000,0,0.000000,0.000000,0,0.000000,0.000000,0,0.000000,0.000000,2,0.400000,0.400000,0,0.000000,0.000000,0,0.000000,0.000000,0,0.000000,0.000000,0,0.000000,0.000000,0,0.000000,0.000000,0,0.000000,0.000000,0,0.000000,0.000000,0,0.000000,0.000000,0,0.000000,0.000000,0,0.000000,0.000000,0,0.000000,0.000000,1,0.200000,0.200000,0,0.000000,0.000000,0,0.000000,0.000000,0,0.000000,0.000000,0,0.000000,0.000000,0,0.000000,0.000000,0,0.000000,0.000000,0,0.000000,0.000000,0,0.000000,0.000000,0,0.000000,0.000000,0,0.000000,0.000000
333,0.000815,0,0.000000,0.000000,5,0.833333,0.833333,0,0.000000,0.000000,0,0.000000,0.000000,0,0.000000,0.000000,0,0.000000,0.000000,0,0.000000,0.000000,0,0.000000,0.000000,0,0.000000,0.000000,0,0.000000,0.000000,0,0.000000,0.000000,0,0.000000,0.000000,0,0.000000,0.000000,0,0.000000,0.000000,0,0.000000,0.000000,0,0.000000,0.000000,0,0.000000,0.000000,0,0.000000,0.000000,0,0.000000,0.000000,0,0.000000,0.000000,0,0.000000,0.000000,0,0.000000,0.000000,1,0.166667,0.166667,0,0.000000,0.000000,0,0.000000,0.000000,0,0.000000,0.000000,0,0.000000,0.000000,0,0.000000,0.000000,0,0.000000,0.000000,0,0.000000,0.000000,0,0.000000,0.000000,0,0.000000,0.000000,0,0.000000,0.000000,0,0.000000,0.000000,0,0.000000,0.000000,0,0.000000,0.000000,0,0.000000,0.000000
334,0.000410,0,0.000000,0.000000,3,1.000000,1.000000,0,0.000000,0.000000,0,0.000000,0.000000,0,0.000000,0.000000,0,0.000000,0.000000,0,0.000000,0.000000,0,0.000000,0.000000,0,0.000000,0.000000,0,0.000000,0.000000,0,0.000000,0.000000,0,0.000000,0.000000,0,0.000000,0.000000,0,0.000000,0.000000,0,0.000000,0.000000,0,0.000000,0.000000,0,0.000000,0.000000,0,0.000000,0.000000,0,0.000000,0.000000,0,0.000000,0.000000,0,0.000000,0.000000,0,0.000000,0.000000,0,0.000000,0.000000,0,0.000000,0.000000,0,0.000000,0.000000,0,0.000000,0.000000,0,0.000000,0.000000,0,0.000000,0.000000,0,0.000000,0.000000,0,0.000000,0.000000,0,0.000000,0.000000,0,0.000000,0.000000,0,0.000000,0.000000,0,0.000000,0.000000,0,0.000000,0.000000,0,0.000000,0.000000,0,0.000000,0.000000
335,0.000175,0,0.000000,0.000000,0,0.000000,0.000000,0,0.000000,0.000000,0,0.000000,0.000000,0,0.000000,0.000000,0,0.000000,0.000000,0,0.000000,0.000000,1,0.500000,0.500000,0,0.000000,0.000000,0,0.000000,0.000000,0,0.000000,0.000000,0,0.000000,0.000000,0,0.000000,0.000000,0,0.000000,0.000000,0,0.000000,0.000000,0,0.000000,0.000000,0,0.000000,0.000000,0,0.000000,0.000000,0,0.000000,0.000000,0,0.000000,0.000000,0,0.000000,0.000000,0,0.000000,0.000000,0,0.000000,0.000000,0,0.000000,0.000000,0,0.000000,0.000000,0,0.000000,0.000000,0,0.000000,0.000000,0,0.000000,0.000000,0,0.000000,0.000000,0,0.000000,0.000000,0,0.000000,0.000000,0,0.000000,0.000000,0,0.000000,0.000000,0,0.000000,0.000000,0,0.000000,0.000000,0,0.000000,0.000000,1,0.500000,0.500000
336,0.000330,0,0.000000,0.000000,0,0.000000,0.000000,0,0.000000,0.000000,0,0.000000,0.000000,0,0.000000,0.000000,0,0.000000,0.000000,0,0.000000,0.000000,0,0.000000,0.000000,0,0.000000,0.000000,0,0.000000,0.000000,0,0.000000,0.000000,0,0.000000,0.000000,0,0.000000,0.000000,0,0.000000,0.000000,0,0.000000,0.000000,0,0.000000,0.000000,0,0.000000,0.000000,0,0.000000,0.000000,0,0.000000,0.000000,0,0.000000,0.000000,0,0.000000,0.000000,0,0.000000,0.000000,0,0.000000,0.000000,0,0.000000,0.000000,0,0.000000,0.000000,0,0.000000,0.000000,0,0.000000,0.000000,0,0.000000,0.000000,0,0.000000,0.000000,0,0.000000,0.000000,0,0.000000,0.000000,0,0.000000,0.000000,0,0.000000,0.000000,0,0.000000,0.000000,3,1.000000,1.000000,0,0.000000,0.000000,0,0.000000,0.000000
337,0.000050,0,0.000000,0.000000,0,0.000000,0.000000,0,0.000000,0.000000,0,0.000000,0.000000,0,0.000000,0.000000,0,0.000000,0.000000,0,0.000000,0.000000,0,0.000000,0.000000,0,0.000000,0.000000,0,0.000000,0.000000,0,0.000000,0.000000,0,0.000000,0.000000,0,0.000000,0.000000,0,0.000000,0.000000,0,0.000000,0.000000,0,0.000000,0.000000,0,0.000000,0.000000,0,0.000000,0.000000,0,0.000000,0.000000,0,0.000000,0.000000,0,0.000000,0.000000,1,1.000000,1.000000,0,0.000000,0.000000,0,0.000000,0.000000,0,0.000000,0.000000,0,0.000000,0.000000,0,0.000000,0.000000,0,0.000000,0.000000,0,0.000000,0.000000,0,0.000000,0.000000,0,0.000000,0.000000,0,0.000000,0.000000,0,0.000000,0.000000,0,0.000000,0.000000,0,0.000000,0.000000,0,0.000000,0.000000,0,0.000000,0.000000
338,0.000070,0,0.000000,0.000000,0,0.000000,0.000000,0,0.000000,0.000000,0,0.000000,0.000000,0,0.000000,0.000000,0,0.000000,0.000000,0,0.000000,0.000000,0,0.000000,0.000000,0,0.000000,0.000000,0,0.000000,0.000000,0,0.000000,0.000000,0,0.000000,0.000000,0,0.000000,0.000000,0,0.000000,0.000000,0,0.000000,0.000000,0,0.000000,0.000000,0,0.000000,0.000000,0,0.000000,0.000000,0,0.000000,0.000000,0,0.000000,0.000000,0,0.000000,0.000000,1,1.000000,1.000000,0,0.000000,0.000000,0,0.000000,0.000000,0,0.000000,0.000000,0,0.000000,0.000000,0,0.000000,0.000000,0,0.000000,0.000000,0,0.000000,0.000000,0,0.000000,0.000000,0,0.000000,0.000000,0,0.000000,0.000000,0,0.000000,0.000000,0,0.000000,0.000000,0,0.000000,0.000000,0,0.000000,0.000000,0,0.000000,0.000000
339,0.000000,0,0.000000,0.000000,0,0.000000,0.000000,0,0.000000,0.000000,0,0.000000,0.000000,0,0.000000,0.000000,0,0.000000,0.000000,0,0.000000,0.000000,0,0.000000,0.000000,0,0.000000,0.000000,0,0.000000,0.000000,0,0.000000,0.000000,0,0.000000,0.000000,0,0.000000,0.000000,0,0.000000,0.000000,0,0.000000,0.000000,0,0.000000,0.000000,0,0.000000,0.000000,0,0.000000,0.000000,0,0.000000,0.000000,0,0.000000,0.000000,0,0.000000,0.000000,0,0.000000,0.000000,0,0.000000,0.000000,0,0.000000,0.000000,0,0.000000,0.000000,0,0.000000,0.000000,0,0.000000,0.000000,0,0.000000,0.000000,0,0.000000,0.000000,0,0.000000,0.000000,0,0.000000,0.000000,0,0.000000,0.000000,0,0.000000,0.000000,0,0.000000,0.000000,0,0.000000,0.000000,0,0.000000,0.000000,0,0.000000,0.000000
340,0.000415,0,0.000000,0.000000,0,0.000000,0.000000,0,0.000000,0.000000,0,0.000000,0.000000,0,0.000000,0.000000,0,0.000000,0.000000,0,0.000000,0.000000,0,0.000000,0.000000,0,0.000000,0.000000,0,0.000000,0.000000,0,0.000000,0.000000,0,0.000000,0.000000,0,0.000000,0.000000,0,0.000000,0.000000,0,0.000000,0.000000,0,0.000000,0.000000,0,0.000000,0.000000,0,0.000000,0.000000,0,0.000000,0.000000,0,0.000000,0.000000,0,0.000000,0.000000,3,1.000000,1.000000,0,0.000000,0.000000,0,0.000000,0.000000,0,0.000000,0.000000,0,0.000000,0.000000,0,0.000000,0.000000,0,0.000000,0.000000,0,0.000000,0.000000,0,0.000000,0.000000,0,0.000000,0.000000,0,0.000000,0.000000,0,0.000000,0.000000,0,0.000000,0.000000,0,0.000000,0.000000,0,0.000000,0.000000,0,0.000000,0.000000
341,0.000125,0,0.000000,0.000000,0,0.000000,0.000000,0,0.000000,0.000000,0,0.000000,0.000000,0,0.000000,0.000000,0,0.000000,0.000000,0,0.000000,0.000000,0,0.000000,0.000000,0,0.000000,0.000000,0,0.000000,0.000000,0,0.000000,0.000000,0,0.000000,0.000000,0,0.000000,0.000000,0,0.000000,0.000000,0,0.000000,0.000000,0,0.000000,0.000000,0,0.000000,0.000000,0,0.000000,0.000000,0,0.000000,0.000000,0,0.000000,0.000000,0,0.000000,0.000000,0,0.000000,0.000000,0,0.000000,0.000000,0,0.000000,0.000000,0,0.000000,0.000000,0,0.000000,0.000000,0,0.000000,0.000000,1,1.000000,1.000000,0,0.000000,0.000000,0,0.000000,0.000000,0,0.000000,0.000000,0,0.000000,0.000000,0,0.000000,0.000000,0,0.000000,0.000000,0,0.000000,0.000000,0,0.000000,0.000000,0,0.000000,0.000000
342,0.000100,0,0.000000,0.000000,0,0.000000,0.000000,0,0.000000,0.000000,0,0.000000,0.000000,0,0.000000,0.000000,0,0.000000,0.000000,0,0.000000,0.000000,0,0.000000,0.000000,0,0.000000,0.000000,0,0.000000,0.000000,0,0.000000,0.000000,0,0.000000,0.000000,0,0.000000,0.000000,0,0.000000,0.000000,0,0.000000,0.000000,0,0.000000,0.000000,0,0.000000,0.000000,0,0.000000,0.000000,0,0.000000,0.000000,0,0.000000,0.000000,0,0.000000,0.000000,0,0.000000,0.000000,0,0.000000,0.000000,0,0.000000,0.000000,0,0.000000,0.000000,0,0.000000,0.000000,0,0.000000,0.000000,0,0.000000,0.000000,0,0.000000,0.000000,0,0.000000,0.000000,0,0.000000,0.000000,0,0.000000,0.000000,0,0.000000,0.000000,0,0.000000,0.000000,0,0.000000,0.000000,0,0.000000,0.000000,1,1.000000,1.000000
343,0.001380,0,0.000000,0.000000,10,0.769231,0.769231,0,0.000000,0.000000,0,0.000000,0.000000,0,0.000000,0.000000,0,0.000000,0.000000,0,0.000000,0.000000,0,0.000000,0.000000,1,0.076923,0.076923,0,0.000000,0.000000,0,0.000000,0.000000,0,0.000000,0.000000,0,0.000000,0.000000,0,0.000000,0.000000,2,0.153846,0.153846,0,0.000000,0.000000,0,0.000000,0.000000,0,0.000000,0.000000,0,0.000000,0.000000,0,0.000000,0.000000,0,0.000000,0.000000,0,0.000000,0.000000,0,0.000000,0.000000,0,0.000000,0.000000,0,0.000000,0.000000,0,0.000000,0.000000,0,0.000000,0.000000,0,0.000000,0.000000,0,0.000000,0.000000,0,0.000000,0.000000,0,0.000000,0.000000,0,0.000000,0.000000,0,0.000000,0.000000,0,0.000000,0.000000,0,0.000000,0.000000,0,0.000000,0.000000,0,0.000000,0.000000
344,0.001880,0,0.000000,0.000000,0,0.000000,0.000000,0,0.000000,0.000000,0,0.000000,0.000000,0,0.000000,0.000000,0,0.000000,0.000000,0,0.000000,0.000000,0,0.000000,0.000000,0,0.000000,0.000000,0,0.000000,0.000000,0,0.000000,0.000000,0,0.000000,0.000000,0,0.000000,0.000000,0,0.000000,0.000000,14,1.000000,1.000000,0,0.000000,0.000000,0,0.000000,0.000000,0,0.000000,0.000000,0,0.000000,0.000000,0,0.000000,0.000000,0,0.000000,0.000000,0,0.000000,0.000000,0,0.000000,0.000000,0,0.000000,0.000000,0,0.000000,0.000000,0,0.000000,0.000000,0,0.000000,0.000000,0,0.000000,0.000000,0,0.000000,0.000000,0,0.000000,0.000000,0,0.000000,0.000000,0,0.000000,0.000000,0,0.000000,0.000000,0,0.000000,0.000000,0,0.000000,0.000000,0,0.000000,0.000000,0,0.000000,0.000000
345,0.000740,1,0.166667,0.166667,4,0.666667,0.666667,0,0.000000,0.000000,0,0.000000,0.000000,0,0.000000,0.000000,0,0.000000,0.000000,0,0.000000,0.000000,0,0.000000,0.000000,0,0.000000,0.000000,0,0.000000,0.000000,0,0.000000,0.000000,0,0.000000,0.000000,0,0.000000,0.000000,0,0.000000,0.000000,0,0.000000,0.000000,0,0.000000,0.000000,0,0.000000,0.000000,0,0.000000,0.000000,0,0.000000,0.000000,1,0.166667,0.166667,0,0.000000,0.000000,0,0.000000,0.000000,0,0.000000,0.000000,0,0.000000,0.000000,0,0.000000,0.000000,0,0.000000,0.000000,0,0.000000,0.000000,0,0.000000,0.000000,0,0.000000,0.000000,0,0.000000,0.000000,0,0.000000,0.000000,0,0.000000,0.000000,0,0.000000,0.000000,0,0.000000,0.000000,0,0.000000,0.000000,0,0.000000,0.000000,0,0.000000,0.000000
346,0.000410,0,0.000000,0.000000,3,0.750000,0.750000,0,0.000000,0.000000,0,0.000000,0.000000,0,0.000000,0.000000,0,0.000000,0.000000,0,0.000000,0.000000,0,0.000000,0.000000,0,0.000000,0.000000,0,0.000000,0.000000,0,0.000000,0.000000,0,0.000000,0.000000,0,0.000000,0.000000,0,0.000000,0.000000,0,0.000000,0.000000,1,0.250000,0.250000,0,0.000000,0.000000,0,0.000000,0.000000,0,0.000000,0.000000,0,0.000000,0.000000,0,0.000000,0.000000,0,0.000000,0.000000,0,0.000000,0.000000,0,0.000000,0.000000,0,0.000000,0.000000,0,0.000000,0.000000,0,0.000000,0.000000,0,0.000000,0.000000,0,0.000000,0.000000,0,0.000000,0.000000,0,0.000000,0.000000,0,0.000000,0.000000,0,0.000000,0.000000,0,0.000000,0.000000,0,0.000000,0.000000,0,0.000000,0.000000,0,0.000000,0.000000
347,0.001020,0,0.000000,0.000000,7,1.000000,1.000000,0,0.000000,0.000000,0,0.000000,0.000000,0,0.000000,0.000000,0,0.000000,0.000000,0,0.000000,0.000000,0,0.000000,0.000000,0,0.000000,0.000000,0,0.000000,0.000000,0,0.000000,0.000000,0,0.000000,0.000000,0,0.000000,0.000000,0,0.000000,0.000000,0,0.000000,0.000000,0,0.000000,0.000000,0,0.000000,0.000000,0,0.000000,0.000000,0,0.000000,0.000000,0,0.000000,0.000000,0,0.000000,0.000000,0,0.000000,0.000000,0,0.000000,0.000000,0,0.000000,0.000000,0,0.000000,0.000000,0,0.000000,0.000000,0,0.000000,0.000000,0,0.000000,0.000000,0,0.000000,0.000000,0,0.000000,0.000000,0,0.000000,0.000000,0,0.000000,0.000000,0,0.000000,0.000000,0,0.000000,0.000000,0,0.000000,0.000000,0,0.000000,0.000000,0,0.000000,0.000000
348,0.000565,0,0.000000,0.000000,3,0.750000,0.750000,0,0.000000,0.000000,0,0.000000,0.000000,0,0.000000,0.000000,0,0.000000,0.000000,0,0.000000,0.000000,0,0.000000,0.000000,0,0.000000,0.000000,0,0.000000,0.000000,0,0.000000,0.000000,0,0.000000,0.000000,0,0.000000,0.000000,0,0.000000,0.000000,0,0.000000,0.000000,0,0.000000,0.000000,0,0.000000,0.000000,0,0.000000,0.000000,0,0.000000,0.000000,1,0.250000,0.250000,0,0.000000,0.000000,0,0.000000,0.000000,0,0.000000,0.000000,0,0.000000,0.000000,0,0.000000,0.000000,0,0.000000,0.000000,0,0.000000,0.000000,0,0.000000,0.000000,0,0.000000,0.000000,0,0.000000,0.000000,0,0.000000,0.000000,0,0.000000,0.000000,0,0.000000,0.000000,0,0.000000,0.000000,0,0.000000,0.000000,0,0.000000,0.000000,0,0.000000,0.000000
349,0.000585,0,0.000000,0.000000,0,0.000000,0.000000,1,0.333333,0.333333,1,0.333333,0.333333,0,0.000000,0.000000,0,0.000000,0.000000,0,0.000000,0.000000,0,0.000000,0.000000,0,0.000000,0.000000,0,0.000000,0.000000,0,0.000000,0.000000,0,0.000000,0.000000,0,0.000000,0.000000,0,0.000000,0.000000,0,0.000000,0.000000,0,0.000000,0.000000,0,0.000000,0.000000,0,0.000000,0.000000,0,0.000000,0.000000,0,0.000000,0.000000,0,0.000000,0.000000,0,0.000000,0.000000,0,0.000000,0.000000,0,0.000000,0.000000,0,0.000000,0.000000,1,0.333333,0.333333,0,0.000000,0.000000,0,0.000000,0.000000,0,0.000000,0.000000,0,0.000000,0.000000,0,0.000000,0.000000,0,0.000000,0.000000,0,0.000000,0.000000,0,0.000000,0.000000,0,0.000000,0.000000,0,0.000000,0.000000,0,0.000000,0.000000
350,0.004665,0,0.000000,0.000000,0,0.000000,0.000000,0,0.000000,0.000000,0,0.000000,0.000000,0,0.000000,0.000000,0,0.000000,0.000000,0,0.000000,0.000000,0,0.000000,0.000000,0,0.000000,0.000000,0,0.000000,0.000000,0,0.000000,0.000000,0,0.000000,0.000000,0,0.000000,0.000000,0,0.000000,0.000000,24,1.000000,1.000000,0,0.000000,0.000000,0,0.000000,0.000000,0,0.000000,0.000000,0,0.000000,0.000000,0,0.000000,0.000000,0,0.000000,0.000000,0,0.000000,0.000000,0,0.000000,0.000000,0,0.000000,0.000000,0,0.000000,0.000000,0,0.000000,0.000000,0,0.000000,0.000000,0,0.000000,0.000000,0,0.000000,0.000000,0,0.000000,0.000000,0,0.000000,0.000000,0,0.000000,0.000000,0,0.000000,0.000000,0,0.000000,0.000000,0,0.000000,0.000000,0,0.000000,0.000000,0,0.000000,0.000000
351,0.000440,0,0.000000,0.000000,0,0.000000,0.000000,1,0.200000,0.200000,0,0.000000,0.000000,0,0.000000,0.000000,3,0.600000,0.600000,0,0.000000,0.000000,0,0.000000,0.000000,0,0.000000,0.000000,0,0.000000,0.000000,0,0.000000,0.000000,0,0.000000,0.000000,0,0.000000,0.000000,0,0.000000,0.000000,0,0.000000,0.000000,0,0.000000,0.000000,0,0.000000,0.000000,0,0.000000,0.000000,0,0.000000,0.000000,0,0.000000,0.000000,0,0.000000,0.000000,0,0.000000,0.000000,0,0.000000,0.000000,0,0.000000,0.000000,0,0.000000,0.000000,0,0.000000,0.000000,0,0.000000,0.000000,0,0.000000,0.000000,0,0.000000,0.000000,1,0.200000,0.000000,0,0.000000,0.000000,0,0.000000,0.000000,0,0.000000,0.000000,0,0.000000,0.000000,0,0.000000,0.000000,0,0.000000,0.000000,1,0.200000,0.000000
352,0.001230,0,0.000000,0.000000,0,0.000000,0.000000,1,0.125000,0.000000,0,0.000000,0.000000,0,0.000000,0.000000,0,0.000000,0.000000,0,0.000000,0.000000,0,0.000000,0.000000,0,0.000000,0.000000,0,0.000000,0.000000,0,0.000000,0.000000,0,0.000000,0.000000,0,0.000000,0.000000,0,0.000000,0.000000,6,0.750000,0.625000,0,0.000000,0.000000,0,0.000000,0.000000,0,0.000000,0.000000,0,0.000000,0.000000,0,0.000000,0.000000,0,0.000000,0.000000,0,0.000000,0.000000,0,0.000000,0.000000,0,0.000000,0.000000,0,0.000000,0.000000,2,0.250000,0.250000,0,0.000000,0.000000,0,0.000000,0.000000,0,0.000000,0.000000,0,0.000000,0.000000,0,0.000000,0.000000,0,0.000000,0.000000,0,0.000000,0.000000,0,0.000000,0.000000,0,0.000000,0.000000,0,0.000000,0.000000,0,0.000000,0.000000
353,0.000050,0,0.000000,0.000000,0,0.000000,0.000000,0,0.000000,0.000000,0,0.000000,0.000000,0,0.000000,0.000000,0,0.000000,0.000000,0,0.000000,0.000000,0,0.000000,0.000000,0,0.000000,0.000000,0,0.000000,0.000000,0,0.000000,0.000000,0,0.000000,0.000000,0,0.000000,0.000000,0,0.000000,0.000000,0,0.000000,0.000000,0,0.000000,0.000000,0,0.000000,0.000000,0,0.000000,0.000000,0,0.000000,0.000000,0,0.000000,0.000000,0,0.000000,0.000000,0,0.000000,0.000000,0,0.000000,0.000000,0,0.000000,0.000000,0,0.000000,0.000000,0,0.000000,0.000000,0,0.000000,0.000000,0,0.000000,0.000000,0,0.000000,0.000000,0,0.000000,0.000000,0,0.000000,0.000000,0,0.000000,0.000000,0,0.000000,0.000000,0,0.000000,0.000000,0,0.000000,0.000000,0,0.000000,0.000000,1,1.000000,1.000000
354,0.000765,0,0.000000,0.000000,0,0.000000,0.000000,5,0.833333,0.833333,0,0.000000,0.000000,0,0.000000,0.000000,0,0.000000,0.000000,0,0.000000,0.000000,0,0.000000,0.000000,0,0.000000,0.000000,0,0.000000,0.000000,0,0.000000,0.000000,0,0.000000,0.000000,0,0.000000,0.000000,0,0.000000,0.000000,0,0.000000,0.000000,0,0.000000,0.000000,0,0.000000,0.000000,0,0.000000,0.000000,1,0.166667,0.166667,0,0.000000,0.000000,0,0.000000,0.000000,0,0.000000,0.000000,0,0.000000,0.000000,0,0.000000,0.000000,0,0.000000,0.000000,0,0.000000,0.000000,0,0.000000,0.000000,0,0.000000,0.000000,0,0.000000,0.000000,0,0.000000,0.000000,0,0.000000,0.000000,0,0.000000,0.000000,0,0.000000,0.000000,0,0.000000,0.000000,0,0.000000,0.000000,0,0.000000,0.000000,0,0.000000,0.000000
355,0.000590,0,0.000000,0.000000,6,1.000000,1.000000,0,0.000000,0.000000,0,0.000000,0.000000,0,0.000000,0.000000,0,0.000000,0.000000,0,0.000000,0.000000,0,0.000000,0.000000,0,0.000000,0.000000,0,0.000000,0.000000,0,0.000000,0.000000,0,0.000000,0.000000,0,0.000000,0.000000,0,0.000000,0.000000,0,0.000000,0.000000,0,0.000000,0.000000,0,0.000000,0.000000,0,0.000000,0.000000,0,0.000000,0.000000,0,0.000000,0.000000,0,0.000000,0.000000,0,0.000000,0.000000,0,0.000000,0.000000,0,0.000000,0.000000,0,0.000000,0.000000,0,0.000000,0.000000,0,0.000000,0.000000,0,0.000000,0.000000,0,0.000000,0.000000,0,0.000000,0.000000,0,0.000000,0.000000,0,0.000000,0.000000,0,0.000000,0.000000,0,0.000000,0.000000,0,0.000000,0.000000,0,0.000000,0.000000,0,0.000000,0.000000
356,0.000250,0,0.000000,0.000000,0,0.000000,0.000000,0,0.000000,0.000000,0,0.000000,0.000000,0,0.000000,0.000000,0,0.000000,0.000000,0,0.000000,0.000000,0,0.000000,0.000000,0,0.000000,0.000000,0,0.000000,0.000000,0,0.000000,0.000000,0,0.000000,0.000000,0,0.000000,0.000000,0,0.000000,0.000000,0,0.000000,0.000000,0,0.000000,0.000000,0,0.000000,0.000000,0,0.000000,0.000000,0,0.000000,0.000000,0,0.000000,0.000000,0,0.000000,0.000000,0,0.000000,0.000000,0,0.000000,0.000000,0,0.000000,0.000000,0,0.000000,0.000000,0,0.000000,0.000000,0,0.000000,0.000000,0,0.000000,0.000000,0,0.000000,0.000000,0,0.000000,0.000000,0,0.000000,0.000000,0,0.000000,0.000000,0,0.000000,0.000000,0,0.000000,0.000000,2,1.000000,1.000000,0,0.000000,0.000000,0,0.000000,0.000000
357,0.000840,0,0.000000,0.000000,0,0.000000,0.000000,3,0.428571,0.285714,0,0.000000,0.000000,0,0.000000,0.000000,0,0.000000,0.000000,0,0.000000,0.000000,0,0.000000,0.000000,0,0.000000,0.000000,0,0.000000,0.000000,0,0.000000,0.000000,0,0.000000,0.000000,0,0.000000,0.000000,0,0.000000,0.000000,3,0.428571,0.285714,0,0.000000,0.000000,0,0.000000,0.000000,0,0.000000,0.000000,0,0.000000,0.000000,0,0.000000,0.000000,0,0.000000,0.000000,0,0.000000,0.000000,0,0.000000,0.000000,0,0.000000,0.000000,0,0.000000,0.000000,2,0.285714,0.285714,0,0.000000,0.000000,0,0.000000,0.000000,0,0.000000,0.000000,0,0.000000,0.000000,0,0.000000,0.000000,0,0.000000,0.000000,0,0.000000,0.000000,0,0.000000,0.000000,0,0.000000,0.000000,0,0.000000,0.000000,0,0.000000,0.000000
358,0.001465,0,0.000000,0.000000,0,0.000000,0.000000,1,0.090909,0.090909,1,0.090909,0.000000,0,0.000000,0.000000,0,0.000000,0.000000,0,0.000000,0.000000,0,0.000000,0.000000,0,0.000000,0.000000,0,0.000000,0.000000,0,0.000000,0.000000,0,0.000000,0.000000,0,0.000000,0.000000,0,0.000000,0.000000,10,0.909091,0.818182,0,0.000000,0.000000,0,0.000000,0.000000,0,0.000000,0.000000,0,0.000000,0.000000,0,0.000000,0.000000,0,0.000000,0.000000,0,0.000000,0.000000,0,0.000000,0.000000,0,0.000000,0.000000,0,0.000000,0.000000,0,0.000000,0.000000,0,0.000000,0.000000,0,0.000000,0.000000,0,0.000000,0.000000,0,0.000000,0.000000,0,0.000000,0.000000,0,0.000000,0.000000,0,0.000000,0.000000,0,0.000000,0.000000,0,0.000000,0.000000,0,0.000000,0.000000,0,0.000000,0.000000
359,0.002785,0,0.000000,0.000000,0,0.000000,0.000000,0,0.000000,0.000000,0,0.000000,0.000000,0,0.000000,0.000000,0,0.000000,0.000000,0,0.000000,0.000000,0,0.000000,0.000000,0,0.000000,0.000000,0,0.000000,0.000000,0,0.000000,0.000000,0,0.000000,0.000000,0,0.000000,0.000000,0,0.000000,0.000000,0,0.000000,0.000000,0,0.000000,0.000000,0,0.000000,0.000000,0,0.000000,0.000000,0,0.000000,0.000000,0,0.000000,0.000000,0,0.000000,0.000000,0,0.000000,0.000000,0,0.000000,0.000000,0,0.000000,0.000000,0,0.000000,0.000000,21,1.000000,1.000000,0,0.000000,0.000000,0,0.000000,0.000000,0,0.000000,0.000000,0,0.000000,0.000000,0,0.000000,0.000000,0,0.000000,0.000000,0,0.000000,0.000000,0,0.000000,0.000000,0,0.000000,0.000000,0,0.000000,0.000000,0,0.000000,0.000000
360,0.000120,0,0.000000,0.000000,0,0.000000,0.000000,0,0.000000,0.000000,0,0.000000,0.000000,0,0.000000,0.000000,0,0.000000,0.000000,0,0.000000,0.000000,0,0.000000,0.000000,0,0.000000,0.000000,0,0.000000,0.000000,1,1.000000,1.000000,0,0.000000,0.000000,0,0.000000,0.000000,0,0.000000,0.000000,0,0.000000,0.000000,0,0.000000,0.000000,0,0.000000,0.000000,0,0.000000,0.000000,0,0.000000,0.000000,0,0.000000,0.000000,0,0.000000,0.000000,0,0.000000,0.000000,0,0.000000,0.000000,0,0.000000,0.000000,0,0.000000,0.000000,0,0.000000,0.000000,0,0.000000,0.000000,0,0.000000,0.000000,0,0.000000,0.000000,0,0.000000,0.000000,0,0.000000,0.000000,0,0.000000,0.000000,0,0.000000,0.000000,0,0.000000,0.000000,0,0.000000,0.000000,0,0.000000,0.000000,0,0.000000,0.000000
361,0.000465,0,0.000000,0.000000,3,0.750000,0.750000,0,0.000000,0.000000,0,0.000000,0.000000,0,0.000000,0.000000,0,0.000000,0.000000,0,0.000000,0.000000,0,0.000000,0.000000,0,0.000000,0.000000,0,0.000000,0.000000,0,0.000000,0.000000,0,0.000000,0.000000,0,0.000000,0.000000,0,0.000000,0.000000,1,0.250000,0.250000,0,0.000000,0.000000,0,0.000000,0.000000,0,0.000000,0.000000,0,0.000000,0.000000,0,0.000000,0.000000,0,0.000000,0.000000,0,0.000000,0.000000,0,0.000000,0.000000,0,0.000000,0.000000,0,0.000000,0.000000,0,0.000000,0.000000,0,0.000000,0.000000,0,0.000000,0.000000,0,0.000000,0.000000,0,0.000000,0.000000,0,0.000000,0.000000,0,0.000000,0.000000,0,0.000000,0.000000,0,0.000000,0.000000,0,0.000000,0.000000,0,0.000000,0.000000,0,0.000000,0.000000
362,0.000000,0,0.000000,0.000000,0,0.000000,0.000000,0,0.000000,0.000000,0,0.000000,0.000000,0,0.000000,0.000000,0,0.000000,0.000000,0,0.000000,0.000000,0,0.000000,0.000000,0,0.000000,0.000000,0,0.000000,0.000000,0,0.000000,0.000000,0,0.000000,0.000000,0,0.000000,0.000000,0,0.000000,0.000000,0,0.000000,0.000000,0,0.000000,0.000000,0,0.000000,0.000000,0,0.000000,0.000000,0,0.000000,0.000000,0,0.000000,0.000000,0,0.000000,0.000000,0,0.000000,0.000000,0,0.000000,0.000000,0,0.000000,0.000000,0,0.000000,0.000000,0,0.000000,0.000000,0,0.000000,0.000000,0,0.000000,0.000000,0,0.000000,0.000000,0,0.000000,0.000000,0,0.000000,0.000000,0,0.000000,0.000000,0,0.000000,0.000000,0,0.000000,0.000000,0,0.000000,0.000000,0,0.000000,0.000000,0,0.000000,0.000000
363,0.000950,0,0.000000,0.000000,0,0.000000,0.000000,0,0.000000,0.000000,0,0.000000,0.000000,0,0.000000,0.000000,0,0.000000,0.000000,0,0.000000,0.000000,0,0.000000,0.000000,0,0.000000,0.000000,0,0.000000,0.000000,0,0.000000,0.000000,0,0.000000,0.000000,0,0.000000,0.000000,0,0.000000,0.000000,5,0.833333,0.833333,0,0.000000,0.000000,0,0.000000,0.000000,0,0.000000,0.000000,0,0.000000,0.000000,0,0.000000,0.000000,0,0.000000,0.000000,0,0.000000,0.000000,0,0.000000,0.000000,0,0.000000,0.000000,0,0.000000,0.000000,1,0.166667,0.166667,0,0.000000,0.000000,0,0.000000,0.000000,0,0.000000,0.000000,0,0.000000,0.000000,0,0.000000,0.000000,0,0.000000,0.000000,0,0.000000,0.000000,0,0.000000,0.000000,0,0.000000,0.000000,0,0.000000,0.000000,0,0.000000,0.000000
364,0.000120,0,0.000000,0.000000,1,1.000000,1.000000,0,0.000000,0.000000,0,0.000000,0.000000,0,0.000000,0.000000,0,0.000000,0.000000,0,0.000000,0.000000,0,0.000000,0.000000,0,0.000000,0.000000,0,0.000000,0.000000,0,0.000000,0.000000,0,0.000000,0.000000,0,0.000000,0.000000,0,0.000000,0.000000,0,0.000000,0.000000,0,0.000000,0.000000,0,0.000000,0.000000,0,0.000000,0.000000,0,0.000000,0.000000,0,0.000000,0.000000,0,0.000000,0.000000,0,0.000000,0.000000,0,0.000000,0.000000,0,0.000000,0.000000,0,0.000000,0.000000,0,0.000000,0.000000,0,0.000000,0.000000,0,0.000000,0.000000,0,0.000000,0.000000,0,0.000000,0.000000,0,0.000000,0.000000,0,0.000000,0.000000,0,0.000000,0.000000,0,0.000000,0.000000,0,0.000000,0.000000,0,0.000000,0.000000,0,0.000000,0.000000
365,0.000125,0,0.000000,0.000000,1,1.000000,1.000000,0,0.000000,0.000000,0,0.000000,0.000000,0,0.000000,0.000000,0,0.000000,0.000000,0,0.000000,0.000000,0,0.000000,0.000000,0,0.000000,0.000000,0,0.000000,0.000000,0,0.000000,0.000000,0,0.000000,0.000000,0,0.000000,0.000000,0,0.000000,0.000000,0,0.000000,0.000000,0,0.000000,0.000000,0,0.000000,0.000000,0,0.000000,0.000000,0,0.000000,0.000000,0,0.000000,0.000000,0,0.000000,0.000000,0,0.000000,0.000000,0,0.000000,0.000000,0,0.000000,0.000000,0,0.000000,0.000000,0,0.000000,0.000000,0,0.000000,0.000000,0,0.000000,0.000000,0,0.000000,0.000000,0,0.000000,0.000000,0,0.000000,0.000000,0,0.000000,0.000000,0,0.000000,0.000000,0,0.000000,0.000000,0,0.000000,0.000000,0,0.000000,0.000000,0,0.000000,0.000000
366,0.000275,0,0.000000,0.000000,0,0.000000,0.000000,0,0.000000,0.000000,0,0.000000,0.000000,0,0.000000,0.000000,0,0.000000,0.000000,0,0.000000,0.000000,0,0.000000,0.000000,0,0.000000,0.000000,0,0.000000,0.000000,0,0.000000,0.000000,0,0.000000,0.000000,0,0.000000,0.000000,0,0.000000,0.000000,0,0.000000,0.000000,0,0.000000,0.000000,0,0.000000,0.000000,0,0.000000,0.000000,0,0.000000,0.000000,0,0.000000,0.000000,0,0.000000,0.000000,0,0.000000,0.000000,0,0.000000,0.000000,0,0.000000,0.000000,0,0.000000,0.000000,0,0.000000,0.000000,0,0.000000,0.000000,0,0.000000,0.000000,0,0.000000,0.000000,0,0.000000,0.000000,0,0.000000,0.000000,0,0.000000,0.000000,0,0.000000,0.000000,0,0.000000,0.000000,2,1.000000,1.000000,0,0.000000,0.000000,0,0.000000,0.000000
367,0.000400,0,0.000000,0.000000,0,0.000000,0.000000,0,0.000000,0.000000,0,0.000000,0.000000,2,1.000000,1.000000,0,0.000000,0.000000,0,0.000000,0.000000,0,0.000000,0.000000,0,0.000000,0.000000,0,0.000000,0.000000,0,0.000000,0.000000,0,0.000000,0.000000,0,0.000000,0.000000,0,0.000000,0.000000,0,0.000000,0.000000,0,0.000000,0.000000,0,0.000000,0.000000,0,0.000000,0.000000,0,0.000000,0.000000,0,0.000000,0.000000,0,0.000000,0.000000,0,0.000000,0.000000,0,0.000000,0.000000,0,0.000000,0.000000,0,0.000000,0.000000,0,0.000000,0.000000,0,0.000000,0.000000,0,0.000000,0.000000,0,0.000000,0.000000,0,0.000000,0.000000,0,0.000000,0.000000,0,0.000000,0.000000,0,0.000000,0.000000,0,0.000000,0.000000,0,0.000000,0.000000,0,0.000000,0.000000,0,0.000000,0.000000
368,0.000830,0,0.000000,0.000000,0,0.000000,0.000000,0,0.000000,0.000000,0,0.000000,0.000000,0,0.000000,0.000000,0,0.000000,0.000000,0,0.000000,0.000000,0,0.000000,0.000000,0,0.000000,0.000000,0,0.000000,0.000000,0,0.000000,0.000000,0,0.000000,0.000000,0,0.000000,0.000000,0,0.000000,0.000000,0,0.000000,0.000000,0,0.000000,0.000000,0,0.000000,0.000000,0,0.000000,0.000000,0,0.000000,0.000000,0,0.000000,0.000000,0,0.000000,0.000000,0,0.000000,0.000000,0,0.000000,0.000000,0,0.000000,0.000000,0,0.000000,0.000000,7,1.000000,1.000000,0,0.000000,0.000000,0,0.000000,0.000000,0,0.000000,0.000000,0,0.000000,0.000000,0,0.000000,0.000000,0,0.000000,0.000000,0,0.000000,0.000000,0,0.000000,0.000000,0,0.000000,0.000000,0,0.000000,0.000000,0,0.000000,0.000000
369,0.000125,0,0.000000,0.000000,0,0.000000,0.000000,0,0.000000,0.000000,0,0.000000,0.000000,0,0.000000,0.000000,0,0.000000,0.000000,0,0.000000,0.000000,0,0.000000,0.000000,0,0.000000,0.000000,0,0.000000,0.000000,0,0.000000,0.000000,0,0.000000,0.000000,0,0.000000,0.000000,0,0.000000,0.000000,0,0.000000,0.000000,0,0.000000,0.000000,0,0.000000,0.000000,0,0.000000,0.000000,0,0.000000,0.000000,0,0.000000,0.000000,0,0.000000,0.000000,2,1.000000,1.000000,0,0.000000,0.000000,0,0.000000,0.000000,0,0.000000,0.000000,0,0.000000,0.000000,0,0.000000,0.000000,0,0.000000,0.000000,0,0.000000,0.000000,0,0.000000,0.000000,0,0.000000,0.000000,0,0.000000,0.000000,0,0.000000,0.000000,0,0.000000,0.000000,0,0.000000,0.000000,0,0.000000,0.000000,0,0.000000,0.000000
370,0.000135,0,0.000000,0.000000,0,0.000000,0.000000,0,0.000000,0.000000,0,0.000000,0.000000,0,0.000000,0.000000,0,0.000000,0.000000,0,0.000000,0.000000,1,1.000000,1.000000,0,0.000000,0.000000,0,0.000000,0.000000,0,0.000000,0.000000,0,0.000000,0.000000,0,0.000000,0.000000,0,0.000000,0.000000,0,0.000000,0.000000,0,0.000000,0.000000,0,0.000000,0.000000,0,0.000000,0.000000,0,0.000000,0.000000,0,0.000000,0.000000,0,0.000000,0.000000,0,0.000000,0.000000,0,0.000000,0.000000,0,0.000000,0.000000,0,0.000000,0.000000,0,0.000000,0.000000,0,0.000000,0.000000,0,0.000000,0.000000,0,0.000000,0.000000,0,0.000000,0.000000,0,0.000000,0.000000,0,0.000000,0.000000,0,0.000000,0.000000,0,0.000000,0.000000,0,0.000000,0.000000,0,0.000000,0.000000,0,0.000000,0.000000
371,0.000395,0,0.000000,0.000000,0,0.000000,0.000000,0,0.000000,0.000000,0,0.000000,0.000000,0,0.000000,0.000000,0,0.000000,0.000000,0,0.000000,0.000000,0,0.000000,0.000000,0,0.000000,0.000000,0,0.000000,0.000000,0,0.000000,0.000000,0,0.000000,0.000000,0,0.000000,0.000000,0,0.000000,0.000000,2,1.000000,1.000000,0,0.000000,0.000000,0,0.000000,0.000000,0,0.000000,0.000000,0,0.000000,0.000000,0,0.000000,0.000000,0,0.000000,0.000000,0,0.000000,0.000000,0,0.000000,0.000000,0,0.000000,0.000000,0,0.000000,0.000000,0,0.000000,0.000000,0,0.000000,0.000000,0,0.000000,0.000000,0,0.000000,0.000000,0,0.000000,0.000000,0,0.000000,0.000000,0,0.000000,0.000000,0,0.000000,0.000000,0,0.000000,0.000000,0,0.000000,0.000000,0,0.000000,0.000000,0,0.000000,0.000000
372,0.000420,0,0.000000,0.000000,0,0.000000,0.000000,0,0.000000,0.000000,0,0.000000,0.000000,0,0.000000,0.000000,0,0.000000,0.000000,0,0.000000,0.000000,0,0.000000,0.000000,0,0.000000,0.000000,0,0.000000,0.000000,0,0.000000,0.000000,0,0.000000,0.000000,0,0.000000,0.000000,0,0.000000,0.000000,0,0.000000,0.000000,0,0.000000,0.000000,0,0.000000,0.000000,0,0.000000,0.000000,0,0.000000,0.000000,0,0.000000,0.000000,0,0.000000,0.000000,0,0.000000,0.000000,0,0.000000,0.000000,0,0.000000,0.000000,0,0.000000,0.000000,0,0.000000,0.000000,0,0.000000,0.000000,0,0.000000,0.000000,0,0.000000,0.000000,0,0.000000,0.000000,0,0.000000,0.000000,0,0.000000,0.000000,0,0.000000,0.000000,0,0.000000,0.000000,4,1.000000,1.000000,0,0.000000,0.000000,0,0.000000,0.000000
373,0.000455,0,0.000000,0.000000,0,0.000000,0.000000,0,0.000000,0.000000,0,0.000000,0.000000,2,1.000000,1.000000,0,0.000000,0.000000,0,0.000000,0.000000,0,0.000000,0.000000,0,0.000000,0.000000,0,0.000000,0.000000,0,0.000000,0.000000,0,0.000000,0.000000,0,0.000000,0.000000,0,0.000000,0.000000,0,0.000000,0.000000,0,0.000000,0.000000,0,0.000000,0.000000,0,0.000000,0.000000,0,0.000000,0.000000,0,0.000000,0.000000,0,0.000000,0.000000,0,0.000000,0.000000,0,0.000000,0.000000,0,0.000000,0.000000,0,0.000000,0.000000,0,0.000000,0.000000,0,0.000000,0.000000,0,0.000000,0.000000,0,0.000000,0.000000,0,0.000000,0.000000,0,0.000000,0.000000,0,0.000000,0.000000,0,0.000000,0.000000,0,0.000000,0.000000,0,0.000000,0.000000,0,0.000000,0.000000,0,0.000000,0.000000
374,0.000020,0,0.000000,0.000000,0,0.000000,0.000000,0,0.000000,0.000000,0,0.000000,0.000000,0,0.000000,0.000000,0,0.000000,0.000000,0,0.000000,0.000000,0,0.000000,0.000000,0,0.000000,0.000000,0,0.000000,0.000000,0,0.000000,0.000000,0,0.000000,0.000000,0,0.000000,0.000000,0,0.000000,0.000000,0,0.000000,0.000000,0,0.000000,0.000000,0,0.000000,0.000000,0,0.000000,0.000000,0,0.000000,0.000000,0,0.000000,0.000000,0,0.000000,0.000000,1,1.000000,1.000000,0,0.000000,0.000000,0,0.000000,0.000000,0,0.000000,0.000000,0,0.000000,0.000000,0,0.000000,0.000000,0,0.000000,0.000000,0,0.000000,0.000000,0,0.000000,0.000000,0,0.000000,0.000000,0,0.000000,0.000000,0,0.000000,0.000000,0,0.000000,0.000000,0,0.000000,0.000000,0,0.000000,0.000000,0,0.000000,0.000000
375,0.000620,0,0.000000,0.000000,5,1.000000,1.000000,0,0.000000,0.000000,0,0.000000,0.000000,0,0.000000,0.000000,0,0.000000,0.000000,0,0.000000,0.000000,0,0.000000,0.000000,0,0.000000,0.000000,0,0.000000,0.000000,0,0.000000,0.000000,0,0.000000,0.000000,0,0.000000,0.000000,0,0.000000,0.000000,0,0.000000,0.000000,0,0.000000,0.000000,0,0.000000,0.000000,0,0.000000,0.000000,0,0.000000,0.000000,0,0.000000,0.000000,0,0.000000,0.000000,0,0.000000,0.000000,0,0.000000,0.000000,0,0.000000,0.000000,0,0.000000,0.000000,0,0.000000,0.000000,0,0.000000,0.000000,0,0.000000,0.000000,0,0.000000,0.000000,0,0.000000,0.000000,0,0.000000,0.000000,0,0.000000,0.000000,0,0.000000,0.000000,0,0.000000,0.000000,0,0.000000,0.000000,0,0.000000,0.000000,0,0.000000,0.000000
376,0.000130,0,0.000000,0.000000,0,0.000000,0.000000,0,0.000000,0.000000,0,0.000000,0.000000,0,0.000000,0.000000,1,1.000000,1.000000,0,0.000000,0.000000,0,0.000000,0.000000,0,0.000000,0.000000,0,0.000000,0.000000,0,0.000000,0.000000,0,0.000000,0.000000,0,0.000000,0.000000,0,0.000000,0.000000,0,0.000000,0.000000,0,0.000000,0.000000,0,0.000000,0.000000,0,0.000000,0.000000,0,0.000000,0.000000,0,0.000000,0.000000,0,0.000000,0.000000,0,0.000000,0.000000,0,0.000000,0.000000,0,0.000000,0.000000,0,0.000000,0.000000,0,0.000000,0.000000,0,0.000000,0.000000,0,0.000000,0.000000,0,0.000000,0.000000,0,0.000000,0.000000,0,0.000000,0.000000,0,0.000000,0.000000,0,0.000000,0.000000,0,0.000000,0.000000,0,0.000000,0.000000,0,0.000000,0.000000,0,0.000000,0.000000
377,0.000230,0,0.000000,0.000000,0,0.000000,0.000000,0,0.000000,0.000000,0,0.000000,0.000000,0,0.000000,0.000000,1,0.500000,0.500000,0,0.000000,0.000000,0,0.000000,0.000000,0,0.000000,0.000000,0,0.000000,0.000000,0,0.000000,0.000000,0,0.000000,0.000000,0,0.000000,0.000000,0,0.000000,0.000000,0,0.000000,0.000000,0,0.000000,0.000000,1,0.500000,0.500000,0,0.000000,0.000000,0,0.000000,0.000000,0,0.000000,0.000000,0,0.000000,0.000000,0,0.000000,0.000000,0,0.000000,0.000000,0,0.000000,0.000000,0,0.000000,0.000000,0,0.000000,0.000000,0,0.000000,0.000000,0,0.000000,0.000000,0,0.000000,0.000000,0,0.000000,0.000000,0,0.000000,0.000000,0,0.000000,0.000000,0,0.000000,0.000000,0,0.000000,0.000000,0,0.000000,0.000000,0,0.000000,0.000000,0,0.000000,0.000000
378,0.000275,0,0.000000,0.000000,0,0.000000,0.000000,0,0.000000,0.000000,0,0.000000,0.000000,0,0.000000,0.000000,0,0.000000,0.000000,0,0.000000,0.000000,0,0.000000,0.000000,0,0.000000,0.000000,0,0.000000,0.000000,0,0.000000,0.000000,0,0.000000,0.000000,0,0.000000,0.000000,0,0.000000,0.000000,0,0.000000,0.000000,0,0.000000,0.000000,0,0.000000,0.000000,0,0.000000,0.000000,0,0.000000,0.000000,0,0.000000,0.000000,0,0.000000,0.000000,0,0.000000,0.000000,0,0.000000,0.000000,0,0.000000,0.000000,0,0.000000,0.000000,0,0.000000,0.000000,0,0.000000,0.000000,0,0.000000,0.000000,0,0.000000,0.000000,0,0.000000,0.000000,0,0.000000,0.000000,0,0.000000,0.000000,0,0.000000,0.000000,0,0.000000,0.000000,3,1.000000,1.000000,0,0.000000,0.000000,0,0.000000,0.000000
379,0.000145,0,0.000000,0.000000,0,0.000000,0.000000,0,0.000000,0.000000,0,0.000000,0.000000,1,1.000000,1.000000,0,0.000000,0.000000,0,0.000000,0.000000,0,0.000000,0.000000,0,0.000000,0.000000,0,0.000000,0.000000,0,0.000000,0.000000,0,0.000000,0.000000,0,0.000000,0.000000,0,0.000000,0.000000,0,0.000000,0.000000,0,0.000000,0.000000,0,0.000000,0.000000,0,0.000000,0.000000,0,0.000000,0.000000,0,0.000000,0.000000,0,0.000000,0.000000,0,0.000000,0.000000,0,0.000000,0.000000,0,0.000000,0.000000,0,0.000000,0.000000,0,0.000000,0.000000,0,0.000000,0.000000,0,0.000000,0.000000,0,0.000000,0.000000,0,0.000000,0.000000,0,0.000000,0.000000,0,0.000000,0.000000,0,0.000000,0.000000,0,0.000000,0.000000,0,0.000000,0.000000,0,0.000000,0.000000,0,0.000000,0.000000
380,0.000995,0,0.000000,0.000000,0,0.000000,0.000000,0,0.000000,0.000000,0,0.000000,0.000000,0,0.000000,0.000000,0,0.000000,0.000000,0,0.000000,0.000000,0,0.000000,0.000000,0,0.000000,0.000000,0,0.000000,0.000000,0,0.000000,0.000000,0,0.000000,0.000000,0,0.000000,0.000000,0,0.000000,0.000000,0,0.000000,0.000000,0,0.000000,0.000000,0,0.000000,0.000000,0,0.000000,0.000000,0,0.000000,0.000000,2,0.333333,0.333333,0,0.000000,0.000000,0,0.000000,0.000000,0,0.000000,0.000000,0,0.000000,0.000000,0,0.000000,0.000000,4,0.666667,0.666667,0,0.000000,0.000000,0,0.000000,0.000000,0,0.000000,0.000000,0,0.000000,0.000000,0,0.000000,0.000000,0,0.000000,0.000000,0,0.000000,0.000000,0,0.000000,0.000000,0,0.000000,0.000000,0,0.000000,0.000000,0,0.000000,0.000000
381,0.000115,0,0.000000,0.000000,0,0.000000,0.000000,0,0.000000,0.000000,0,0.000000,0.000000,0,0.000000,0.000000,0,0.000000,0.000000,0,0.000000,0.000000,0,0.000000,0.000000,0,0.000000,0.000000,0,0.000000,0.000000,0,0.000000,0.000000,0,0.000000,0.000000,0,0.000000,0.000000,0,0.000000,0.000000,0,0.000000,0.000000,0,0.000000,0.000000,1,1.000000,1.000000,0,0.000000,0.000000,0,0.000000,0.000000,0,0.000000,0.000000,0,0.000000,0.000000,0,0.000000,0.000000,0,0.000000,0.000000,0,0.000000,0.000000,0,0.000000,0.000000,0,0.000000,0.000000,0,0.000000,0.000000,0,0.000000,0.000000,0,0.000000,0.000000,0,0.000000,0.000000,0,0.000000,0.000000,0,0.000000,0.000000,0,0.000000,0.000000,0,0.000000,0.000000,0,0.000000,0.000000,0,0.000000,0.000000,0,0.000000,0.000000
382,0.001015,0,0.000000,0.000000,0,0.000000,0.000000,0,0.000000,0.000000,0,0.000000,0.000000,0,0.000000,0.000000,0,0.000000,0.000000,0,0.000000,0.000000,0,0.000000,0.000000,0,0.000000,0.000000,0,0.000000,0.000000,0,0.000000,0.000000,0,0.000000,0.000000,0,0.000000,0.000000,0,0.000000,0.000000,0,0.000000,0.000000,0,0.000000,0.000000,0,0.000000,0.000000,0,0.000000,0.000000,0,0.000000,0.000000,0,0.000000,0.000000,0,0.000000,0.000000,0,0.000000,0.000000,0,0.000000,0.000000,0,0.000000,0.000000,0,0.000000,0.000000,6,1.000000,1.000000,0,0.000000,0.000000,0,0.000000,0.000000,0,0.000000,0.000000,0,0.000000,0.000000,0,0.000000,0.000000,0,0.000000,0.000000,0,0.000000,0.000000,0,0.000000,0.000000,0,0.000000,0.000000,0,0.000000,0.000000,0,0.000000,0.000000
383,0.001315,0,0.000000,0.000000,0,0.000000,0.000000,0,0.000000,0.000000,0,0.000000,0.000000,0,0.000000,0.000000,4,0.400000,0.300000,0,0.000000,0.000000,0,0.000000,0.000000,0,0.000000,0.000000,0,0.000000,0.000000,0,0.000000,0.000000,0,0.000000,0.000000,0,0.000000,0.000000,0,0.000000,0.000000,0,0.000000,0.000000,0,0.000000,0.000000,0,0.000000,0.000000,0,0.000000,0.000000,0,0.000000,0.000000,0,0.000000,0.000000,0,0.000000,0.000000,0,0.000000,0.000000,0,0.000000,0.000000,0,0.000000,0.000000,0,0.000000,0.000000,7,0.700000,0.600000,0,0.000000,0.000000,0,0.000000,0.000000,0,0.000000,0.000000,0,0.000000,0.000000,0,0.000000,0.000000,0,0.000000,0.000000,0,0.000000,0.000000,0,0.000000,0.000000,0,0.000000,0.000000,0,0.000000,0.000000,0,0.000000,0.000000
384,0.000000,0,0.000000,0.000000,0,0.000000,0.000000,0,0.000000,0.000000,0,0.000000,0.000000,0,0.000000,0.000000,0,0.000000,0.000000,0,0.000000,0.000000,0,0.000000,0.000000,0,0.000000,0.000000,0,0.000000,0.000000,0,0.000000,0.000000,0,0.000000,0.000000,0,0.000000,0.000000,0,0.000000,0.000000,0,0.000000,0.000000,0,0.000000,0.000000,0,0.000000,0.000000,0,0.000000,0.000000,0,0.000000,0.000000,0,0.000000,0.000000,0,0.000000,0.000000,0,0.000000,0.000000,0,0.000000,0.000000,0,0.000000,0.000000,0,0.000000,0.000000,0,0.000000,0.000000,0,0.000000,0.000000,0,0.000000,0.000000,0,0.000000,0.000000,0,0.000000,0.000000,0,0.000000,0.000000,0,0.000000,0.000000,0,0.000000,0.000000,0,0.000000,0.000000,0,0.000000,0.000000,0,0.000000,0.000000,0,0.000000,0.000000
385,0.001625,0,0.000000,0.000000,0,0.000000,0.000000,0,0.000000,0.000000,0,0.000000,0.000000,0,0.000000,0.000000,0,0.000000,0.000000,0,0.000000,0.000000,0,0.000000,0.000000,0,0.000000,0.000000,0,0.000000,0.000000,0,0.000000,0.000000,0,0.000000,0.000000,0,0.000000,0.000000,0,0.000000,0.000000,0,0.000000,0.000000,0,0.000000,0.000000,0,0.000000,0.000000,0,0.000000,0.000000,0,0.000000,0.000000,0,0.000000,0.000000,0,0.000000,0.000000,0,0.000000,0.000000,0,0.000000,0.000000,0,0.000000,0.000000,0,0.000000,0.000000,11,1.000000,1.000000,0,0.000000,0.000000,0,0.000000,0.000000,0,0.000000,0.000000,0,0.000000,0.000000,0,0.000000,0.000000,0,0.000000,0.000000,0,0.000000,0.000000,0,0.000000,0.000000,0,0.000000,0.000000,0,0.000000,0.000000,0,0.000000,0.000000
386,0.000655,1,0.250000,0.250000,0,0.000000,0.000000,0,0.000000,0.000000,0,0.000000,0.000000,1,0.250000,0.250000,0,0.000000,0.000000,0,0.000000,0.000000,0,0.000000,0.000000,0,0.000000,0.000000,0,0.000000,0.000000,0,0.000000,0.000000,0,0.000000,0.000000,0,0.000000,0.000000,1,0.250000,0.250000,0,0.000000,0.000000,0,0.000000,0.000000,0,0.000000,0.000000,0,0.000000,0.000000,0,0.000000,0.000000,0,0.000000,0.000000,0,0.000000,0.000000,0,0.000000,0.000000,0,0.000000,0.000000,0,0.000000,0.000000,0,0.000000,0.000000,0,0.000000,0.000000,0,0.000000,0.000000,0,0.000000,0.000000,0,0.000000,0.000000,0,0.000000,0.000000,0,0.000000,0.000000,0,0.000000,0.000000,0,0.000000,0.000000,1,0.250000,0.250000,0,0.000000,0.000000,0,0.000000,0.000000,0,0.000000,0.000000
387,0.000555,0,0.000000,0.000000,0,0.000000,0.000000,0,0.000000,0.000000,0,0.000000,0.000000,0,0.000000,0.000000,0,0.000000,0.000000,2,0.400000,0.400000,0,0.000000,0.000000,0,0.000000,0.000000,0,0.000000,0.000000,0,0.000000,0.000000,0,0.000000,0.000000,0,0.000000,0.000000,0,0.000000,0.000000,0,0.000000,0.000000,0,0.000000,0.000000,0,0.000000,0.000000,0,0.000000,0.000000,0,0.000000,0.000000,0,0.000000,0.000000,0,0.000000,0.000000,0,0.000000,0.000000,0,0.000000,0.000000,0,0.000000,0.000000,0,0.000000,0.000000,3,0.600000,0.600000,0,0.000000,0.000000,0,0.000000,0.000000,0,0.000000,0.000000,0,0.000000,0.000000,0,0.000000,0.000000,0,0.000000,0.000000,0,0.000000,0.000000,0,0.000000,0.000000,0,0.000000,0.000000,0,0.000000,0.000000,0,0.000000,0.000000
388,0.000610,0,0.000000,0.000000,0,0.000000,0.000000,0,0.000000,0.000000,0,0.000000,0.000000,0,0.000000,0.000000,0,0.000000,0.000000,0,0.000000,0.000000,0,0.000000,0.000000,0,0.000000,0.000000,0,0.000000,0.000000,0,0.000000,0.000000,0,0.000000,0.000000,0,0.000000,0.000000,0,0.000000,0.000000,0,0.000000,0.000000,0,0.000000,0.000000,0,0.000000,0.000000,0,0.000000,0.000000,0,0.000000,0.000000,0,0.000000,0.000000,0,0.000000,0.000000,0,0.000000,0.000000,0,0.000000,0.000000,0,0.000000,0.000000,0,0.000000,0.000000,0,0.000000,0.000000,4,1.000000,1.000000,0,0.000000,0.000000,0,0.000000,0.000000,0,0.000000,0.000000,0,0.000000,0.000000,0,0.000000,0.000000,0,0.000000,0.000000,0,0.000000,0.000000,0,0.000000,0.000000,0,0.000000,0.000000,0,0.000000,0.000000
389,0.000000,0,0.000000,0.000000,0,0.000000,0.000000,0,0.000000,0.000000,0,0.000000,0.000000,0,0.000000,0.000000,0,0.000000,0.000000,0,0.000000,0.000000,0,0.000000,0.000000,0,0.000000,0.000000,0,0.000000,0.000000,0,0.000000,0.000000,0,0.000000,0.000000,0,0.000000,0.000000,0,0.000000,0.000000,0,0.000000,0.000000,0,0.000000,0.000000,0,0.000000,0.000000,0,0.000000,0.000000,0,0.000000,0.000000,0,0.000000,0.000000,0,0.000000,0.000000,0,0.000000,0.000000,0,0.000000,0.000000,0,0.000000,0.000000,0,0.000000,0.000000,0,0.000000,0.000000,0,0.000000,0.000000,0,0.000000,0.000000,0,0.000000,0.000000,0,0.000000,0.000000,0,0.000000,0.000000,0,0.000000,0.000000,0,0.000000,0.000000,0,0.000000,0.000000,0,0.000000,0.000000,0,0.000000,0.000000,0,0.000000,0.000000
390,0.000280,0,0.000000,0.000000,1,0.500000,0.500000,0,0.000000,0.000000,0,0.000000,0.000000,0,0.000000,0.000000,0,0.000000,0.000000,0,0.000000,0.000000,0,0.000000,0.000000,0,0.000000,0.000000,0,0.000000,0.000000,0,0.000000,0.000000,0,0.000000,0.000000,0,0.000000,0.000000,0,0.000000,0.000000,1,0.500000,0.500000,0,0.000000,0.000000,0,0.000000,0.000000,0,0.000000,0.000000,0,0.000000,0.000000,0,0.000000,0.000000,0,0.000000,0.000000,0,0.000000,0.000000,0,0.000000,0.000000,0,0.000000,0.000000,0,0.000000,0.000000,0,0.000000,0.000000,0,0.000000,0.000000,0,0.000000,0.000000,0,0.000000,0.000000,0,0.000000,0.000000,0,0.000000,0.000000,0,0.000000,0.000000,0,0.000000,0.000000,0,0.000000,0.000000,0,0.000000,0.000000,0,0.000000,0.000000,0,0.000000,0.000000
391,0.000205,0,0.000000,0.000000,0,0.000000,0.000000,0,0.000000,0.000000,0,0.000000,0.000000,0,0.000000,0.000000,0,0.000000,0.000000,0,0.000000,0.000000,0,0.000000,0.000000,0,0.000000,0.000000,0,0.000000,0.000000,0,0.000000,0.000000,0,0.000000,0.000000,0,0.000000,0.000000,0,0.000000,0.000000,0,0.000000,0.000000,0,0.000000,0.000000,0,0.000000,0.000000,0,0.000000,0.000000,0,0.000000,0.000000,0,0.000000,0.000000,0,0.000000,0.000000,0,0.000000,0.000000,0,0.000000,0.000000,0,0.000000,0.000000,0,0.000000,0.000000,2,1.000000,1.000000,0,0.000000,0.000000,0,0.000000,0.000000,0,0.000000,0.000000,0,0.000000,0.000000,0,0.000000,0.000000,0,0.000000,0.000000,0,0.000000,0.000000,0,0.000000,0.000000,0,0.000000,0.000000,0,0.000000,0.000000,0,0.000000,0.000000
392,0.000085,0,0.000000,0.000000,0,0.000000,0.000000,0,0.000000,0.000000,0,0.000000,0.000000,0,0.000000,0.000000,0,0.000000,0.000000,0,0.000000,0.000000,0,0.000000,0.000000,0,0.000000,0.000000,0,0.000000,0.000000,0,0.000000,0.000000,0,0.000000,0.000000,0,0.000000,0.000000,0,0.000000,0.000000,0,0.000000,0.000000,0,0.000000,0.000000,0,0.000000,0.000000,0,0.000000,0.000000,0,0.000000,0.000000,0,0.000000,0.000000,0,0.000000,0.000000,0,0.000000,0.000000,0,0.000000,0.000000,0,0.000000,0.000000,0,0.000000,0.000000,0,0.000000,0.000000,0,0.000000,0.000000,0,0.000000,0.000000,0,0.000000,0.000000,0,0.000000,0.000000,0,0.000000,0.000000,0,0.000000,0.000000,0,0.000000,0.000000,0,0.000000,0.000000,0,0.000000,0.000000,0,0.000000,0.000000,1,1.000000,1.000000
393,0.000235,0,0.000000,0.000000,0,0.000000,0.000000,0,0.000000,0.000000,0,0.000000,0.000000,0,0.000000,0.000000,0,0.000000,0.000000,0,0.000000,0.000000,0,0.000000,0.000000,0,0.000000,0.000000,0,0.000000,0.000000,0,0.000000,0.000000,0,0.000000,0.000000,0,0.000000,0.000000,0,0.000000,0.000000,0,0.000000,0.000000,0,0.000000,0.000000,0,0.000000,0.000000,0,0.000000,0.000000,0,0.000000,0.000000,0,0.000000,0.000000,0,0.000000,0.000000,0,0.000000,0.000000,0,0.000000,0.000000,0,0.000000,0.000000,0,0.000000,0.000000,2,1.000000,1.000000,0,0.000000,0.000000,0,0.000000,0.000000,0,0.000000,0.000000,0,0.000000,0.000000,0,0.000000,0.000000,0,0.000000,0.000000,0,0.000000,0.000000,0,0.000000,0.000000,0,0.000000,0.000000,0,0.000000,0.000000,0,0.000000,0.000000
394,0.000270,0,0.000000,0.000000,0,0.000000,0.000000,0,0.000000,0.000000,0,0.000000,0.000000,0,0.000000,0.000000,0,0.000000,0.000000,0,0.000000,0.000000,0,0.000000,0.000000,0,0.000000,0.000000,0,0.000000,0.000000,0,0.000000,0.000000,0,0.000000,0.000000,0,0.000000,0.000000,0,0.000000,0.000000,0,0.000000,0.000000,0,0.000000,0.000000,0,0.000000,0.000000,0,0.000000,0.000000,0,0.000000,0.000000,0,0.000000,0.000000,0,0.000000,0.000000,0,0.000000,0.000000,0,0.000000,0.000000,0,0.000000,0.000000,1,1.000000,1.000000,0,0.000000,0.000000,0,0.000000,0.000000,0,0.000000,0.000000,0,0.000000,0.000000,0,0.000000,0.000000,0,0.000000,0.000000,0,0.000000,0.000000,0,0.000000,0.000000,0,0.000000,0.000000,0,0.000000,0.000000,0,0.000000,0.000000,0,0.000000,0.000000
395,0.000455,0,0.000000,0.000000,0,0.000000,0.000000,0,0.000000,0.000000,0,0.000000,0.000000,0,0.000000,0.000000,0,0.000000,0.000000,0,0.000000,0.000000,0,0.000000,0.000000,0,0.000000,0.000000,0,0.000000,0.000000,0,0.000000,0.000000,0,0.000000,0.000000,0,0.000000,0.000000,0,0.000000,0.000000,0,0.000000,0.000000,3,1.000000,1.000000,0,0.000000,0.000000,0,0.000000,0.000000,0,0.000000,0.000000,0,0.000000,0.000000,0,0.000000,0.000000,0,0.000000,0.000000,0,0.000000,0.000000,0,0.000000,0.000000,0,0.000000,0.000000,0,0.000000,0.000000,0,0.000000,0.000000,0,0.000000,0.000000,0,0.000000,0.000000,0,0.000000,0.000000,0,0.000000,0.000000,0,0.000000,0.000000,0,0.000000,0.000000,0,0.000000,0.000000,0,0.000000,0.000000,0,0.000000,0.000000,0,0.000000,0.000000
396,0.000290,0,0.000000,0.000000,0,0.000000,0.000000,0,0.000000,0.000000,0,0.000000,0.000000,0,0.000000,0.000000,0,0.000000,0.000000,0,0.000000,0.000000,0,0.000000,0.000000,0,0.000000,0.000000,0,0.000000,0.000000,0,0.000000,0.000000,0,0.000000,0.000000,0,0.000000,0.000000,0,0.000000,0.000000,0,0.000000,0.000000,0,0.000000,0.000000,0,0.000000,0.000000,0,0.000000,0.000000,0,0.000000,0.000000,0,0.000000,0.000000,0,0.000000,0.000000,0,0.000000,0.000000,0,0.000000,0.000000,0,0.000000,0.000000,0,0.000000,0.000000,3,1.000000,1.000000,0,0.000000,0.000000,0,0.000000,0.000000,0,0.000000,0.000000,0,0.000000,0.000000,0,0.000000,0.000000,0,0.000000,0.000000,0,0.000000,0.000000,0,0.000000,0.000000,0,0.000000,0.000000,0,0.000000,0.000000,0,0.000000,0.000000
397,0.000155,0,0.000000,0.000000,0,0.000000,0.000000,0,0.000000,0.000000,0,0.000000,0.000000,0,0.000000,0.000000,0,0.000000,0.000000,0,0.000000,0.000000,0,0.000000,0.000000,0,0.000000,0.000000,0,0.000000,0.000000,0,0.000000,0.000000,0,0.000000,0.000000,0,0.000000,0.000000,0,0.000000,0.000000,0,0.000000,0.000000,1,1.000000,1.000000,0,0.000000,0.000000,0,0.000000,0.000000,0,0.000000,0.000000,0,0.000000,0.000000,0,0.000000,0.000000,0,0.000000,0.000000,0,0.000000,0.000000,0,0.000000,0.000000,0,0.000000,0.000000,0,0.000000,0.000000,0,0.000000,0.000000,0,0.000000,0.000000,0,0.000000,0.000000,0,0.000000,0.000000,0,0.000000,0.000000,0,0.000000,0.000000,0,0.000000,0.000000,0,0.000000,0.000000,0,0.000000,0.000000,0,0.000000,0.000000,0,0.000000,0.000000
398,0.000095,0,0.000000,0.000000,0,0.000000,0.000000,0,0.000000,0.000000,0,0.000000,0.000000,0,0.000000,0.000000,0,0.000000,0.000000,0,0.000000,0.000000,0,0.000000,0.000000,0,0.000000,0.000000,0,0.000000,0.000000,0,0.000000,0.000000,0,0.000000,0.000000,0,0.000000,0.000000,1,1.000000,1.000000,0,0.000000,0.000000,0,0.000000,0.000000,0,0.000000,0.000000,0,0.000000,0.000000,0,0.000000,0.000000,0,0.000000,0.000000,0,0.000000,0.000000,0,0.000000,0.000000,0,0.000000,0.000000,0,0.000000,0.000000,0,0.000000,0.000000,0,0.000000,0.000000,0,0.000000,0.000000,0,0.000000,0.000000,0,0.000000,0.000000,0,0.000000,0.000000,0,0.000000,0.000000,0,0.000000,0.000000,0,0.000000,0.000000,0,0.000000,0.000000,0,0.000000,0.000000,0,0.000000,0.000000,0,0.000000,0.000000
399,0.000360,0,0.000000,0.000000,2,0.666667,0.666667,0,0.000000,0.000000,0,0.000000,0.000000,0,0.000000,0.000000,0,0.000000,0.000000,0,0.000000,0.000000,0,0.000000,0.000000,0,0.000000,0.000000,0,0.000000,0.000000,0,0.000000,0.000000,0,0.000000,0.000000,0,0.000000,0.000000,0,0.000000,0.000000,1,0.333333,0.333333,0,0.000000,0.000000,0,0.000000,0.000000,0,0.000000,0.000000,0,0.000000,0.000000,0,0.000000,0.000000,0,0.000000,0.000000,0,0.000000,0.000000,0,0.000000,0.000000,0,0.000000,0.000000,0,0.000000,0.000000,0,0.000000,0.000000,0,0.000000,0.000000,0,0.000000,0.000000,0,0.000000,0.000000,0,0.000000,0.000000,0,0.000000,0.000000,0,0.000000,0.000000,0,0.000000,0.000000,0,0.000000,0.000000,0,0.000000,0.000000,0,0.000000,0.000000,0,0.000000,0.000000
400,0.000290,0,0.000000,0.000000,2,1.000000,1.000000,0,0.000000,0.000000,0,0.000000,0.000000,0,0.000000,0.000000,0,0.000000,0.000000,0,0.000000,0.000000,0,0.000000,0.000000,0,0.000000,0.000000,0,0.000000,0.000000,0,0.000000,0.000000,0,0.000000,0.000000,0,0.000000,0.000000,0,0.000000,0.000000,0,0.000000,0.000000,0,0.000000,0.000000,0,0.000000,0.000000,0,0.000000,0.000000,0,0.000000,0.000000,0,0.000000,0.000000,0,0.000000,0.000000,0,0.000000,0.000000,0,0.000000,0.000000,0,0.000000,0.000000,0,0.000000,0.000000,0,0.000000,0.000000,0,0.000000,0.000000,0,0.000000,0.000000,0,0.000000,0.000000,0,0.000000,0.000000,0,0.000000,0.000000,0,0.000000,0.000000,0,0.000000,0.000000,0,0.000000,0.000000,0,0.000000,0.000000,0,0.000000,0.000000,0,0.000000,0.000000
401,0.000310,0,0.000000,0.000000,0,0.000000,0.000000,0,0.000000,0.000000,0,0.000000,0.000000,0,0.000000,0.000000,0,0.000000,0.000000,0,0.000000,0.000000,0,0.000000,0.000000,0,0.000000,0.000000,0,0.000000,0.000000,0,0.000000,0.000000,0,0.000000,0.000000,0,0.000000,0.000000,0,0.000000,0.000000,0,0.000000,0.000000,0,0.000000,0.000000,0,0.000000,0.000000,0,0.000000,0.000000,0,0.000000,0.000000,0,0.000000,0.000000,0,0.000000,0.000000,0,0.000000,0.000000,0,0.000000,0.000000,0,0.000000,0.000000,0,0.000000,0.000000,4,1.000000,1.000000,0,0.000000,0.000000,0,0.000000,0.000000,0,0.000000,0.000000,0,0.000000,0.000000,0,0.000000,0.000000,0,0.000000,0.000000,0,0.000000,0.000000,0,0.000000,0.000000,0,0.000000,0.000000,0,0.000000,0.000000,0,0.000000,0.000000
402,0.000300,0,0.000000,0.000000,1,0.333333,0.333333,2,0.666667,0.666667,0,0.000000,0.000000,0,0.000000,0.000000,0,0.000000,0.000000,0,0.000000,0.000000,0,0.000000,0.000000,0,0.000000,0.000000,0,0.000000,0.000000,0,0.000000,0.000000,0,0.000000,0.000000,0,0.000000,0.000000,0,0.000000,0.000000,0,0.000000,0.000000,0,0.000000,0.000000,0,0.000000,0.000000,0,0.000000,0.000000,0,0.000000,0.000000,0,0.000000,0.000000,0,0.000000,0.000000,0,0.000000,0.000000,0,0.000000,0.000000,0,0.000000,0.000000,0,0.000000,0.000000,0,0.000000,0.000000,0,0.000000,0.000000,0,0.000000,0.000000,0,0.000000,0.000000,0,0.000000,0.000000,0,0.000000,0.000000,0,0.000000,0.000000,0,0.000000,0.000000,0,0.000000,0.000000,0,0.000000,0.000000,0,0.000000,0.000000,0,0.000000,0.000000
403,0.000060,0,0.000000,0.000000,0,0.000000,0.000000,0,0.000000,0.000000,0,0.000000,0.000000,0,0.000000,0.000000,0,0.000000,0.000000,0,0.000000,0.000000,0,0.000000,0.000000,0,0.000000,0.000000,0,0.000000,0.000000,0,0.000000,0.000000,0,0.000000,0.000000,0,0.000000,0.000000,0,0.000000,0.000000,0,0.000000,0.000000,0,0.000000,0.000000,0,0.000000,0.000000,0,0.000000,0.000000,0,0.000000,0.000000,0,0.000000,0.000000,0,0.000000,0.000000,0,0.000000,0.000000,0,0.000000,0.000000,0,0.000000,0.000000,0,0.000000,0.000000,0,0.000000,0.000000,0,0.000000,0.000000,0,0.000000,0.000000,0,0.000000,0.000000,0,0.000000,0.000000,0,0.000000,0.000000,0,0.000000,0.000000,0,0.000000,0.000000,0,0.000000,0.000000,0,0.000000,0.000000,0,0.000000,0.000000,1,1.000000,1.000000
404,0.000245,1,1.000000,1.000000,0,0.000000,0.000000,0,0.000000,0.000000,0,0.000000,0.000000,0,0.000000,0.000000,0,0.000000,0.000000,0,0.000000,0.000000,0,0.000000,0.000000,0,0.000000,0.000000,0,0.000000,0.000000,0,0.000000,0.000000,0,0.000000,0.000000,0,0.000000,0.000000,0,0.000000,0.000000,0,0.000000,0.000000,0,0.000000,0.000000,0,0.000000,0.000000,0,0.000000,0.000000,0,0.000000,0.000000,0,0.000000,0.000000,0,0.000000,0.000000,0,0.000000,0.000000,0,0.000000,0.000000,0,0.000000,0.000000,0,0.000000,0.000000,0,0.000000,0.000000,0,0.000000,0.000000,0,0.000000,0.000000,0,0.000000,0.000000,0,0.000000,0.000000,0,0.000000,0.000000,0,0.000000,0.000000,0,0.000000,0.000000,0,0.000000,0.000000,0,0.000000,0.000000,0,0.000000,0.000000,0,0.000000,0.000000
405,0.000000,0,0.000000,0.000000,0,0.000000,0.000000,0,0.000000,0.000000,0,0.000000,0.000000,0,0.000000,0.000000,0,0.000000,0.000000,0,0.000000,0.000000,0,0.000000,0.000000,0,0.000000,0.000000,0,0.000000,0.000000,0,0.000000,0.000000,0,0.000000,0.000000,0,0.000000,0.000000,0,0.000000,0.000000,0,0.000000,0.000000,0,0.000000,0.000000,0,0.000000,0.000000,0,0.000000,0.000000,0,0.000000,0.000000,0,0.000000,0.000000,0,0.000000,0.000000,0,0.000000,0.000000,0,0.000000,0.000000,0,0.000000,0.000000,0,0.000000,0.000000,0,0.000000,0.000000,0,0.000000,0.000000,0,0.000000,0.000000,0,0.000000,0.000000,0,0.000000,0.000000,0,0.000000,0.000000,0,0.000000,0.000000,0,0.000000,0.000000,0,0.000000,0.000000,0,0.000000,0.000000,0,0.000000,0.000000,0,0.000000,0.000000
406,0.000235,0,0.000000,0.000000,0,0.000000,0.000000,0,0.000000,0.000000,0,0.000000,0.000000,0,0.000000,0.000000,0,0.000000,0.000000,0,0.000000,0.000000,0,0.000000,0.000000,0,0.000000,0.000000,0,0.000000,0.000000,0,0.000000,0.000000,0,0.000000,0.000000,0,0.000000,0.000000,0,0.000000,0.000000,0,0.000000,0.000000,0,0.000000,0.000000,0,0.000000,0.000000,0,0.000000,0.000000,1,1.000000,1.000000,0,0.000000,0.000000,0,0.000000,0.000000,0,0.000000,0.000000,0,0.000000,0.000000,0,0.000000,0.000000,0,0.000000,0.000000,0,0.000000,0.000000,0,0.000000,0.000000,0,0.000000,0.000000,0,0.000000,0.000000,0,0.000000,0.000000,0,0.000000,0.000000,0,0.000000,0.000000,0,0.000000,0.000000,0,0.000000,0.000000,0,0.000000,0.000000,0,0.000000,0.000000,0,0.000000,0.000000
407,0.000295,0,0.000000,0.000000,0,0.000000,0.000000,0,0.000000,0.000000,0,0.000000,0.000000,0,0.000000,0.000000,1,0.500000,0.500000,0,0.000000,0.000000,0,0.000000,0.000000,0,0.000000,0.000000,0,0.000000,0.000000,0,0.000000,0.000000,0,0.000000,0.000000,0,0.000000,0.000000,0,0.000000,0.000000,0,0.000000,0.000000,0,0.000000,0.000000,0,0.000000,0.000000,0,0.000000,0.000000,0,0.000000,0.000000,0,0.000000,0.000000,0,0.000000,0.000000,0,0.000000,0.000000,0,0.000000,0.000000,0,0.000000,0.000000,0,0.000000,0.000000,1,0.500000,0.500000,0,0.000000,0.000000,0,0.000000,0.000000,0,0.000000,0.000000,0,0.000000,0.000000,0,0.000000,0.000000,0,0.000000,0.000000,0,0.000000,0.000000,0,0.000000,0.000000,0,0.000000,0.000000,0,0.000000,0.000000,0,0.000000,0.000000
408,0.000120,0,0.000000,0.000000,0,0.000000,0.000000,0,0.000000,0.000000,0,0.000000,0.000000,0,0.000000,0.000000,0,0.000000,0.000000,0,0.000000,0.000000,0,0.000000,0.000000,0,0.000000,0.000000,0,0.000000,0.000000,0,0.000000,0.000000,0,0.000000,0.000000,0,0.000000,0.000000,0,0.000000,0.000000,1,1.000000,1.000000,0,0.000000,0.000000,0,0.000000,0.000000,0,0.000000,0.000000,0,0.000000,0.000000,0,0.000000,0.000000,0,0.000000,0.000000,0,0.000000,0.000000,0,0.000000,0.000000,0,0.000000,0.000000,0,0.000000,0.000000,0,0.000000,0.000000,0,0.000000,0.000000,0,0.000000,0.000000,0,0.000000,0.000000,0,0.000000,0.000000,0,0.000000,0.000000,0,0.000000,0.000000,0,0.000000,0.000000,0,0.000000,0.000000,0,0.000000,0.000000,0,0.000000,0.000000,0,0.000000,0.000000
409,0.000235,0,0.000000,0.000000,0,0.000000,0.000000,0,0.000000,0.000000,0,0.000000,0.000000,0,0.000000,0.000000,0,0.000000,0.000000,0,0.000000,0.000000,0,0.000000,0.000000,0,0.000000,0.000000,0,0.000000,0.000000,0,0.000000,0.000000,0,0.000000,0.000000,0,0.000000,0.000000,0,0.000000,0.000000,0,0.000000,0.000000,0,0.000000,0.000000,0,0.000000,0.000000,0,0.000000,0.000000,0,0.000000,0.000000,0,0.000000,0.000000,0,0.000000,0.000000,0,0.000000,0.000000,0,0.000000,0.000000,0,0.000000,0.000000,0,0.000000,0.000000,0,0.000000,0.000000,0,0.000000,0.000000,0,0.000000,0.000000,0,0.000000,0.000000,2,1.000000,1.000000,0,0.000000,0.000000,0,0.000000,0.000000,0,0.000000,0.000000,0,0.000000,0.000000,0,0.000000,0.000000,0,0.000000,0.000000,0,0.000000,0.000000
410,0.000735,0,0.000000,0.000000,0,0.000000,0.000000,0,0.000000,0.000000,0,0.000000,0.000000,0,0.000000,0.000000,0,0.000000,0.000000,0,0.000000,0.000000,0,0.000000,0.000000,0,0.000000,0.000000,0,0.000000,0.000000,0,0.000000,0.000000,0,0.000000,0.000000,0,0.000000,0.000000,0,0.000000,0.000000,0,0.000000,0.000000,0,0.000000,0.000000,0,0.000000,0.000000,0,0.000000,0.000000,0,0.000000,0.000000,0,0.000000,0.000000,0,0.000000,0.000000,0,0.000000,0.000000,0,0.000000,0.000000,0,0.000000,0.000000,0,0.000000,0.000000,0,0.000000,0.000000,0,0.000000,0.000000,0,0.000000,0.000000,0,0.000000,0.000000,0,0.000000,0.000000,0,0.000000,0.000000,0,0.000000,0.000000,0,0.000000,0.000000,0,0.000000,0.000000,0,0.000000,0.000000,2,1.000000,1.000000,0,0.000000,0.000000
411,0.000190,0,0.000000,0.000000,0,0.000000,0.000000,0,0.000000,0.000000,0,0.000000,0.000000,0,0.000000,0.000000,0,0.000000,0.000000,0,0.000000,0.000000,0,0.000000,0.000000,0,0.000000,0.000000,0,0.000000,0.000000,0,0.000000,0.000000,0,0.000000,0.000000,0,0.000000,0.000000,0,0.000000,0.000000,1,1.000000,1.000000,0,0.000000,0.000000,0,0.000000,0.000000,0,0.000000,0.000000,0,0.000000,0.000000,0,0.000000,0.000000,0,0.000000,0.000000,0,0.000000,0.000000,0,0.000000,0.000000,0,0.000000,0.000000,0,0.000000,0.000000,0,0.000000,0.000000,0,0.000000,0.000000,0,0.000000,0.000000,0,0.000000,0.000000,0,0.000000,0.000000,0,0.000000,0.000000,0,0.000000,0.000000,0,0.000000,0.000000,0,0.000000,0.000000,0,0.000000,0.000000,0,0.000000,0.000000,0,0.000000,0.000000
412,0.000660,0,0.000000,0.000000,0,0.000000,0.000000,0,0.000000,0.000000,0,0.000000,0.000000,0,0.000000,0.000000,0,0.000000,0.000000,0,0.000000,0.000000,0,0.000000,0.000000,0,0.000000,0.000000,0,0.000000,0.000000,0,0.000000,0.000000,0,0.000000,0.000000,0,0.000000,0.000000,0,0.000000,0.000000,0,0.000000,0.000000,0,0.000000,0.000000,0,0.000000,0.000000,0,0.000000,0.000000,0,0.000000,0.000000,0,0.000000,0.000000,0,0.000000,0.000000,0,0.000000,0.000000,0,0.000000,0.000000,0,0.000000,0.000000,0,0.000000,0.000000,0,0.000000,0.000000,0,0.000000,0.000000,0,0.000000,0.000000,0,0.000000,0.000000,0,0.000000,0.000000,0,0.000000,0.000000,0,0.000000,0.000000,0,0.000000,0.000000,0,0.000000,0.000000,0,0.000000,0.000000,2,1.000000,1.000000,0,0.000000,0.000000
413,0.000255,0,0.000000,0.000000,0,0.000000,0.000000,0,0.000000,0.000000,0,0.000000,0.000000,0,0.000000,0.000000,0,0.000000,0.000000,0,0.000000,0.000000,0,0.000000,0.000000,0,0.000000,0.000000,0,0.000000,0.000000,0,0.000000,0.000000,0,0.000000,0.000000,0,0.000000,0.000000,0,0.000000,0.000000,0,0.000000,0.000000,0,0.000000,0.000000,0,0.000000,0.000000,0,0.000000,0.000000,0,0.000000,0.000000,0,0.000000,0.000000,0,0.000000,0.000000,0,0.000000,0.000000,0,0.000000,0.000000,0,0.000000,0.000000,0,0.000000,0.000000,2,1.000000,1.000000,0,0.000000,0.000000,0,0.000000,0.000000,0,0.000000,0.000000,0,0.000000,0.000000,0,0.000000,0.000000,0,0.000000,0.000000,0,0.000000,0.000000,0,0.000000,0.000000,0,0.000000,0.000000,0,0.000000,0.000000,0,0.000000,0.000000
414,0.000000,0,0.000000,0.000000,0,0.000000,0.000000,0,0.000000,0.000000,0,0.000000,0.000000,0,0.000000,0.000000,0,0.000000,0.000000,0,0.000000,0.000000,0,0.000000,0.000000,0,0.000000,0.000000,0,0.000000,0.000000,0,0.000000,0.000000,0,0.000000,0.000000,0,0.000000,0.000000,0,0.000000,0.000000,0,0.000000,0.000000,0,0.000000,0.000000,0,0.000000,0.000000,0,0.000000,0.000000,0,0.000000,0.000000,0,0.000000,0.000000,0,0.000000,0.000000,0,0.000000,0.000000,0,0.000000,0.000000,0,0.000000,0.000000,0,0.000000,0.000000,0,0.000000,0.000000,0,0.000000,0.000000,0,0.000000,0.000000,0,0.000000,0.000000,0,0.000000,0.000000,0,0.000000,0.000000,0,0.000000,0.000000,0,0.000000,0.000000,0,0.000000,0.000000,0,0.000000,0.000000,0,0.000000,0.000000,0,0.000000,0.000000
415,0.000120,0,0.000000,0.000000,0,0.000000,0.000000,0,0.000000,0.000000,0,0.000000,0.000000,0,0.000000,0.000000,0,0.000000,0.000000,1,1.000000,1.000000,0,0.000000,0.000000,0,0.000000,0.000000,0,0.000000,0.000000,0,0.000000,0.000000,0,0.000000,0.000000,0,0.000000,0.000000,0,0.000000,0.000000,0,0.000000,0.000000,0,0.000000,0.000000,0,0.000000,0.000000,0,0.000000,0.000000,0,0.000000,0.000000,0,0.000000,0.000000,0,0.000000,0.000000,0,0.000000,0.000000,0,0.000000,0.000000,0,0.000000,0.000000,0,0.000000,0.000000,0,0.000000,0.000000,0,0.000000,0.000000,0,0.000000,0.000000,0,0.000000,0.000000,0,0.000000,0.000000,0,0.000000,0.000000,0,0.000000,0.000000,0,0.000000,0.000000,0,0.000000,0.000000,0,0.000000,0.000000,0,0.000000,0.000000,0,0.000000,0.000000
416,0.000000,0,0.000000,0.000000,0,0.000000,0.000000,0,0.000000,0.000000,0,0.000000,0.000000,0,0.000000,0.000000,0,0.000000,0.000000,0,0.000000,0.000000,0,0.000000,0.000000,0,0.000000,0.000000,0,0.000000,0.000000,0,0.000000,0.000000,0,0.000000,0.000000,0,0.000000,0.000000,0,0.000000,0.000000,0,0.000000,0.000000,0,0.000000,0.000000,0,0.000000,0.000000,0,0.000000,0.000000,0,0.000000,0.000000,0,0.000000,0.000000,0,0.000000,0.000000,0,0.000000,0.000000,0,0.000000,0.000000,0,0.000000,0.000000,0,0.000000,0.000000,0,0.000000,0.000000,0,0.000000,0.000000,0,0.000000,0.000000,0,0.000000,0.000000,0,0.000000,0.000000,0,0.000000,0.000000,0,0.000000,0.000000,0,0.000000,0.000000,0,0.000000,0.000000,0,0.000000,0.000000,0,0.000000,0.000000,0,0.000000,0.000000
417,0.000125,0,0.000000,0.000000,0,0.000000,0.000000,0,0.000000,0.000000,0,0.000000,0.000000,0,0.000000,0.000000,0,0.000000,0.000000,0,0.000000,0.000000,1,1.000000,1.000000,0,0.000000,0.000000,0,0.000000,0.000000,0,0.000000,0.000000,0,0.000000,0.000000,0,0.000000,0.000000,0,0.000000,0.000000,0,0.000000,0.000000,0,0.000000,0.000000,0,0.000000,0.000000,0,0.000000,0.000000,0,0.000000,0.000000,0,0.000000,0.000000,0,0.000000,0.000000,0,0.000000,0.000000,0,0.000000,0.000000,0,0.000000,0.000000,0,0.000000,0.000000,0,0.000000,0.000000,0,0.000000,0.000000,0,0.000000,0.000000,0,0.000000,0.000000,0,0.000000,0.000000,0,0.000000,0.000000,0,0.000000,0.000000,0,0.000000,0.000000,0,0.000000,0.000000,0,0.000000,0.000000,0,0.000000,0.000000,0,0.000000,0.000000
418,0.000000,0,0.000000,0.000000,0,0.000000,0.000000,0,0.000000,0.000000,0,0.000000,0.000000,0,0.000000,0.000000,0,0.000000,0.000000,0,0.000000,0.000000,0,0.000000,0.000000,0,0.000000,0.000000,0,0.000000,0.000000,0,0.000000,0.000000,0,0.000000,0.000000,0,0.000000,0.000000,0,0.000000,0.000000,0,0.000000,0.000000,0,0.000000,0.000000,0,0.000000,0.000000,0,0.000000,0.000000,0,0.000000,0.000000,0,0.000000,0.000000,0,0.000000,0.000000,0,0.000000,0.000000,0,0.000000,0.000000,0,0.000000,0.000000,0,0.000000,0.000000,0,0.000000,0.000000,0,0.000000,0.000000,0,0.000000,0.000000,0,0.000000,0.000000,0,0.000000,0.000000,0,0.000000,0.000000,0,0.000000,0.000000,0,0.000000,0.000000,0,0.000000,0.000000,0,0.000000,0.000000,0,0.000000,0.000000,0,0.000000,0.000000
419,0.000000,0,0.000000,0.000000,0,0.000000,0.000000,0,0.000000,0.000000,0,0.000000,0.000000,0,0.000000,0.000000,0,0.000000,0.000000,0,0.000000,0.000000,0,0.000000,0.000000,0,0.000000,0.000000,0,0.000000,0.000000,0,0.000000,0.000000,0,0.000000,0.000000,0,0.000000,0.000000,0,0.000000,0.000000,0,0.000000,0.000000,0,0.000000,0.000000,0,0.000000,0.000000,0,0.000000,0.000000,0,0.000000,0.000000,0,0.000000,0.000000,0,0.000000,0.000000,0,0.000000,0.000000,0,0.000000,0.000000,0,0.000000,0.000000,0,0.000000,0.000000,0,0.000000,0.000000,0,0.000000,0.000000,0,0.000000,0.000000,0,0.000000,0.000000,0,0.000000,0.000000,0,0.000000,0.000000,0,0.000000,0.000000,0,0.000000,0.000000,0,0.000000,0.000000,0,0.000000,0.000000,0,0.000000,0.000000,0,0.000000,0.000000
420,0.000325,0,0.000000,0.000000,1,0.333333,0.333333,0,0.000000,0.000000,0,0.000000,0.000000,0,0.000000,0.000000,0,0.000000,0.000000,0,0.000000,0.000000,0,0.000000,0.000000,0,0.000000,0.000000,0,0.000000,0.000000,0,0.000000,0.000000,0,0.000000,0.000000,0,0.000000,0.000000,0,0.000000,0.000000,0,0.000000,0.000000,0,0.000000,0.000000,0,0.000000,0.000000,0,0.000000,0.000000,0,0.000000,0.000000,0,0.000000,0.000000,0,0.000000,0.000000,0,0.000000,0.000000,0,0.000000,0.000000,0,0.000000,0.000000,0,0.000000,0.000000,0,0.000000,0.000000,0,0.000000,0.000000,0,0.000000,0.000000,0,0.000000,0.000000,2,0.666667,0.666667,0,0.000000,0.000000,0,0.000000,0.000000,0,0.000000,0.000000,0,0.000000,0.000000,0,0.000000,0.000000,0,0.000000,0.000000,0,0.000000,0.000000
421,0.000400,0,0.000000,0.000000,0,0.000000,0.000000,0,0.000000,0.000000,0,0.000000,0.000000,0,0.000000,0.000000,0,0.000000,0.000000,0,0.000000,0.000000,0,0.000000,0.000000,0,0.000000,0.000000,0,0.000000,0.000000,0,0.000000,0.000000,0,0.000000,0.000000,0,0.000000,0.000000,0,0.000000,0.000000,0,0.000000,0.000000,0,0.000000,0.000000,0,0.000000,0.000000,0,0.000000,0.000000,0,0.000000,0.000000,0,0.000000,0.000000,0,0.000000,0.000000,0,0.000000,0.000000,0,0.000000,0.000000,0,0.000000,0.000000,0,0.000000,0.000000,2,1.000000,1.000000,0,0.000000,0.000000,0,0.000000,0.000000,0,0.000000,0.000000,0,0.000000,0.000000,0,0.000000,0.000000,0,0.000000,0.000000,0,0.000000,0.000000,0,0.000000,0.000000,0,0.000000,0.000000,0,0.000000,0.000000,0,0.000000,0.000000
422,0.000275,0,0.000000,0.000000,2,1.000000,1.000000,0,0.000000,0.000000,0,0.000000,0.000000,0,0.000000,0.000000,0,0.000000,0.000000,0,0.000000,0.000000,0,0.000000,0.000000,0,0.000000,0.000000,0,0.000000,0.000000,0,0.000000,0.000000,0,0.000000,0.000000,0,0.000000,0.000000,0,0.000000,0.000000,0,0.000000,0.000000,0,0.000000,0.000000,0,0.000000,0.000000,0,0.000000,0.000000,0,0.000000,0.000000,0,0.000000,0.000000,0,0.000000,0.000000,0,0.000000,0.000000,0,0.000000,0.000000,0,0.000000,0.000000,0,0.000000,0.000000,0,0.000000,0.000000,0,0.000000,0.000000,0,0.000000,0.000000,0,0.000000,0.000000,0,0.000000,0.000000,0,0.000000,0.000000,0,0.000000,0.000000,0,0.000000,0.000000,0,0.000000,0.000000,0,0.000000,0.000000,0,0.000000,0.000000,0,0.000000,0.000000
423,0.000000,0,0.000000,0.000000,0,0.000000,0.000000,0,0.000000,0.000000,0,0.000000,0.000000,0,0.000000,0.000000,0,0.000000,0.000000,0,0.000000,0.000000,0,0.000000,0.000000,0,0.000000,0.000000,0,0.000000,0.000000,0,0.000000,0.000000,0,0.000000,0.000000,0,0.000000,0.000000,0,0.000000,0.000000,0,0.000000,0.000000,0,0.000000,0.000000,0,0.000000,0.000000,0,0.000000,0.000000,0,0.000000,0.000000,0,0.000000,0.000000,0,0.000000,0.000000,0,0.000000,0.000000,0,0.000000,0.000000,0,0.000000,0.000000,0,0.000000,0.000000,0,0.000000,0.000000,0,0.000000,0.000000,0,0.000000,0.000000,0,0.000000,0.000000,0,0.000000,0.000000,0,0.000000,0.000000,0,0.000000,0.000000,0,0.000000,0.000000,0,0.000000,0.000000,0,0.000000,0.000000,0,0.000000,0.000000,0,0.000000,0.000000
424,0.000000,0,0.000000,0.000000,0,0.000000,0.000000,0,0.000000,0.000000,0,0.000000,0.000000,0,0.000000,0.000000,0,0.000000,0.000000,0,0.000000,0.000000,0,0.000000,0.000000,0,0.000000,0.000000,0,0.000000,0.000000,0,0.000000,0.000000,0,0.000000,0.000000,0,0.000000,0.000000,0,0.000000,0.000000,0,0.000000,0.000000,0,0.000000,0.000000,0,0.000000,0.000000,0,0.000000,0.000000,0,0.000000,0.000000,0,0.000000,0.000000,0,0.000000,0.000000,0,0.000000,0.000000,0,0.000000,0.000000,0,0.000000,0.000000,0,0.000000,0.000000,0,0.000000,0.000000,0,0.000000,0.000000,0,0.000000,0.000000,0,0.000000,0.000000,0,0.000000,0.000000,0,0.000000,0.000000,0,0.000000,0.000000,0,0.000000,0.000000,0,0.000000,0.000000,0,0.000000,0.000000,0,0.000000,0.000000,0,0.000000,0.000000
425,0.000090,0,0.000000,0.000000,0,0.000000,0.000000,0,0.000000,0.000000,0,0.000000,0.000000,0,0.000000,0.000000,0,0.000000,0.000000,0,0.000000,0.000000,0,0.000000,0.000000,0,0.000000,0.000000,0,0.000000,0.000000,0,0.000000,0.000000,0,0.000000,0.000000,0,0.000000,0.000000,0,0.000000,0.000000,0,0.000000,0.000000,0,0.000000,0.000000,0,0.000000,0.000000,0,0.000000,0.000000,0,0.000000,0.000000,0,0.000000,0.000000,0,0.000000,0.000000,0,0.000000,0.000000,0,0.000000,0.000000,0,0.000000,0.000000,0,0.000000,0.000000,0,0.000000,0.000000,0,0.000000,0.000000,0,0.000000,0.000000,0,0.000000,0.000000,0,0.000000,0.000000,0,0.000000,0.000000,0,0.000000,0.000000,0,0.000000,0.000000,0,0.000000,0.000000,0,0.000000,0.000000,0,0.000000,0.000000,1,1.000000,1.000000
426,0.000215,0,0.000000,0.000000,2,1.000000,1.000000,0,0.000000,0.000000,0,0.000000,0.000000,0,0.000000,0.000000,0,0.000000,0.000000,0,0.000000,0.000000,0,0.000000,0.000000,0,0.000000,0.000000,0,0.000000,0.000000,0,0.000000,0.000000,0,0.000000,0.000000,0,0.000000,0.000000,0,0.000000,0.000000,0,0.000000,0.000000,0,0.000000,0.000000,0,0.000000,0.000000,0,0.000000,0.000000,0,0.000000,0.000000,0,0.000000,0.000000,0,0.000000,0.000000,0,0.000000,0.000000,0,0.000000,0.000000,0,0.000000,0.000000,0,0.000000,0.000000,0,0.000000,0.000000,0,0.000000,0.000000,0,0.000000,0.000000,0,0.000000,0.000000,0,0.000000,0.000000,0,0.000000,0.000000,0,0.000000,0.000000,0,0.000000,0.000000,0,0.000000,0.000000,0,0.000000,0.000000,0,0.000000,0.000000,0,0.000000,0.000000
427,0.000070,0,0.000000,0.000000,0,0.000000,0.000000,0,0.000000,0.000000,0,0.000000,0.000000,0,0.000000,0.000000,0,0.000000,0.000000,0,0.000000,0.000000,0,0.000000,0.000000,0,0.000000,0.000000,0,0.000000,0.000000,0,0.000000,0.000000,0,0.000000,0.000000,0,0.000000,0.000000,0,0.000000,0.000000,0,0.000000,0.000000,0,0.000000,0.000000,0,0.000000,0.000000,0,0.000000,0.000000,0,0.000000,0.000000,0,0.000000,0.000000,0,0.000000,0.000000,0,0.000000,0.000000,0,0.000000,0.000000,0,0.000000,0.000000,0,0.000000,0.000000,0,0.000000,0.000000,0,0.000000,0.000000,0,0.000000,0.000000,0,0.000000,0.000000,0,0.000000,0.000000,0,0.000000,0.000000,0,0.000000,0.000000,0,0.000000,0.000000,0,0.000000,0.000000,0,0.000000,0.000000,0,0.000000,0.000000,1,1.000000,1.000000
428,0.000250,0,0.000000,0.000000,0,0.000000,0.000000,0,0.000000,0.000000,0,0.000000,0.000000,0,0.000000,0.000000,0,0.000000,0.000000,0,0.000000,0.000000,0,0.000000,0.000000,0,0.000000,0.000000,0,0.000000,0.000000,0,0.000000,0.000000,0,0.000000,0.000000,0,0.000000,0.000000,1,0.500000,0.500000,0,0.000000,0.000000,0,0.000000,0.000000,0,0.000000,0.000000,0,0.000000,0.000000,0,0.000000,0.000000,0,0.000000,0.000000,0,0.000000,0.000000,0,0.000000,0.000000,0,0.000000,0.000000,0,0.000000,0.000000,0,0.000000,0.000000,0,0.000000,0.000000,0,0.000000,0.000000,0,0.000000,0.000000,0,0.000000,0.000000,0,0.000000,0.000000,0,0.000000,0.000000,0,0.000000,0.000000,1,0.500000,0.500000,0,0.000000,0.000000,0,0.000000,0.000000,0,0.000000,0.000000,0,0.000000,0.000000
429,0.000055,0,0.000000,0.000000,1,1.000000,1.000000,0,0.000000,0.000000,0,0.000000,0.000000,0,0.000000,0.000000,0,0.000000,0.000000,0,0.000000,0.000000,0,0.000000,0.000000,0,0.000000,0.000000,0,0.000000,0.000000,0,0.000000,0.000000,0,0.000000,0.000000,0,0.000000,0.000000,0,0.000000,0.000000,0,0.000000,0.000000,0,0.000000,0.000000,0,0.000000,0.000000,0,0.000000,0.000000,0,0.000000,0.000000,0,0.000000,0.000000,0,0.000000,0.000000,0,0.000000,0.000000,0,0.000000,0.000000,0,0.000000,0.000000,0,0.000000,0.000000,0,0.000000,0.000000,0,0.000000,0.000000,0,0.000000,0.000000,0,0.000000,0.000000,0,0.000000,0.000000,0,0.000000,0.000000,0,0.000000,0.000000,0,0.000000,0.000000,0,0.000000,0.000000,0,0.000000,0.000000,0,0.000000,0.000000,0,0.000000,0.000000
430,0.000180,0,0.000000,0.000000,1,0.500000,0.500000,0,0.000000,0.000000,0,0.000000,0.000000,0,0.000000,0.000000,0,0.000000,0.000000,0,0.000000,0.000000,0,0.000000,0.000000,0,0.000000,0.000000,0,0.000000,0.000000,0,0.000000,0.000000,0,0.000000,0.000000,0,0.000000,0.000000,0,0.000000,0.000000,0,0.000000,0.000000,0,0.000000,0.000000,0,0.000000,0.000000,0,0.000000,0.000000,0,0.000000,0.000000,0,0.000000,0.000000,0,0.000000,0.000000,0,0.000000,0.000000,0,0.000000,0.000000,0,0.000000,0.000000,0,0.000000,0.000000,1,0.500000,0.500000,0,0.000000,0.000000,0,0.000000,0.000000,0,0.000000,0.000000,0,0.000000,0.000000,0,0.000000,0.000000,0,0.000000,0.000000,0,0.000000,0.000000,0,0.000000,0.000000,0,0.000000,0.000000,0,0.000000,0.000000,0,0.000000,0.000000
431,0.000230,0,0.000000,0.000000,0,0.000000,0.000000,0,0.000000,0.000000,0,0.000000,0.000000,0,0.000000,0.000000,0,0.000000,0.000000,0,0.000000,0.000000,0,0.000000,0.000000,0,0.000000,0.000000,0,0.000000,0.000000,0,0.000000,0.000000,0,0.000000,0.000000,0,0.000000,0.000000,0,0.000000,0.000000,0,0.000000,0.000000,0,0.000000,0.000000,0,0.000000,0.000000,0,0.000000,0.000000,0,0.000000,0.000000,0,0.000000,0.000000,0,0.000000,0.000000,0,0.000000,0.000000,0,0.000000,0.000000,0,0.000000,0.000000,0,0.000000,0.000000,0,0.000000,0.000000,0,0.000000,0.000000,0,0.000000,0.000000,1,1.000000,1.000000,0,0.000000,0.000000,0,0.000000,0.000000,0,0.000000,0.000000,0,0.000000,0.000000,0,0.000000,0.000000,0,0.000000,0.000000,0,0.000000,0.000000,0,0.000000,0.000000
432,0.000320,0,0.000000,0.000000,0,0.000000,0.000000,1,0.333333,0.333333,0,0.000000,0.000000,0,0.000000,0.000000,0,0.000000,0.000000,0,0.000000,0.000000,0,0.000000,0.000000,0,0.000000,0.000000,0,0.000000,0.000000,0,0.000000,0.000000,0,0.000000,0.000000,0,0.000000,0.000000,0,0.000000,0.000000,0,0.000000,0.000000,0,0.000000,0.000000,0,0.000000,0.000000,0,0.000000,0.000000,0,0.000000,0.000000,0,0.000000,0.000000,0,0.000000,0.000000,0,0.000000,0.000000,0,0.000000,0.000000,0,0.000000,0.000000,0,0.000000,0.000000,0,0.000000,0.000000,2,0.666667,0.666667,0,0.000000,0.000000,0,0.000000,0.000000,0,0.000000,0.000000,0,0.000000,0.000000,0,0.000000,0.000000,0,0.000000,0.000000,0,0.000000,0.000000,0,0.000000,0.000000,0,0.000000,0.000000,0,0.000000,0.000000
433,0.000415,0,0.000000,0.000000,4,1.000000,1.000000,0,0.000000,0.000000,0,0.000000,0.000000,0,0.000000,0.000000,0,0.000000,0.000000,0,0.000000,0.000000,0,0.000000,0.000000,0,0.000000,0.000000,0,0.000000,0.000000,0,0.000000,0.000000,0,0.000000,0.000000,0,0.000000,0.000000,0,0.000000,0.000000,0,0.000000,0.000000,0,0.000000,0.000000,0,0.000000,0.000000,0,0.000000,0.000000,0,0.000000,0.000000,0,0.000000,0.000000,0,0.000000,0.000000,0,0.000000,0.000000,0,0.000000,0.000000,0,0.000000,0.000000,0,0.000000,0.000000,0,0.000000,0.000000,0,0.000000,0.000000,0,0.000000,0.000000,0,0.000000,0.000000,0,0.000000,0.000000,0,0.000000,0.000000,0,0.000000,0.000000,0,0.000000,0.000000,0,0.000000,0.000000,0,0.000000,0.000000,0,0.000000,0.000000,0,0.000000,0.000000
434,0.000070,0,0.000000,0.000000,0,0.000000,0.000000,0,0.000000,0.000000,0,0.000000,0.000000,0,0.000000,0.000000,0,0.000000,0.000000,0,0.000000,0.000000,0,0.000000,0.000000,0,0.000000,0.000000,0,0.000000,0.000000,0,0.000000,0.000000,0,0.000000,0.000000,0,0.000000,0.000000,0,0.000000,0.000000,0,0.000000,0.000000,0,0.000000,0.000000,0,0.000000,0.000000,0,0.000000,0.000000,0,0.000000,0.000000,0,0.000000,0.000000,0,0.000000,0.000000,0,0.000000,0.000000,0,0.000000,0.000000,0,0.000000,0.000000,0,0.000000,0.000000,0,0.000000,0.000000,0,0.000000,0.000000,0,0.000000,0.000000,0,0.000000,0.000000,1,1.000000,1.000000,0,0.000000,0.000000,0,0.000000,0.000000,0,0.000000,0.000000,0,0.000000,0.000000,0,0.000000,0.000000,0,0.000000,0.000000,0,0.000000,0.000000
435,0.000345,0,0.000000,0.000000,0,0.000000,0.000000,0,0.000000,0.000000,0,0.000000,0.000000,0,0.000000,0.000000,0,0.000000,0.000000,1,0.333333,0.333333,0,0.000000,0.000000,0,0.000000,0.000000,0,0.000000,0.000000,0,0.000000,0.000000,0,0.000000,0.000000,0,0.000000,0.000000,0,0.000000,0.000000,0,0.000000,0.000000,0,0.000000,0.000000,0,0.000000,0.000000,0,0.000000,0.000000,0,0.000000,0.000000,0,0.000000,0.000000,0,0.000000,0.000000,0,0.000000,0.000000,0,0.000000,0.000000,0,0.000000,0.000000,0,0.000000,0.000000,2,0.666667,0.666667,0,0.000000,0.000000,0,0.000000,0.000000,0,0.000000,0.000000,0,0.000000,0.000000,0,0.000000,0.000000,0,0.000000,0.000000,0,0.000000,0.000000,0,0.000000,0.000000,0,0.000000,0.000000,0,0.000000,0.000000,0,0.000000,0.000000
436,0.000180,0,0.000000,0.000000,0,0.000000,0.000000,0,0.000000,0.000000,0,0.000000,0.000000,0,0.000000,0.000000,0,0.000000,0.000000,0,0.000000,0.000000,0,0.000000,0.000000,0,0.000000,0.000000,0,0.000000,0.000000,0,0.000000,0.000000,0,0.000000,0.000000,0,0.000000,0.000000,0,0.000000,0.000000,0,0.000000,0.000000,0,0.000000,0.000000,0,0.000000,0.000000,0,0.000000,0.000000,0,0.000000,0.000000,0,0.000000,0.000000,0,0.000000,0.000000,0,0.000000,0.000000,0,0.000000,0.000000,0,0.000000,0.000000,0,0.000000,0.000000,0,0.000000,0.000000,2,1.000000,1.000000,0,0.000000,0.000000,0,0.000000,0.000000,0,0.000000,0.000000,0,0.000000,0.000000,0,0.000000,0.000000,0,0.000000,0.000000,0,0.000000,0.000000,0,0.000000,0.000000,0,0.000000,0.000000,0,0.000000,0.000000
437,0.000125,1,1.000000,1.000000,0,0.000000,0.000000,0,0.000000,0.000000,0,0.000000,0.000000,0,0.000000,0.000000,0,0.000000,0.000000,0,0.000000,0.000000,0,0.000000,0.000000,0,0.000000,0.000000,0,0.000000,0.000000,0,0.000000,0.000000,0,0.000000,0.000000,0,0.000000,0.000000,0,0.000000,0.000000,0,0.000000,0.000000,0,0.000000,0.000000,0,0.000000,0.000000,0,0.000000,0.000000,0,0.000000,0.000000,0,0.000000,0.000000,0,0.000000,0.000000,0,0.000000,0.000000,0,0.000000,0.000000,0,0.000000,0.000000,0,0.000000,0.000000,0,0.000000,0.000000,0,0.000000,0.000000,0,0.000000,0.000000,0,0.000000,0.000000,0,0.000000,0.000000,0,0.000000,0.000000,0,0.000000,0.000000,0,0.000000,0.000000,0,0.000000,0.000000,0,0.000000,0.000000,0,0.000000,0.000000,0,0.000000,0.000000
438,0.000180,0,0.000000,0.000000,0,0.000000,0.000000,0,0.000000,0.000000,0,0.000000,0.000000,0,0.000000,0.000000,0,0.000000,0.000000,0,0.000000,0.000000,0,0.000000,0.000000,0,0.000000,0.000000,0,0.000000,0.000000,0,0.000000,0.000000,0,0.000000,0.000000,0,0.000000,0.000000,0,0.000000,0.000000,0,0.000000,0.000000,0,0.000000,0.000000,0,0.000000,0.000000,0,0.000000,0.000000,0,0.000000,0.000000,0,0.000000,0.000000,0,0.000000,0.000000,0,0.000000,0.000000,0,0.000000,0.000000,1,1.000000,1.000000,0,0.000000,0.000000,0,0.000000,0.000000,0,0.000000,0.000000,0,0.000000,0.000000,0,0.000000,0.000000,0,0.000000,0.000000,0,0.000000,0.000000,0,0.000000,0.000000,0,0.000000,0.000000,0,0.000000,0.000000,0,0.000000,0.000000,0,0.000000,0.000000,0,0.000000,0.000000
439,0.000575,0,0.000000,0.000000,0,0.000000,0.000000,0,0.000000,0.000000,0,0.000000,0.000000,0,0.000000,0.000000,0,0.000000,0.000000,0,0.000000,0.000000,0,0.000000,0.000000,0,0.000000,0.000000,0,0.000000,0.000000,0,0.000000,0.000000,0,0.000000,0.000000,0,0.000000,0.000000,0,0.000000,0.000000,0,0.000000,0.000000,0,0.000000,0.000000,0,0.000000,0.000000,0,0.000000,0.000000,0,0.000000,0.000000,0,0.000000,0.000000,0,0.000000,0.000000,0,0.000000,0.000000,0,0.000000,0.000000,0,0.000000,0.000000,0,0.000000,0.000000,4,1.000000,1.000000,0,0.000000,0.000000,0,0.000000,0.000000,0,0.000000,0.000000,0,0.000000,0.000000,0,0.000000,0.000000,0,0.000000,0.000000,0,0.000000,0.000000,0,0.000000,0.000000,0,0.000000,0.000000,0,0.000000,0.000000,0,0.000000,0.000000
440,0.000040,0,0.000000,0.000000,0,0.000000,0.000000,0,0.000000,0.000000,0,0.000000,0.000000,0,0.000000,0.000000,0,0.000000,0.000000,0,0.000000,0.000000,0,0.000000,0.000000,0,0.000000,0.000000,0,0.000000,0.000000,0,0.000000,0.000000,0,0.000000,0.000000,0,0.000000,0.000000,0,0.000000,0.000000,0,0.000000,0.000000,0,0.000000,0.000000,0,0.000000,0.000000,0,0.000000,0.000000,0,0.000000,0.000000,0,0.000000,0.000000,0,0.000000,0.000000,1,1.000000,1.000000,0,0.000000,0.000000,0,0.000000,0.000000,0,0.000000,0.000000,0,0.000000,0.000000,0,0.000000,0.000000,0,0.000000,0.000000,0,0.000000,0.000000,0,0.000000,0.000000,0,0.000000,0.000000,0,0.000000,0.000000,0,0.000000,0.000000,0,0.000000,0.000000,0,0.000000,0.000000,0,0.000000,0.000000,0,0.000000,0.000000
441,0.000525,0,0.000000,0.000000,0,0.000000,0.000000,0,0.000000,0.000000,0,0.000000,0.000000,0,0.000000,0.000000,0,0.000000,0.000000,0,0.000000,0.000000,0,0.000000,0.000000,0,0.000000,0.000000,0,0.000000,0.000000,0,0.000000,0.000000,0,0.000000,0.000000,0,0.000000,0.000000,0,0.000000,0.000000,0,0.000000,0.000000,0,0.000000,0.000000,0,0.000000,0.000000,0,0.000000,0.000000,0,0.000000,0.000000,0,0.000000,0.000000,0,0.000000,0.000000,0,0.000000,0.000000,0,0.000000,0.000000,0,0.000000,0.000000,0,0.000000,0.000000,1,1.000000,1.000000,0,0.000000,0.000000,0,0.000000,0.000000,0,0.000000,0.000000,0,0.000000,0.000000,0,0.000000,0.000000,0,0.000000,0.000000,0,0.000000,0.000000,0,0.000000,0.000000,0,0.000000,0.000000,0,0.000000,0.000000,0,0.000000,0.000000
442,0.000365,0,0.000000,0.000000,0,0.000000,0.000000,0,0.000000,0.000000,0,0.000000,0.000000,0,0.000000,0.000000,0,0.000000,0.000000,0,0.000000,0.000000,0,0.000000,0.000000,0,0.000000,0.000000,0,0.000000,0.000000,0,0.000000,0.000000,0,0.000000,0.000000,0,0.000000,0.000000,0,0.000000,0.000000,0,0.000000,0.000000,0,0.000000,0.000000,0,0.000000,0.000000,0,0.000000,0.000000,2,1.000000,1.000000,0,0.000000,0.000000,0,0.000000,0.000000,0,0.000000,0.000000,0,0.000000,0.000000,0,0.000000,0.000000,0,0.000000,0.000000,0,0.000000,0.000000,0,0.000000,0.000000,0,0.000000,0.000000,0,0.000000,0.000000,0,0.000000,0.000000,0,0.000000,0.000000,0,0.000000,0.000000,0,0.000000,0.000000,0,0.000000,0.000000,0,0.000000,0.000000,0,0.000000,0.000000,0,0.000000,0.000000
443,0.000105,0,0.000000,0.000000,0,0.000000,0.000000,0,0.000000,0.000000,0,0.000000,0.000000,0,0.000000,0.000000,0,0.000000,0.000000,0,0.000000,0.000000,0,0.000000,0.000000,0,0.000000,0.000000,0,0.000000,0.000000,0,0.000000,0.000000,0,0.000000,0.000000,0,0.000000,0.000000,0,0.000000,0.000000,0,0.000000,0.000000,0,0.000000,0.000000,0,0.000000,0.000000,0,0.000000,0.000000,0,0.000000,0.000000,0,0.000000,0.000000,0,0.000000,0.000000,0,0.000000,0.000000,0,0.000000,0.000000,0,0.000000,0.000000,0,0.000000,0.000000,0,0.000000,0.000000,0,0.000000,0.000000,0,0.000000,0.000000,0,0.000000,0.000000,0,0.000000,0.000000,0,0.000000,0.000000,0,0.000000,0.000000,0,0.000000,0.000000,0,0.000000,0.000000,0,0.000000,0.000000,0,0.000000,0.000000,1,1.000000,1.000000
444,0.000120,0,0.000000,0.000000,0,0.000000,0.000000,0,0.000000,0.000000,0,0.000000,0.000000,0,0.000000,0.000000,0,0.000000,0.000000,0,0.000000,0.000000,0,0.000000,0.000000,0,0.000000,0.000000,0,0.000000,0.000000,0,0.000000,0.000000,0,0.000000,0.000000,0,0.000000,0.000000,0,0.000000,0.000000,0,0.000000,0.000000,0,0.000000,0.000000,0,0.000000,0.000000,0,0.000000,0.000000,0,0.000000,0.000000,0,0.000000,0.000000,0,0.000000,0.000000,0,0.000000,0.000000,0,0.000000,0.000000,0,0.000000,0.000000,0,0.000000,0.000000,1,1.000000,1.000000,0,0.000000,0.000000,0,0.000000,0.000000,0,0.000000,0.000000,0,0.000000,0.000000,0,0.000000,0.000000,0,0.000000,0.000000,0,0.000000,0.000000,0,0.000000,0.000000,0,0.000000,0.000000,0,0.000000,0.000000,0,0.000000,0.000000
445,0.000000,0,0.000000,0.000000,0,0.000000,0.000000,0,0.000000,0.000000,0,0.000000,0.000000,0,0.000000,0.000000,0,0.000000,0.000000,0,0.000000,0.000000,0,0.000000,0.000000,0,0.000000,0.000000,0,0.000000,0.000000,0,0.000000,0.000000,0,0.000000,0.000000,0,0.000000,0.000000,0,0.000000,0.000000,0,0.000000,0.000000,0,0.000000,0.000000,0,0.000000,0.000000,0,0.000000,0.000000,0,0.000000,0.000000,0,0.000000,0.000000,0,0.000000,0.000000,0,0.000000,0.000000,0,0.000000,0.000000,0,0.000000,0.000000,0,0.000000,0.000000,0,0.000000,0.000000,0,0.000000,0.000000,0,0.000000,0.000000,0,0.000000,0.000000,0,0.000000,0.000000,0,0.000000,0.000000,0,0.000000,0.000000,0,0.000000,0.000000,0,0.000000,0.000000,0,0.000000,0.000000,0,0.000000,0.000000,0,0.000000,0.000000
446,0.000335,0,0.000000,0.000000,0,0.000000,0.000000,0,0.000000,0.000000,0,0.000000,0.000000,0,0.000000,0.000000,0,0.000000,0.000000,0,0.000000,0.000000,0,0.000000,0.000000,0,0.000000,0.000000,0,0.000000,0.000000,0,0.000000,0.000000,0,0.000000,0.000000,0,0.000000,0.000000,0,0.000000,0.000000,0,0.000000,0.000000,0,0.000000,0.000000,0,0.000000,0.000000,0,0.000000,0.000000,2,1.000000,1.000000,0,0.000000,0.000000,0,0.000000,0.000000,0,0.000000,0.000000,0,0.000000,0.000000,0,0.000000,0.000000,0,0.000000,0.000000,0,0.000000,0.000000,0,0.000000,0.000000,0,0.000000,0.000000,0,0.000000,0.000000,0,0.000000,0.000000,0,0.000000,0.000000,0,0.000000,0.000000,0,0.000000,0.000000,0,0.000000,0.000000,0,0.000000,0.000000,0,0.000000,0.000000,0,0.000000,0.000000
447,0.000060,0,0.000000,0.000000,1,1.000000,1.000000,0,0.000000,0.000000,0,0.000000,0.000000,0,0.000000,0.000000,0,0.000000,0.000000,0,0.000000,0.000000,0,0.000000,0.000000,0,0.000000,0.000000,0,0.000000,0.000000,0,0.000000,0.000000,0,0.000000,0.000000,0,0.000000,0.000000,0,0.000000,0.000000,0,0.000000,0.000000,0,0.000000,0.000000,0,0.000000,0.000000,0,0.000000,0.000000,0,0.000000,0.000000,0,0.000000,0.000000,0,0.000000,0.000000,0,0.000000,0.000000,0,0.000000,0.000000,0,0.000000,0.000000,0,0.000000,0.000000,0,0.000000,0.000000,0,0.000000,0.000000,0,0.000000,0.000000,0,0.000000,0.000000,0,0.000000,0.000000,0,0.000000,0.000000,0,0.000000,0.000000,0,0.000000,0.000000,0,0.000000,0.000000,0,0.000000,0.000000,0,0.000000,0.000000,0,0.000000,0.000000
448,0.000055,0,0.000000,0.000000,1,1.000000,1.000000,0,0.000000,0.000000,0,0.000000,0.000000,0,0.000000,0.000000,0,0.000000,0.000000,0,0.000000,0.000000,0,0.000000,0.000000,0,0.000000,0.000000,0,0.000000,0.000000,0,0.000000,0.000000,0,0.000000,0.000000,0,0.000000,0.000000,0,0.000000,0.000000,0,0.000000,0.000000,0,0.000000,0.000000,0,0.000000,0.000000,0,0.000000,0.000000,0,0.000000,0.000000,0,0.000000,0.000000,0,0.000000,0.000000,0,0.000000,0.000000,0,0.000000,0.000000,0,0.000000,0.000000,0,0.000000,0.000000,0,0.000000,0.000000,0,0.000000,0.000000,0,0.000000,0.000000,0,0.000000,0.000000,0,0.000000,0.000000,0,0.000000,0.000000,0,0.000000,0.000000,0,0.000000,0.000000,0,0.000000,0.000000,0,0.000000,0.000000,0,0.000000,0.000000,0,0.000000,0.000000
449,0.000080,0,0.000000,0.000000,0,0.000000,0.000000,0,0.000000,0.000000,0,0.000000,0.000000,0,0.000000,0.000000,0,0.000000,0.000000,0,0.000000,0.000000,0,0.000000,0.000000,0,0.000000,0.000000,0,0.000000,0.000000,0,0.000000,0.000000,0,0.000000,0.000000,0,0.000000,0.000000,0,0.000000,0.000000,0,0.000000,0.000000,0,0.000000,0.000000,0,0.000000,0.000000,0,0.000000,0.000000,0,0.000000,0.000000,0,0.000000,0.000000,0,0.000000,0.000000,0,0.000000,0.000000,0,0.000000,0.000000,0,0.000000,0.000000,0,0.000000,0.000000,0,0.000000,0.000000,0,0.000000,0.000000,0,0.000000,0.000000,0,0.000000,0.000000,0,0.000000,0.000000,1,1.000000,1.000000,0,0.000000,0.000000,0,0.000000,0.000000,0,0.000000,0.000000,0,0.000000,0.000000,0,0.000000,0.000000,0,0.000000,0.000000
