Node,AggregateDegree,MultiplexDegree,AvgClustering,Deg_L0,Clust_L0,Deg_L1,Clust_L1,Deg_L2,Clust_L2,Deg_L3,Clust_L3,Deg_L4,Clust_L4,Deg_L5,Clust_L5,Deg_L6,Clust_L6,Deg_L7,Clust_L7,Deg_L8,Clust_L8,Deg_L9,Clust_L9,Deg_L10,Clust_L10,Deg_L11,Clust_L11,Deg_L12,Clust_L12,Deg_L13,Clust_L13,Deg_L14,Clust_L14,Deg_L15,Clust_L15,Deg_L16,Clust_L16,Deg_L17,Clust_L17,Deg_L18,Clust_L18,Deg_L19,Clust_L19,Deg_L20,Clust_L20,Deg_L21,Clust_L21,Deg_L22,Clust_L22,Deg_L23,Clust_L23,Deg_L24,Clust_L24,Deg_L25,Clust_L25,Deg_L26,Clust_L26,Deg_L27,Clust_L27,Deg_L28,Clust_L28,Deg_L29,Clust_L29,Deg_L30,Clust_L30,Deg_L31,Clust_L31,Deg_L32,Clust_L32,Deg_L33,Clust_L33,Deg_L34,Clust_L34,Deg_L35,Clust_L35,Deg_L36,Clust_L36
0,16,12,0.045045,2,1.000000,0,0.000000,1,0.000000,1,0.000000,0,0.000000,0,0.000000,0,0.000000,0,0.000000,0,0.000000,0,0.000000,0,0.000000,0,0.000000,0,0.000000,1,0.000000,0,0.000000,1,0.000000,0,0.000000,0,0.000000,0,0.000000,1,0.000000,0,0.000000,0,0.000000,0,0.000000,0,0.000000,0,0.000000,2,0.000000,0,0.000000,0,0.000000,0,0.000000,3,0.666667,1,0.000000,0,0.000000,1,0.000000,0,0.000000,0,0.000000,1,0.000000,1,0.000000
1,127,25,0.189655,77,0.045796,0,0.000000,0,0.000000,2,0.000000,1,0.000000,7,0.238095,1,0.000000,4,0.833333,1,0.000000,2,1.000000,1,0.000000,1,0.000000,0,0.000000,2,1.000000,3,0.666667,0,0.000000,1,0.000000,0,0.000000,1,0.000000,5,0.400000,0,0.000000,1,0.000000,1,0.000000,0,0.000000,0,0.000000,3,0.333333,0,0.000000,1,0.000000,5,0.500000,2,1.000000,1,0.000000,2,1.000000,1,0.000000,1,0.000000,0,0.000000,0,0.000000,0,0.000000
2,70,13,0.081771,4,0.666667,0,0.000000,1,0.000000,0,0.000000,1,0.000000,13,0.333333,1,0.000000,0,0.000000,1,0.000000,0,0.000000,0,0.000000,0,0.000000,0,0.000000,1,0.000000,0,0.000000,1,0.000000,0,0.000000,0,0.000000,0,0.000000,0,0.000000,0,0.000000,0,0.000000,0,0.000000,37,0.025526,2,1.000000,4,0.000000,0,0.000000,0,0.000000,3,1.000000,0,0.000000,0,0.000000,1,0.000000,0,0.000000,0,0.000000,0,0.000000,0,0.000000,0,0.000000
3,32,5,0.018544,0,0.000000,16,0.175000,0,0.000000,0,0.000000,0,0.000000,0,0.000000,0,0.000000,0,0.000000,0,0.000000,0,0.000000,0,0.000000,0,0.000000,0,0.000000,0,0.000000,1,0.000000,0,0.000000,0,0.000000,0,0.000000,0,0.000000,0,0.000000,0,0.000000,0,0.000000,0,0.000000,0,0.000000,0,0.000000,3,0.333333,0,0.000000,0,0.000000,0,0.000000,0,0.000000,0,0.000000,10,0.177778,0,0.000000,0,0.000000,0,0.000000,2,0.000000,0,0.000000
4,11,1,0.005405,0,0.000000,0,0.000000,0,0.000000,0,0.000000,0,0.000000,0,0.000000,0,0.000000,0,0.000000,0,0.000000,0,0.000000,0,0.000000,0,0.000000,0,0.000000,0,0.000000,11,0.200000,0,0.000000,0,0.000000,0,0.000000,0,0.000000,0,0.000000,0,0.000000,0,0.000000,0,0.000000,0,0.000000,0,0.000000,0,0.000000,0,0.000000,0,0.000000,0,0.000000,0,0.000000,0,0.000000,0,0.000000,0,0.000000,0,0.000000,0,0.000000,0,0.000000,0,0.000000
5,37,7,0.049629,1,0.000000,0,0.000000,0,0.000000,0,0.000000,4,0.500000,0,0.000000,0,0.000000,0,0.000000,0,0.000000,0,0.000000,0,0.000000,0,0.000000,0,0.000000,0,0.000000,0,0.000000,0,0.000000,0,0.000000,0,0.000000,0,0.000000,0,0.000000,0,0.000000,0,0.000000,1,0.000000,1,0.000000,9,0.166667,0,0.000000,2,1.000000,0,0.000000,19,0.169591,0,0.000000,0,0.000000,0,0.000000,0,0.000000,0,0.000000,0,0.000000,0,0.000000,0,0.000000
6,118,24,0.158445,6,0.866667,0,0.000000,26,0.160000,1,0.000000,1,0.000000,1,0.000000,50,0.002449,3,1.000000,1,0.000000,2,1.000000,1,0.000000,0,0.000000,0,0.000000,1,0.000000,4,0.333333,0,0.000000,0,0.000000,1,0.000000,1,0.000000,2,1.000000,3,0.333333,0,0.000000,2,0.000000,0,0.000000,0,0.000000,0,0.000000,0,0.000000,1,0.000000,0,0.000000,1,0.000000,1,0.000000,4,0.500000,1,0.000000,1,0.000000,0,0.000000,3,0.666667,0,0.000000
7,27,13,0.056628,2,1.000000,0,0.000000,8,0.428571,1,0.000000,1,0.000000,0,0.000000,2,0.000000,0,0.000000,1,0.000000,1,0.000000,0,0.000000,0,0.000000,0,0.000000,0,0.000000,0,0.000000,0,0.000000,1,0.000000,1,0.000000,0,0.000000,0,0.000000,3,0.000000,2,0.000000,1,0.000000,0,0.000000,0,0.000000,0,0.000000,0,0.000000,0,0.000000,0,0.000000,0,0.000000,0,0.000000,0,0.000000,0,0.000000,0,0.000000,0,0.000000,3,0.666667,0,0.000000
8,18,6,0.027091,1,0.000000,1,0.000000,8,0.535714,0,0.000000,0,0.000000,0,0.000000,0,0.000000,0,0.000000,1,0.000000,0,0.000000,0,0.000000,0,0.000000,0,0.000000,0,0.000000,6,0.466667,0,0.000000,0,0.000000,1,0.000000,0,0.000000,0,0.000000,0,0.000000,0,0.000000,0,0.000000,0,0.000000,0,0.000000,0,0.000000,0,0.000000,0,0.000000,0,0.000000,0,0.000000,0,0.000000,0,0.000000,0,0.000000,0,0.000000,0,0.000000,0,0.000000,0,0.000000
9,43,8,0.082007,3,1.000000,0,0.000000,0,0.000000,0,0.000000,0,0.000000,2,1.000000,1,0.000000,0,0.000000,0,0.000000,0,0.000000,0,0.000000,0,0.000000,0,0.000000,1,0.000000,0,0.000000,0,0.000000,0,0.000000,0,0.000000,0,0.000000,0,0.000000,0,0.000000,0,0.000000,0,0.000000,2,1.000000,0,0.000000,1,0.000000,0,0.000000,1,0.000000,0,0.000000,0,0.000000,0,0.000000,32,0.034274,0,0.000000,0,0.000000,0,0.000000,0,0.000000,0,0.000000
10,63,5,0.009232,0,0.000000,44,0.198732,0,0.000000,0,0.000000,0,0.000000,0,0.000000,0,0.000000,0,0.000000,0,0.000000,1,0.000000,0,0.000000,0,0.000000,0,0.000000,0,0.000000,0,0.000000,9,0.000000,0,0.000000,0,0.000000,0,0.000000,0,0.000000,0,0.000000,0,0.000000,0,0.000000,0,0.000000,1,0.000000,0,0.000000,0,0.000000,0,0.000000,0,0.000000,0,0.000000,0,0.000000,8,0.142857,0,0.000000,0,0.000000,0,0.000000,0,0.000000,0,0.000000
11,118,7,0.048972,0,0.000000,85,0.071709,22,0.073593,2,0.000000,1,0.000000,3,0.000000,0,0.000000,0,0.000000,0,0.000000,0,0.000000,0,0.000000,0,0.000000,0,0.000000,0,0.000000,0,0.000000,0,0.000000,0,0.000000,0,0.000000,0,0.000000,0,0.000000,0,0.000000,0,0.000000,0,0.000000,3,0.666667,2,1.000000,0,0.000000,0,0.000000,0,0.000000,0,0.000000,0,0.000000,0,0.000000,0,0.000000,0,0.000000,0,0.000000,0,0.000000,0,0.000000,0,0.000000
12,5,3,0.018018,1,0.000000,0,0.000000,0,0.000000,0,0.000000,3,0.666667,0,0.000000,0,0.000000,0,0.000000,0,0.000000,0,0.000000,0,0.000000,0,0.000000,0,0.000000,0,0.000000,0,0.000000,0,0.000000,0,0.000000,0,0.000000,0,0.000000,0,0.000000,0,0.000000,0,0.000000,0,0.000000,0,0.000000,1,0.000000,0,0.000000,0,0.000000,0,0.000000,0,0.000000,0,0.000000,0,0.000000,0,0.000000,0,0.000000,0,0.000000,0,0.000000,0,0.000000,0,0.000000
13,103,24,0.139927,3,1.000000,0,0.000000,6,0.466667,1,0.000000,1,0.000000,0,0.000000,1,0.000000,1,0.000000,1,0.000000,2,1.000000,2,1.000000,1,0.000000,0,0.000000,1,0.000000,0,0.000000,0,0.000000,0,0.000000,1,0.000000,0,0.000000,2,1.000000,1,0.000000,0,0.000000,0,0.000000,1,0.000000,1,0.000000,3,0.000000,1,0.000000,0,0.000000,0,0.000000,30,0.032184,1,0.000000,3,0.333333,1,0.000000,0,0.000000,0,0.000000,3,0.333333,35,0.011765
14,156,27,0.148510,3,1.000000,0,0.000000,15,0.438095,2,0.000000,1,0.000000,1,0.000000,2,0.000000,3,1.000000,62,0.000000,4,0.500000,1,0.000000,1,0.000000,2,1.000000,1,0.000000,2,0.000000,0,0.000000,2,1.000000,0,0.000000,1,0.000000,1,0.000000,5,0.300000,0,0.000000,2,0.000000,0,0.000000,1,0.000000,10,0.244444,29,0.012315,0,0.000000,0,0.000000,0,0.000000,1,0.000000,1,0.000000,1,0.000000,1,0.000000,0,0.000000,0,0.000000,1,0.000000
15,48,8,0.045486,0,0.000000,0,0.000000,0,0.000000,0,0.000000,4,0.500000,1,0.000000,0,0.000000,0,0.000000,0,0.000000,0,0.000000,0,0.000000,0,0.000000,1,0.000000,1,0.000000,0,0.000000,0,0.000000,0,0.000000,0,0.000000,0,0.000000,0,0.000000,0,0.000000,0,0.000000,0,0.000000,2,1.000000,12,0.106061,0,0.000000,1,0.000000,0,0.000000,26,0.076923,0,0.000000,0,0.000000,0,0.000000,0,0.000000,0,0.000000,0,0.000000,0,0.000000,0,0.000000
16,39,10,0.035612,3,1.000000,11,0.200000,0,0.000000,0,0.000000,0,0.000000,1,0.000000,1,0.000000,1,0.000000,1,0.000000,0,0.000000,1,0.000000,0,0.000000,0,0.000000,0,0.000000,18,0.117647,0,0.000000,0,0.000000,1,0.000000,0,0.000000,0,0.000000,0,0.000000,0,0.000000,1,0.000000,0,0.000000,0,0.000000,0,0.000000,0,0.000000,0,0.000000,0,0.000000,0,0.000000,0,0.000000,0,0.000000,0,0.000000,0,0.000000,0,0.000000,0,0.000000,0,0.000000
17,49,11,0.085526,2,1.000000,15,0.371429,13,0.435897,0,0.000000,0,0.000000,0,0.000000,0,0.000000,0,0.000000,1,0.000000,0,0.000000,0,0.000000,0,0.000000,2,1.000000,0,0.000000,8,0.357143,0,0.000000,0,0.000000,0,0.000000,0,0.000000,0,0.000000,0,0.000000,0,0.000000,1,0.000000,1,0.000000,0,0.000000,4,0.000000,0,0.000000,0,0.000000,0,0.000000,0,0.000000,0,0.000000,1,0.000000,0,0.000000,0,0.000000,0,0.000000,1,0.000000,0,0.000000
18,35,1,0.000227,0,0.000000,0,0.000000,0,0.000000,0,0.000000,0,0.000000,0,0.000000,0,0.000000,0,0.000000,0,0.000000,0,0.000000,0,0.000000,0,0.000000,0,0.000000,0,0.000000,0,0.000000,0,0.000000,0,0.000000,0,0.000000,0,0.000000,0,0.000000,0,0.000000,0,0.000000,0,0.000000,0,0.000000,0,0.000000,0,0.000000,0,0.000000,0,0.000000,0,0.000000,0,0.000000,0,0.000000,0,0.000000,0,0.000000,0,0.000000,0,0.000000,35,0.008403,0,0.000000
19,46,17,0.074885,2,1.000000,19,0.304094,1,0.000000,1,0.000000,1,0.000000,0,0.000000,2,0.000000,1,0.000000,1,0.000000,6,0.466667,0,0.000000,0,0.000000,0,0.000000,2,1.000000,0,0.000000,0,0.000000,1,0.000000,1,0.000000,0,0.000000,0,0.000000,0,0.000000,2,0.000000,0,0.000000,1,0.000000,0,0.000000,0,0.000000,0,0.000000,0,0.000000,0,0.000000,0,0.000000,1,0.000000,1,0.000000,0,0.000000,0,0.000000,0,0.000000,3,0.000000,0,0.000000
20,22,4,0.025740,0,0.000000,0,0.000000,15,0.552381,0,0.000000,0,0.000000,0,0.000000,0,0.000000,0,0.000000,0,0.000000,0,0.000000,0,0.000000,0,0.000000,0,0.000000,0,0.000000,0,0.000000,0,0.000000,0,0.000000,0,0.000000,0,0.000000,0,0.000000,0,0.000000,0,0.000000,5,0.400000,0,0.000000,0,0.000000,0,0.000000,0,0.000000,0,0.000000,0,0.000000,0,0.000000,0,0.000000,1,0.000000,0,0.000000,0,0.000000,0,0.000000,1,0.000000,0,0.000000
21,104,27,0.230030,3,1.000000,0,0.000000,4,0.666667,1,0.000000,3,0.666667,0,0.000000,0,0.000000,3,1.000000,1,0.000000,2,1.000000,2,1.000000,1,0.000000,0,0.000000,1,0.000000,2,1.000000,0,0.000000,2,1.000000,43,0.000000,1,0.000000,1,0.000000,1,0.000000,2,0.000000,1,0.000000,0,0.000000,3,0.666667,10,0.200000,1,0.000000,0,0.000000,0,0.000000,1,0.000000,1,0.000000,10,0.311111,1,0.000000,1,0.000000,0,0.000000,2,0.000000,0,0.000000
22,10,3,0.063063,0,0.000000,0,0.000000,0,0.000000,0,0.000000,3,0.666667,0,0.000000,0,0.000000,0,0.000000,0,0.000000,0,0.000000,0,0.000000,0,0.000000,0,0.000000,0,0.000000,0,0.000000,0,0.000000,0,0.000000,0,0.000000,0,0.000000,0,0.000000,0,0.000000,0,0.000000,0,0.000000,0,0.000000,4,0.666667,0,0.000000,0,0.000000,0,0.000000,3,1.000000,0,0.000000,0,0.000000,0,0.000000,0,0.000000,0,0.000000,0,0.000000,0,0.000000,0,0.000000
23,97,15,0.027222,2,1.000000,0,0.000000,0,0.000000,1,0.000000,82,0.007227,0,0.000000,1,0.000000,0,0.000000,1,0.000000,1,0.000000,1,0.000000,1,0.000000,0,0.000000,1,0.000000,0,0.000000,0,0.000000,0,0.000000,0,0.000000,0,0.000000,0,0.000000,0,0.000000,0,0.000000,0,0.000000,0,0.000000,1,0.000000,0,0.000000,0,0.000000,0,0.000000,1,0.000000,1,0.000000,0,0.000000,0,0.000000,1,0.000000,1,0.000000,0,0.000000,0,0.000000,1,0.000000
24,6,3,0.054054,0,0.000000,0,0.000000,0,0.000000,0,0.000000,2,1.000000,0,0.000000,0,0.000000,0,0.000000,0,0.000000,0,0.000000,0,0.000000,0,0.000000,0,0.000000,0,0.000000,0,0.000000,0,0.000000,0,0.000000,0,0.000000,0,0.000000,0,0.000000,0,0.000000,0,0.000000,0,0.000000,0,0.000000,1,0.000000,0,0.000000,0,0.000000,0,0.000000,3,1.000000,0,0.000000,0,0.000000,0,0.000000,0,0.000000,0,0.000000,0,0.000000,0,0.000000,0,0.000000
25,81,20,0.078378,4,1.000000,0,0.000000,6,0.466667,1,0.000000,1,0.000000,0,0.000000,1,0.000000,0,0.000000,1,0.000000,0,0.000000,3,0.666667,0,0.000000,3,0.666667,1,0.000000,0,0.000000,5,0.000000,0,0.000000,1,0.000000,1,0.000000,1,0.000000,1,0.000000,0,0.000000,1,0.000000,1,0.000000,0,0.000000,5,0.100000,0,0.000000,0,0.000000,0,0.000000,0,0.000000,41,0.000000,0,0.000000,1,0.000000,0,0.000000,0,0.000000,2,0.000000,0,0.000000
26,89,24,0.175220,2,1.000000,0,0.000000,6,0.266667,1,0.000000,2,1.000000,2,1.000000,1,0.000000,42,0.040650,1,0.000000,0,0.000000,2,1.000000,1,0.000000,14,0.175824,1,0.000000,0,0.000000,0,0.000000,1,0.000000,1,0.000000,1,0.000000,1,0.000000,0,0.000000,0,0.000000,0,0.000000,1,0.000000,1,0.000000,0,0.000000,0,0.000000,1,0.000000,0,0.000000,0,0.000000,1,0.000000,2,1.000000,1,0.000000,1,0.000000,2,1.000000,0,0.000000,0,0.000000
27,69,20,0.087130,5,1.000000,0,0.000000,0,0.000000,1,0.000000,2,1.000000,1,0.000000,1,0.000000,29,0.071429,1,0.000000,0,0.000000,1,0.000000,1,0.000000,15,0.152381,1,0.000000,0,0.000000,0,0.000000,1,0.000000,0,0.000000,2,0.000000,1,0.000000,0,0.000000,0,0.000000,0,0.000000,2,1.000000,0,0.000000,0,0.000000,0,0.000000,1,0.000000,0,0.000000,0,0.000000,1,0.000000,1,0.000000,1,0.000000,1,0.000000,0,0.000000,0,0.000000,0,0.000000
28,30,4,0.029522,1,0.000000,0,0.000000,0,0.000000,0,0.000000,26,0.092308,0,0.000000,0,0.000000,0,0.000000,0,0.000000,1,0.000000,0,0.000000,0,0.000000,0,0.000000,0,0.000000,0,0.000000,0,0.000000,0,0.000000,0,0.000000,0,0.000000,0,0.000000,0,0.000000,0,0.000000,0,0.000000,0,0.000000,2,1.000000,0,0.000000,0,0.000000,0,0.000000,0,0.000000,0,0.000000,0,0.000000,0,0.000000,0,0.000000,0,0.000000,0,0.000000,0,0.000000,0,0.000000
29,28,10,0.092021,2,1.000000,8,0.571429,4,0.500000,0,0.000000,0,0.000000,0,0.000000,0,0.000000,0,0.000000,0,0.000000,0,0.000000,0,0.000000,0,0.000000,3,1.000000,1,0.000000,0,0.000000,0,0.000000,0,0.000000,1,0.000000,0,0.000000,6,0.333333,0,0.000000,0,0.000000,1,0.000000,0,0.000000,0,0.000000,0,0.000000,0,0.000000,0,0.000000,1,0.000000,0,0.000000,1,0.000000,0,0.000000,0,0.000000,0,0.000000,0,0.000000,0,0.000000,0,0.000000
30,91,17,0.036446,4,1.000000,0,0.000000,0,0.000000,1,0.000000,1,0.000000,1,0.000000,1,0.000000,26,0.104615,1,0.000000,0,0.000000,1,0.000000,0,0.000000,41,0.043902,1,0.000000,0,0.000000,0,0.000000,1,0.000000,1,0.000000,1,0.000000,0,0.000000,0,0.000000,0,0.000000,0,0.000000,0,0.000000,0,0.000000,2,0.000000,0,0.000000,0,0.000000,0,0.000000,0,0.000000,0,0.000000,1,0.000000,0,0.000000,1,0.000000,6,0.200000,0,0.000000,0,0.000000
31,15,8,0.019820,4,0.333333,5,0.400000,0,0.000000,0,0.000000,0,0.000000,0,0.000000,1,0.000000,0,0.000000,1,0.000000,0,0.000000,0,0.000000,0,0.000000,1,0.000000,0,0.000000,0,0.000000,0,0.000000,0,0.000000,0,0.000000,0,0.000000,0,0.000000,0,0.000000,0,0.000000,0,0.000000,0,0.000000,0,0.000000,0,0.000000,0,0.000000,0,0.000000,0,0.000000,0,0.000000,0,0.000000,1,0.000000,0,0.000000,1,0.000000,0,0.000000,1,0.000000,0,0.000000
32,45,8,0.076705,0,0.000000,7,0.619048,22,0.285714,0,0.000000,0,0.000000,0,0.000000,0,0.000000,0,0.000000,0,0.000000,0,0.000000,0,0.000000,0,0.000000,3,0.666667,0,0.000000,0,0.000000,0,0.000000,0,0.000000,0,0.000000,0,0.000000,0,0.000000,0,0.000000,0,0.000000,1,0.000000,6,0.266667,1,0.000000,2,0.000000,0,0.000000,0,0.000000,3,1.000000,0,0.000000,0,0.000000,0,0.000000,0,0.000000,0,0.000000,0,0.000000,0,0.000000,0,0.000000
33,85,28,0.102649,17,0.301471,0,0.000000,30,0.163218,1,0.000000,1,0.000000,3,1.000000,4,0.000000,1,0.000000,1,0.000000,2,1.000000,1,0.000000,1,0.000000,0,0.000000,1,0.000000,2,0.000000,0,0.000000,2,1.000000,1,0.000000,1,0.000000,1,0.000000,3,0.333333,1,0.000000,1,0.000000,2,0.000000,0,0.000000,1,0.000000,1,0.000000,1,0.000000,0,0.000000,1,0.000000,1,0.000000,2,0.000000,1,0.000000,0,0.000000,0,0.000000,0,0.000000,0,0.000000
34,23,8,0.108108,3,1.000000,2,1.000000,0,0.000000,0,0.000000,0,0.000000,0,0.000000,0,0.000000,2,1.000000,0,0.000000,0,0.000000,0,0.000000,0,0.000000,0,0.000000,0,0.000000,0,0.000000,11,0.000000,0,0.000000,0,0.000000,0,0.000000,2,1.000000,0,0.000000,0,0.000000,0,0.000000,0,0.000000,0,0.000000,0,0.000000,0,0.000000,0,0.000000,1,0.000000,0,0.000000,0,0.000000,0,0.000000,0,0.000000,1,0.000000,0,0.000000,1,0.000000,0,0.000000
35,70,7,0.036637,0,0.000000,0,0.000000,1,0.000000,0,0.000000,8,0.214286,0,0.000000,0,0.000000,0,0.000000,0,0.000000,0,0.000000,0,0.000000,0,0.000000,0,0.000000,0,0.000000,0,0.000000,0,0.000000,0,0.000000,0,0.000000,0,0.000000,0,0.000000,0,0.000000,0,0.000000,0,0.000000,2,1.000000,36,0.022222,0,0.000000,1,0.000000,0,0.000000,21,0.119048,0,0.000000,0,0.000000,0,0.000000,0,0.000000,0,0.000000,0,0.000000,1,0.000000,0,0.000000
36,35,8,0.075547,0,0.000000,15,0.361905,4,0.500000,0,0.000000,0,0.000000,2,1.000000,0,0.000000,0,0.000000,0,0.000000,0,0.000000,0,0.000000,0,0.000000,0,0.000000,0,0.000000,0,0.000000,0,0.000000,0,0.000000,0,0.000000,0,0.000000,0,0.000000,5,0.600000,4,0.333333,0,0.000000,1,0.000000,0,0.000000,3,0.000000,1,0.000000,0,0.000000,0,0.000000,0,0.000000,0,0.000000,0,0.000000,0,0.000000,0,0.000000,0,0.000000,0,0.000000,0,0.000000
37,139,26,0.150873,78,0.044289,0,0.000000,4,0.333333,1,0.000000,1,0.000000,19,0.204678,1,0.000000,3,1.000000,1,0.000000,1,0.000000,1,0.000000,1,0.000000,2,1.000000,1,0.000000,0,0.000000,0,0.000000,1,0.000000,0,0.000000,1,0.000000,4,0.500000,0,0.000000,0,0.000000,1,0.000000,3,0.333333,1,0.000000,4,0.166667,0,0.000000,1,0.000000,3,1.000000,2,1.000000,0,0.000000,1,0.000000,0,0.000000,1,0.000000,0,0.000000,2,0.000000,0,0.000000
38,10,2,0.003003,0,0.000000,0,0.000000,0,0.000000,0,0.000000,0,0.000000,0,0.000000,0,0.000000,0,0.000000,0,0.000000,0,0.000000,0,0.000000,0,0.000000,0,0.000000,0,0.000000,0,0.000000,0,0.000000,0,0.000000,0,0.000000,0,0.000000,0,0.000000,0,0.000000,0,0.000000,0,0.000000,0,0.000000,0,0.000000,0,0.000000,0,0.000000,0,0.000000,0,0.000000,0,0.000000,0,0.000000,9,0.111111,0,0.000000,0,0.000000,0,0.000000,1,0.000000,0,0.000000
39,137,31,0.234823,4,1.000000,19,0.339181,15,0.400000,1,0.000000,1,0.000000,5,0.900000,4,0.166667,1,0.000000,1,0.000000,2,1.000000,3,0.666667,2,1.000000,1,0.000000,1,0.000000,0,0.000000,6,0.000000,2,1.000000,1,0.000000,1,0.000000,1,0.000000,29,0.049261,15,0.000000,3,0.333333,3,0.666667,0,0.000000,4,0.333333,3,0.000000,1,0.000000,0,0.000000,1,0.000000,1,0.000000,4,0.833333,0,0.000000,1,0.000000,0,0.000000,1,0.000000,0,0.000000
40,22,20,0.027027,1,0.000000,0,0.000000,1,0.000000,1,0.000000,1,0.000000,1,0.000000,1,0.000000,0,0.000000,1,0.000000,1,0.000000,1,0.000000,1,0.000000,0,0.000000,1,0.000000,0,0.000000,0,0.000000,0,0.000000,1,0.000000,0,0.000000,1,0.000000,1,0.000000,0,0.000000,0,0.000000,0,0.000000,1,0.000000,0,0.000000,0,0.000000,0,0.000000,0,0.000000,3,1.000000,1,0.000000,1,0.000000,1,0.000000,1,0.000000,0,0.000000,0,0.000000,0,0.000000
41,75,23,0.030426,4,1.000000,0,0.000000,0,0.000000,1,0.000000,1,0.000000,0,0.000000,1,0.000000,1,0.000000,1,0.000000,1,0.000000,1,0.000000,0,0.000000,1,0.000000,1,0.000000,0,0.000000,9,0.111111,1,0.000000,1,0.000000,1,0.000000,41,0.014634,1,0.000000,0,0.000000,1,0.000000,0,0.000000,0,0.000000,2,0.000000,0,0.000000,0,0.000000,0,0.000000,0,0.000000,1,0.000000,1,0.000000,1,0.000000,1,0.000000,0,0.000000,1,0.000000,0,0.000000
42,13,4,0.065637,2,1.000000,0,0.000000,0,0.000000,0,0.000000,0,0.000000,8,0.428571,0,0.000000,0,0.000000,0,0.000000,0,0.000000,0,0.000000,0,0.000000,0,0.000000,0,0.000000,0,0.000000,0,0.000000,0,0.000000,0,0.000000,0,0.000000,0,0.000000,0,0.000000,0,0.000000,0,0.000000,0,0.000000,0,0.000000,0,0.000000,0,0.000000,1,0.000000,2,1.000000,0,0.000000,0,0.000000,0,0.000000,0,0.000000,0,0.000000,0,0.000000,0,0.000000,0,0.000000
43,7,4,0.000000,0,0.000000,0,0.000000,0,0.000000,0,0.000000,0,0.000000,0,0.000000,0,0.000000,1,0.000000,0,0.000000,0,0.000000,0,0.000000,0,0.000000,1,0.000000,0,0.000000,0,0.000000,3,0.000000,0,0.000000,0,0.000000,0,0.000000,0,0.000000,0,0.000000,0,0.000000,0,0.000000,0,0.000000,0,0.000000,0,0.000000,0,0.000000,0,0.000000,0,0.000000,0,0.000000,0,0.000000,0,0.000000,0,0.000000,0,0.000000,0,0.000000,2,0.000000,0,0.000000
44,27,9,0.029967,5,0.900000,0,0.000000,0,0.000000,0,0.000000,1,0.000000,14,0.208791,0,0.000000,0,0.000000,1,0.000000,0,0.000000,1,0.000000,0,0.000000,0,0.000000,0,0.000000,0,0.000000,0,0.000000,0,0.000000,0,0.000000,0,0.000000,0,0.000000,0,0.000000,0,0.000000,0,0.000000,0,0.000000,1,0.000000,0,0.000000,0,0.000000,1,0.000000,1,0.000000,0,0.000000,0,0.000000,0,0.000000,0,0.000000,0,0.000000,0,0.000000,2,0.000000,0,0.000000
45,12,4,0.021879,0,0.000000,7,0.476190,0,0.000000,0,0.000000,0,0.000000,0,0.000000,0,0.000000,0,0.000000,0,0.000000,0,0.000000,0,0.000000,0,0.000000,0,0.000000,0,0.000000,0,0.000000,0,0.000000,0,0.000000,0,0.000000,0,0.000000,0,0.000000,0,0.000000,0,0.000000,0,0.000000,0,0.000000,0,0.000000,1,0.000000,0,0.000000,0,0.000000,0,0.000000,0,0.000000,1,0.000000,3,0.333333,0,0.000000,0,0.000000,0,0.000000,0,0.000000,0,0.000000
46,5,3,0.000000,0,0.000000,3,0.000000,0,0.000000,0,0.000000,1,0.000000,0,0.000000,0,0.000000,0,0.000000,0,0.000000,0,0.000000,0,0.000000,0,0.000000,0,0.000000,0,0.000000,0,0.000000,0,0.000000,0,0.000000,0,0.000000,0,0.000000,0,0.000000,0,0.000000,0,0.000000,0,0.000000,1,0.000000,0,0.000000,0,0.000000,0,0.000000,0,0.000000,0,0.000000,0,0.000000,0,0.000000,0,0.000000,0,0.000000,0,0.000000,0,0.000000,0,0.000000,0,0.000000
47,25,19,0.081081,3,1.000000,0,0.000000,2,1.000000,1,0.000000,1,0.000000,0,0.000000,1,0.000000,0,0.000000,1,0.000000,2,1.000000,1,0.000000,1,0.000000,0,0.000000,1,0.000000,0,0.000000,0,0.000000,0,0.000000,0,0.000000,1,0.000000,1,0.000000,0,0.000000,0,0.000000,0,0.000000,0,0.000000,1,0.000000,0,0.000000,0,0.000000,1,0.000000,0,0.000000,0,0.000000,1,0.000000,2,0.000000,1,0.000000,0,0.000000,0,0.000000,2,0.000000,1,0.000000
48,9,5,0.036036,0,0.000000,3,0.666667,0,0.000000,1,0.000000,0,0.000000,0,0.000000,0,0.000000,0,0.000000,0,0.000000,0,0.000000,0,0.000000,0,0.000000,0,0.000000,0,0.000000,0,0.000000,0,0.000000,0,0.000000,0,0.000000,0,0.000000,0,0.000000,0,0.000000,0,0.000000,3,0.666667,0,0.000000,0,0.000000,1,0.000000,0,0.000000,0,0.000000,0,0.000000,0,0.000000,0,0.000000,1,0.000000,0,0.000000,0,0.000000,0,0.000000,0,0.000000,0,0.000000
49,152,26,0.163476,4,1.000000,28,0.314815,17,0.404412,1,0.000000,1,0.000000,1,0.000000,1,0.000000,0,0.000000,1,0.000000,2,1.000000,2,1.000000,33,0.001894,0,0.000000,0,0.000000,0,0.000000,4,0.166667,2,1.000000,1,0.000000,1,0.000000,1,0.000000,8,0.321429,32,0.006048,1,0.000000,0,0.000000,0,0.000000,0,0.000000,0,0.000000,1,0.000000,0,0.000000,1,0.000000,1,0.000000,4,0.833333,1,0.000000,1,0.000000,0,0.000000,2,0.000000,0,0.000000
50,17,5,0.036036,2,1.000000,1,0.000000,0,0.000000,0,0.000000,0,0.000000,0,0.000000,0,0.000000,0,0.000000,0,0.000000,0,0.000000,0,0.000000,0,0.000000,0,0.000000,0,0.000000,0,0.000000,9,0.000000,0,0.000000,0,0.000000,0,0.000000,4,0.333333,0,0.000000,0,0.000000,0,0.000000,0,0.000000,0,0.000000,0,0.000000,0,0.000000,0,0.000000,0,0.000000,0,0.000000,0,0.000000,0,0.000000,0,0.000000,0,0.000000,0,0.000000,1,0.000000,0,0.000000
51,20,7,0.095882,0,0.000000,0,0.000000,1,0.000000,0,0.000000,0,0.000000,1,0.000000,0,0.000000,0,0.000000,0,0.000000,0,0.000000,0,0.000000,0,0.000000,0,0.000000,0,0.000000,0,0.000000,0,0.000000,0,0.000000,0,0.000000,0,0.000000,2,1.000000,0,0.000000,0,0.000000,0,0.000000,0,0.000000,0,0.000000,2,1.000000,3,0.333333,0,0.000000,0,0.000000,8,0.214286,0,0.000000,0,0.000000,0,0.000000,0,0.000000,0,0.000000,0,0.000000,3,1.000000
52,69,6,0.018731,0,0.000000,10,0.111111,29,0.172414,0,0.000000,0,0.000000,0,0.000000,0,0.000000,0,0.000000,0,0.000000,0,0.000000,0,0.000000,0,0.000000,0,0.000000,0,0.000000,2,0.000000,15,0.009524,0,0.000000,0,0.000000,0,0.000000,0,0.000000,0,0.000000,0,0.000000,0,0.000000,0,0.000000,0,0.000000,10,0.066667,0,0.000000,0,0.000000,0,0.000000,0,0.000000,0,0.000000,3,0.333333,0,0.000000,0,0.000000,0,0.000000,0,0.000000,0,0.000000
53,35,12,0.069713,3,0.333333,0,0.000000,0,0.000000,0,0.000000,1,0.000000,9,0.222222,0,0.000000,1,0.000000,1,0.000000,0,0.000000,1,0.000000,0,0.000000,0,0.000000,0,0.000000,4,0.500000,0,0.000000,0,0.000000,1,0.000000,0,0.000000,0,0.000000,0,0.000000,0,0.000000,0,0.000000,7,0.190476,0,0.000000,4,0.333333,0,0.000000,0,0.000000,2,1.000000,0,0.000000,1,0.000000,0,0.000000,0,0.000000,0,0.000000,0,0.000000,0,0.000000,0,0.000000
54,76,22,0.151051,4,1.000000,0,0.000000,5,0.500000,1,0.000000,1,0.000000,0,0.000000,1,0.000000,0,0.000000,1,0.000000,1,0.000000,2,1.000000,2,1.000000,2,1.000000,1,0.000000,0,0.000000,10,0.088889,1,0.000000,1,0.000000,0,0.000000,1,0.000000,0,0.000000,0,0.000000,1,0.000000,2,1.000000,0,0.000000,0,0.000000,0,0.000000,0,0.000000,0,0.000000,0,0.000000,1,0.000000,1,0.000000,34,0.000000,1,0.000000,0,0.000000,2,0.000000,0,0.000000
55,11,5,0.018018,0,0.000000,0,0.000000,3,0.666667,0,0.000000,0,0.000000,0,0.000000,0,0.000000,0,0.000000,0,0.000000,0,0.000000,0,0.000000,0,0.000000,0,0.000000,0,0.000000,0,0.000000,4,0.000000,0,0.000000,0,0.000000,0,0.000000,0,0.000000,0,0.000000,0,0.000000,0,0.000000,2,0.000000,0,0.000000,0,0.000000,0,0.000000,1,0.000000,1,0.000000,0,0.000000,0,0.000000,0,0.000000,0,0.000000,0,0.000000,0,0.000000,0,0.000000,0,0.000000
56,106,14,0.109022,2,1.000000,24,0.293478,10,0.377778,0,0.000000,0,0.000000,26,0.129231,0,0.000000,0,0.000000,0,0.000000,0,0.000000,1,0.000000,0,0.000000,0,0.000000,0,0.000000,2,0.000000,0,0.000000,0,0.000000,1,0.000000,0,0.000000,0,0.000000,5,0.400000,3,0.666667,1,0.000000,3,0.333333,0,0.000000,6,0.533333,5,0.300000,17,0.000000,0,0.000000,0,0.000000,0,0.000000,0,0.000000,0,0.000000,0,0.000000,0,0.000000,0,0.000000,0,0.000000
57,34,15,0.033611,3,1.000000,0,0.000000,13,0.243590,1,0.000000,1,0.000000,0,0.000000,6,0.000000,1,0.000000,0,0.000000,0,0.000000,1,0.000000,0,0.000000,0,0.000000,1,0.000000,0,0.000000,0,0.000000,1,0.000000,1,0.000000,0,0.000000,0,0.000000,0,0.000000,1,0.000000,1,0.000000,0,0.000000,0,0.000000,0,0.000000,0,0.000000,0,0.000000,0,0.000000,1,0.000000,0,0.000000,1,0.000000,0,0.000000,0,0.000000,0,0.000000,1,0.000000,0,0.000000
58,32,15,0.117868,3,1.000000,9,0.361111,1,0.000000,1,0.000000,0,0.000000,0,0.000000,1,0.000000,0,0.000000,1,0.000000,0,0.000000,0,0.000000,0,0.000000,0,0.000000,0,0.000000,0,0.000000,0,0.000000,1,0.000000,1,0.000000,0,0.000000,0,0.000000,0,0.000000,2,0.000000,0,0.000000,0,0.000000,1,0.000000,3,0.333333,0,0.000000,0,0.000000,0,0.000000,2,1.000000,1,0.000000,3,0.666667,0,0.000000,0,0.000000,0,0.000000,2,1.000000,0,0.000000
59,11,4,0.054054,0,0.000000,0,0.000000,3,0.000000,0,0.000000,3,0.666667,0,0.000000,0,0.000000,0,0.000000,0,0.000000,0,0.000000,0,0.000000,0,0.000000,0,0.000000,0,0.000000,0,0.000000,0,0.000000,0,0.000000,0,0.000000,0,0.000000,0,0.000000,0,0.000000,0,0.000000,0,0.000000,0,0.000000,2,1.000000,0,0.000000,3,0.333333,0,0.000000,0,0.000000,0,0.000000,0,0.000000,0,0.000000,0,0.000000,0,0.000000,0,0.000000,0,0.000000,0,0.000000
60,53,16,0.106876,5,1.000000,5,0.800000,12,0.000000,0,0.000000,1,0.000000,1,0.000000,1,0.000000,2,1.000000,1,0.000000,0,0.000000,1,0.000000,0,0.000000,0,0.000000,0,0.000000,17,0.154412,0,0.000000,1,0.000000,1,0.000000,1,0.000000,0,0.000000,0,0.000000,0,0.000000,1,0.000000,0,0.000000,1,0.000000,2,1.000000,0,0.000000,0,0.000000,0,0.000000,0,0.000000,0,0.000000,0,0.000000,0,0.000000,0,0.000000,0,0.000000,0,0.000000,0,0.000000
61,71,22,0.087011,3,1.000000,14,0.340659,7,0.523810,2,0.000000,1,0.000000,4,0.833333,2,0.000000,0,0.000000,1,0.000000,6,0.466667,1,0.000000,1,0.000000,0,0.000000,1,0.000000,0,0.000000,3,0.000000,1,0.000000,1,0.000000,0,0.000000,0,0.000000,2,0.000000,1,0.000000,0,0.000000,2,0.000000,0,0.000000,14,0.054945,1,0.000000,0,0.000000,0,0.000000,1,0.000000,0,0.000000,2,0.000000,0,0.000000,0,0.000000,0,0.000000,0,0.000000,0,0.000000
62,10,6,0.054054,0,0.000000,2,1.000000,2,1.000000,0,0.000000,0,0.000000,0,0.000000,1,0.000000,0,0.000000,0,0.000000,0,0.000000,0,0.000000,0,0.000000,0,0.000000,0,0.000000,1,0.000000,0,0.000000,0,0.000000,0,0.000000,0,0.000000,0,0.000000,0,0.000000,2,0.000000,0,0.000000,0,0.000000,0,0.000000,0,0.000000,0,0.000000,0,0.000000,0,0.000000,0,0.000000,0,0.000000,2,0.000000,0,0.000000,0,0.000000,0,0.000000,0,0.000000,0,0.000000
63,122,26,0.113658,4,1.000000,0,0.000000,1,0.000000,1,0.000000,1,0.000000,8,0.535714,1,0.000000,0,0.000000,1,0.000000,1,0.000000,1,0.000000,1,0.000000,1,0.000000,64,0.002976,0,0.000000,0,0.000000,1,0.000000,1,0.000000,1,0.000000,2,1.000000,1,0.000000,1,0.000000,1,0.000000,3,0.666667,1,0.000000,3,0.000000,0,0.000000,18,0.000000,2,1.000000,0,0.000000,0,0.000000,0,0.000000,0,0.000000,1,0.000000,0,0.000000,1,0.000000,0,0.000000
64,33,13,0.127518,0,0.000000,3,1.000000,3,1.000000,1,0.000000,1,0.000000,2,1.000000,0,0.000000,0,0.000000,0,0.000000,1,0.000000,1,0.000000,0,0.000000,0,0.000000,1,0.000000,0,0.000000,0,0.000000,0,0.000000,0,0.000000,0,0.000000,0,0.000000,0,0.000000,0,0.000000,0,0.000000,2,1.000000,0,0.000000,0,0.000000,0,0.000000,0,0.000000,0,0.000000,11,0.218182,0,0.000000,1,0.000000,1,0.000000,0,0.000000,0,0.000000,0,0.000000,5,0.500000
65,93,23,0.124285,5,0.900000,0,0.000000,3,0.333333,1,0.000000,1,0.000000,9,0.305556,0,0.000000,3,1.000000,1,0.000000,0,0.000000,47,0.012026,1,0.000000,0,0.000000,1,0.000000,0,0.000000,0,0.000000,2,1.000000,0,0.000000,1,0.000000,1,0.000000,1,0.000000,0,0.000000,1,0.000000,1,0.000000,1,0.000000,7,0.047619,0,0.000000,1,0.000000,2,1.000000,0,0.000000,1,0.000000,0,0.000000,1,0.000000,1,0.000000,0,0.000000,0,0.000000,0,0.000000
66,65,20,0.045109,8,0.571429,0,0.000000,0,0.000000,1,0.000000,1,0.000000,37,0.097598,1,0.000000,2,1.000000,1,0.000000,0,0.000000,1,0.000000,1,0.000000,0,0.000000,1,0.000000,0,0.000000,0,0.000000,0,0.000000,1,0.000000,1,0.000000,1,0.000000,0,0.000000,0,0.000000,0,0.000000,0,0.000000,0,0.000000,1,0.000000,1,0.000000,0,0.000000,0,0.000000,1,0.000000,1,0.000000,0,0.000000,1,0.000000,1,0.000000,0,0.000000,2,0.000000,0,0.000000
67,27,10,0.063578,4,0.500000,0,0.000000,5,0.900000,1,0.000000,1,0.000000,3,0.666667,0,0.000000,0,0.000000,0,0.000000,0,0.000000,7,0.285714,0,0.000000,0,0.000000,1,0.000000,0,0.000000,0,0.000000,0,0.000000,0,0.000000,0,0.000000,0,0.000000,0,0.000000,0,0.000000,0,0.000000,0,0.000000,1,0.000000,0,0.000000,0,0.000000,0,0.000000,0,0.000000,0,0.000000,0,0.000000,1,0.000000,0,0.000000,0,0.000000,0,0.000000,3,0.000000,0,0.000000
68,6,4,0.027027,0,0.000000,0,0.000000,0,0.000000,0,0.000000,0,0.000000,0,0.000000,0,0.000000,1,0.000000,0,0.000000,0,0.000000,0,0.000000,0,0.000000,0,0.000000,0,0.000000,0,0.000000,1,0.000000,0,0.000000,0,0.000000,0,0.000000,0,0.000000,0,0.000000,0,0.000000,0,0.000000,0,0.000000,0,0.000000,0,0.000000,0,0.000000,0,0.000000,0,0.000000,0,0.000000,0,0.000000,0,0.000000,0,0.000000,2,0.000000,0,0.000000,2,1.000000,0,0.000000
69,6,6,0.000000,0,0.000000,0,0.000000,1,0.000000,0,0.000000,1,0.000000,0,0.000000,1,0.000000,0,0.000000,0,0.000000,0,0.000000,0,0.000000,0,0.000000,0,0.000000,0,0.000000,0,0.000000,0,0.000000,0,0.000000,0,0.000000,0,0.000000,0,0.000000,0,0.000000,0,0.000000,0,0.000000,0,0.000000,0,0.000000,0,0.000000,0,0.000000,0,0.000000,0,0.000000,0,0.000000,1,0.000000,1,0.000000,0,0.000000,0,0.000000,0,0.000000,1,0.000000,0,0.000000
70,82,18,0.159846,8,0.714286,0,0.000000,0,0.000000,43,0.000000,1,0.000000,0,0.000000,1,0.000000,5,0.700000,1,0.000000,2,1.000000,2,1.000000,1,0.000000,0,0.000000,1,0.000000,0,0.000000,0,0.000000,1,0.000000,1,0.000000,1,0.000000,1,0.000000,3,0.666667,0,0.000000,4,0.333333,0,0.000000,0,0.000000,0,0.000000,0,0.000000,0,0.000000,0,0.000000,2,1.000000,0,0.000000,4,0.500000,0,0.000000,0,0.000000,0,0.000000,0,0.000000,0,0.000000
71,25,7,0.090909,0,0.000000,2,0.000000,1,0.000000,0,0.000000,0,0.000000,12,0.363636,0,0.000000,0,0.000000,0,0.000000,0,0.000000,0,0.000000,0,0.000000,0,0.000000,2,1.000000,0,0.000000,0,0.000000,0,0.000000,0,0.000000,0,0.000000,0,0.000000,0,0.000000,0,0.000000,0,0.000000,0,0.000000,0,0.000000,0,0.000000,0,0.000000,4,0.000000,0,0.000000,2,1.000000,0,0.000000,0,0.000000,0,0.000000,0,0.000000,0,0.000000,0,0.000000,2,1.000000
72,7,3,0.049550,0,0.000000,0,0.000000,0,0.000000,0,0.000000,2,1.000000,0,0.000000,0,0.000000,0,0.000000,0,0.000000,0,0.000000,0,0.000000,0,0.000000,0,0.000000,0,0.000000,0,0.000000,0,0.000000,0,0.000000,0,0.000000,0,0.000000,0,0.000000,0,0.000000,0,0.000000,0,0.000000,0,0.000000,1,0.000000,0,0.000000,0,0.000000,0,0.000000,4,0.833333,0,0.000000,0,0.000000,0,0.000000,0,0.000000,0,0.000000,0,0.000000,0,0.000000,0,0.000000
73,4,3,0.027027,0,0.000000,0,0.000000,0,0.000000,0,0.000000,2,1.000000,0,0.000000,0,0.000000,0,0.000000,0,0.000000,0,0.000000,0,0.000000,0,0.000000,0,0.000000,0,0.000000,0,0.000000,0,0.000000,0,0.000000,0,0.000000,0,0.000000,0,0.000000,0,0.000000,0,0.000000,0,0.000000,0,0.000000,1,0.000000,0,0.000000,0,0.000000,0,0.000000,1,0.000000,0,0.000000,0,0.000000,0,0.000000,0,0.000000,0,0.000000,0,0.000000,0,0.000000,0,0.000000
74,19,6,0.058559,3,1.000000,8,0.500000,0,0.000000,0,0.000000,0,0.000000,0,0.000000,0,0.000000,1,0.000000,0,0.000000,0,0.000000,0,0.000000,0,0.000000,0,0.000000,0,0.000000,0,0.000000,3,0.000000,0,0.000000,0,0.000000,0,0.000000,3,0.666667,0,0.000000,0,0.000000,0,0.000000,0,0.000000,0,0.000000,0,0.000000,0,0.000000,0,0.000000,1,0.000000,0,0.000000,0,0.000000,0,0.000000,0,0.000000,0,0.000000,0,0.000000,0,0.000000,0,0.000000
75,43,6,0.010722,0,0.000000,27,0.313390,3,0.000000,0,0.000000,0,0.000000,0,0.000000,0,0.000000,0,0.000000,0,0.000000,0,0.000000,0,0.000000,0,0.000000,0,0.000000,0,0.000000,0,0.000000,2,0.000000,0,0.000000,0,0.000000,0,0.000000,1,0.000000,0,0.000000,0,0.000000,0,0.000000,0,0.000000,0,0.000000,9,0.083333,0,0.000000,0,0.000000,0,0.000000,0,0.000000,0,0.000000,0,0.000000,0,0.000000,0,0.000000,0,0.000000,1,0.000000,0,0.000000
76,69,18,0.091733,2,1.000000,0,0.000000,2,0.000000,1,0.000000,1,0.000000,2,1.000000,0,0.000000,2,1.000000,1,0.000000,0,0.000000,0,0.000000,0,0.000000,8,0.392857,1,0.000000,0,0.000000,0,0.000000,1,0.000000,0,0.000000,40,0.001282,1,0.000000,0,0.000000,0,0.000000,0,0.000000,0,0.000000,0,0.000000,1,0.000000,0,0.000000,0,0.000000,0,0.000000,0,0.000000,1,0.000000,1,0.000000,1,0.000000,1,0.000000,0,0.000000,2,0.000000,0,0.000000
77,56,9,0.016442,1,0.000000,8,0.607143,0,0.000000,0,0.000000,1,0.000000,0,0.000000,0,0.000000,0,0.000000,0,0.000000,0,0.000000,0,0.000000,0,0.000000,1,0.000000,0,0.000000,0,0.000000,1,0.000000,0,0.000000,0,0.000000,1,0.000000,1,0.000000,0,0.000000,0,0.000000,0,0.000000,0,0.000000,0,0.000000,0,0.000000,0,0.000000,0,0.000000,0,0.000000,0,0.000000,1,0.000000,0,0.000000,0,0.000000,41,0.001220,0,0.000000,0,0.000000,0,0.000000
78,15,10,0.045045,1,0.000000,3,0.666667,0,0.000000,0,0.000000,0,0.000000,0,0.000000,0,0.000000,1,0.000000,0,0.000000,0,0.000000,0,0.000000,0,0.000000,0,0.000000,1,0.000000,0,0.000000,3,0.000000,0,0.000000,1,0.000000,1,0.000000,1,0.000000,0,0.000000,0,0.000000,0,0.000000,0,0.000000,0,0.000000,0,0.000000,0,0.000000,0,0.000000,0,0.000000,0,0.000000,1,0.000000,0,0.000000,0,0.000000,2,1.000000,0,0.000000,0,0.000000,0,0.000000
79,46,15,0.064479,2,1.000000,0,0.000000,2,0.000000,1,0.000000,0,0.000000,0,0.000000,1,0.000000,2,1.000000,1,0.000000,21,0.100000,0,0.000000,2,0.000000,0,0.000000,1,0.000000,0,0.000000,0,0.000000,1,0.000000,1,0.000000,0,0.000000,0,0.000000,0,0.000000,0,0.000000,1,0.000000,0,0.000000,0,0.000000,8,0.285714,0,0.000000,0,0.000000,0,0.000000,0,0.000000,0,0.000000,0,0.000000,0,0.000000,1,0.000000,0,0.000000,1,0.000000,0,0.000000
80,2,2,0.000000,0,0.000000,1,0.000000,0,0.000000,0,0.000000,0,0.000000,0,0.000000,0,0.000000,0,0.000000,0,0.000000,0,0.000000,0,0.000000,0,0.000000,0,0.000000,0,0.000000,0,0.000000,0,0.000000,0,0.000000,0,0.000000,0,0.000000,0,0.000000,0,0.000000,0,0.000000,0,0.000000,0,0.000000,0,0.000000,0,0.000000,0,0.000000,0,0.000000,0,0.000000,0,0.000000,0,0.000000,0,0.000000,0,0.000000,0,0.000000,0,0.000000,1,0.000000,0,0.000000
81,12,6,0.056757,2,1.000000,5,0.100000,0,0.000000,0,0.000000,0,0.000000,0,0.000000,0,0.000000,0,0.000000,0,0.000000,0,0.000000,0,0.000000,0,0.000000,0,0.000000,0,0.000000,0,0.000000,0,0.000000,0,0.000000,0,0.000000,0,0.000000,1,0.000000,0,0.000000,0,0.000000,0,0.000000,0,0.000000,0,0.000000,0,0.000000,0,0.000000,0,0.000000,0,0.000000,0,0.000000,1,0.000000,0,0.000000,0,0.000000,2,1.000000,0,0.000000,1,0.000000,0,0.000000
82,119,29,0.202581,3,1.000000,0,0.000000,12,0.378788,2,0.000000,1,0.000000,4,0.833333,6,0.066667,1,0.000000,1,0.000000,48,0.038121,2,1.000000,1,0.000000,4,1.000000,1,0.000000,0,0.000000,8,0.035714,2,1.000000,1,0.000000,1,0.000000,2,1.000000,7,0.476190,1,0.000000,1,0.000000,3,0.666667,1,0.000000,0,0.000000,1,0.000000,1,0.000000,0,0.000000,1,0.000000,1,0.000000,0,0.000000,1,0.000000,1,0.000000,0,0.000000,0,0.000000,0,0.000000
83,12,6,0.032432,2,1.000000,1,0.000000,0,0.000000,0,0.000000,0,0.000000,1,0.000000,0,0.000000,0,0.000000,0,0.000000,0,0.000000,0,0.000000,0,0.000000,0,0.000000,6,0.200000,0,0.000000,0,0.000000,0,0.000000,0,0.000000,0,0.000000,0,0.000000,0,0.000000,0,0.000000,0,0.000000,0,0.000000,0,0.000000,0,0.000000,0,0.000000,1,0.000000,1,0.000000,0,0.000000,0,0.000000,0,0.000000,0,0.000000,0,0.000000,0,0.000000,0,0.000000,0,0.000000
84,19,6,0.037838,0,0.000000,1,0.000000,2,0.000000,0,0.000000,0,0.000000,4,0.500000,0,0.000000,0,0.000000,0,0.000000,0,0.000000,0,0.000000,0,0.000000,0,0.000000,0,0.000000,0,0.000000,0,0.000000,0,0.000000,0,0.000000,1,0.000000,0,0.000000,0,0.000000,0,0.000000,0,0.000000,0,0.000000,0,0.000000,0,0.000000,0,0.000000,0,0.000000,0,0.000000,6,0.400000,0,0.000000,0,0.000000,0,0.000000,0,0.000000,0,0.000000,0,0.000000,5,0.500000
85,2,2,0.000000,0,0.000000,0,0.000000,0,0.000000,0,0.000000,0,0.000000,0,0.000000,0,0.000000,0,0.000000,0,0.000000,0,0.000000,0,0.000000,0,0.000000,0,0.000000,1,0.000000,0,0.000000,0,0.000000,0,0.000000,0,0.000000,0,0.000000,0,0.000000,0,0.000000,0,0.000000,0,0.000000,0,0.000000,0,0.000000,0,0.000000,0,0.000000,0,0.000000,0,0.000000,0,0.000000,0,0.000000,0,0.000000,1,0.000000,0,0.000000,0,0.000000,0,0.000000,0,0.000000
86,6,3,0.018018,0,0.000000,0,0.000000,1,0.000000,0,0.000000,0,0.000000,0,0.000000,0,0.000000,0,0.000000,0,0.000000,0,0.000000,0,0.000000,0,0.000000,0,0.000000,0,0.000000,0,0.000000,0,0.000000,0,0.000000,0,0.000000,0,0.000000,0,0.000000,0,0.000000,0,0.000000,0,0.000000,0,0.000000,0,0.000000,0,0.000000,0,0.000000,0,0.000000,0,0.000000,4,0.666667,0,0.000000,0,0.000000,0,0.000000,0,0.000000,0,0.000000,0,0.000000,1,0.000000
87,9,6,0.054054,0,0.000000,1,0.000000,1,0.000000,0,0.000000,0,0.000000,2,1.000000,0,0.000000,0,0.000000,0,0.000000,0,0.000000,0,0.000000,0,0.000000,0,0.000000,0,0.000000,0,0.000000,0,0.000000,0,0.000000,0,0.000000,0,0.000000,0,0.000000,0,0.000000,0,0.000000,0,0.000000,0,0.000000,0,0.000000,2,0.000000,0,0.000000,0,0.000000,0,0.000000,1,0.000000,0,0.000000,0,0.000000,0,0.000000,0,0.000000,0,0.000000,0,0.000000,2,1.000000
88,7,7,0.000000,1,0.000000,0,0.000000,0,0.000000,1,0.000000,1,0.000000,0,0.000000,0,0.000000,0,0.000000,0,0.000000,1,0.000000,0,0.000000,0,0.000000,0,0.000000,1,0.000000,0,0.000000,0,0.000000,0,0.000000,0,0.000000,0,0.000000,0,0.000000,0,0.000000,0,0.000000,0,0.000000,0,0.000000,0,0.000000,0,0.000000,0,0.000000,0,0.000000,0,0.000000,0,0.000000,0,0.000000,0,0.000000,1,0.000000,0,0.000000,0,0.000000,0,0.000000,1,0.000000
89,1,1,0.000000,0,0.000000,0,0.000000,0,0.000000,0,0.000000,0,0.000000,0,0.000000,0,0.000000,0,0.000000,0,0.000000,0,0.000000,0,0.000000,0,0.000000,0,0.000000,0,0.000000,0,0.000000,0,0.000000,0,0.000000,0,0.000000,0,0.000000,0,0.000000,0,0.000000,0,0.000000,0,0.000000,0,0.000000,0,0.000000,0,0.000000,0,0.000000,0,0.000000,0,0.000000,0,0.000000,0,0.000000,0,0.000000,0,0.000000,0,0.000000,0,0.000000,0,0.000000,1,0.000000
90,4,3,0.027027,0,0.000000,0,0.000000,0,0.000000,0,0.000000,0,0.000000,2,1.000000,0,0.000000,0,0.000000,0,0.000000,0,0.000000,0,0.000000,0,0.000000,0,0.000000,0,0.000000,0,0.000000,0,0.000000,0,0.000000,0,0.000000,0,0.000000,0,0.000000,0,0.000000,0,0.000000,0,0.000000,0,0.000000,0,0.000000,0,0.000000,0,0.000000,0,0.000000,0,0.000000,1,0.000000,0,0.000000,0,0.000000,0,0.000000,0,0.000000,0,0.000000,0,0.000000,1,0.000000
91,4,4,0.000000,0,0.000000,0,0.000000,0,0.000000,0,0.000000,1,0.000000,0,0.000000,0,0.000000,0,0.000000,0,0.000000,0,0.000000,0,0.000000,0,0.000000,0,0.000000,1,0.000000,0,0.000000,0,0.000000,0,0.000000,0,0.000000,0,0.000000,0,0.000000,0,0.000000,0,0.000000,0,0.000000,0,0.000000,0,0.000000,0,0.000000,0,0.000000,0,0.000000,0,0.000000,0,0.000000,1,0.000000,0,0.000000,1,0.000000,0,0.000000,0,0.000000,0,0.000000,0,0.000000
92,6,4,0.054054,0,0.000000,0,0.000000,0,0.000000,0,0.000000,0,0.000000,2,1.000000,0,0.000000,0,0.000000,0,0.000000,0,0.000000,0,0.000000,0,0.000000,0,0.000000,1,0.000000,0,0.000000,0,0.000000,0,0.000000,0,0.000000,0,0.000000,0,0.000000,0,0.000000,0,0.000000,0,0.000000,0,0.000000,0,0.000000,0,0.000000,0,0.000000,0,0.000000,0,0.000000,1,0.000000,0,0.000000,0,0.000000,0,0.000000,0,0.000000,0,0.000000,0,0.000000,2,1.000000
93,8,3,0.072072,0,0.000000,0,0.000000,0,0.000000,0,0.000000,3,0.666667,0,0.000000,0,0.000000,0,0.000000,0,0.000000,0,0.000000,0,0.000000,0,0.000000,0,0.000000,0,0.000000,0,0.000000,0,0.000000,0,0.000000,0,0.000000,0,0.000000,0,0.000000,0,0.000000,0,0.000000,0,0.000000,0,0.000000,2,1.000000,0,0.000000,0,0.000000,0,0.000000,3,1.000000,0,0.000000,0,0.000000,0,0.000000,0,0.000000,0,0.000000,0,0.000000,0,0.000000,0,0.000000
94,23,12,0.078378,0,0.000000,2,1.000000,5,0.900000,1,0.000000,0,0.000000,0,0.000000,3,0.000000,0,0.000000,1,0.000000,0,0.000000,0,0.000000,0,0.000000,0,0.000000,0,0.000000,0,0.000000,0,0.000000,1,0.000000,0,0.000000,0,0.000000,0,0.000000,1,0.000000,1,0.000000,1,0.000000,0,0.000000,0,0.000000,3,1.000000,0,0.000000,0,0.000000,0,0.000000,0,0.000000,0,0.000000,1,0.000000,0,0.000000,0,0.000000,0,0.000000,3,0.000000,0,0.000000
95,69,18,0.093147,1,0.000000,24,0.195652,10,0.488889,1,0.000000,1,0.000000,7,0.761905,0,0.000000,0,0.000000,0,0.000000,1,0.000000,1,0.000000,1,0.000000,2,1.000000,0,0.000000,0,0.000000,0,0.000000,1,0.000000,1,0.000000,0,0.000000,0,0.000000,5,0.500000,1,0.000000,4,0.500000,0,0.000000,0,0.000000,4,0.000000,3,0.000000,1,0.000000,0,0.000000,0,0.000000,0,0.000000,0,0.000000,0,0.000000,0,0.000000,0,0.000000,0,0.000000,0,0.000000
96,18,3,0.032924,0,0.000000,0,0.000000,0,0.000000,0,0.000000,0,0.000000,0,0.000000,0,0.000000,4,0.333333,0,0.000000,0,0.000000,0,0.000000,0,0.000000,3,0.666667,0,0.000000,0,0.000000,0,0.000000,0,0.000000,0,0.000000,0,0.000000,0,0.000000,0,0.000000,0,0.000000,0,0.000000,0,0.000000,0,0.000000,0,0.000000,0,0.000000,0,0.000000,0,0.000000,0,0.000000,0,0.000000,0,0.000000,0,0.000000,0,0.000000,11,0.218182,0,0.000000,0,0.000000
97,20,3,0.030631,0,0.000000,0,0.000000,0,0.000000,0,0.000000,0,0.000000,0,0.000000,0,0.000000,3,0.666667,0,0.000000,0,0.000000,0,0.000000,0,0.000000,5,0.300000,0,0.000000,0,0.000000,0,0.000000,0,0.000000,0,0.000000,0,0.000000,0,0.000000,0,0.000000,0,0.000000,0,0.000000,0,0.000000,0,0.000000,0,0.000000,0,0.000000,0,0.000000,0,0.000000,0,0.000000,0,0.000000,0,0.000000,0,0.000000,0,0.000000,12,0.166667,0,0.000000,0,0.000000
98,10,7,0.027027,1,0.000000,1,0.000000,0,0.000000,0,0.000000,0,0.000000,1,0.000000,0,0.000000,0,0.000000,0,0.000000,0,0.000000,0,0.000000,0,0.000000,0,0.000000,2,1.000000,0,0.000000,0,0.000000,0,0.000000,0,0.000000,0,0.000000,0,0.000000,0,0.000000,0,0.000000,0,0.000000,0,0.000000,0,0.000000,0,0.000000,0,0.000000,2,0.000000,1,0.000000,0,0.000000,0,0.000000,2,0.000000,0,0.000000,0,0.000000,0,0.000000,0,0.000000,0,0.000000
99,5,4,0.000000,1,0.000000,0,0.000000,0,0.000000,0,0.000000,0,0.000000,0,0.000000,0,0.000000,0,0.000000,0,0.000000,0,0.000000,0,0.000000,0,0.000000,0,0.000000,0,0.000000,0,0.000000,0,0.000000,0,0.000000,0,0.000000,0,0.000000,0,0.000000,0,0.000000,0,0.000000,0,0.000000,0,0.000000,1,0.000000,0,0.000000,0,0.000000,1,0.000000,0,0.000000,0,0.000000,0,0.000000,0,0.000000,0,0.000000,0,0.000000,0,0.000000,2,0.000000,0,0.000000
100,61,19,0.093386,5,0.800000,0,0.000000,7,0.285714,1,0.000000,1,0.000000,0,0.000000,1,0.000000,2,1.000000,1,0.000000,1,0.000000,8,0.250000,1,0.000000,0,0.000000,1,0.000000,0,0.000000,0,0.000000,2,1.000000,1,0.000000,1,0.000000,1,0.000000,0,0.000000,0,0.000000,1,0.000000,0,0.000000,0,0.000000,24,0.119565,0,0.000000,0,0.000000,0,0.000000,0,0.000000,0,0.000000,1,0.000000,0,0.000000,0,0.000000,0,0.000000,1,0.000000,0,0.000000
101,1,1,0.000000,0,0.000000,0,0.000000,0,0.000000,0,0.000000,0,0.000000,0,0.000000,0,0.000000,0,0.000000,0,0.000000,0,0.000000,0,0.000000,0,0.000000,0,0.000000,0,0.000000,0,0.000000,0,0.000000,0,0.000000,0,0.000000,0,0.000000,0,0.000000,0,0.000000,0,0.000000,0,0.000000,0,0.000000,0,0.000000,0,0.000000,0,0.000000,0,0.000000,0,0.000000,1,0.000000,0,0.000000,0,0.000000,0,0.000000,0,0.000000,0,0.000000,0,0.000000,0,0.000000
102,2,2,0.000000,0,0.000000,0,0.000000,0,0.000000,0,0.000000,0,0.000000,0,0.000000,0,0.000000,0,0.000000,0,0.000000,0,0.000000,0,0.000000,0,0.000000,0,0.000000,0,0.000000,0,0.000000,0,0.000000,0,0.000000,0,0.000000,1,0.000000,0,0.000000,0,0.000000,0,0.000000,0,0.000000,0,0.000000,0,0.000000,0,0.000000,0,0.000000,0,0.000000,0,0.000000,0,0.000000,0,0.000000,0,0.000000,0,0.000000,0,0.000000,0,0.000000,0,0.000000,1,0.000000
103,1,1,0.000000,0,0.000000,0,0.000000,0,0.000000,0,0.000000,0,0.000000,0,0.000000,0,0.000000,0,0.000000,0,0.000000,0,0.000000,0,0.000000,0,0.000000,0,0.000000,0,0.000000,0,0.000000,0,0.000000,0,0.000000,0,0.000000,0,0.000000,0,0.000000,0,0.000000,0,0.000000,0,0.000000,0,0.000000,0,0.000000,0,0.000000,0,0.000000,0,0.000000,0,0.000000,0,0.000000,0,0.000000,0,0.000000,0,0.000000,0,0.000000,0,0.000000,0,0.000000,1,0.000000
104,8,3,0.000000,1,0.000000,0,0.000000,0,0.000000,0,0.000000,0,0.000000,0,0.000000,0,0.000000,0,0.000000,0,0.000000,0,0.000000,0,0.000000,0,0.000000,0,0.000000,0,0.000000,0,0.000000,6,0.000000,0,0.000000,0,0.000000,0,0.000000,0,0.000000,0,0.000000,0,0.000000,0,0.000000,0,0.000000,0,0.000000,0,0.000000,0,0.000000,0,0.000000,0,0.000000,0,0.000000,0,0.000000,0,0.000000,1,0.000000,0,0.000000,0,0.000000,0,0.000000,0,0.000000
105,0,0,0.000000,0,0.000000,0,0.000000,0,0.000000,0,0.000000,0,0.000000,0,0.000000,0,0.000000,0,0.000000,0,0.000000,0,0.000000,0,0.000000,0,0.000000,0,0.000000,0,0.000000,0,0.000000,0,0.000000,0,0.000000,0,0.000000,0,0.000000,0,0.000000,0,0.000000,0,0.000000,0,0.000000,0,0.000000,0,0.000000,0,0.000000,0,0.000000,0,0.000000,0,0.000000,0,0.000000,0,0.000000,0,0.000000,0,0.000000,0,0.000000,0,0.000000,0,0.000000,0,0.000000
106,19,10,0.012870,1,0.000000,0,0.000000,1,0.000000,1,0.000000,0,0.000000,4,0.000000,0,0.000000,0,0.000000,0,0.000000,7,0.476190,0,0.000000,0,0.000000,0,0.000000,0,0.000000,0,0.000000,1,0.000000,0,0.000000,1,0.000000,0,0.000000,0,0.000000,0,0.000000,0,0.000000,1,0.000000,0,0.000000,0,0.000000,0,0.000000,1,0.000000,0,0.000000,0,0.000000,0,0.000000,0,0.000000,0,0.000000,0,0.000000,0,0.000000,0,0.000000,1,0.000000,0,0.000000
107,110,15,0.040786,1,0.000000,54,0.171908,0,0.000000,1,0.000000,1,0.000000,0,0.000000,0,0.000000,2,1.000000,0,0.000000,0,0.000000,1,0.000000,0,0.000000,1,0.000000,0,0.000000,1,0.000000,0,0.000000,0,0.000000,0,0.000000,0,0.000000,0,0.000000,0,0.000000,1,0.000000,40,0.003846,0,0.000000,0,0.000000,3,0.333333,0,0.000000,0,0.000000,0,0.000000,0,0.000000,0,0.000000,1,0.000000,1,0.000000,1,0.000000,0,0.000000,1,0.000000,0,0.000000
108,6,3,0.000000,1,0.000000,0,0.000000,0,0.000000,0,0.000000,0,0.000000,0,0.000000,0,0.000000,0,0.000000,0,0.000000,0,0.000000,0,0.000000,0,0.000000,0,0.000000,1,0.000000,0,0.000000,4,0.000000,0,0.000000,0,0.000000,0,0.000000,0,0.000000,0,0.000000,0,0.000000,0,0.000000,0,0.000000,0,0.000000,0,0.000000,0,0.000000,0,0.000000,0,0.000000,0,0.000000,0,0.000000,0,0.000000,0,0.000000,0,0.000000,0,0.000000,0,0.000000,0,0.000000
109,2,2,0.000000,0,0.000000,0,0.000000,0,0.000000,0,0.000000,0,0.000000,0,0.000000,0,0.000000,0,0.000000,0,0.000000,0,0.000000,0,0.000000,0,0.000000,0,0.000000,0,0.000000,0,0.000000,0,0.000000,0,0.000000,0,0.000000,0,0.000000,0,0.000000,0,0.000000,0,0.000000,0,0.000000,0,0.000000,0,0.000000,0,0.000000,0,0.000000,0,0.000000,0,0.000000,1,0.000000,0,0.000000,0,0.000000,0,0.000000,0,0.000000,0,0.000000,0,0.000000,1,0.000000
110,3,2,0.027027,0,0.000000,0,0.000000,0,0.000000,0,0.000000,0,0.000000,0,0.000000,0,0.000000,0,0.000000,0,0.000000,0,0.000000,0,0.000000,0,0.000000,0,0.000000,0,0.000000,0,0.000000,0,0.000000,0,0.000000,0,0.000000,0,0.000000,0,0.000000,0,0.000000,0,0.000000,0,0.000000,0,0.000000,0,0.000000,0,0.000000,0,0.000000,0,0.000000,0,0.000000,2,1.000000,0,0.000000,0,0.000000,0,0.000000,0,0.000000,0,0.000000,0,0.000000,1,0.000000
111,25,17,0.027027,3,1.000000,0,0.000000,1,0.000000,1,0.000000,1,0.000000,0,0.000000,1,0.000000,0,0.000000,0,0.000000,1,0.000000,1,0.000000,0,0.000000,0,0.000000,1,0.000000,0,0.000000,7,0.000000,0,0.000000,0,0.000000,0,0.000000,1,0.000000,0,0.000000,0,0.000000,0,0.000000,1,0.000000,0,0.000000,0,0.000000,0,0.000000,1,0.000000,0,0.000000,0,0.000000,1,0.000000,1,0.000000,1,0.000000,0,0.000000,0,0.000000,1,0.000000,1,0.000000
112,0,0,0.000000,0,0.000000,0,0.000000,0,0.000000,0,0.000000,0,0.000000,0,0.000000,0,0.000000,0,0.000000,0,0.000000,0,0.000000,0,0.000000,0,0.000000,0,0.000000,0,0.000000,0,0.000000,0,0.000000,0,0.000000,0,0.000000,0,0.000000,0,0.000000,0,0.000000,0,0.000000,0,0.000000,0,0.000000,0,0.000000,0,0.000000,0,0.000000,0,0.000000,0,0.000000,0,0.000000,0,0.000000,0,0.000000,0,0.000000,0,0.000000,0,0.000000,0,0.000000,0,0.000000
113,1,1,0.000000,0,0.000000,0,0.000000,0,0.000000,0,0.000000,0,0.000000,0,0.000000,0,0.000000,0,0.000000,0,0.000000,0,0.000000,0,0.000000,0,0.000000,0,0.000000,0,0.000000,0,0.000000,0,0.000000,0,0.000000,0,0.000000,0,0.000000,0,0.000000,0,0.000000,0,0.000000,0,0.000000,0,0.000000,0,0.000000,0,0.000000,0,0.000000,0,0.000000,0,0.000000,0,0.000000,1,0.000000,0,0.000000,0,0.000000,0,0.000000,0,0.000000,0,0.000000,0,0.000000
114,1,1,0.000000,0,0.000000,0,0.000000,0,0.000000,0,0.000000,0,0.000000,0,0.000000,0,0.000000,0,0.000000,0,0.000000,0,0.000000,0,0.000000,0,0.000000,0,0.000000,0,0.000000,0,0.000000,0,0.000000,0,0.000000,0,0.000000,0,0.000000,0,0.000000,0,0.000000,0,0.000000,0,0.000000,0,0.000000,0,0.000000,0,0.000000,0,0.000000,0,0.000000,0,0.000000,0,0.000000,0,0.000000,0,0.000000,0,0.000000,0,0.000000,0,0.000000,0,0.000000,1,0.000000
115,5,3,0.027027,0,0.000000,2,1.000000,0,0.000000,0,0.000000,0,0.000000,0,0.000000,0,0.000000,0,0.000000,0,0.000000,0,0.000000,0,0.000000,0,0.000000,0,0.000000,0,0.000000,0,0.000000,2,0.000000,0,0.000000,0,0.000000,0,0.000000,0,0.000000,0,0.000000,0,0.000000,0,0.000000,0,0.000000,0,0.000000,0,0.000000,0,0.000000,0,0.000000,0,0.000000,0,0.000000,0,0.000000,0,0.000000,0,0.000000,0,0.000000,0,0.000000,1,0.000000,0,0.000000
116,4,2,0.000000,0,0.000000,0,0.000000,0,0.000000,0,0.000000,0,0.000000,0,0.000000,0,0.000000,0,0.000000,0,0.000000,0,0.000000,0,0.000000,0,0.000000,0,0.000000,0,0.000000,0,0.000000,3,0.000000,0,0.000000,0,0.000000,0,0.000000,0,0.000000,0,0.000000,0,0.000000,0,0.000000,0,0.000000,0,0.000000,0,0.000000,0,0.000000,0,0.000000,0,0.000000,0,0.000000,0,0.000000,0,0.000000,1,0.000000,0,0.000000,0,0.000000,0,0.000000,0,0.000000
117,30,2,0.006403,0,0.000000,26,0.236923,0,0.000000,0,0.000000,0,0.000000,0,0.000000,0,0.000000,0,0.000000,0,0.000000,0,0.000000,0,0.000000,0,0.000000,0,0.000000,0,0.000000,0,0.000000,4,0.000000,0,0.000000,0,0.000000,0,0.000000,0,0.000000,0,0.000000,0,0.000000,0,0.000000,0,0.000000,0,0.000000,0,0.000000,0,0.000000,0,0.000000,0,0.000000,0,0.000000,0,0.000000,0,0.000000,0,0.000000,0,0.000000,0,0.000000,0,0.000000,0,0.000000
118,7,3,0.000000,0,0.000000,1,0.000000,1,0.000000,0,0.000000,0,0.000000,0,0.000000,0,0.000000,0,0.000000,0,0.000000,0,0.000000,0,0.000000,0,0.000000,0,0.000000,0,0.000000,0,0.000000,5,0.000000,0,0.000000,0,0.000000,0,0.000000,0,0.000000,0,0.000000,0,0.000000,0,0.000000,0,0.000000,0,0.000000,0,0.000000,0,0.000000,0,0.000000,0,0.000000,0,0.000000,0,0.000000,0,0.000000,0,0.000000,0,0.000000,0,0.000000,0,0.000000,0,0.000000
119,2,2,0.000000,0,0.000000,0,0.000000,0,0.000000,0,0.000000,0,0.000000,0,0.000000,0,0.000000,0,0.000000,0,0.000000,0,0.000000,0,0.000000,0,0.000000,0,0.000000,0,0.000000,0,0.000000,0,0.000000,0,0.000000,0,0.000000,0,0.000000,0,0.000000,0,0.000000,0,0.000000,0,0.000000,0,0.000000,0,0.000000,0,0.000000,0,0.000000,0,0.000000,0,0.000000,1,0.000000,0,0.000000,0,0.000000,0,0.000000,0,0.000000,0,0.000000,0,0.000000,1,0.000000
120,1,1,0.000000,0,0.000000,0,0.000000,0,0.000000,0,0.000000,0,0.000000,0,0.000000,0,0.000000,0,0.000000,1,0.000000,0,0.000000,0,0.000000,0,0.000000,0,0.000000,0,0.000000,0,0.000000,0,0.000000,0,0.000000,0,0.000000,0,0.000000,0,0.000000,0,0.000000,0,0.000000,0,0.000000,0,0.000000,0,0.000000,0,0.000000,0,0.000000,0,0.000000,0,0.000000,0,0.000000,0,0.000000,0,0.000000,0,0.000000,0,0.000000,0,0.000000,0,0.000000,0,0.000000
121,66,18,0.097964,11,0.527273,0,0.000000,0,0.000000,1,0.000000,1,0.000000,16,0.266667,1,0.000000,1,0.000000,1,0.000000,0,0.000000,1,0.000000,0,0.000000,0,0.000000,2,1.000000,1,0.000000,0,0.000000,0,0.000000,0,0.000000,0,0.000000,0,0.000000,0,0.000000,0,0.000000,1,0.000000,18,0.130719,2,1.000000,0,0.000000,0,0.000000,0,0.000000,5,0.700000,1,0.000000,1,0.000000,1,0.000000,1,0.000000,0,0.000000,0,0.000000,0,0.000000,0,0.000000
122,2,2,0.000000,0,0.000000,0,0.000000,0,0.000000,0,0.000000,0,0.000000,0,0.000000,0,0.000000,0,0.000000,0,0.000000,0,0.000000,0,0.000000,0,0.000000,0,0.000000,1,0.000000,0,0.000000,0,0.000000,0,0.000000,0,0.000000,0,0.000000,0,0.000000,0,0.000000,0,0.000000,0,0.000000,0,0.000000,0,0.000000,0,0.000000,0,0.000000,0,0.000000,0,0.000000,0,0.000000,1,0.000000,0,0.000000,0,0.000000,0,0.000000,0,0.000000,0,0.000000,0,0.000000
123,7,3,0.072072,0,0.000000,0,0.000000,0,0.000000,0,0.000000,3,0.666667,0,0.000000,0,0.000000,0,0.000000,0,0.000000,0,0.000000,0,0.000000,0,0.000000,0,0.000000,0,0.000000,0,0.000000,0,0.000000,0,0.000000,0,0.000000,0,0.000000,0,0.000000,0,0.000000,0,0.000000,0,0.000000,0,0.000000,2,1.000000,0,0.000000,0,0.000000,0,0.000000,2,1.000000,0,0.000000,0,0.000000,0,0.000000,0,0.000000,0,0.000000,0,0.000000,0,0.000000,0,0.000000
124,1,1,0.000000,0,0.000000,0,0.000000,0,0.000000,0,0.000000,0,0.000000,0,0.000000,0,0.000000,0,0.000000,0,0.000000,0,0.000000,0,0.000000,0,0.000000,0,0.000000,1,0.000000,0,0.000000,0,0.000000,0,0.000000,0,0.000000,0,0.000000,0,0.000000,0,0.000000,0,0.000000,0,0.000000,0,0.000000,0,0.000000,0,0.000000,0,0.000000,0,0.000000,0,0.000000,0,0.000000,0,0.000000,0,0.000000,0,0.000000,0,0.000000,0,0.000000,0,0.000000,0,0.000000
125,2,2,0.000000,1,0.000000,0,0.000000,0,0.000000,0,0.000000,0,0.000000,0,0.000000,0,0.000000,0,0.000000,0,0.000000,0,0.000000,0,0.000000,0,0.000000,0,0.000000,1,0.000000,0,0.000000,0,0.000000,0,0.000000,0,0.000000,0,0.000000,0,0.000000,0,0.000000,0,0.000000,0,0.000000,0,0.000000,0,0.000000,0,0.000000,0,0.000000,0,0.000000,0,0.000000,0,0.000000,0,0.000000,0,0.000000,0,0.000000,0,0.000000,0,0.000000,0,0.000000,0,0.000000
126,0,0,0.000000,0,0.000000,0,0.000000,0,0.000000,0,0.000000,0,0.000000,0,0.000000,0,0.000000,0,0.000000,0,0.000000,0,0.000000,0,0.000000,0,0.000000,0,0.000000,0,0.000000,0,0.000000,0,0.000000,0,0.000000,0,0.000000,0,0.000000,0,0.000000,0,0.000000,0,0.000000,0,0.000000,0,0.000000,0,0.000000,0,0.000000,0,0.000000,0,0.000000,0,0.000000,0,0.000000,0,0.000000,0,0.000000,0,0.000000,0,0.000000,0,0.000000,0,0.000000,0,0.000000
127,4,3,0.027027,0,0.000000,0,0.000000,0,0.000000,0,0.000000,2,1.000000,0,0.000000,0,0.000000,0,0.000000,0,0.000000,0,0.000000,0,0.000000,0,0.000000,0,0.000000,0,0.000000,0,0.000000,0,0.000000,0,0.000000,0,0.000000,0,0.000000,0,0.000000,0,0.000000,0,0.000000,0,0.000000,0,0.000000,1,0.000000,0,0.000000,0,0.000000,0,0.000000,1,0.000000,0,0.000000,0,0.000000,0,0.000000,0,0.000000,0,0.000000,0,0.000000,0,0.000000,0,0.000000
128,0,0,0.000000,0,0.000000,0,0.000000,0,0.000000,0,0.000000,0,0.000000,0,0.000000,0,0.000000,0,0.000000,0,0.000000,0,0.000000,0,0.000000,0,0.000000,0,0.000000,0,0.000000,0,0.000000,0,0.000000,0,0.000000,0,0.000000,0,0.000000,0,0.000000,0,0.000000,0,0.000000,0,0.000000,0,0.000000,0,0.000000,0,0.000000,0,0.000000,0,0.000000,0,0.000000,0,0.000000,0,0.000000,0,0.000000,0,0.000000,0,0.000000,0,0.000000,0,0.000000,0,0.000000
129,1,1,0.000000,0,0.000000,0,0.000000,0,0.000000,0,0.000000,0,0.000000,0,0.000000,0,0.000000,0,0.000000,0,0.000000,0,0.000000,0,0.000000,0,0.000000,0,0.000000,0,0.000000,0,0.000000,0,0.000000,0,0.000000,0,0.000000,0,0.000000,0,0.000000,0,0.000000,0,0.000000,0,0.000000,0,0.000000,0,0.000000,0,0.000000,0,0.000000,0,0.000000,0,0.000000,0,0.000000,0,0.000000,0,0.000000,0,0.000000,0,0.000000,0,0.000000,0,0.000000,1,0.000000
130,6,3,0.004505,1,0.000000,0,0.000000,0,0.000000,0,0.000000,0,0.000000,4,0.166667,0,0.000000,0,0.000000,0,0.000000,0,0.000000,0,0.000000,0,0.000000,0,0.000000,0,0.000000,0,0.000000,0,0.000000,0,0.000000,0,0.000000,0,0.000000,0,0.000000,0,0.000000,0,0.000000,0,0.000000,0,0.000000,0,0.000000,0,0.000000,0,0.000000,1,0.000000,0,0.000000,0,0.000000,0,0.000000,0,0.000000,0,0.000000,0,0.000000,0,0.000000,0,0.000000,0,0.000000
131,0,0,0.000000,0,0.000000,0,0.000000,0,0.000000,0,0.000000,0,0.000000,0,0.000000,0,0.000000,0,0.000000,0,0.000000,0,0.000000,0,0.000000,0,0.000000,0,0.000000,0,0.000000,0,0.000000,0,0.000000,0,0.000000,0,0.000000,0,0.000000,0,0.000000,0,0.000000,0,0.000000,0,0.000000,0,0.000000,0,0.000000,0,0.000000,0,0.000000,0,0.000000,0,0.000000,0,0.000000,0,0.000000,0,0.000000,0,0.000000,0,0.000000,0,0.000000,0,0.000000,0,0.000000
132,3,3,0.000000,0,0.000000,0,0.000000,0,0.000000,0,0.000000,0,0.000000,0,0.000000,0,0.000000,0,0.000000,0,0.000000,0,0.000000,0,0.000000,0,0.000000,1,0.000000,0,0.000000,0,0.000000,0,0.000000,0,0.000000,0,0.000000,1,0.000000,0,0.000000,0,0.000000,0,0.000000,0,0.000000,0,0.000000,0,0.000000,0,0.000000,0,0.000000,0,0.000000,0,0.000000,0,0.000000,0,0.000000,0,0.000000,0,0.000000,1,0.000000,0,0.000000,0,0.000000,0,0.000000
133,3,1,0.018018,0,0.000000,0,0.000000,0,0.000000,0,0.000000,0,0.000000,0,0.000000,0,0.000000,0,0.000000,0,0.000000,0,0.000000,0,0.000000,0,0.000000,0,0.000000,0,0.000000,0,0.000000,0,0.000000,0,0.000000,0,0.000000,0,0.000000,0,0.000000,0,0.000000,0,0.000000,0,0.000000,0,0.000000,0,0.000000,0,0.000000,0,0.000000,0,0.000000,0,0.000000,0,0.000000,0,0.000000,0,0.000000,0,0.000000,0,0.000000,3,0.666667,0,0.000000,0,0.000000
134,10,3,0.028829,0,0.000000,5,0.900000,0,0.000000,1,0.000000,0,0.000000,0,0.000000,0,0.000000,0,0.000000,0,0.000000,0,0.000000,0,0.000000,0,0.000000,0,0.000000,0,0.000000,0,0.000000,0,0.000000,0,0.000000,0,0.000000,0,0.000000,0,0.000000,0,0.000000,0,0.000000,0,0.000000,0,0.000000,0,0.000000,0,0.000000,0,0.000000,0,0.000000,0,0.000000,0,0.000000,0,0.000000,0,0.000000,0,0.000000,0,0.000000,0,0.000000,4,0.166667,0,0.000000
135,0,0,0.000000,0,0.000000,0,0.000000,0,0.000000,0,0.000000,0,0.000000,0,0.000000,0,0.000000,0,0.000000,0,0.000000,0,0.000000,0,0.000000,0,0.000000,0,0.000000,0,0.000000,0,0.000000,0,0.000000,0,0.000000,0,0.000000,0,0.000000,0,0.000000,0,0.000000,0,0.000000,0,0.000000,0,0.000000,0,0.000000,0,0.000000,0,0.000000,0,0.000000,0,0.000000,0,0.000000,0,0.000000,0,0.000000,0,0.000000,0,0.000000,0,0.000000,0,0.000000,0,0.000000
136,3,3,0.000000,0,0.000000,0,0.000000,0,0.000000,0,0.000000,0,0.000000,0,0.000000,0,0.000000,0,0.000000,0,0.000000,0,0.000000,0,0.000000,0,0.000000,1,0.000000,0,0.000000,0,0.000000,0,0.000000,0,0.000000,0,0.000000,1,0.000000,0,0.000000,0,0.000000,0,0.000000,0,0.000000,0,0.000000,0,0.000000,0,0.000000,0,0.000000,0,0.000000,0,0.000000,0,0.000000,0,0.000000,0,0.000000,0,0.000000,1,0.000000,0,0.000000,0,0.000000,0,0.000000
137,0,0,0.000000,0,0.000000,0,0.000000,0,0.000000,0,0.000000,0,0.000000,0,0.000000,0,0.000000,0,0.000000,0,0.000000,0,0.000000,0,0.000000,0,0.000000,0,0.000000,0,0.000000,0,0.000000,0,0.000000,0,0.000000,0,0.000000,0,0.000000,0,0.000000,0,0.000000,0,0.000000,0,0.000000,0,0.000000,0,0.000000,0,0.000000,0,0.000000,0,0.000000,0,0.000000,0,0.000000,0,0.000000,0,0.000000,0,0.000000,0,0.000000,0,0.000000,0,0.000000,0,0.000000
138,42,2,0.007613,0,0.000000,37,0.181682,0,0.000000,0,0.000000,0,0.000000,0,0.000000,0,0.000000,0,0.000000,0,0.000000,0,0.000000,0,0.000000,0,0.000000,0,0.000000,0,0.000000,0,0.000000,5,0.100000,0,0.000000,0,0.000000,0,0.000000,0,0.000000,0,0.000000,0,0.000000,0,0.000000,0,0.000000,0,0.000000,0,0.000000,0,0.000000,0,0.000000,0,0.000000,0,0.000000,0,0.000000,0,0.000000,0,0.000000,0,0.000000,0,0.000000,0,0.000000,0,0.000000
139,4,3,0.000000,0,0.000000,0,0.000000,0,0.000000,0,0.000000,0,0.000000,0,0.000000,0,0.000000,0,0.000000,0,0.000000,0,0.000000,0,0.000000,0,0.000000,0,0.000000,0,0.000000,0,0.000000,0,0.000000,0,0.000000,0,0.000000,1,0.000000,0,0.000000,0,0.000000,0,0.000000,0,0.000000,0,0.000000,0,0.000000,0,0.000000,0,0.000000,0,0.000000,1,0.000000,0,0.000000,0,0.000000,0,0.000000,0,0.000000,2,0.000000,0,0.000000,0,0.000000,0,0.000000
140,0,0,0.000000,0,0.000000,0,0.000000,0,0.000000,0,0.000000,0,0.000000,0,0.000000,0,0.000000,0,0.000000,0,0.000000,0,0.000000,0,0.000000,0,0.000000,0,0.000000,0,0.000000,0,0.000000,0,0.000000,0,0.000000,0,0.000000,0,0.000000,0,0.000000,0,0.000000,0,0.000000,0,0.000000,0,0.000000,0,0.000000,0,0.000000,0,0.000000,0,0.000000,0,0.000000,0,0.000000,0,0.000000,0,0.000000,0,0.000000,0,0.000000,0,0.000000,0,0.000000,0,0.000000
141,0,0,0.000000,0,0.000000,0,0.000000,0,0.000000,0,0.000000,0,0.000000,0,0.000000,0,0.000000,0,0.000000,0,0.000000,0,0.000000,0,0.000000,0,0.000000,0,0.000000,0,0.000000,0,0.000000,0,0.000000,0,0.000000,0,0.000000,0,0.000000,0,0.000000,0,0.000000,0,0.000000,0,0.000000,0,0.000000,0,0.000000,0,0.000000,0,0.000000,0,0.000000,0,0.000000,0,0.000000,0,0.000000,0,0.000000,0,0.000000,0,0.000000,0,0.000000,0,0.000000,0,0.000000
142,10,2,0.013514,0,0.000000,8,0.500000,0,0.000000,0,0.000000,0,0.000000,0,0.000000,0,0.000000,0,0.000000,0,0.000000,0,0.000000,0,0.000000,0,0.000000,0,0.000000,0,0.000000,0,0.000000,0,0.000000,0,0.000000,0,0.000000,0,0.000000,0,0.000000,0,0.000000,0,0.000000,0,0.000000,0,0.000000,0,0.000000,0,0.000000,0,0.000000,0,0.000000,0,0.000000,0,0.000000,0,0.000000,0,0.000000,0,0.000000,2,0.000000,0,0.000000,0,0.000000,0,0.000000
143,2,2,0.000000,0,0.000000,0,0.000000,0,0.000000,0,0.000000,0,0.000000,0,0.000000,0,0.000000,0,0.000000,0,0.000000,0,0.000000,0,0.000000,0,0.000000,0,0.000000,0,0.000000,0,0.000000,0,0.000000,0,0.000000,0,0.000000,1,0.000000,0,0.000000,0,0.000000,0,0.000000,0,0.000000,0,0.000000,0,0.000000,0,0.000000,0,0.000000,0,0.000000,0,0.000000,0,0.000000,0,0.000000,0,0.000000,0,0.000000,1,0.000000,0,0.000000,0,0.000000,0,0.000000
144,2,2,0.000000,0,0.000000,0,0.000000,0,0.000000,0,0.000000,1,0.000000,0,0.000000,0,0.000000,0,0.000000,0,0.000000,0,0.000000,0,0.000000,0,0.000000,0,0.000000,0,0.000000,0,0.000000,0,0.000000,0,0.000000,0,0.000000,0,0.000000,0,0.000000,0,0.000000,0,0.000000,0,0.000000,0,0.000000,1,0.000000,0,0.000000,0,0.000000,0,0.000000,0,0.000000,0,0.000000,0,0.000000,0,0.000000,0,0.000000,0,0.000000,0,0.000000,0,0.000000,0,0.000000
145,10,2,0.009009,0,0.000000,9,0.333333,0,0.000000,0,0.000000,0,0.000000,0,0.000000,0,0.000000,0,0.000000,0,0.000000,0,0.000000,0,0.000000,0,0.000000,0,0.000000,0,0.000000,0,0.000000,0,0.000000,0,0.000000,0,0.000000,0,0.000000,0,0.000000,0,0.000000,0,0.000000,0,0.000000,0,0.000000,0,0.000000,0,0.000000,0,0.000000,0,0.000000,0,0.000000,0,0.000000,0,0.000000,0,0.000000,0,0.000000,1,0.000000,0,0.000000,0,0.000000,0,0.000000
146,39,10,0.034274,1,0.000000,15,0.447619,4,0.666667,0,0.000000,0,0.000000,1,0.000000,1,0.000000,0,0.000000,0,0.000000,0,0.000000,0,0.000000,0,0.000000,0,0.000000,0,0.000000,0,0.000000,0,0.000000,13,0.153846,1,0.000000,0,0.000000,0,0.000000,0,0.000000,1,0.000000,0,0.000000,0,0.000000,0,0.000000,0,0.000000,0,0.000000,0,0.000000,0,0.000000,0,0.000000,0,0.000000,1,0.000000,0,0.000000,0,0.000000,0,0.000000,1,0.000000,0,0.000000
147,3,2,0.027027,0,0.000000,0,0.000000,0,0.000000,0,0.000000,0,0.000000,0,0.000000,0,0.000000,0,0.000000,0,0.000000,0,0.000000,0,0.000000,0,0.000000,0,0.000000,0,0.000000,2,1.000000,0,0.000000,0,0.000000,0,0.000000,0,0.000000,0,0.000000,0,0.000000,0,0.000000,0,0.000000,0,0.000000,0,0.000000,0,0.000000,0,0.000000,0,0.000000,0,0.000000,0,0.000000,0,0.000000,0,0.000000,0,0.000000,0,0.000000,0,0.000000,1,0.000000,0,0.000000
148,5,1,0.018919,0,0.000000,0,0.000000,0,0.000000,0,0.000000,0,0.000000,0,0.000000,0,0.000000,0,0.000000,0,0.000000,0,0.000000,0,0.000000,0,0.000000,0,0.000000,0,0.000000,0,0.000000,0,0.000000,0,0.000000,0,0.000000,0,0.000000,0,0.000000,0,0.000000,0,0.000000,0,0.000000,0,0.000000,0,0.000000,0,0.000000,0,0.000000,0,0.000000,0,0.000000,0,0.000000,0,0.000000,0,0.000000,0,0.000000,0,0.000000,5,0.700000,0,0.000000,0,0.000000
149,2,2,0.000000,0,0.000000,0,0.000000,0,0.000000,0,0.000000,1,0.000000,0,0.000000,0,0.000000,0,0.000000,0,0.000000,0,0.000000,0,0.000000,0,0.000000,0,0.000000,0,0.000000,0,0.000000,0,0.000000,0,0.000000,0,0.000000,0,0.000000,0,0.000000,0,0.000000,0,0.000000,0,0.000000,0,0.000000,1,0.000000,0,0.000000,0,0.000000,0,0.000000,0,0.000000,0,0.000000,0,0.000000,0,0.000000,0,0.000000,0,0.000000,0,0.000000,0,0.000000,0,0.000000
150,1,1,0.000000,0,0.000000,0,0.000000,0,0.000000,0,0.000000,0,0.000000,0,0.000000,0,0.000000,0,0.000000,0,0.000000,0,0.000000,0,0.000000,0,0.000000,0,0.000000,0,0.000000,0,0.000000,0,0.000000,0,0.000000,0,0.000000,1,0.000000,0,0.000000,0,0.000000,0,0.000000,0,0.000000,0,0.000000,0,0.000000,0,0.000000,0,0.000000,0,0.000000,0,0.000000,0,0.000000,0,0.000000,0,0.000000,0,0.000000,0,0.000000,0,0.000000,0,0.000000,0,0.000000
151,6,1,0.010811,0,0.000000,0,0.000000,0,0.000000,0,0.000000,0,0.000000,0,0.000000,0,0.000000,0,0.000000,0,0.000000,0,0.000000,0,0.000000,0,0.000000,0,0.000000,0,0.000000,0,0.000000,0,0.000000,0,0.000000,0,0.000000,0,0.000000,0,0.000000,0,0.000000,0,0.000000,0,0.000000,0,0.000000,0,0.000000,0,0.000000,0,0.000000,0,0.000000,0,0.000000,0,0.000000,0,0.000000,0,0.000000,0,0.000000,0,0.000000,6,0.400000,0,0.000000,0,0.000000
152,5,1,0.010811,0,0.000000,0,0.000000,0,0.000000,0,0.000000,0,0.000000,0,0.000000,0,0.000000,0,0.000000,0,0.000000,0,0.000000,0,0.000000,0,0.000000,0,0.000000,0,0.000000,0,0.000000,0,0.000000,0,0.000000,0,0.000000,0,0.000000,0,0.000000,0,0.000000,0,0.000000,0,0.000000,0,0.000000,0,0.000000,0,0.000000,0,0.000000,0,0.000000,0,0.000000,0,0.000000,0,0.000000,0,0.000000,0,0.000000,0,0.000000,5,0.400000,0,0.000000,0,0.000000
153,5,2,0.018018,0,0.000000,0,0.000000,0,0.000000,0,0.000000,2,0.000000,0,0.000000,0,0.000000,0,0.000000,0,0.000000,0,0.000000,0,0.000000,0,0.000000,0,0.000000,0,0.000000,0,0.000000,0,0.000000,0,0.000000,0,0.000000,0,0.000000,0,0.000000,0,0.000000,0,0.000000,0,0.000000,0,0.000000,3,0.666667,0,0.000000,0,0.000000,0,0.000000,0,0.000000,0,0.000000,0,0.000000,0,0.000000,0,0.000000,0,0.000000,0,0.000000,0,0.000000,0,0.000000
154,13,5,0.085586,4,1.000000,0,0.000000,0,0.000000,0,0.000000,0,0.000000,4,0.166667,0,0.000000,0,0.000000,0,0.000000,0,0.000000,0,0.000000,0,0.000000,0,0.000000,0,0.000000,0,0.000000,0,0.000000,0,0.000000,0,0.000000,0,0.000000,0,0.000000,0,0.000000,0,0.000000,0,0.000000,2,1.000000,2,1.000000,0,0.000000,0,0.000000,1,0.000000,0,0.000000,0,0.000000,0,0.000000,0,0.000000,0,0.000000,0,0.000000,0,0.000000,0,0.000000,0,0.000000
155,5,1,0.018919,0,0.000000,0,0.000000,0,0.000000,0,0.000000,0,0.000000,0,0.000000,0,0.000000,0,0.000000,0,0.000000,0,0.000000,0,0.000000,0,0.000000,0,0.000000,0,0.000000,0,0.000000,0,0.000000,0,0.000000,0,0.000000,0,0.000000,0,0.000000,0,0.000000,0,0.000000,0,0.000000,0,0.000000,0,0.000000,0,0.000000,0,0.000000,0,0.000000,0,0.000000,0,0.000000,0,0.000000,0,0.000000,0,0.000000,0,0.000000,5,0.700000,0,0.000000,0,0.000000
156,2,1,0.027027,0,0.000000,0,0.000000,0,0.000000,0,0.000000,2,1.000000,0,0.000000,0,0.000000,0,0.000000,0,0.000000,0,0.000000,0,0.000000,0,0.000000,0,0.000000,0,0.000000,0,0.000000,0,0.000000,0,0.000000,0,0.000000,0,0.000000,0,0.000000,0,0.000000,0,0.000000,0,0.000000,0,0.000000,0,0.000000,0,0.000000,0,0.000000,0,0.000000,0,0.000000,0,0.000000,0,0.000000,0,0.000000,0,0.000000,0,0.000000,0,0.000000,0,0.000000,0,0.000000
157,2,1,0.027027,0,0.000000,0,0.000000,0,0.000000,0,0.000000,0,0.000000,0,0.000000,0,0.000000,0,0.000000,0,0.000000,0,0.000000,0,0.000000,0,0.000000,0,0.000000,0,0.000000,0,0.000000,0,0.000000,0,0.000000,0,0.000000,0,0.000000,0,0.000000,0,0.000000,0,0.000000,0,0.000000,0,0.000000,0,0.000000,0,0.000000,0,0.000000,0,0.000000,0,0.000000,0,0.000000,0,0.000000,0,0.000000,0,0.000000,0,0.000000,2,1.000000,0,0.000000,0,0.000000
158,5,2,0.045045,0,0.000000,0,0.000000,0,0.000000,0,0.000000,3,0.666667,0,0.000000,0,0.000000,0,0.000000,0,0.000000,0,0.000000,0,0.000000,0,0.000000,0,0.000000,0,0.000000,0,0.000000,0,0.000000,0,0.000000,0,0.000000,0,0.000000,0,0.000000,0,0.000000,0,0.000000,0,0.000000,0,0.000000,0,0.000000,0,0.000000,0,0.000000,0,0.000000,2,1.000000,0,0.000000,0,0.000000,0,0.000000,0,0.000000,0,0.000000,0,0.000000,0,0.000000,0,0.000000
159,5,3,0.054054,0,0.000000,0,0.000000,0,0.000000,0,0.000000,2,1.000000,0,0.000000,0,0.000000,0,0.000000,0,0.000000,0,0.000000,0,0.000000,0,0.000000,0,0.000000,0,0.000000,0,0.000000,0,0.000000,0,0.000000,0,0.000000,0,0.000000,0,0.000000,0,0.000000,0,0.000000,0,0.000000,0,0.000000,1,0.000000,0,0.000000,2,1.000000,0,0.000000,0,0.000000,0,0.000000,0,0.000000,0,0.000000,0,0.000000,0,0.000000,0,0.000000,0,0.000000,0,0.000000
160,1,1,0.000000,0,0.000000,0,0.000000,0,0.000000,0,0.000000,0,0.000000,0,0.000000,0,0.000000,0,0.000000,1,0.000000,0,0.000000,0,0.000000,0,0.000000,0,0.000000,0,0.000000,0,0.000000,0,0.000000,0,0.000000,0,0.000000,0,0.000000,0,0.000000,0,0.000000,0,0.000000,0,0.000000,0,0.000000,0,0.000000,0,0.000000,0,0.000000,0,0.000000,0,0.000000,0,0.000000,0,0.000000,0,0.000000,0,0.000000,0,0.000000,0,0.000000,0,0.000000,0,0.000000
161,1,1,0.000000,0,0.000000,0,0.000000,0,0.000000,0,0.000000,1,0.000000,0,0.000000,0,0.000000,0,0.000000,0,0.000000,0,0.000000,0,0.000000,0,0.000000,0,0.000000,0,0.000000,0,0.000000,0,0.000000,0,0.000000,0,0.000000,0,0.000000,0,0.000000,0,0.000000,0,0.000000,0,0.000000,0,0.000000,0,0.000000,0,0.000000,0,0.000000,0,0.000000,0,0.000000,0,0.000000,0,0.000000,0,0.000000,0,0.000000,0,0.000000,0,0.000000,0,0.000000,0,0.000000
162,10,3,0.012870,0,0.000000,7,0.476190,0,0.000000,0,0.000000,0,0.000000,0,0.000000,0,0.000000,0,0.000000,0,0.000000,0,0.000000,0,0.000000,0,0.000000,0,0.000000,0,0.000000,0,0.000000,1,0.000000,0,0.000000,0,0.000000,0,0.000000,0,0.000000,0,0.000000,0,0.000000,0,0.000000,0,0.000000,0,0.000000,2,0.000000,0,0.000000,0,0.000000,0,0.000000,0,0.000000,0,0.000000,0,0.000000,0,0.000000,0,0.000000,0,0.000000,0,0.000000,0,0.000000
163,17,14,0.027027,2,1.000000,0,0.000000,0,0.000000,0,0.000000,1,0.000000,0,0.000000,1,0.000000,0,0.000000,0,0.000000,1,0.000000,1,0.000000,0,0.000000,1,0.000000,1,0.000000,0,0.000000,3,0.000000,0,0.000000,0,0.000000,0,0.000000,1,0.000000,0,0.000000,0,0.000000,0,0.000000,1,0.000000,0,0.000000,0,0.000000,0,0.000000,1,0.000000,0,0.000000,0,0.000000,1,0.000000,0,0.000000,0,0.000000,1,0.000000,0,0.000000,0,0.000000,1,0.000000
164,9,5,0.072072,0,0.000000,0,0.000000,1,0.000000,0,0.000000,0,0.000000,0,0.000000,0,0.000000,0,0.000000,0,0.000000,0,0.000000,0,0.000000,0,0.000000,0,0.000000,0,0.000000,0,0.000000,0,0.000000,0,0.000000,0,0.000000,0,0.000000,0,0.000000,2,1.000000,3,0.666667,0,0.000000,0,0.000000,0,0.000000,1,0.000000,2,1.000000,0,0.000000,0,0.000000,0,0.000000,0,0.000000,0,0.000000,0,0.000000,0,0.000000,0,0.000000,0,0.000000,0,0.000000
165,115,23,0.177235,42,0.121951,0,0.000000,2,1.000000,1,0.000000,1,0.000000,38,0.102418,1,0.000000,3,1.000000,1,0.000000,0,0.000000,1,0.000000,1,0.000000,1,0.000000,3,0.666667,3,0.666667,0,0.000000,0,0.000000,0,0.000000,1,0.000000,1,0.000000,0,0.000000,1,0.000000,1,0.000000,0,0.000000,2,1.000000,4,0.000000,0,0.000000,0,0.000000,3,1.000000,2,1.000000,1,0.000000,0,0.000000,0,0.000000,1,0.000000,0,0.000000,0,0.000000,0,0.000000
166,4,1,0.018018,0,0.000000,0,0.000000,0,0.000000,0,0.000000,0,0.000000,0,0.000000,0,0.000000,0,0.000000,0,0.000000,0,0.000000,0,0.000000,0,0.000000,0,0.000000,0,0.000000,0,0.000000,0,0.000000,0,0.000000,0,0.000000,0,0.000000,0,0.000000,0,0.000000,0,0.000000,0,0.000000,0,0.000000,0,0.000000,0,0.000000,0,0.000000,0,0.000000,0,0.000000,0,0.000000,0,0.000000,0,0.000000,0,0.000000,0,0.000000,4,0.666667,0,0.000000,0,0.000000
167,3,1,0.018018,0,0.000000,0,0.000000,0,0.000000,0,0.000000,0,0.000000,0,0.000000,0,0.000000,0,0.000000,0,0.000000,0,0.000000,0,0.000000,0,0.000000,0,0.000000,0,0.000000,0,0.000000,0,0.000000,0,0.000000,0,0.000000,0,0.000000,0,0.000000,0,0.000000,0,0.000000,0,0.000000,0,0.000000,0,0.000000,0,0.000000,0,0.000000,0,0.000000,0,0.000000,0,0.000000,0,0.000000,0,0.000000,0,0.000000,0,0.000000,3,0.666667,0,0.000000,0,0.000000
168,34,12,0.074857,0,0.000000,0,0.000000,12,0.136364,1,0.000000,0,0.000000,1,0.000000,6,0.133333,0,0.000000,0,0.000000,1,0.000000,0,0.000000,1,0.000000,2,1.000000,0,0.000000,1,0.000000,0,0.000000,2,1.000000,0,0.000000,0,0.000000,0,0.000000,5,0.500000,1,0.000000,0,0.000000,0,0.000000,1,0.000000,0,0.000000,0,0.000000,0,0.000000,0,0.000000,0,0.000000,0,0.000000,0,0.000000,0,0.000000,0,0.000000,0,0.000000,0,0.000000,0,0.000000
169,1,1,0.000000,0,0.000000,0,0.000000,0,0.000000,0,0.000000,0,0.000000,0,0.000000,0,0.000000,0,0.000000,0,0.000000,0,0.000000,0,0.000000,0,0.000000,0,0.000000,0,0.000000,0,0.000000,0,0.000000,0,0.000000,0,0.000000,0,0.000000,0,0.000000,0,0.000000,0,0.000000,0,0.000000,0,0.000000,0,0.000000,0,0.000000,0,0.000000,0,0.000000,0,0.000000,0,0.000000,1,0.000000,0,0.000000,0,0.000000,0,0.000000,0,0.000000,0,0.000000,0,0.000000
170,7,4,0.018018,0,0.000000,0,0.000000,0,0.000000,0,0.000000,0,0.000000,1,0.000000,0,0.000000,1,0.000000,0,0.000000,0,0.000000,0,0.000000,0,0.000000,1,0.000000,0,0.000000,0,0.000000,0,0.000000,0,0.000000,0,0.000000,0,0.000000,0,0.000000,0,0.000000,0,0.000000,0,0.000000,0,0.000000,0,0.000000,0,0.000000,0,0.000000,0,0.000000,0,0.000000,0,0.000000,0,0.000000,0,0.000000,0,0.000000,0,0.000000,4,0.666667,0,0.000000,0,0.000000
171,2,2,0.000000,1,0.000000,0,0.000000,0,0.000000,0,0.000000,0,0.000000,0,0.000000,0,0.000000,0,0.000000,0,0.000000,0,0.000000,0,0.000000,0,0.000000,0,0.000000,0,0.000000,0,0.000000,0,0.000000,0,0.000000,0,0.000000,0,0.000000,0,0.000000,0,0.000000,0,0.000000,0,0.000000,1,0.000000,0,0.000000,0,0.000000,0,0.000000,0,0.000000,0,0.000000,0,0.000000,0,0.000000,0,0.000000,0,0.000000,0,0.000000,0,0.000000,0,0.000000,0,0.000000
172,42,11,0.070533,0,0.000000,18,0.228758,7,0.380952,1,0.000000,0,0.000000,4,0.666667,0,0.000000,0,0.000000,0,0.000000,0,0.000000,0,0.000000,0,0.000000,1,0.000000,0,0.000000,1,0.000000,0,0.000000,1,0.000000,0,0.000000,0,0.000000,0,0.000000,0,0.000000,0,0.000000,3,0.333333,2,1.000000,0,0.000000,1,0.000000,3,0.000000,0,0.000000,0,0.000000,0,0.000000,0,0.000000,0,0.000000,0,0.000000,0,0.000000,0,0.000000,0,0.000000,0,0.000000
173,2,1,0.027027,0,0.000000,0,0.000000,0,0.000000,0,0.000000,2,1.000000,0,0.000000,0,0.000000,0,0.000000,0,0.000000,0,0.000000,0,0.000000,0,0.000000,0,0.000000,0,0.000000,0,0.000000,0,0.000000,0,0.000000,0,0.000000,0,0.000000,0,0.000000,0,0.000000,0,0.000000,0,0.000000,0,0.000000,0,0.000000,0,0.000000,0,0.000000,0,0.000000,0,0.000000,0,0.000000,0,0.000000,0,0.000000,0,0.000000,0,0.000000,0,0.000000,0,0.000000,0,0.000000
174,12,5,0.072072,2,1.000000,3,1.000000,0,0.000000,0,0.000000,0,0.000000,0,0.000000,0,0.000000,1,0.000000,0,0.000000,0,0.000000,0,0.000000,0,0.000000,0,0.000000,0,0.000000,0,0.000000,3,0.000000,0,0.000000,0,0.000000,0,0.000000,3,0.666667,0,0.000000,0,0.000000,0,0.000000,0,0.000000,0,0.000000,0,0.000000,0,0.000000,0,0.000000,0,0.000000,0,0.000000,0,0.000000,0,0.000000,0,0.000000,0,0.000000,0,0.000000,0,0.000000,0,0.000000
175,2,1,0.027027,0,0.000000,0,0.000000,0,0.000000,0,0.000000,0,0.000000,0,0.000000,0,0.000000,2,1.000000,0,0.000000,0,0.000000,0,0.000000,0,0.000000,0,0.000000,0,0.000000,0,0.000000,0,0.000000,0,0.000000,0,0.000000,0,0.000000,0,0.000000,0,0.000000,0,0.000000,0,0.000000,0,0.000000,0,0.000000,0,0.000000,0,0.000000,0,0.000000,0,0.000000,0,0.000000,0,0.000000,0,0.000000,0,0.000000,0,0.000000,0,0.000000,0,0.000000,0,0.000000
176,5,4,0.027027,0,0.000000,0,0.000000,0,0.000000,0,0.000000,0,0.000000,0,0.000000,0,0.000000,2,1.000000,0,0.000000,0,0.000000,0,0.000000,0,0.000000,1,0.000000,0,0.000000,0,0.000000,0,0.000000,0,0.000000,0,0.000000,0,0.000000,0,0.000000,0,0.000000,0,0.000000,0,0.000000,0,0.000000,0,0.000000,0,0.000000,0,0.000000,0,0.000000,1,0.000000,0,0.000000,0,0.000000,0,0.000000,0,0.000000,1,0.000000,0,0.000000,0,0.000000,0,0.000000
177,1,1,0.000000,0,0.000000,0,0.000000,0,0.000000,0,0.000000,0,0.000000,0,0.000000,0,0.000000,0,0.000000,0,0.000000,0,0.000000,0,0.000000,0,0.000000,0,0.000000,0,0.000000,0,0.000000,0,0.000000,0,0.000000,0,0.000000,1,0.000000,0,0.000000,0,0.000000,0,0.000000,0,0.000000,0,0.000000,0,0.000000,0,0.000000,0,0.000000,0,0.000000,0,0.000000,0,0.000000,0,0.000000,0,0.000000,0,0.000000,0,0.000000,0,0.000000,0,0.000000,0,0.000000
178,0,0,0.000000,0,0.000000,0,0.000000,0,0.000000,0,0.000000,0,0.000000,0,0.000000,0,0.000000,0,0.000000,0,0.000000,0,0.000000,0,0.000000,0,0.000000,0,0.000000,0,0.000000,0,0.000000,0,0.000000,0,0.000000,0,0.000000,0,0.000000,0,0.000000,0,0.000000,0,0.000000,0,0.000000,0,0.000000,0,0.000000,0,0.000000,0,0.000000,0,0.000000,0,0.000000,0,0.000000,0,0.000000,0,0.000000,0,0.000000,0,0.000000,0,0.000000,0,0.000000,0,0.000000
179,0,0,0.000000,0,0.000000,0,0.000000,0,0.000000,0,0.000000,0,0.000000,0,0.000000,0,0.000000,0,0.000000,0,0.000000,0,0.000000,0,0.000000,0,0.000000,0,0.000000,0,0.000000,0,0.000000,0,0.000000,0,0.000000,0,0.000000,0,0.000000,0,0.000000,0,0.000000,0,0.000000,0,0.000000,0,0.000000,0,0.000000,0,0.000000,0,0.000000,0,0.000000,0,0.000000,0,0.000000,0,0.000000,0,0.000000,0,0.000000,0,0.000000,0,0.000000,0,0.000000,0,0.000000
180,61,22,0.052387,19,0.321637,0,0.000000,3,0.333333,1,0.000000,1,0.000000,16,0.283333,1,0.000000,1,0.000000,1,0.000000,0,0.000000,2,1.000000,0,0.000000,1,0.000000,1,0.000000,1,0.000000,0,0.000000,1,0.000000,1,0.000000,1,0.000000,1,0.000000,0,0.000000,0,0.000000,1,0.000000,1,0.000000,0,0.000000,4,0.000000,0,0.000000,0,0.000000,0,0.000000,0,0.000000,1,0.000000,0,0.000000,1,0.000000,1,0.000000,0,0.000000,0,0.000000,0,0.000000
181,0,0,0.000000,0,0.000000,0,0.000000,0,0.000000,0,0.000000,0,0.000000,0,0.000000,0,0.000000,0,0.000000,0,0.000000,0,0.000000,0,0.000000,0,0.000000,0,0.000000,0,0.000000,0,0.000000,0,0.000000,0,0.000000,0,0.000000,0,0.000000,0,0.000000,0,0.000000,0,0.000000,0,0.000000,0,0.000000,0,0.000000,0,0.000000,0,0.000000,0,0.000000,0,0.000000,0,0.000000,0,0.000000,0,0.000000,0,0.000000,0,0.000000,0,0.000000,0,0.000000,0,0.000000
182,4,1,0.018018,0,0.000000,4,0.666667,0,0.000000,0,0.000000,0,0.000000,0,0.000000,0,0.000000,0,0.000000,0,0.000000,0,0.000000,0,0.000000,0,0.000000,0,0.000000,0,0.000000,0,0.000000,0,0.000000,0,0.000000,0,0.000000,0,0.000000,0,0.000000,0,0.000000,0,0.000000,0,0.000000,0,0.000000,0,0.000000,0,0.000000,0,0.000000,0,0.000000,0,0.000000,0,0.000000,0,0.000000,0,0.000000,0,0.000000,0,0.000000,0,0.000000,0,0.000000,0,0.000000
183,24,9,0.067181,4,1.000000,0,0.000000,1,0.000000,0,0.000000,0,0.000000,2,1.000000,1,0.000000,0,0.000000,0,0.000000,0,0.000000,0,0.000000,1,0.000000,0,0.000000,0,0.000000,0,0.000000,0,0.000000,1,0.000000,1,0.000000,0,0.000000,0,0.000000,7,0.285714,6,0.200000,0,0.000000,0,0.000000,0,0.000000,0,0.000000,0,0.000000,0,0.000000,0,0.000000,0,0.000000,0,0.000000,0,0.000000,0,0.000000,0,0.000000,0,0.000000,0,0.000000,0,0.000000
184,3,2,0.027027,0,0.000000,0,0.000000,0,0.000000,0,0.000000,2,1.000000,0,0.000000,0,0.000000,0,0.000000,0,0.000000,0,0.000000,0,0.000000,0,0.000000,0,0.000000,0,0.000000,0,0.000000,0,0.000000,0,0.000000,0,0.000000,0,0.000000,0,0.000000,0,0.000000,0,0.000000,0,0.000000,0,0.000000,1,0.000000,0,0.000000,0,0.000000,0,0.000000,0,0.000000,0,0.000000,0,0.000000,0,0.000000,0,0.000000,0,0.000000,0,0.000000,0,0.000000,0,0.000000
185,2,2,0.000000,0,0.000000,0,0.000000,0,0.000000,0,0.000000,0,0.000000,0,0.000000,0,0.000000,1,0.000000,0,0.000000,0,0.000000,0,0.000000,0,0.000000,0,0.000000,0,0.000000,0,0.000000,0,0.000000,0,0.000000,0,0.000000,0,0.000000,0,0.000000,0,0.000000,0,0.000000,0,0.000000,0,0.000000,0,0.000000,0,0.000000,0,0.000000,0,0.000000,0,0.000000,0,0.000000,0,0.000000,0,0.000000,0,0.000000,1,0.000000,0,0.000000,0,0.000000,0,0.000000
186,26,7,0.030287,1,0.000000,0,0.000000,0,0.000000,0,0.000000,0,0.000000,0,0.000000,0,0.000000,5,0.700000,1,0.000000,0,0.000000,0,0.000000,0,0.000000,8,0.392857,0,0.000000,0,0.000000,0,0.000000,0,0.000000,0,0.000000,1,0.000000,0,0.000000,0,0.000000,0,0.000000,0,0.000000,0,0.000000,0,0.000000,0,0.000000,0,0.000000,0,0.000000,0,0.000000,0,0.000000,0,0.000000,0,0.000000,0,0.000000,1,0.000000,9,0.027778,0,0.000000,0,0.000000
187,4,4,0.000000,0,0.000000,1,0.000000,0,0.000000,0,0.000000,0,0.000000,0,0.000000,0,0.000000,1,0.000000,0,0.000000,0,0.000000,0,0.000000,0,0.000000,1,0.000000,0,0.000000,0,0.000000,0,0.000000,0,0.000000,0,0.000000,0,0.000000,0,0.000000,0,0.000000,0,0.000000,0,0.000000,0,0.000000,0,0.000000,0,0.000000,0,0.000000,0,0.000000,0,0.000000,0,0.000000,0,0.000000,0,0.000000,0,0.000000,0,0.000000,1,0.000000,0,0.000000,0,0.000000
188,4,1,0.022523,0,0.000000,0,0.000000,0,0.000000,0,0.000000,0,0.000000,0,0.000000,0,0.000000,0,0.000000,0,0.000000,0,0.000000,0,0.000000,0,0.000000,0,0.000000,0,0.000000,0,0.000000,0,0.000000,0,0.000000,0,0.000000,0,0.000000,0,0.000000,0,0.000000,0,0.000000,0,0.000000,0,0.000000,0,0.000000,0,0.000000,0,0.000000,0,0.000000,0,0.000000,0,0.000000,0,0.000000,0,0.000000,0,0.000000,0,0.000000,4,0.833333,0,0.000000,0,0.000000
189,5,3,0.027027,0,0.000000,0,0.000000,0,0.000000,0,0.000000,0,0.000000,0,0.000000,0,0.000000,1,0.000000,0,0.000000,0,0.000000,0,0.000000,0,0.000000,1,0.000000,0,0.000000,0,0.000000,0,0.000000,0,0.000000,0,0.000000,0,0.000000,0,0.000000,0,0.000000,0,0.000000,0,0.000000,0,0.000000,0,0.000000,0,0.000000,0,0.000000,0,0.000000,0,0.000000,0,0.000000,0,0.000000,0,0.000000,0,0.000000,0,0.000000,3,1.000000,0,0.000000,0,0.000000
190,1,1,0.000000,0,0.000000,0,0.000000,0,0.000000,0,0.000000,1,0.000000,0,0.000000,0,0.000000,0,0.000000,0,0.000000,0,0.000000,0,0.000000,0,0.000000,0,0.000000,0,0.000000,0,0.000000,0,0.000000,0,0.000000,0,0.000000,0,0.000000,0,0.000000,0,0.000000,0,0.000000,0,0.000000,0,0.000000,0,0.000000,0,0.000000,0,0.000000,0,0.000000,0,0.000000,0,0.000000,0,0.000000,0,0.000000,0,0.000000,0,0.000000,0,0.000000,0,0.000000,0,0.000000
191,8,7,0.000000,1,0.000000,0,0.000000,0,0.000000,1,0.000000,0,0.000000,0,0.000000,0,0.000000,1,0.000000,1,0.000000,0,0.000000,1,0.000000,0,0.000000,0,0.000000,0,0.000000,0,0.000000,0,0.000000,1,0.000000,0,0.000000,0,0.000000,0,0.000000,0,0.000000,0,0.000000,0,0.000000,0,0.000000,0,0.000000,2,0.000000,0,0.000000,0,0.000000,0,0.000000,0,0.000000,0,0.000000,0,0.000000,0,0.000000,0,0.000000,0,0.000000,0,0.000000,0,0.000000
192,1,1,0.000000,0,0.000000,0,0.000000,0,0.000000,0,0.000000,1,0.000000,0,0.000000,0,0.000000,0,0.000000,0,0.000000,0,0.000000,0,0.000000,0,0.000000,0,0.000000,0,0.000000,0,0.000000,0,0.000000,0,0.000000,0,0.000000,0,0.000000,0,0.000000,0,0.000000,0,0.000000,0,0.000000,0,0.000000,0,0.000000,0,0.000000,0,0.000000,0,0.000000,0,0.000000,0,0.000000,0,0.000000,0,0.000000,0,0.000000,0,0.000000,0,0.000000,0,0.000000,0,0.000000
193,13,8,0.045045,0,0.000000,1,0.000000,0,0.000000,1,0.000000,0,0.000000,3,0.666667,0,0.000000,0,0.000000,0,0.000000,0,0.000000,0,0.000000,0,0.000000,0,0.000000,2,1.000000,0,0.000000,0,0.000000,0,0.000000,0,0.000000,0,0.000000,0,0.000000,0,0.000000,0,0.000000,0,0.000000,1,0.000000,0,0.000000,2,0.000000,0,0.000000,2,0.000000,1,0.000000,0,0.000000,0,0.000000,0,0.000000,0,0.000000,0,0.000000,0,0.000000,0,0.000000,0,0.000000
194,2,2,0.000000,0,0.000000,0,0.000000,0,0.000000,0,0.000000,0,0.000000,0,0.000000,0,0.000000,0,0.000000,0,0.000000,0,0.000000,0,0.000000,0,0.000000,0,0.000000,0,0.000000,0,0.000000,1,0.000000,0,0.000000,0,0.000000,0,0.000000,0,0.000000,0,0.000000,0,0.000000,1,0.000000,0,0.000000,0,0.000000,0,0.000000,0,0.000000,0,0.000000,0,0.000000,0,0.000000,0,0.000000,0,0.000000,0,0.000000,0,0.000000,0,0.000000,0,0.000000,0,0.000000
195,20,5,0.012355,7,0.190476,10,0.266667,0,0.000000,0,0.000000,0,0.000000,0,0.000000,0,0.000000,0,0.000000,1,0.000000,0,0.000000,0,0.000000,0,0.000000,0,0.000000,0,0.000000,0,0.000000,0,0.000000,0,0.000000,0,0.000000,0,0.000000,0,0.000000,0,0.000000,0,0.000000,0,0.000000,0,0.000000,0,0.000000,0,0.000000,0,0.000000,1,0.000000,1,0.000000,0,0.000000,0,0.000000,0,0.000000,0,0.000000,0,0.000000,0,0.000000,0,0.000000,0,0.000000
196,4,2,0.000000,0,0.000000,3,0.000000,0,0.000000,0,0.000000,0,0.000000,0,0.000000,0,0.000000,0,0.000000,0,0.000000,0,0.000000,0,0.000000,0,0.000000,0,0.000000,0,0.000000,0,0.000000,0,0.000000,0,0.000000,0,0.000000,0,0.000000,0,0.000000,0,0.000000,0,0.000000,0,0.000000,0,0.000000,0,0.000000,0,0.000000,0,0.000000,0,0.000000,0,0.000000,1,0.000000,0,0.000000,0,0.000000,0,0.000000,0,0.000000,0,0.000000,0,0.000000,0,0.000000
197,2,1,0.027027,0,0.000000,0,0.000000,0,0.000000,0,0.000000,0,0.000000,0,0.000000,0,0.000000,0,0.000000,0,0.000000,0,0.000000,0,0.000000,0,0.000000,0,0.000000,0,0.000000,0,0.000000,0,0.000000,0,0.000000,0,0.000000,0,0.000000,0,0.000000,0,0.000000,0,0.000000,0,0.000000,0,0.000000,0,0.000000,0,0.000000,0,0.000000,0,0.000000,0,0.000000,0,0.000000,0,0.000000,0,0.000000,0,0.000000,0,0.000000,2,1.000000,0,0.000000,0,0.000000
198,55,21,0.095051,4,1.000000,0,0.000000,11,0.345455,1,0.000000,1,0.000000,1,0.000000,0,0.000000,3,1.000000,1,0.000000,1,0.000000,1,0.000000,0,0.000000,3,1.000000,1,0.000000,0,0.000000,0,0.000000,1,0.000000,1,0.000000,0,0.000000,1,0.000000,1,0.000000,2,0.000000,1,0.000000,1,0.000000,0,0.000000,15,0.171429,3,0.000000,1,0.000000,0,0.000000,0,0.000000,0,0.000000,0,0.000000,0,0.000000,0,0.000000,0,0.000000,0,0.000000,0,0.000000
199,9,3,0.067568,0,0.000000,0,0.000000,0,0.000000,0,0.000000,0,0.000000,0,0.000000,0,0.000000,2,1.000000,0,0.000000,0,0.000000,0,0.000000,0,0.000000,2,1.000000,0,0.000000,0,0.000000,0,0.000000,0,0.000000,0,0.000000,0,0.000000,0,0.000000,0,0.000000,0,0.000000,0,0.000000,0,0.000000,0,0.000000,0,0.000000,0,0.000000,0,0.000000,0,0.000000,0,0.000000,0,0.000000,0,0.000000,0,0.000000,0,0.000000,5,0.500000,0,0.000000,0,0.000000
200,21,4,0.036186,0,0.000000,0,0.000000,0,0.000000,0,0.000000,0,0.000000,0,0.000000,0,0.000000,6,0.533333,1,0.000000,0,0.000000,0,0.000000,0,0.000000,5,0.500000,0,0.000000,0,0.000000,0,0.000000,0,0.000000,0,0.000000,0,0.000000,0,0.000000,0,0.000000,0,0.000000,0,0.000000,0,0.000000,0,0.000000,0,0.000000,0,0.000000,0,0.000000,0,0.000000,0,0.000000,0,0.000000,0,0.000000,0,0.000000,0,0.000000,9,0.305556,0,0.000000,0,0.000000
201,17,6,0.036937,1,0.000000,0,0.000000,0,0.000000,0,0.000000,0,0.000000,0,0.000000,0,0.000000,6,0.533333,1,0.000000,0,0.000000,0,0.000000,0,0.000000,4,0.833333,0,0.000000,0,0.000000,0,0.000000,0,0.000000,0,0.000000,0,0.000000,0,0.000000,0,0.000000,0,0.000000,0,0.000000,0,0.000000,0,0.000000,0,0.000000,0,0.000000,0,0.000000,0,0.000000,0,0.000000,0,0.000000,0,0.000000,0,0.000000,1,0.000000,4,0.000000,0,0.000000,0,0.000000
202,15,2,0.027027,0,0.000000,0,0.000000,0,0.000000,0,0.000000,0,0.000000,0,0.000000,0,0.000000,0,0.000000,0,0.000000,0,0.000000,0,0.000000,0,0.000000,0,0.000000,0,0.000000,0,0.000000,13,0.000000,0,0.000000,0,0.000000,0,0.000000,0,0.000000,0,0.000000,0,0.000000,0,0.000000,2,1.000000,0,0.000000,0,0.000000,0,0.000000,0,0.000000,0,0.000000,0,0.000000,0,0.000000,0,0.000000,0,0.000000,0,0.000000,0,0.000000,0,0.000000,0,0.000000
203,7,5,0.009009,1,0.000000,0,0.000000,0,0.000000,0,0.000000,0,0.000000,1,0.000000,0,0.000000,0,0.000000,0,0.000000,0,0.000000,0,0.000000,0,0.000000,0,0.000000,1,0.000000,0,0.000000,0,0.000000,0,0.000000,0,0.000000,0,0.000000,0,0.000000,0,0.000000,0,0.000000,0,0.000000,1,0.000000,0,0.000000,3,0.333333,0,0.000000,0,0.000000,0,0.000000,0,0.000000,0,0.000000,0,0.000000,0,0.000000,0,0.000000,0,0.000000,0,0.000000,0,0.000000
204,62,11,0.086380,0,0.000000,32,0.201613,9,0.361111,0,0.000000,0,0.000000,5,0.800000,0,0.000000,1,0.000000,0,0.000000,0,0.000000,0,0.000000,1,0.000000,2,1.000000,0,0.000000,0,0.000000,0,0.000000,0,0.000000,0,0.000000,0,0.000000,0,0.000000,4,0.500000,3,0.333333,2,0.000000,0,0.000000,0,0.000000,0,0.000000,2,0.000000,0,0.000000,0,0.000000,0,0.000000,0,0.000000,1,0.000000,0,0.000000,0,0.000000,0,0.000000,0,0.000000,0,0.000000
205,12,2,0.045045,0,0.000000,10,0.666667,0,0.000000,0,0.000000,0,0.000000,0,0.000000,0,0.000000,0,0.000000,0,0.000000,0,0.000000,0,0.000000,0,0.000000,2,1.000000,0,0.000000,0,0.000000,0,0.000000,0,0.000000,0,0.000000,0,0.000000,0,0.000000,0,0.000000,0,0.000000,0,0.000000,0,0.000000,0,0.000000,0,0.000000,0,0.000000,0,0.000000,0,0.000000,0,0.000000,0,0.000000,0,0.000000,0,0.000000,0,0.000000,0,0.000000,0,0.000000,0,0.000000
206,21,2,0.033210,0,0.000000,18,0.228758,0,0.000000,0,0.000000,0,0.000000,0,0.000000,0,0.000000,0,0.000000,0,0.000000,0,0.000000,0,0.000000,0,0.000000,3,1.000000,0,0.000000,0,0.000000,0,0.000000,0,0.000000,0,0.000000,0,0.000000,0,0.000000,0,0.000000,0,0.000000,0,0.000000,0,0.000000,0,0.000000,0,0.000000,0,0.000000,0,0.000000,0,0.000000,0,0.000000,0,0.000000,0,0.000000,0,0.000000,0,0.000000,0,0.000000,0,0.000000,0,0.000000
207,14,6,0.036036,1,0.000000,6,0.000000,3,0.333333,0,0.000000,0,0.000000,0,0.000000,0,0.000000,0,0.000000,0,0.000000,1,0.000000,0,0.000000,0,0.000000,1,0.000000,0,0.000000,0,0.000000,0,0.000000,0,0.000000,0,0.000000,0,0.000000,0,0.000000,0,0.000000,0,0.000000,0,0.000000,0,0.000000,0,0.000000,0,0.000000,0,0.000000,0,0.000000,0,0.000000,0,0.000000,0,0.000000,2,1.000000,0,0.000000,0,0.000000,0,0.000000,0,0.000000,0,0.000000
208,44,5,0.007584,0,0.000000,21,0.128571,19,0.152047,0,0.000000,0,0.000000,0,0.000000,0,0.000000,0,0.000000,1,0.000000,0,0.000000,0,0.000000,0,0.000000,0,0.000000,0,0.000000,2,0.000000,1,0.000000,0,0.000000,0,0.000000,0,0.000000,0,0.000000,0,0.000000,0,0.000000,0,0.000000,0,0.000000,0,0.000000,0,0.000000,0,0.000000,0,0.000000,0,0.000000,0,0.000000,0,0.000000,0,0.000000,0,0.000000,0,0.000000,0,0.000000,0,0.000000,0,0.000000
209,33,8,0.030644,0,0.000000,17,0.433824,0,0.000000,0,0.000000,0,0.000000,1,0.000000,0,0.000000,0,0.000000,0,0.000000,0,0.000000,0,0.000000,1,0.000000,0,0.000000,0,0.000000,0,0.000000,0,0.000000,1,0.000000,0,0.000000,0,0.000000,0,0.000000,5,0.500000,5,0.200000,0,0.000000,0,0.000000,0,0.000000,0,0.000000,0,0.000000,0,0.000000,0,0.000000,0,0.000000,0,0.000000,1,0.000000,0,0.000000,0,0.000000,0,0.000000,2,0.000000,0,0.000000
210,47,13,0.046641,1,0.000000,19,0.403509,1,0.000000,0,0.000000,0,0.000000,2,1.000000,0,0.000000,0,0.000000,0,0.000000,1,0.000000,1,0.000000,0,0.000000,0,0.000000,0,0.000000,0,0.000000,3,0.000000,1,0.000000,0,0.000000,0,0.000000,0,0.000000,4,0.166667,10,0.155556,0,0.000000,0,0.000000,0,0.000000,0,0.000000,1,0.000000,0,0.000000,0,0.000000,0,0.000000,0,0.000000,1,0.000000,0,0.000000,0,0.000000,0,0.000000,2,0.000000,0,0.000000
211,1,1,0.000000,0,0.000000,0,0.000000,0,0.000000,0,0.000000,1,0.000000,0,0.000000,0,0.000000,0,0.000000,0,0.000000,0,0.000000,0,0.000000,0,0.000000,0,0.000000,0,0.000000,0,0.000000,0,0.000000,0,0.000000,0,0.000000,0,0.000000,0,0.000000,0,0.000000,0,0.000000,0,0.000000,0,0.000000,0,0.000000,0,0.000000,0,0.000000,0,0.000000,0,0.000000,0,0.000000,0,0.000000,0,0.000000,0,0.000000,0,0.000000,0,0.000000,0,0.000000,0,0.000000
212,27,4,0.014961,0,0.000000,16,0.458333,0,0.000000,0,0.000000,0,0.000000,0,0.000000,0,0.000000,0,0.000000,0,0.000000,0,0.000000,0,0.000000,0,0.000000,0,0.000000,0,0.000000,0,0.000000,3,0.000000,0,0.000000,0,0.000000,0,0.000000,0,0.000000,0,0.000000,0,0.000000,0,0.000000,0,0.000000,0,0.000000,0,0.000000,7,0.095238,0,0.000000,0,0.000000,0,0.000000,0,0.000000,0,0.000000,0,0.000000,0,0.000000,1,0.000000,0,0.000000,0,0.000000
213,2,1,0.027027,0,0.000000,0,0.000000,0,0.000000,0,0.000000,0,0.000000,0,0.000000,0,0.000000,0,0.000000,0,0.000000,0,0.000000,0,0.000000,0,0.000000,0,0.000000,0,0.000000,0,0.000000,0,0.000000,0,0.000000,0,0.000000,0,0.000000,0,0.000000,0,0.000000,0,0.000000,0,0.000000,0,0.000000,0,0.000000,0,0.000000,0,0.000000,0,0.000000,0,0.000000,0,0.000000,0,0.000000,0,0.000000,0,0.000000,0,0.000000,2,1.000000,0,0.000000,0,0.000000
214,71,17,0.097713,4,1.000000,0,0.000000,10,0.600000,1,0.000000,0,0.000000,0,0.000000,2,0.000000,0,0.000000,1,0.000000,0,0.000000,1,0.000000,1,0.000000,0,0.000000,0,0.000000,0,0.000000,0,0.000000,40,0.015385,1,0.000000,0,0.000000,0,0.000000,1,0.000000,0,0.000000,1,0.000000,1,0.000000,0,0.000000,1,0.000000,1,0.000000,1,0.000000,0,0.000000,0,0.000000,0,0.000000,2,1.000000,0,0.000000,0,0.000000,0,0.000000,2,1.000000,0,0.000000
215,17,4,0.047748,0,0.000000,6,0.733333,1,0.000000,0,0.000000,0,0.000000,6,0.533333,0,0.000000,0,0.000000,0,0.000000,4,0.500000,0,0.000000,0,0.000000,0,0.000000,0,0.000000,0,0.000000,0,0.000000,0,0.000000,0,0.000000,0,0.000000,0,0.000000,0,0.000000,0,0.000000,0,0.000000,0,0.000000,0,0.000000,0,0.000000,0,0.000000,0,0.000000,0,0.000000,0,0.000000,0,0.000000,0,0.000000,0,0.000000,0,0.000000,0,0.000000,0,0.000000,0,0.000000
216,7,2,0.031532,0,0.000000,0,0.000000,0,0.000000,0,0.000000,0,0.000000,0,0.000000,0,0.000000,3,1.000000,0,0.000000,0,0.000000,0,0.000000,0,0.000000,0,0.000000,0,0.000000,0,0.000000,0,0.000000,0,0.000000,0,0.000000,0,0.000000,0,0.000000,0,0.000000,0,0.000000,0,0.000000,0,0.000000,0,0.000000,0,0.000000,0,0.000000,0,0.000000,0,0.000000,0,0.000000,0,0.000000,0,0.000000,0,0.000000,0,0.000000,4,0.166667,0,0.000000,0,0.000000
217,4,2,0.054054,0,0.000000,0,0.000000,0,0.000000,0,0.000000,2,1.000000,0,0.000000,0,0.000000,0,0.000000,0,0.000000,0,0.000000,0,0.000000,0,0.000000,0,0.000000,0,0.000000,0,0.000000,0,0.000000,0,0.000000,0,0.000000,0,0.000000,0,0.000000,0,0.000000,0,0.000000,0,0.000000,0,0.000000,2,1.000000,0,0.000000,0,0.000000,0,0.000000,0,0.000000,0,0.000000,0,0.000000,0,0.000000,0,0.000000,0,0.000000,0,0.000000,0,0.000000,0,0.000000
218,11,9,0.054054,2,1.000000,0,0.000000,1,0.000000,0,0.000000,1,0.000000,0,0.000000,1,0.000000,0,0.000000,0,0.000000,0,0.000000,0,0.000000,0,0.000000,0,0.000000,1,0.000000,0,0.000000,0,0.000000,0,0.000000,0,0.000000,0,0.000000,0,0.000000,0,0.000000,0,0.000000,0,0.000000,2,1.000000,0,0.000000,1,0.000000,0,0.000000,0,0.000000,0,0.000000,0,0.000000,1,0.000000,0,0.000000,1,0.000000,0,0.000000,0,0.000000,0,0.000000,0,0.000000
219,17,4,0.016817,0,0.000000,9,0.555556,0,0.000000,0,0.000000,0,0.000000,0,0.000000,0,0.000000,0,0.000000,1,0.000000,0,0.000000,0,0.000000,0,0.000000,0,0.000000,0,0.000000,0,0.000000,1,0.000000,0,0.000000,0,0.000000,0,0.000000,0,0.000000,0,0.000000,0,0.000000,0,0.000000,0,0.000000,0,0.000000,0,0.000000,0,0.000000,0,0.000000,0,0.000000,0,0.000000,0,0.000000,0,0.000000,0,0.000000,0,0.000000,6,0.066667,0,0.000000,0,0.000000
220,22,7,0.075075,2,1.000000,10,0.377778,1,0.000000,1,0.000000,0,0.000000,0,0.000000,0,0.000000,0,0.000000,0,0.000000,5,0.400000,0,0.000000,0,0.000000,0,0.000000,0,0.000000,0,0.000000,1,0.000000,0,0.000000,0,0.000000,0,0.000000,0,0.000000,0,0.000000,0,0.000000,0,0.000000,2,1.000000,0,0.000000,0,0.000000,0,0.000000,0,0.000000,0,0.000000,0,0.000000,0,0.000000,0,0.000000,0,0.000000,0,0.000000,0,0.000000,0,0.000000,0,0.000000
221,6,3,0.054054,0,0.000000,0,0.000000,0,0.000000,0,0.000000,2,1.000000,0,0.000000,0,0.000000,0,0.000000,0,0.000000,0,0.000000,0,0.000000,0,0.000000,0,0.000000,0,0.000000,0,0.000000,0,0.000000,0,0.000000,0,0.000000,0,0.000000,0,0.000000,0,0.000000,0,0.000000,0,0.000000,0,0.000000,1,0.000000,0,0.000000,0,0.000000,0,0.000000,3,1.000000,0,0.000000,0,0.000000,0,0.000000,0,0.000000,0,0.000000,0,0.000000,0,0.000000,0,0.000000
222,5,1,0.013514,0,0.000000,0,0.000000,0,0.000000,0,0.000000,0,0.000000,0,0.000000,0,0.000000,0,0.000000,0,0.000000,0,0.000000,0,0.000000,0,0.000000,0,0.000000,0,0.000000,0,0.000000,0,0.000000,0,0.000000,0,0.000000,0,0.000000,0,0.000000,0,0.000000,0,0.000000,0,0.000000,0,0.000000,0,0.000000,0,0.000000,0,0.000000,0,0.000000,0,0.000000,0,0.000000,0,0.000000,0,0.000000,0,0.000000,0,0.000000,5,0.500000,0,0.000000,0,0.000000
223,19,1,0.007745,0,0.000000,19,0.286550,0,0.000000,0,0.000000,0,0.000000,0,0.000000,0,0.000000,0,0.000000,0,0.000000,0,0.000000,0,0.000000,0,0.000000,0,0.000000,0,0.000000,0,0.000000,0,0.000000,0,0.000000,0,0.000000,0,0.000000,0,0.000000,0,0.000000,0,0.000000,0,0.000000,0,0.000000,0,0.000000,0,0.000000,0,0.000000,0,0.000000,0,0.000000,0,0.000000,0,0.000000,0,0.000000,0,0.000000,0,0.000000,0,0.000000,0,0.000000,0,0.000000
224,33,13,0.079880,3,1.000000,0,0.000000,6,0.200000,1,0.000000,0,0.000000,4,0.333333,2,1.000000,0,0.000000,0,0.000000,10,0.422222,0,0.000000,0,0.000000,0,0.000000,0,0.000000,0,0.000000,0,0.000000,0,0.000000,1,0.000000,0,0.000000,0,0.000000,1,0.000000,1,0.000000,1,0.000000,0,0.000000,0,0.000000,0,0.000000,1,0.000000,1,0.000000,0,0.000000,1,0.000000,0,0.000000,0,0.000000,0,0.000000,0,0.000000,0,0.000000,0,0.000000,0,0.000000
225,0,0,0.000000,0,0.000000,0,0.000000,0,0.000000,0,0.000000,0,0.000000,0,0.000000,0,0.000000,0,0.000000,0,0.000000,0,0.000000,0,0.000000,0,0.000000,0,0.000000,0,0.000000,0,0.000000,0,0.000000,0,0.000000,0,0.000000,0,0.000000,0,0.000000,0,0.000000,0,0.000000,0,0.000000,0,0.000000,0,0.000000,0,0.000000,0,0.000000,0,0.000000,0,0.000000,0,0.000000,0,0.000000,0,0.000000,0,0.000000,0,0.000000,0,0.000000,0,0.000000,0,0.000000
226,33,3,0.005991,0,0.000000,29,0.221675,0,0.000000,0,0.000000,0,0.000000,0,0.000000,0,0.000000,0,0.000000,0,0.000000,0,0.000000,0,0.000000,0,0.000000,0,0.000000,0,0.000000,0,0.000000,0,0.000000,0,0.000000,0,0.000000,0,0.000000,0,0.000000,0,0.000000,0,0.000000,0,0.000000,0,0.000000,0,0.000000,3,0.000000,1,0.000000,0,0.000000,0,0.000000,0,0.000000,0,0.000000,0,0.000000,0,0.000000,0,0.000000,0,0.000000,0,0.000000,0,0.000000
227,5,5,0.000000,1,0.000000,0,0.000000,1,0.000000,0,0.000000,0,0.000000,0,0.000000,0,0.000000,0,0.000000,0,0.000000,0,0.000000,0,0.000000,0,0.000000,0,0.000000,1,0.000000,0,0.000000,0,0.000000,0,0.000000,0,0.000000,0,0.000000,0,0.000000,0,0.000000,0,0.000000,0,0.000000,0,0.000000,0,0.000000,0,0.000000,1,0.000000,1,0.000000,0,0.000000,0,0.000000,0,0.000000,0,0.000000,0,0.000000,0,0.000000,0,0.000000,0,0.000000,0,0.000000
228,4,3,0.000000,0,0.000000,0,0.000000,1,0.000000,0,0.000000,0,0.000000,0,0.000000,0,0.000000,0,0.000000,0,0.000000,0,0.000000,0,0.000000,0,0.000000,0,0.000000,1,0.000000,0,0.000000,0,0.000000,0,0.000000,0,0.000000,0,0.000000,0,0.000000,0,0.000000,0,0.000000,0,0.000000,0,0.000000,0,0.000000,2,0.000000,0,0.000000,0,0.000000,0,0.000000,0,0.000000,0,0.000000,0,0.000000,0,0.000000,0,0.000000,0,0.000000,0,0.000000,0,0.000000
229,7,1,0.015444,0,0.000000,0,0.000000,0,0.000000,0,0.000000,0,0.000000,0,0.000000,0,0.000000,0,0.000000,0,0.000000,0,0.000000,0,0.000000,0,0.000000,0,0.000000,0,0.000000,0,0.000000,0,0.000000,0,0.000000,0,0.000000,0,0.000000,0,0.000000,0,0.000000,0,0.000000,0,0.000000,0,0.000000,0,0.000000,0,0.000000,0,0.000000,0,0.000000,0,0.000000,0,0.000000,0,0.000000,0,0.000000,0,0.000000,0,0.000000,7,0.571429,0,0.000000,0,0.000000
230,4,1,0.022523,0,0.000000,0,0.000000,0,0.000000,0,0.000000,0,0.000000,0,0.000000,0,0.000000,0,0.000000,0,0.000000,0,0.000000,0,0.000000,0,0.000000,0,0.000000,0,0.000000,0,0.000000,0,0.000000,0,0.000000,0,0.000000,0,0.000000,0,0.000000,0,0.000000,0,0.000000,0,0.000000,0,0.000000,0,0.000000,0,0.000000,0,0.000000,0,0.000000,0,0.000000,0,0.000000,0,0.000000,0,0.000000,0,0.000000,0,0.000000,4,0.833333,0,0.000000,0,0.000000
231,3,2,0.027027,0,0.000000,0,0.000000,0,0.000000,0,0.000000,2,1.000000,0,0.000000,0,0.000000,0,0.000000,0,0.000000,0,0.000000,0,0.000000,0,0.000000,0,0.000000,0,0.000000,0,0.000000,0,0.000000,0,0.000000,0,0.000000,0,0.000000,0,0.000000,0,0.000000,0,0.000000,0,0.000000,0,0.000000,0,0.000000,0,0.000000,0,0.000000,0,0.000000,1,0.000000,0,0.000000,0,0.000000,0,0.000000,0,0.000000,0,0.000000,0,0.000000,0,0.000000,0,0.000000
232,1,1,0.000000,0,0.000000,0,0.000000,0,0.000000,0,0.000000,0,0.000000,0,0.000000,0,0.000000,0,0.000000,1,0.000000,0,0.000000,0,0.000000,0,0.000000,0,0.000000,0,0.000000,0,0.000000,0,0.000000,0,0.000000,0,0.000000,0,0.000000,0,0.000000,0,0.000000,0,0.000000,0,0.000000,0,0.000000,0,0.000000,0,0.000000,0,0.000000,0,0.000000,0,0.000000,0,0.000000,0,0.000000,0,0.000000,0,0.000000,0,0.000000,0,0.000000,0,0.000000,0,0.000000
233,22,4,0.038095,0,0.000000,15,0.409524,3,0.333333,0,0.000000,0,0.000000,0,0.000000,0,0.000000,0,0.000000,0,0.000000,3,0.666667,0,0.000000,0,0.000000,0,0.000000,0,0.000000,0,0.000000,0,0.000000,0,0.000000,0,0.000000,0,0.000000,0,0.000000,0,0.000000,0,0.000000,0,0.000000,0,0.000000,0,0.000000,0,0.000000,0,0.000000,0,0.000000,0,0.000000,0,0.000000,0,0.000000,0,0.000000,0,0.000000,0,0.000000,0,0.000000,1,0.000000,0,0.000000
234,6,4,0.027027,0,0.000000,0,0.000000,0,0.000000,0,0.000000,0,0.000000,0,0.000000,0,0.000000,2,1.000000,1,0.000000,0,0.000000,0,0.000000,0,0.000000,1,0.000000,0,0.000000,0,0.000000,0,0.000000,0,0.000000,0,0.000000,0,0.000000,0,0.000000,0,0.000000,0,0.000000,0,0.000000,0,0.000000,0,0.000000,0,0.000000,0,0.000000,0,0.000000,0,0.000000,0,0.000000,0,0.000000,0,0.000000,0,0.000000,0,0.000000,2,0.000000,0,0.000000,0,0.000000
235,0,0,0.000000,0,0.000000,0,0.000000,0,0.000000,0,0.000000,0,0.000000,0,0.000000,0,0.000000,0,0.000000,0,0.000000,0,0.000000,0,0.000000,0,0.000000,0,0.000000,0,0.000000,0,0.000000,0,0.000000,0,0.000000,0,0.000000,0,0.000000,0,0.000000,0,0.000000,0,0.000000,0,0.000000,0,0.000000,0,0.000000,0,0.000000,0,0.000000,0,0.000000,0,0.000000,0,0.000000,0,0.000000,0,0.000000,0,0.000000,0,0.000000,0,0.000000,0,0.000000,0,0.000000
236,2,1,0.027027,0,0.000000,0,0.000000,0,0.000000,0,0.000000,0,0.000000,0,0.000000,0,0.000000,0,0.000000,0,0.000000,2,1.000000,0,0.000000,0,0.000000,0,0.000000,0,0.000000,0,0.000000,0,0.000000,0,0.000000,0,0.000000,0,0.000000,0,0.000000,0,0.000000,0,0.000000,0,0.000000,0,0.000000,0,0.000000,0,0.000000,0,0.000000,0,0.000000,0,0.000000,0,0.000000,0,0.000000,0,0.000000,0,0.000000,0,0.000000,0,0.000000,0,0.000000,0,0.000000
237,0,0,0.000000,0,0.000000,0,0.000000,0,0.000000,0,0.000000,0,0.000000,0,0.000000,0,0.000000,0,0.000000,0,0.000000,0,0.000000,0,0.000000,0,0.000000,0,0.000000,0,0.000000,0,0.000000,0,0.000000,0,0.000000,0,0.000000,0,0.000000,0,0.000000,0,0.000000,0,0.000000,0,0.000000,0,0.000000,0,0.000000,0,0.000000,0,0.000000,0,0.000000,0,0.000000,0,0.000000,0,0.000000,0,0.000000,0,0.000000,0,0.000000,0,0.000000,0,0.000000,0,0.000000
238,6,2,0.002703,0,0.000000,0,0.000000,0,0.000000,0,0.000000,0,0.000000,0,0.000000,0,0.000000,0,0.000000,0,0.000000,0,0.000000,0,0.000000,0,0.000000,0,0.000000,1,0.000000,0,0.000000,0,0.000000,0,0.000000,0,0.000000,0,0.000000,0,0.000000,0,0.000000,0,0.000000,0,0.000000,0,0.000000,0,0.000000,5,0.100000,0,0.000000,0,0.000000,0,0.000000,0,0.000000,0,0.000000,0,0.000000,0,0.000000,0,0.000000,0,0.000000,0,0.000000,0,0.000000
239,28,1,0.007579,0,0.000000,28,0.280423,0,0.000000,0,0.000000,0,0.000000,0,0.000000,0,0.000000,0,0.000000,0,0.000000,0,0.000000,0,0.000000,0,0.000000,0,0.000000,0,0.000000,0,0.000000,0,0.000000,0,0.000000,0,0.000000,0,0.000000,0,0.000000,0,0.000000,0,0.000000,0,0.000000,0,0.000000,0,0.000000,0,0.000000,0,0.000000,0,0.000000,0,0.000000,0,0.000000,0,0.000000,0,0.000000,0,0.000000,0,0.000000,0,0.000000,0,0.000000,0,0.000000
240,11,5,0.072072,0,0.000000,0,0.000000,3,1.000000,0,0.000000,0,0.000000,2,0.000000,0,0.000000,0,0.000000,0,0.000000,0,0.000000,0,0.000000,0,0.000000,0,0.000000,0,0.000000,0,0.000000,0,0.000000,0,0.000000,0,0.000000,0,0.000000,0,0.000000,0,0.000000,0,0.000000,0,0.000000,0,0.000000,0,0.000000,3,0.666667,2,1.000000,1,0.000000,0,0.000000,0,0.000000,0,0.000000,0,0.000000,0,0.000000,0,0.000000,0,0.000000,0,0.000000,0,0.000000
241,4,3,0.027027,0,0.000000,0,0.000000,0,0.000000,0,0.000000,0,0.000000,0,0.000000,0,0.000000,1,0.000000,0,0.000000,0,0.000000,0,0.000000,0,0.000000,1,0.000000,0,0.000000,0,0.000000,0,0.000000,0,0.000000,0,0.000000,0,0.000000,0,0.000000,0,0.000000,0,0.000000,0,0.000000,0,0.000000,0,0.000000,0,0.000000,0,0.000000,0,0.000000,0,0.000000,0,0.000000,0,0.000000,0,0.000000,0,0.000000,0,0.000000,2,1.000000,0,0.000000,0,0.000000
242,2,1,0.027027,0,0.000000,0,0.000000,0,0.000000,0,0.000000,0,0.000000,2,1.000000,0,0.000000,0,0.000000,0,0.000000,0,0.000000,0,0.000000,0,0.000000,0,0.000000,0,0.000000,0,0.000000,0,0.000000,0,0.000000,0,0.000000,0,0.000000,0,0.000000,0,0.000000,0,0.000000,0,0.000000,0,0.000000,0,0.000000,0,0.000000,0,0.000000,0,0.000000,0,0.000000,0,0.000000,0,0.000000,0,0.000000,0,0.000000,0,0.000000,0,0.000000,0,0.000000,0,0.000000
243,22,15,0.076577,4,1.000000,0,0.000000,1,0.000000,1,0.000000,1,0.000000,1,0.000000,0,0.000000,4,0.833333,1,0.000000,0,0.000000,0,0.000000,0,0.000000,1,0.000000,1,0.000000,0,0.000000,0,0.000000,0,0.000000,1,0.000000,1,0.000000,0,0.000000,0,0.000000,0,0.000000,0,0.000000,0,0.000000,0,0.000000,1,0.000000,0,0.000000,0,0.000000,0,0.000000,0,0.000000,0,0.000000,0,0.000000,1,0.000000,0,0.000000,1,0.000000,2,1.000000,0,0.000000
244,4,4,0.000000,1,0.000000,0,0.000000,0,0.000000,0,0.000000,0,0.000000,0,0.000000,0,0.000000,1,0.000000,1,0.000000,0,0.000000,0,0.000000,0,0.000000,1,0.000000,0,0.000000,0,0.000000,0,0.000000,0,0.000000,0,0.000000,0,0.000000,0,0.000000,0,0.000000,0,0.000000,0,0.000000,0,0.000000,0,0.000000,0,0.000000,0,0.000000,0,0.000000,0,0.000000,0,0.000000,0,0.000000,0,0.000000,0,0.000000,0,0.000000,0,0.000000,0,0.000000,0,0.000000
245,2,1,0.027027,0,0.000000,0,0.000000,0,0.000000,0,0.000000,0,0.000000,0,0.000000,0,0.000000,0,0.000000,0,0.000000,0,0.000000,0,0.000000,0,0.000000,0,0.000000,0,0.000000,0,0.000000,0,0.000000,0,0.000000,0,0.000000,0,0.000000,0,0.000000,0,0.000000,0,0.000000,0,0.000000,0,0.000000,0,0.000000,0,0.000000,0,0.000000,0,0.000000,0,0.000000,0,0.000000,0,0.000000,0,0.000000,0,0.000000,0,0.000000,2,1.000000,0,0.000000,0,0.000000
246,1,1,0.000000,0,0.000000,0,0.000000,0,0.000000,0,0.000000,0,0.000000,0,0.000000,0,0.000000,1,0.000000,0,0.000000,0,0.000000,0,0.000000,0,0.000000,0,0.000000,0,0.000000,0,0.000000,0,0.000000,0,0.000000,0,0.000000,0,0.000000,0,0.000000,0,0.000000,0,0.000000,0,0.000000,0,0.000000,0,0.000000,0,0.000000,0,0.000000,0,0.000000,0,0.000000,0,0.000000,0,0.000000,0,0.000000,0,0.000000,0,0.000000,0,0.000000,0,0.000000,0,0.000000
247,3,1,0.009009,0,0.000000,0,0.000000,0,0.000000,0,0.000000,0,0.000000,0,0.000000,0,0.000000,0,0.000000,0,0.000000,0,0.000000,0,0.000000,0,0.000000,0,0.000000,0,0.000000,0,0.000000,0,0.000000,0,0.000000,0,0.000000,0,0.000000,0,0.000000,0,0.000000,0,0.000000,0,0.000000,0,0.000000,0,0.000000,0,0.000000,0,0.000000,0,0.000000,0,0.000000,0,0.000000,0,0.000000,0,0.000000,0,0.000000,0,0.000000,0,0.000000,0,0.000000,3,0.333333
248,1,1,0.000000,0,0.000000,0,0.000000,0,0.000000,0,0.000000,0,0.000000,0,0.000000,0,0.000000,0,0.000000,0,0.000000,0,0.000000,0,0.000000,0,0.000000,0,0.000000,0,0.000000,0,0.000000,0,0.000000,0,0.000000,0,0.000000,0,0.000000,0,0.000000,0,0.000000,0,0.000000,0,0.000000,0,0.000000,0,0.000000,0,0.000000,0,0.000000,0,0.000000,0,0.000000,0,0.000000,0,0.000000,0,0.000000,0,0.000000,0,0.000000,0,0.000000,0,0.000000,1,0.000000
249,10,3,0.028829,0,0.000000,6,0.400000,0,0.000000,0,0.000000,0,0.000000,3,0.666667,0,0.000000,0,0.000000,0,0.000000,0,0.000000,0,0.000000,0,0.000000,0,0.000000,0,0.000000,0,0.000000,0,0.000000,0,0.000000,0,0.000000,0,0.000000,0,0.000000,0,0.000000,0,0.000000,0,0.000000,0,0.000000,0,0.000000,0,0.000000,0,0.000000,1,0.000000,0,0.000000,0,0.000000,0,0.000000,0,0.000000,0,0.000000,0,0.000000,0,0.000000,0,0.000000,0,0.000000
250,16,2,0.011068,0,0.000000,15,0.409524,0,0.000000,0,0.000000,0,0.000000,0,0.000000,0,0.000000,0,0.000000,0,0.000000,0,0.000000,0,0.000000,0,0.000000,0,0.000000,0,0.000000,0,0.000000,0,0.000000,0,0.000000,0,0.000000,1,0.000000,0,0.000000,0,0.000000,0,0.000000,0,0.000000,0,0.000000,0,0.000000,0,0.000000,0,0.000000,0,0.000000,0,0.000000,0,0.000000,0,0.000000,0,0.000000,0,0.000000,0,0.000000,0,0.000000,0,0.000000,0,0.000000
251,124,11,0.095388,0,0.000000,8,0.428571,67,0.045228,20,0.000000,0,0.000000,2,1.000000,0,0.000000,0,0.000000,0,0.000000,0,0.000000,0,0.000000,0,0.000000,6,0.666667,0,0.000000,10,0.088889,0,0.000000,3,1.000000,0,0.000000,0,0.000000,0,0.000000,0,0.000000,0,0.000000,5,0.300000,0,0.000000,0,0.000000,1,0.000000,0,0.000000,0,0.000000,0,0.000000,0,0.000000,0,0.000000,0,0.000000,1,0.000000,1,0.000000,0,0.000000,0,0.000000,0,0.000000
252,1,1,0.000000,0,0.000000,0,0.000000,0,0.000000,0,0.000000,1,0.000000,0,0.000000,0,0.000000,0,0.000000,0,0.000000,0,0.000000,0,0.000000,0,0.000000,0,0.000000,0,0.000000,0,0.000000,0,0.000000,0,0.000000,0,0.000000,0,0.000000,0,0.000000,0,0.000000,0,0.000000,0,0.000000,0,0.000000,0,0.000000,0,0.000000,0,0.000000,0,0.000000,0,0.000000,0,0.000000,0,0.000000,0,0.000000,0,0.000000,0,0.000000,0,0.000000,0,0.000000,0,0.000000
253,6,5,0.000000,1,0.000000,0,0.000000,2,0.000000,1,0.000000,0,0.000000,0,0.000000,0,0.000000,0,0.000000,0,0.000000,0,0.000000,0,0.000000,0,0.000000,0,0.000000,1,0.000000,0,0.000000,0,0.000000,0,0.000000,0,0.000000,0,0.000000,0,0.000000,0,0.000000,0,0.000000,1,0.000000,0,0.000000,0,0.000000,0,0.000000,0,0.000000,0,0.000000,0,0.000000,0,0.000000,0,0.000000,0,0.000000,0,0.000000,0,0.000000,0,0.000000,0,0.000000,0,0.000000
254,16,1,0.007658,0,0.000000,16,0.283333,0,0.000000,0,0.000000,0,0.000000,0,0.000000,0,0.000000,0,0.000000,0,0.000000,0,0.000000,0,0.000000,0,0.000000,0,0.000000,0,0.000000,0,0.000000,0,0.000000,0,0.000000,0,0.000000,0,0.000000,0,0.000000,0,0.000000,0,0.000000,0,0.000000,0,0.000000,0,0.000000,0,0.000000,0,0.000000,0,0.000000,0,0.000000,0,0.000000,0,0.000000,0,0.000000,0,0.000000,0,0.000000,0,0.000000,0,0.000000,0,0.000000
255,40,11,0.037407,1,0.000000,24,0.217391,4,0.166667,2,0.000000,0,0.000000,0,0.000000,1,0.000000,0,0.000000,0,0.000000,1,0.000000,0,0.000000,0,0.000000,0,0.000000,0,0.000000,0,0.000000,1,0.000000,0,0.000000,0,0.000000,0,0.000000,0,0.000000,0,0.000000,0,0.000000,0,0.000000,1,0.000000,0,0.000000,3,1.000000,1,0.000000,0,0.000000,0,0.000000,0,0.000000,0,0.000000,1,0.000000,0,0.000000,0,0.000000,0,0.000000,0,0.000000,0,0.000000
256,4,1,0.022523,0,0.000000,0,0.000000,0,0.000000,0,0.000000,0,0.000000,0,0.000000,0,0.000000,0,0.000000,0,0.000000,0,0.000000,0,0.000000,0,0.000000,0,0.000000,0,0.000000,0,0.000000,0,0.000000,0,0.000000,0,0.000000,0,0.000000,0,0.000000,0,0.000000,0,0.000000,0,0.000000,0,0.000000,0,0.000000,0,0.000000,0,0.000000,0,0.000000,0,0.000000,0,0.000000,0,0.000000,0,0.000000,0,0.000000,0,0.000000,4,0.833333,0,0.000000,0,0.000000
257,2,1,0.027027,0,0.000000,0,0.000000,0,0.000000,0,0.000000,0,0.000000,0,0.000000,0,0.000000,0,0.000000,0,0.000000,0,0.000000,0,0.000000,0,0.000000,2,1.000000,0,0.000000,0,0.000000,0,0.000000,0,0.000000,0,0.000000,0,0.000000,0,0.000000,0,0.000000,0,0.000000,0,0.000000,0,0.000000,0,0.000000,0,0.000000,0,0.000000,0,0.000000,0,0.000000,0,0.000000,0,0.000000,0,0.000000,0,0.000000,0,0.000000,0,0.000000,0,0.000000,0,0.000000
258,1,1,0.000000,0,0.000000,0,0.000000,0,0.000000,0,0.000000,0,0.000000,0,0.000000,0,0.000000,0,0.000000,0,0.000000,0,0.000000,0,0.000000,0,0.000000,0,0.000000,0,0.000000,0,0.000000,0,0.000000,0,0.000000,0,0.000000,0,0.000000,0,0.000000,0,0.000000,0,0.000000,0,0.000000,0,0.000000,0,0.000000,0,0.000000,0,0.000000,0,0.000000,0,0.000000,0,0.000000,0,0.000000,1,0.000000,0,0.000000,0,0.000000,0,0.000000,0,0.000000,0,0.000000
259,1,1,0.000000,0,0.000000,0,0.000000,0,0.000000,0,0.000000,0,0.000000,0,0.000000,0,0.000000,1,0.000000,0,0.000000,0,0.000000,0,0.000000,0,0.000000,0,0.000000,0,0.000000,0,0.000000,0,0.000000,0,0.000000,0,0.000000,0,0.000000,0,0.000000,0,0.000000,0,0.000000,0,0.000000,0,0.000000,0,0.000000,0,0.000000,0,0.000000,0,0.000000,0,0.000000,0,0.000000,0,0.000000,0,0.000000,0,0.000000,0,0.000000,0,0.000000,0,0.000000,0,0.000000
260,26,2,0.006855,0,0.000000,24,0.253623,0,0.000000,0,0.000000,0,0.000000,0,0.000000,0,0.000000,0,0.000000,0,0.000000,0,0.000000,0,0.000000,0,0.000000,0,0.000000,0,0.000000,0,0.000000,2,0.000000,0,0.000000,0,0.000000,0,0.000000,0,0.000000,0,0.000000,0,0.000000,0,0.000000,0,0.000000,0,0.000000,0,0.000000,0,0.000000,0,0.000000,0,0.000000,0,0.000000,0,0.000000,0,0.000000,0,0.000000,0,0.000000,0,0.000000,0,0.000000,0,0.000000
261,11,2,0.018018,0,0.000000,9,0.666667,0,0.000000,0,0.000000,0,0.000000,0,0.000000,0,0.000000,0,0.000000,0,0.000000,0,0.000000,0,0.000000,0,0.000000,0,0.000000,0,0.000000,0,0.000000,0,0.000000,0,0.000000,0,0.000000,0,0.000000,0,0.000000,0,0.000000,2,0.000000,0,0.000000,0,0.000000,0,0.000000,0,0.000000,0,0.000000,0,0.000000,0,0.000000,0,0.000000,0,0.000000,0,0.000000,0,0.000000,0,0.000000,0,0.000000,0,0.000000,0,0.000000
262,2,1,0.000000,0,0.000000,2,0.000000,0,0.000000,0,0.000000,0,0.000000,0,0.000000,0,0.000000,0,0.000000,0,0.000000,0,0.000000,0,0.000000,0,0.000000,0,0.000000,0,0.000000,0,0.000000,0,0.000000,0,0.000000,0,0.000000,0,0.000000,0,0.000000,0,0.000000,0,0.000000,0,0.000000,0,0.000000,0,0.000000,0,0.000000,0,0.000000,0,0.000000,0,0.000000,0,0.000000,0,0.000000,0,0.000000,0,0.000000,0,0.000000,0,0.000000,0,0.000000,0,0.000000
263,4,4,0.000000,1,0.000000,0,0.000000,0,0.000000,0,0.000000,1,0.000000,0,0.000000,0,0.000000,0,0.000000,0,0.000000,0,0.000000,0,0.000000,0,0.000000,0,0.000000,1,0.000000,0,0.000000,0,0.000000,0,0.000000,0,0.000000,0,0.000000,0,0.000000,0,0.000000,0,0.000000,0,0.000000,0,0.000000,0,0.000000,0,0.000000,0,0.000000,0,0.000000,0,0.000000,0,0.000000,0,0.000000,0,0.000000,1,0.000000,0,0.000000,0,0.000000,0,0.000000,0,0.000000
264,18,7,0.016216,0,0.000000,10,0.600000,0,0.000000,0,0.000000,0,0.000000,1,0.000000,0,0.000000,0,0.000000,0,0.000000,0,0.000000,0,0.000000,1,0.000000,0,0.000000,0,0.000000,0,0.000000,0,0.000000,0,0.000000,0,0.000000,0,0.000000,0,0.000000,2,0.000000,1,0.000000,0,0.000000,0,0.000000,0,0.000000,2,0.000000,0,0.000000,0,0.000000,0,0.000000,0,0.000000,0,0.000000,1,0.000000,0,0.000000,0,0.000000,0,0.000000,0,0.000000,0,0.000000
265,1,1,0.000000,0,0.000000,0,0.000000,0,0.000000,0,0.000000,0,0.000000,0,0.000000,0,0.000000,0,0.000000,0,0.000000,0,0.000000,0,0.000000,0,0.000000,0,0.000000,0,0.000000,0,0.000000,0,0.000000,0,0.000000,0,0.000000,0,0.000000,0,0.000000,0,0.000000,0,0.000000,0,0.000000,0,0.000000,0,0.000000,0,0.000000,0,0.000000,0,0.000000,0,0.000000,0,0.000000,0,0.000000,0,0.000000,0,0.000000,0,0.000000,1,0.000000,0,0.000000,0,0.000000
266,15,7,0.036036,1,0.000000,5,0.500000,0,0.000000,1,0.000000,0,0.000000,0,0.000000,1,0.000000,0,0.000000,0,0.000000,4,0.833333,0,0.000000,0,0.000000,0,0.000000,0,0.000000,0,0.000000,0,0.000000,0,0.000000,0,0.000000,0,0.000000,0,0.000000,0,0.000000,1,0.000000,0,0.000000,0,0.000000,0,0.000000,2,0.000000,0,0.000000,0,0.000000,0,0.000000,0,0.000000,0,0.000000,0,0.000000,0,0.000000,0,0.000000,0,0.000000,0,0.000000,0,0.000000
267,10,3,0.016216,0,0.000000,6,0.600000,0,0.000000,0,0.000000,0,0.000000,0,0.000000,0,0.000000,0,0.000000,0,0.000000,1,0.000000,0,0.000000,0,0.000000,0,0.000000,0,0.000000,0,0.000000,0,0.000000,0,0.000000,0,0.000000,0,0.000000,0,0.000000,0,0.000000,0,0.000000,0,0.000000,0,0.000000,0,0.000000,3,0.000000,0,0.000000,0,0.000000,0,0.000000,0,0.000000,0,0.000000,0,0.000000,0,0.000000,0,0.000000,0,0.000000,0,0.000000,0,0.000000
268,3,1,0.009009,0,0.000000,0,0.000000,0,0.000000,0,0.000000,0,0.000000,0,0.000000,0,0.000000,0,0.000000,0,0.000000,0,0.000000,0,0.000000,0,0.000000,0,0.000000,0,0.000000,0,0.000000,0,0.000000,0,0.000000,0,0.000000,0,0.000000,0,0.000000,0,0.000000,0,0.000000,0,0.000000,0,0.000000,0,0.000000,0,0.000000,0,0.000000,0,0.000000,0,0.000000,0,0.000000,0,0.000000,0,0.000000,0,0.000000,0,0.000000,3,0.333333,0,0.000000,0,0.000000
269,9,4,0.040541,1,0.000000,3,0.666667,0,0.000000,0,0.000000,0,0.000000,0,0.000000,0,0.000000,0,0.000000,0,0.000000,4,0.833333,0,0.000000,0,0.000000,0,0.000000,0,0.000000,0,0.000000,0,0.000000,0,0.000000,0,0.000000,0,0.000000,0,0.000000,0,0.000000,0,0.000000,0,0.000000,0,0.000000,0,0.000000,1,0.000000,0,0.000000,0,0.000000,0,0.000000,0,0.000000,0,0.000000,0,0.000000,0,0.000000,0,0.000000,0,0.000000,0,0.000000,0,0.000000
270,6,3,0.054054,0,0.000000,0,0.000000,2,1.000000,0,0.000000,0,0.000000,0,0.000000,0,0.000000,0,0.000000,0,0.000000,0,0.000000,0,0.000000,0,0.000000,0,0.000000,1,0.000000,0,0.000000,0,0.000000,3,1.000000,0,0.000000,0,0.000000,0,0.000000,0,0.000000,0,0.000000,0,0.000000,0,0.000000,0,0.000000,0,0.000000,0,0.000000,0,0.000000,0,0.000000,0,0.000000,0,0.000000,0,0.000000,0,0.000000,0,0.000000,0,0.000000,0,0.000000,0,0.000000
271,3,2,0.027027,0,0.000000,0,0.000000,0,0.000000,0,0.000000,2,1.000000,0,0.000000,0,0.000000,0,0.000000,0,0.000000,0,0.000000,0,0.000000,0,0.000000,0,0.000000,0,0.000000,0,0.000000,0,0.000000,0,0.000000,0,0.000000,0,0.000000,0,0.000000,0,0.000000,0,0.000000,0,0.000000,0,0.000000,0,0.000000,0,0.000000,0,0.000000,0,0.000000,1,0.000000,0,0.000000,0,0.000000,0,0.000000,0,0.000000,0,0.000000,0,0.000000,0,0.000000,0,0.000000
272,4,4,0.000000,0,0.000000,0,0.000000,0,0.000000,0,0.000000,0,0.000000,0,0.000000,0,0.000000,1,0.000000,0,0.000000,0,0.000000,0,0.000000,0,0.000000,1,0.000000,0,0.000000,0,0.000000,0,0.000000,0,0.000000,0,0.000000,0,0.000000,0,0.000000,0,0.000000,0,0.000000,0,0.000000,0,0.000000,0,0.000000,0,0.000000,0,0.000000,0,0.000000,1,0.000000,0,0.000000,0,0.000000,0,0.000000,0,0.000000,1,0.000000,0,0.000000,0,0.000000,0,0.000000
273,2,1,0.000000,0,0.000000,0,0.000000,0,0.000000,0,0.000000,0,0.000000,0,0.000000,0,0.000000,0,0.000000,0,0.000000,0,0.000000,0,0.000000,0,0.000000,0,0.000000,0,0.000000,0,0.000000,0,0.000000,0,0.000000,0,0.000000,0,0.000000,0,0.000000,0,0.000000,2,0.000000,0,0.000000,0,0.000000,0,0.000000,0,0.000000,0,0.000000,0,0.000000,0,0.000000,0,0.000000,0,0.000000,0,0.000000,0,0.000000,0,0.000000,0,0.000000,0,0.000000,0,0.000000
274,8,5,0.036036,0,0.000000,3,0.333333,0,0.000000,0,0.000000,0,0.000000,1,0.000000,0,0.000000,0,0.000000,0,0.000000,0,0.000000,0,0.000000,1,0.000000,0,0.000000,0,0.000000,0,0.000000,0,0.000000,0,0.000000,0,0.000000,0,0.000000,0,0.000000,1,0.000000,0,0.000000,0,0.000000,0,0.000000,0,0.000000,0,0.000000,2,1.000000,0,0.000000,0,0.000000,0,0.000000,0,0.000000,0,0.000000,0,0.000000,0,0.000000,0,0.000000,0,0.000000,0,0.000000
275,16,9,0.061261,2,1.000000,6,0.266667,0,0.000000,1,0.000000,0,0.000000,2,1.000000,1,0.000000,0,0.000000,0,0.000000,1,0.000000,0,0.000000,0,0.000000,0,0.000000,0,0.000000,0,0.000000,0,0.000000,0,0.000000,0,0.000000,0,0.000000,0,0.000000,1,0.000000,0,0.000000,0,0.000000,1,0.000000,0,0.000000,1,0.000000,0,0.000000,0,0.000000,0,0.000000,0,0.000000,0,0.000000,0,0.000000,0,0.000000,0,0.000000,0,0.000000,0,0.000000,0,0.000000
276,3,2,0.027027,0,0.000000,2,1.000000,0,0.000000,0,0.000000,0,0.000000,0,0.000000,0,0.000000,0,0.000000,0,0.000000,0,0.000000,0,0.000000,0,0.000000,0,0.000000,0,0.000000,0,0.000000,0,0.000000,0,0.000000,0,0.000000,0,0.000000,0,0.000000,0,0.000000,0,0.000000,0,0.000000,0,0.000000,0,0.000000,0,0.000000,0,0.000000,0,0.000000,0,0.000000,0,0.000000,0,0.000000,0,0.000000,0,0.000000,1,0.000000,0,0.000000,0,0.000000,0,0.000000
277,21,8,0.045560,3,1.000000,7,0.285714,0,0.000000,1,0.000000,0,0.000000,0,0.000000,1,0.000000,0,0.000000,0,0.000000,6,0.400000,0,0.000000,0,0.000000,0,0.000000,0,0.000000,0,0.000000,0,0.000000,0,0.000000,1,0.000000,0,0.000000,1,0.000000,0,0.000000,1,0.000000,0,0.000000,0,0.000000,0,0.000000,0,0.000000,0,0.000000,0,0.000000,0,0.000000,0,0.000000,0,0.000000,0,0.000000,0,0.000000,0,0.000000,0,0.000000,0,0.000000,0,0.000000
278,1,1,0.000000,0,0.000000,0,0.000000,0,0.000000,0,0.000000,0,0.000000,0,0.000000,0,0.000000,1,0.000000,0,0.000000,0,0.000000,0,0.000000,0,0.000000,0,0.000000,0,0.000000,0,0.000000,0,0.000000,0,0.000000,0,0.000000,0,0.000000,0,0.000000,0,0.000000,0,0.000000,0,0.000000,0,0.000000,0,0.000000,0,0.000000,0,0.000000,0,0.000000,0,0.000000,0,0.000000,0,0.000000,0,0.000000,0,0.000000,0,0.000000,0,0.000000,0,0.000000,0,0.000000
279,6,3,0.027027,0,0.000000,3,1.000000,0,0.000000,0,0.000000,0,0.000000,0,0.000000,0,0.000000,1,0.000000,0,0.000000,0,0.000000,0,0.000000,0,0.000000,0,0.000000,0,0.000000,0,0.000000,0,0.000000,0,0.000000,0,0.000000,0,0.000000,0,0.000000,0,0.000000,0,0.000000,0,0.000000,0,0.000000,0,0.000000,2,0.000000,0,0.000000,0,0.000000,0,0.000000,0,0.000000,0,0.000000,0,0.000000,0,0.000000,0,0.000000,0,0.000000,0,0.000000,0,0.000000
280,2,1,0.000000,0,0.000000,0,0.000000,0,0.000000,0,0.000000,0,0.000000,0,0.000000,0,0.000000,0,0.000000,0,0.000000,0,0.000000,0,0.000000,0,0.000000,0,0.000000,0,0.000000,0,0.000000,0,0.000000,0,0.000000,0,0.000000,0,0.000000,0,0.000000,0,0.000000,2,0.000000,0,0.000000,0,0.000000,0,0.000000,0,0.000000,0,0.000000,0,0.000000,0,0.000000,0,0.000000,0,0.000000,0,0.000000,0,0.000000,0,0.000000,0,0.000000,0,0.000000,0,0.000000
281,9,3,0.006435,0,0.000000,1,0.000000,0,0.000000,0,0.000000,0,0.000000,0,0.000000,0,0.000000,0,0.000000,0,0.000000,0,0.000000,0,0.000000,0,0.000000,0,0.000000,0,0.000000,0,0.000000,0,0.000000,0,0.000000,0,0.000000,0,0.000000,0,0.000000,0,0.000000,0,0.000000,0,0.000000,0,0.000000,0,0.000000,7,0.238095,1,0.000000,0,0.000000,0,0.000000,0,0.000000,0,0.000000,0,0.000000,0,0.000000,0,0.000000,0,0.000000,0,0.000000,0,0.000000
282,16,7,0.107207,2,1.000000,0,0.000000,0,0.000000,0,0.000000,0,0.000000,2,1.000000,0,0.000000,0,0.000000,0,0.000000,3,0.666667,1,0.000000,0,0.000000,0,0.000000,2,1.000000,0,0.000000,0,0.000000,0,0.000000,1,0.000000,0,0.000000,0,0.000000,0,0.000000,0,0.000000,0,0.000000,0,0.000000,0,0.000000,5,0.300000,0,0.000000,0,0.000000,0,0.000000,0,0.000000,0,0.000000,0,0.000000,0,0.000000,0,0.000000,0,0.000000,0,0.000000,0,0.000000
283,16,4,0.056020,2,1.000000,0,0.000000,0,0.000000,1,0.000000,0,0.000000,0,0.000000,0,0.000000,0,0.000000,0,0.000000,0,0.000000,2,1.000000,0,0.000000,0,0.000000,0,0.000000,0,0.000000,0,0.000000,0,0.000000,0,0.000000,0,0.000000,0,0.000000,0,0.000000,0,0.000000,0,0.000000,0,0.000000,0,0.000000,11,0.072727,0,0.000000,0,0.000000,0,0.000000,0,0.000000,0,0.000000,0,0.000000,0,0.000000,0,0.000000,0,0.000000,0,0.000000,0,0.000000
284,7,1,0.006435,0,0.000000,0,0.000000,0,0.000000,0,0.000000,0,0.000000,0,0.000000,0,0.000000,0,0.000000,0,0.000000,0,0.000000,0,0.000000,0,0.000000,0,0.000000,0,0.000000,0,0.000000,0,0.000000,0,0.000000,0,0.000000,0,0.000000,0,0.000000,0,0.000000,0,0.000000,0,0.000000,0,0.000000,0,0.000000,0,0.000000,0,0.000000,0,0.000000,0,0.000000,0,0.000000,0,0.000000,0,0.000000,0,0.000000,0,0.000000,7,0.238095,0,0.000000,0,0.000000
285,10,4,0.010296,1,0.000000,7,0.380952,0,0.000000,0,0.000000,0,0.000000,0,0.000000,0,0.000000,0,0.000000,0,0.000000,1,0.000000,0,0.000000,0,0.000000,0,0.000000,0,0.000000,0,0.000000,0,0.000000,0,0.000000,0,0.000000,0,0.000000,0,0.000000,0,0.000000,0,0.000000,0,0.000000,0,0.000000,0,0.000000,0,0.000000,0,0.000000,0,0.000000,0,0.000000,0,0.000000,0,0.000000,1,0.000000,0,0.000000,0,0.000000,0,0.000000,0,0.000000,0,0.000000
286,5,5,0.000000,0,0.000000,0,0.000000,1,0.000000,0,0.000000,0,0.000000,1,0.000000,1,0.000000,0,0.000000,0,0.000000,0,0.000000,0,0.000000,1,0.000000,0,0.000000,0,0.000000,0,0.000000,0,0.000000,0,0.000000,0,0.000000,0,0.000000,0,0.000000,1,0.000000,0,0.000000,0,0.000000,0,0.000000,0,0.000000,0,0.000000,0,0.000000,0,0.000000,0,0.000000,0,0.000000,0,0.000000,0,0.000000,0,0.000000,0,0.000000,0,0.000000,0,0.000000,0,0.000000
287,2,2,0.000000,0,0.000000,1,0.000000,0,0.000000,0,0.000000,0,0.000000,0,0.000000,0,0.000000,0,0.000000,0,0.000000,0,0.000000,0,0.000000,0,0.000000,0,0.000000,0,0.000000,0,0.000000,0,0.000000,0,0.000000,0,0.000000,0,0.000000,1,0.000000,0,0.000000,0,0.000000,0,0.000000,0,0.000000,0,0.000000,0,0.000000,0,0.000000,0,0.000000,0,0.000000,0,0.000000,0,0.000000,0,0.000000,0,0.000000,0,0.000000,0,0.000000,0,0.000000,0,0.000000
288,19,5,0.054826,1,0.000000,7,0.428571,2,1.000000,0,0.000000,0,0.000000,3,0.000000,0,0.000000,0,0.000000,0,0.000000,6,0.600000,0,0.000000,0,0.000000,0,0.000000,0,0.000000,0,0.000000,0,0.000000,0,0.000000,0,0.000000,0,0.000000,0,0.000000,0,0.000000,0,0.000000,0,0.000000,0,0.000000,0,0.000000,0,0.000000,0,0.000000,0,0.000000,0,0.000000,0,0.000000,0,0.000000,0,0.000000,0,0.000000,0,0.000000,0,0.000000,0,0.000000,0,0.000000
289,2,1,0.027027,0,0.000000,0,0.000000,0,0.000000,0,0.000000,0,0.000000,0,0.000000,0,0.000000,0,0.000000,0,0.000000,2,1.000000,0,0.000000,0,0.000000,0,0.000000,0,0.000000,0,0.000000,0,0.000000,0,0.000000,0,0.000000,0,0.000000,0,0.000000,0,0.000000,0,0.000000,0,0.000000,0,0.000000,0,0.000000,0,0.000000,0,0.000000,0,0.000000,0,0.000000,0,0.000000,0,0.000000,0,0.000000,0,0.000000,0,0.000000,0,0.000000,0,0.000000,0,0.000000
290,4,1,0.009009,0,0.000000,0,0.000000,0,0.000000,0,0.000000,0,0.000000,0,0.000000,0,0.000000,0,0.000000,0,0.000000,0,0.000000,0,0.000000,0,0.000000,0,0.000000,0,0.000000,0,0.000000,0,0.000000,0,0.000000,0,0.000000,0,0.000000,0,0.000000,0,0.000000,0,0.000000,0,0.000000,0,0.000000,0,0.000000,0,0.000000,0,0.000000,0,0.000000,0,0.000000,0,0.000000,0,0.000000,0,0.000000,0,0.000000,0,0.000000,4,0.333333,0,0.000000,0,0.000000
291,3,1,0.018018,0,0.000000,0,0.000000,0,0.000000,0,0.000000,0,0.000000,0,0.000000,0,0.000000,0,0.000000,0,0.000000,0,0.000000,0,0.000000,0,0.000000,0,0.000000,0,0.000000,0,0.000000,0,0.000000,0,0.000000,0,0.000000,0,0.000000,0,0.000000,0,0.000000,0,0.000000,0,0.000000,0,0.000000,0,0.000000,0,0.000000,0,0.000000,0,0.000000,0,0.000000,0,0.000000,0,0.000000,0,0.000000,0,0.000000,0,0.000000,3,0.666667,0,0.000000,0,0.000000
292,14,2,0.010395,0,0.000000,13,0.384615,0,0.000000,0,0.000000,0,0.000000,0,0.000000,1,0.000000,0,0.000000,0,0.000000,0,0.000000,0,0.000000,0,0.000000,0,0.000000,0,0.000000,0,0.000000,0,0.000000,0,0.000000,0,0.000000,0,0.000000,0,0.000000,0,0.000000,0,0.000000,0,0.000000,0,0.000000,0,0.000000,0,0.000000,0,0.000000,0,0.000000,0,0.000000,0,0.000000,0,0.000000,0,0.000000,0,0.000000,0,0.000000,0,0.000000,0,0.000000,0,0.000000
293,10,3,0.034749,0,0.000000,7,0.285714,1,0.000000,0,0.000000,0,0.000000,0,0.000000,0,0.000000,0,0.000000,0,0.000000,2,1.000000,0,0.000000,0,0.000000,0,0.000000,0,0.000000,0,0.000000,0,0.000000,0,0.000000,0,0.000000,0,0.000000,0,0.000000,0,0.000000,0,0.000000,0,0.000000,0,0.000000,0,0.000000,0,0.000000,0,0.000000,0,0.000000,0,0.000000,0,0.000000,0,0.000000,0,0.000000,0,0.000000,0,0.000000,0,0.000000,0,0.000000,0,0.000000
294,1,1,0.000000,0,0.000000,0,0.000000,0,0.000000,0,0.000000,0,0.000000,0,0.000000,0,0.000000,1,0.000000,0,0.000000,0,0.000000,0,0.000000,0,0.000000,0,0.000000,0,0.000000,0,0.000000,0,0.000000,0,0.000000,0,0.000000,0,0.000000,0,0.000000,0,0.000000,0,0.000000,0,0.000000,0,0.000000,0,0.000000,0,0.000000,0,0.000000,0,0.000000,0,0.000000,0,0.000000,0,0.000000,0,0.000000,0,0.000000,0,0.000000,0,0.000000,0,0.000000,0,0.000000
295,0,0,0.000000,0,0.000000,0,0.000000,0,0.000000,0,0.000000,0,0.000000,0,0.000000,0,0.000000,0,0.000000,0,0.000000,0,0.000000,0,0.000000,0,0.000000,0,0.000000,0,0.000000,0,0.000000,0,0.000000,0,0.000000,0,0.000000,0,0.000000,0,0.000000,0,0.000000,0,0.000000,0,0.000000,0,0.000000,0,0.000000,0,0.000000,0,0.000000,0,0.000000,0,0.000000,0,0.000000,0,0.000000,0,0.000000,0,0.000000,0,0.000000,0,0.000000,0,0.000000,0,0.000000
296,0,0,0.000000,0,0.000000,0,0.000000,0,0.000000,0,0.000000,0,0.000000,0,0.000000,0,0.000000,0,0.000000,0,0.000000,0,0.000000,0,0.000000,0,0.000000,0,0.000000,0,0.000000,0,0.000000,0,0.000000,0,0.000000,0,0.000000,0,0.000000,0,0.000000,0,0.000000,0,0.000000,0,0.000000,0,0.000000,0,0.000000,0,0.000000,0,0.000000,0,0.000000,0,0.000000,0,0.000000,0,0.000000,0,0.000000,0,0.000000,0,0.000000,0,0.000000,0,0.000000,0,0.000000
297,8,5,0.045045,0,0.000000,0,0.000000,0,0.000000,0,0.000000,0,0.000000,0,0.000000,0,0.000000,0,0.000000,0,0.000000,0,0.000000,0,0.000000,1,0.000000,0,0.000000,0,0.000000,0,0.000000,0,0.000000,1,0.000000,0,0.000000,0,0.000000,0,0.000000,3,0.666667,1,0.000000,0,0.000000,0,0.000000,0,0.000000,2,1.000000,0,0.000000,0,0.000000,0,0.000000,0,0.000000,0,0.000000,0,0.000000,0,0.000000,0,0.000000,0,0.000000,0,0.000000,0,0.000000
298,0,0,0.000000,0,0.000000,0,0.000000,0,0.000000,0,0.000000,0,0.000000,0,0.000000,0,0.000000,0,0.000000,0,0.000000,0,0.000000,0,0.000000,0,0.000000,0,0.000000,0,0.000000,0,0.000000,0,0.000000,0,0.000000,0,0.000000,0,0.000000,0,0.000000,0,0.000000,0,0.000000,0,0.000000,0,0.000000,0,0.000000,0,0.000000,0,0.000000,0,0.000000,0,0.000000,0,0.000000,0,0.000000,0,0.000000,0,0.000000,0,0.000000,0,0.000000,0,0.000000,0,0.000000
299,4,3,0.027027,0,0.000000,0,0.000000,0,0.000000,0,0.000000,0,0.000000,0,0.000000,0,0.000000,0,0.000000,0,0.000000,0,0.000000,0,0.000000,0,0.000000,0,0.000000,0,0.000000,0,0.000000,0,0.000000,0,0.000000,0,0.000000,0,0.000000,0,0.000000,0,0.000000,1,0.000000,0,0.000000,0,0.000000,0,0.000000,0,0.000000,0,0.000000,0,0.000000,0,0.000000,2,1.000000,1,0.000000,0,0.000000,0,0.000000,0,0.000000,0,0.000000,0,0.000000,0,0.000000
300,1,1,0.000000,0,0.000000,0,0.000000,0,0.000000,0,0.000000,0,0.000000,0,0.000000,0,0.000000,1,0.000000,0,0.000000,0,0.000000,0,0.000000,0,0.000000,0,0.000000,0,0.000000,0,0.000000,0,0.000000,0,0.000000,0,0.000000,0,0.000000,0,0.000000,0,0.000000,0,0.000000,0,0.000000,0,0.000000,0,0.000000,0,0.000000,0,0.000000,0,0.000000,0,0.000000,0,0.000000,0,0.000000,0,0.000000,0,0.000000,0,0.000000,0,0.000000,0,0.000000,0,0.000000
301,4,3,0.000000,0,0.000000,0,0.000000,0,0.000000,0,0.000000,0,0.000000,0,0.000000,0,0.000000,0,0.000000,0,0.000000,0,0.000000,0,0.000000,0,0.000000,0,0.000000,0,0.000000,0,0.000000,0,0.000000,0,0.000000,1,0.000000,1,0.000000,0,0.000000,0,0.000000,0,0.000000,0,0.000000,0,0.000000,0,0.000000,2,0.000000,0,0.000000,0,0.000000,0,0.000000,0,0.000000,0,0.000000,0,0.000000,0,0.000000,0,0.000000,0,0.000000,0,0.000000,0,0.000000
302,9,5,0.054054,0,0.000000,2,1.000000,1,0.000000,0,0.000000,0,0.000000,1,0.000000,0,0.000000,0,0.000000,0,0.000000,0,0.000000,0,0.000000,0,0.000000,0,0.000000,0,0.000000,0,0.000000,0,0.000000,0,0.000000,0,0.000000,0,0.000000,0,0.000000,0,0.000000,3,0.000000,0,0.000000,0,0.000000,0,0.000000,0,0.000000,2,1.000000,0,0.000000,0,0.000000,0,0.000000,0,0.000000,0,0.000000,0,0.000000,0,0.000000,0,0.000000,0,0.000000,0,0.000000
303,3,2,0.000000,2,0.000000,0,0.000000,0,0.000000,0,0.000000,0,0.000000,0,0.000000,0,0.000000,0,0.000000,0,0.000000,0,0.000000,0,0.000000,0,0.000000,0,0.000000,0,0.000000,0,0.000000,0,0.000000,0,0.000000,0,0.000000,0,0.000000,0,0.000000,0,0.000000,0,0.000000,0,0.000000,0,0.000000,0,0.000000,0,0.000000,0,0.000000,0,0.000000,0,0.000000,0,0.000000,1,0.000000,0,0.000000,0,0.000000,0,0.000000,0,0.000000,0,0.000000,0,0.000000
304,37,6,0.010085,0,0.000000,11,0.200000,22,0.173160,0,0.000000,0,0.000000,0,0.000000,1,0.000000,0,0.000000,1,0.000000,0,0.000000,0,0.000000,0,0.000000,0,0.000000,0,0.000000,1,0.000000,0,0.000000,0,0.000000,1,0.000000,0,0.000000,0,0.000000,0,0.000000,0,0.000000,0,0.000000,0,0.000000,0,0.000000,0,0.000000,0,0.000000,0,0.000000,0,0.000000,0,0.000000,0,0.000000,0,0.000000,0,0.000000,0,0.000000,0,0.000000,0,0.000000,0,0.000000
305,11,6,0.040541,0,0.000000,1,0.000000,1,0.000000,0,0.000000,0,0.000000,0,0.000000,0,0.000000,2,1.000000,1,0.000000,0,0.000000,0,0.000000,0,0.000000,0,0.000000,0,0.000000,4,0.500000,0,0.000000,0,0.000000,0,0.000000,0,0.000000,0,0.000000,0,0.000000,0,0.000000,0,0.000000,0,0.000000,0,0.000000,0,0.000000,0,0.000000,0,0.000000,0,0.000000,0,0.000000,0,0.000000,0,0.000000,0,0.000000,0,0.000000,2,0.000000,0,0.000000,0,0.000000
306,5,4,0.027027,0,0.000000,2,1.000000,1,0.000000,0,0.000000,0,0.000000,0,0.000000,0,0.000000,0,0.000000,0,0.000000,0,0.000000,0,0.000000,0,0.000000,0,0.000000,0,0.000000,0,0.000000,0,0.000000,0,0.000000,0,0.000000,0,0.000000,0,0.000000,0,0.000000,0,0.000000,0,0.000000,0,0.000000,0,0.000000,1,0.000000,1,0.000000,0,0.000000,0,0.000000,0,0.000000,0,0.000000,0,0.000000,0,0.000000,0,0.000000,0,0.000000,0,0.000000,0,0.000000
307,17,3,0.034749,0,0.000000,0,0.000000,9,0.666667,0,0.000000,0,0.000000,0,0.000000,0,0.000000,0,0.000000,1,0.000000,0,0.000000,0,0.000000,0,0.000000,0,0.000000,0,0.000000,7,0.619048,0,0.000000,0,0.000000,0,0.000000,0,0.000000,0,0.000000,0,0.000000,0,0.000000,0,0.000000,0,0.000000,0,0.000000,0,0.000000,0,0.000000,0,0.000000,0,0.000000,0,0.000000,0,0.000000,0,0.000000,0,0.000000,0,0.000000,0,0.000000,0,0.000000,0,0.000000
308,7,3,0.016216,0,0.000000,0,0.000000,0,0.000000,1,0.000000,0,0.000000,0,0.000000,0,0.000000,0,0.000000,1,0.000000,0,0.000000,0,0.000000,0,0.000000,0,0.000000,0,0.000000,5,0.600000,0,0.000000,0,0.000000,0,0.000000,0,0.000000,0,0.000000,0,0.000000,0,0.000000,0,0.000000,0,0.000000,0,0.000000,0,0.000000,0,0.000000,0,0.000000,0,0.000000,0,0.000000,0,0.000000,0,0.000000,0,0.000000,0,0.000000,0,0.000000,0,0.000000,0,0.000000
309,8,2,0.016731,0,0.000000,7,0.619048,0,0.000000,0,0.000000,0,0.000000,0,0.000000,0,0.000000,0,0.000000,0,0.000000,0,0.000000,0,0.000000,0,0.000000,0,0.000000,0,0.000000,0,0.000000,0,0.000000,0,0.000000,0,0.000000,0,0.000000,0,0.000000,0,0.000000,0,0.000000,0,0.000000,0,0.000000,0,0.000000,0,0.000000,0,0.000000,1,0.000000,0,0.000000,0,0.000000,0,0.000000,0,0.000000,0,0.000000,0,0.000000,0,0.000000,0,0.000000,0,0.000000
310,5,2,0.022523,0,0.000000,0,0.000000,0,0.000000,0,0.000000,0,0.000000,0,0.000000,0,0.000000,4,0.833333,0,0.000000,0,0.000000,0,0.000000,0,0.000000,1,0.000000,0,0.000000,0,0.000000,0,0.000000,0,0.000000,0,0.000000,0,0.000000,0,0.000000,0,0.000000,0,0.000000,0,0.000000,0,0.000000,0,0.000000,0,0.000000,0,0.000000,0,0.000000,0,0.000000,0,0.000000,0,0.000000,0,0.000000,0,0.000000,0,0.000000,0,0.000000,0,0.000000,0,0.000000
311,19,3,0.017482,0,0.000000,8,0.535714,0,0.000000,0,0.000000,0,0.000000,0,0.000000,0,0.000000,0,0.000000,0,0.000000,0,0.000000,0,0.000000,0,0.000000,0,0.000000,0,0.000000,0,0.000000,1,0.000000,0,0.000000,0,0.000000,0,0.000000,0,0.000000,0,0.000000,0,0.000000,10,0.111111,0,0.000000,0,0.000000,0,0.000000,0,0.000000,0,0.000000,0,0.000000,0,0.000000,0,0.000000,0,0.000000,0,0.000000,0,0.000000,0,0.000000,0,0.000000,0,0.000000
312,3,3,0.000000,0,0.000000,0,0.000000,0,0.000000,0,0.000000,0,0.000000,0,0.000000,0,0.000000,0,0.000000,0,0.000000,0,0.000000,0,0.000000,1,0.000000,0,0.000000,0,0.000000,0,0.000000,0,0.000000,0,0.000000,0,0.000000,0,0.000000,0,0.000000,1,0.000000,1,0.000000,0,0.000000,0,0.000000,0,0.000000,0,0.000000,0,0.000000,0,0.000000,0,0.000000,0,0.000000,0,0.000000,0,0.000000,0,0.000000,0,0.000000,0,0.000000,0,0.000000,0,0.000000
313,12,3,0.033784,0,0.000000,8,0.250000,2,0.000000,0,0.000000,0,0.000000,0,0.000000,0,0.000000,0,0.000000,0,0.000000,0,0.000000,0,0.000000,0,0.000000,0,0.000000,0,0.000000,0,0.000000,0,0.000000,0,0.000000,0,0.000000,0,0.000000,0,0.000000,0,0.000000,2,1.000000,0,0.000000,0,0.000000,0,0.000000,0,0.000000,0,0.000000,0,0.000000,0,0.000000,0,0.000000,0,0.000000,0,0.000000,0,0.000000,0,0.000000,0,0.000000,0,0.000000,0,0.000000
314,1,1,0.000000,0,0.000000,0,0.000000,0,0.000000,0,0.000000,0,0.000000,0,0.000000,0,0.000000,0,0.000000,0,0.000000,0,0.000000,0,0.000000,0,0.000000,1,0.000000,0,0.000000,0,0.000000,0,0.000000,0,0.000000,0,0.000000,0,0.000000,0,0.000000,0,0.000000,0,0.000000,0,0.000000,0,0.000000,0,0.000000,0,0.000000,0,0.000000,0,0.000000,0,0.000000,0,0.000000,0,0.000000,0,0.000000,0,0.000000,0,0.000000,0,0.000000,0,0.000000,0,0.000000
315,1,1,0.000000,0,0.000000,0,0.000000,0,0.000000,0,0.000000,0,0.000000,0,0.000000,0,0.000000,0,0.000000,0,0.000000,0,0.000000,0,0.000000,0,0.000000,0,0.000000,0,0.000000,0,0.000000,0,0.000000,0,0.000000,0,0.000000,0,0.000000,0,0.000000,0,0.000000,0,0.000000,0,0.000000,0,0.000000,0,0.000000,1,0.000000,0,0.000000,0,0.000000,0,0.000000,0,0.000000,0,0.000000,0,0.000000,0,0.000000,0,0.000000,0,0.000000,0,0.000000,0,0.000000
316,0,0,0.000000,0,0.000000,0,0.000000,0,0.000000,0,0.000000,0,0.000000,0,0.000000,0,0.000000,0,0.000000,0,0.000000,0,0.000000,0,0.000000,0,0.000000,0,0.000000,0,0.000000,0,0.000000,0,0.000000,0,0.000000,0,0.000000,0,0.000000,0,0.000000,0,0.000000,0,0.000000,0,0.000000,0,0.000000,0,0.000000,0,0.000000,0,0.000000,0,0.000000,0,0.000000,0,0.000000,0,0.000000,0,0.000000,0,0.000000,0,0.000000,0,0.000000,0,0.000000,0,0.000000
317,15,2,0.000347,0,0.000000,0,0.000000,0,0.000000,0,0.000000,0,0.000000,0,0.000000,0,0.000000,0,0.000000,0,0.000000,0,0.000000,0,0.000000,0,0.000000,0,0.000000,0,0.000000,0,0.000000,0,0.000000,0,0.000000,0,0.000000,0,0.000000,0,0.000000,0,0.000000,0,0.000000,0,0.000000,0,0.000000,0,0.000000,2,0.000000,13,0.012821,0,0.000000,0,0.000000,0,0.000000,0,0.000000,0,0.000000,0,0.000000,0,0.000000,0,0.000000,0,0.000000,0,0.000000
318,6,4,0.000000,0,0.000000,3,0.000000,1,0.000000,0,0.000000,0,0.000000,0,0.000000,0,0.000000,0,0.000000,0,0.000000,0,0.000000,0,0.000000,0,0.000000,0,0.000000,0,0.000000,0,0.000000,0,0.000000,0,0.000000,0,0.000000,0,0.000000,0,0.000000,0,0.000000,1,0.000000,0,0.000000,0,0.000000,0,0.000000,0,0.000000,1,0.000000,0,0.000000,0,0.000000,0,0.000000,0,0.000000,0,0.000000,0,0.000000,0,0.000000,0,0.000000,0,0.000000,0,0.000000
319,6,4,0.009009,0,0.000000,0,0.000000,0,0.000000,0,0.000000,0,0.000000,0,0.000000,1,0.000000,0,0.000000,0,0.000000,0,0.000000,0,0.000000,1,0.000000,0,0.000000,0,0.000000,0,0.000000,0,0.000000,0,0.000000,0,0.000000,0,0.000000,0,0.000000,1,0.000000,3,0.333333,0,0.000000,0,0.000000,0,0.000000,0,0.000000,0,0.000000,0,0.000000,0,0.000000,0,0.000000,0,0.000000,0,0.000000,0,0.000000,0,0.000000,0,0.000000,0,0.000000,0,0.000000
320,2,1,0.027027,0,0.000000,0,0.000000,0,0.000000,0,0.000000,0,0.000000,0,0.000000,0,0.000000,0,0.000000,0,0.000000,2,1.000000,0,0.000000,0,0.000000,0,0.000000,0,0.000000,0,0.000000,0,0.000000,0,0.000000,0,0.000000,0,0.000000,0,0.000000,0,0.000000,0,0.000000,0,0.000000,0,0.000000,0,0.000000,0,0.000000,0,0.000000,0,0.000000,0,0.000000,0,0.000000,0,0.000000,0,0.000000,0,0.000000,0,0.000000,0,0.000000,0,0.000000,0,0.000000
321,1,1,0.000000,0,0.000000,0,0.000000,0,0.000000,0,0.000000,0,0.000000,0,0.000000,0,0.000000,0,0.000000,0,0.000000,0,0.000000,0,0.000000,0,0.000000,0,0.000000,0,0.000000,0,0.000000,0,0.000000,0,0.000000,0,0.000000,0,0.000000,0,0.000000,0,0.000000,0,0.000000,0,0.000000,0,0.000000,0,0.000000,0,0.000000,0,0.000000,0,0.000000,0,0.000000,0,0.000000,0,0.000000,0,0.000000,0,0.000000,0,0.000000,0,0.000000,0,0.000000,1,0.000000
322,0,0,0.000000,0,0.000000,0,0.000000,0,0.000000,0,0.000000,0,0.000000,0,0.000000,0,0.000000,0,0.000000,0,0.000000,0,0.000000,0,0.000000,0,0.000000,0,0.000000,0,0.000000,0,0.000000,0,0.000000,0,0.000000,0,0.000000,0,0.000000,0,0.000000,0,0.000000,0,0.000000,0,0.000000,0,0.000000,0,0.000000,0,0.000000,0,0.000000,0,0.000000,0,0.000000,0,0.000000,0,0.000000,0,0.000000,0,0.000000,0,0.000000,0,0.000000,0,0.000000,0,0.000000
323,2,1,0.000000,0,0.000000,2,0.000000,0,0.000000,0,0.000000,0,0.000000,0,0.000000,0,0.000000,0,0.000000,0,0.000000,0,0.000000,0,0.000000,0,0.000000,0,0.000000,0,0.000000,0,0.000000,0,0.000000,0,0.000000,0,0.000000,0,0.000000,0,0.000000,0,0.000000,0,0.000000,0,0.000000,0,0.000000,0,0.000000,0,0.000000,0,0.000000,0,0.000000,0,0.000000,0,0.000000,0,0.000000,0,0.000000,0,0.000000,0,0.000000,0,0.000000,0,0.000000,0,0.000000
324,2,2,0.000000,0,0.000000,0,0.000000,0,0.000000,0,0.000000,0,0.000000,0,0.000000,0,0.000000,0,0.000000,0,0.000000,0,0.000000,1,0.000000,0,0.000000,0,0.000000,0,0.000000,0,0.000000,0,0.000000,0,0.000000,0,0.000000,0,0.000000,0,0.000000,0,0.000000,0,0.000000,0,0.000000,0,0.000000,0,0.000000,1,0.000000,0,0.000000,0,0.000000,0,0.000000,0,0.000000,0,0.000000,0,0.000000,0,0.000000,0,0.000000,0,0.000000,0,0.000000,0,0.000000
325,4,3,0.000000,0,0.000000,0,0.000000,2,0.000000,0,0.000000,0,0.000000,0,0.000000,1,0.000000,0,0.000000,0,0.000000,0,0.000000,0,0.000000,0,0.000000,0,0.000000,0,0.000000,0,0.000000,0,0.000000,0,0.000000,1,0.000000,0,0.000000,0,0.000000,0,0.000000,0,0.000000,0,0.000000,0,0.000000,0,0.000000,0,0.000000,0,0.000000,0,0.000000,0,0.000000,0,0.000000,0,0.000000,0,0.000000,0,0.000000,0,0.000000,0,0.000000,0,0.000000,0,0.000000
326,1,1,0.000000,0,0.000000,0,0.000000,0,0.000000,0,0.000000,0,0.000000,0,0.000000,0,0.000000,0,0.000000,0,0.000000,0,0.000000,0,0.000000,0,0.000000,0,0.000000,0,0.000000,0,0.000000,0,0.000000,0,0.000000,0,0.000000,0,0.000000,0,0.000000,0,0.000000,0,0.000000,0,0.000000,0,0.000000,0,0.000000,0,0.000000,0,0.000000,0,0.000000,0,0.000000,0,0.000000,0,0.000000,0,0.000000,0,0.000000,0,0.000000,1,0.000000,0,0.000000,0,0.000000
327,6,3,0.018018,0,0.000000,0,0.000000,0,0.000000,0,0.000000,0,0.000000,0,0.000000,0,0.000000,0,0.000000,1,0.000000,0,0.000000,0,0.000000,0,0.000000,0,0.000000,0,0.000000,3,0.666667,0,0.000000,0,0.000000,0,0.000000,0,0.000000,0,0.000000,0,0.000000,0,0.000000,0,0.000000,0,0.000000,0,0.000000,2,0.000000,0,0.000000,0,0.000000,0,0.000000,0,0.000000,0,0.000000,0,0.000000,0,0.000000,0,0.000000,0,0.000000,0,0.000000,0,0.000000
328,4,2,0.027027,0,0.000000,2,1.000000,0,0.000000,0,0.000000,0,0.000000,0,0.000000,0,0.000000,0,0.000000,0,0.000000,0,0.000000,0,0.000000,0,0.000000,0,0.000000,0,0.000000,0,0.000000,0,0.000000,0,0.000000,0,0.000000,0,0.000000,0,0.000000,0,0.000000,2,0.000000,0,0.000000,0,0.000000,0,0.000000,0,0.000000,0,0.000000,0,0.000000,0,0.000000,0,0.000000,0,0.000000,0,0.000000,0,0.000000,0,0.000000,0,0.000000,0,0.000000,0,0.000000
329,0,0,0.000000,0,0.000000,0,0.000000,0,0.000000,0,0.000000,0,0.000000,0,0.000000,0,0.000000,0,0.000000,0,0.000000,0,0.000000,0,0.000000,0,0.000000,0,0.000000,0,0.000000,0,0.000000,0,0.000000,0,0.000000,0,0.000000,0,0.000000,0,0.000000,0,0.000000,0,0.000000,0,0.000000,0,0.000000,0,0.000000,0,0.000000,0,0.000000,0,0.000000,0,0.000000,0,0.000000,0,0.000000,0,0.000000,0,0.000000,0,0.000000,0,0.000000,0,0.000000,0,0.000000
330,1,1,0.000000,0,0.000000,0,0.000000,0,0.000000,0,0.000000,0,0.000000,0,0.000000,0,0.000000,0,0.000000,0,0.000000,0,0.000000,0,0.000000,0,0.000000,0,0.000000,0,0.000000,0,0.000000,0,0.000000,0,0.000000,0,0.000000,0,0.000000,0,0.000000,0,0.000000,0,0.000000,0,0.000000,0,0.000000,0,0.000000,0,0.000000,0,0.000000,0,0.000000,0,0.000000,0,0.000000,0,0.000000,0,0.000000,0,0.000000,1,0.000000,0,0.000000,0,0.000000,0,0.000000
331,1,1,0.000000,0,0.000000,0,0.000000,0,0.000000,0,0.000000,0,0.000000,0,0.000000,0,0.000000,0,0.000000,0,0.000000,0,0.000000,0,0.000000,0,0.000000,0,0.000000,0,0.000000,0,0.000000,0,0.000000,0,0.000000,0,0.000000,0,0.000000,0,0.000000,0,0.000000,0,0.000000,0,0.000000,0,0.000000,0,0.000000,0,0.000000,0,0.000000,0,0.000000,0,0.000000,0,0.000000,0,0.000000,0,0.000000,0,0.000000,0,0.000000,0,0.000000,0,0.000000,1,0.000000
332,5,3,0.000000,0,0.000000,2,0.000000,0,0.000000,0,0.000000,0,0.000000,0,0.000000,0,0.000000,0,0.000000,0,0.000000,0,0.000000,0,0.000000,0,0.000000,0,0.000000,0,0.000000,2,0.000000,0,0.000000,0,0.000000,0,0.000000,0,0.000000,0,0.000000,0,0.000000,0,0.000000,0,0.000000,0,0.000000,0,0.000000,0,0.000000,1,0.000000,0,0.000000,0,0.000000,0,0.000000,0,0.000000,0,0.000000,0,0.000000,0,0.000000,0,0.000000,0,0.000000,0,0.000000
333,6,2,0.000000,0,0.000000,5,0.000000,0,0.000000,0,0.000000,0,0.000000,0,0.000000,0,0.000000,0,0.000000,0,0.000000,0,0.000000,0,0.000000,0,0.000000,0,0.000000,0,0.000000,0,0.000000,0,0.000000,0,0.000000,0,0.000000,0,0.000000,0,0.000000,0,0.000000,0,0.000000,1,0.000000,0,0.000000,0,0.000000,0,0.000000,0,0.000000,0,0.000000,0,0.000000,0,0.000000,0,0.000000,0,0.000000,0,0.000000,0,0.000000,0,0.000000,0,0.000000,0,0.000000
334,3,1,0.000000,0,0.000000,3,0.000000,0,0.000000,0,0.000000,0,0.000000,0,0.000000,0,0.000000,0,0.000000,0,0.000000,0,0.000000,0,0.000000,0,0.000000,0,0.000000,0,0.000000,0,0.000000,0,0.000000,0,0.000000,0,0.000000,0,0.000000,0,0.000000,0,0.000000,0,0.000000,0,0.000000,0,0.000000,0,0.000000,0,0.000000,0,0.000000,0,0.000000,0,0.000000,0,0.000000,0,0.000000,0,0.000000,0,0.000000,0,0.000000,0,0.000000,0,0.000000,0,0.000000
335,2,2,0.000000,0,0.000000,0,0.000000,0,0.000000,0,0.000000,0,0.000000,0,0.000000,0,0.000000,1,0.000000,0,0.000000,0,0.000000,0,0.000000,0,0.000000,0,0.000000,0,0.000000,0,0.000000,0,0.000000,0,0.000000,0,0.000000,0,0.000000,0,0.000000,0,0.000000,0,0.000000,0,0.000000,0,0.000000,0,0.000000,0,0.000000,0,0.000000,0,0.000000,0,0.000000,0,0.000000,0,0.000000,0,0.000000,0,0.000000,0,0.000000,0,0.000000,0,0.000000,1,0.000000
336,3,1,0.018018,0,0.000000,0,0.000000,0,0.000000,0,0.000000,0,0.000000,0,0.000000,0,0.000000,0,0.000000,0,0.000000,0,0.000000,0,0.000000,0,0.000000,0,0.000000,0,0.000000,0,0.000000,0,0.000000,0,0.000000,0,0.000000,0,0.000000,0,0.000000,0,0.000000,0,0.000000,0,0.000000,0,0.000000,0,0.000000,0,0.000000,0,0.000000,0,0.000000,0,0.000000,0,0.000000,0,0.000000,0,0.000000,0,0.000000,0,0.000000,3,0.666667,0,0.000000,0,0.000000
337,1,1,0.000000,0,0.000000,0,0.000000,0,0.000000,0,0.000000,0,0.000000,0,0.000000,0,0.000000,0,0.000000,0,0.000000,0,0.000000,0,0.000000,0,0.000000,0,0.000000,0,0.000000,0,0.000000,0,0.000000,0,0.000000,0,0.000000,0,0.000000,0,0.000000,0,0.000000,1,0.000000,0,0.000000,0,0.000000,0,0.000000,0,0.000000,0,0.000000,0,0.000000,0,0.000000,0,0.000000,0,0.000000,0,0.000000,0,0.000000,0,0.000000,0,0.000000,0,0.000000,0,0.000000
338,1,1,0.000000,0,0.000000,0,0.000000,0,0.000000,0,0.000000,0,0.000000,0,0.000000,0,0.000000,0,0.000000,0,0.000000,0,0.000000,0,0.000000,0,0.000000,0,0.000000,0,0.000000,0,0.000000,0,0.000000,0,0.000000,0,0.000000,0,0.000000,0,0.000000,0,0.000000,1,0.000000,0,0.000000,0,0.000000,0,0.000000,0,0.000000,0,0.000000,0,0.000000,0,0.000000,0,0.000000,0,0.000000,0,0.000000,0,0.000000,0,0.000000,0,0.000000,0,0.000000,0,0.000000
339,0,0,0.000000,0,0.000000,0,0.000000,0,0.000000,0,0.000000,0,0.000000,0,0.000000,0,0.000000,0,0.000000,0,0.000000,0,0.000000,0,0.000000,0,0.000000,0,0.000000,0,0.000000,0,0.000000,0,0.000000,0,0.000000,0,0.000000,0,0.000000,0,0.000000,0,0.000000,0,0.000000,0,0.000000,0,0.000000,0,0.000000,0,0.000000,0,0.000000,0,0.000000,0,0.000000,0,0.000000,0,0.000000,0,0.000000,0,0.000000,0,0.000000,0,0.000000,0,0.000000,0,0.000000
340,3,1,0.000000,0,0.000000,0,0.000000,0,0.000000,0,0.000000,0,0.000000,0,0.000000,0,0.000000,0,0.000000,0,0.000000,0,0.000000,0,0.000000,0,0.000000,0,0.000000,0,0.000000,0,0.000000,0,0.000000,0,0.000000,0,0.000000,0,0.000000,0,0.000000,0,0.000000,3,0.000000,0,0.000000,0,0.000000,0,0.000000,0,0.000000,0,0.000000,0,0.000000,0,0.000000,0,0.000000,0,0.000000,0,0.000000,0,0.000000,0,0.000000,0,0.000000,0,0.000000,0,0.000000
341,1,1,0.000000,0,0.000000,0,0.000000,0,0.000000,0,0.000000,0,0.000000,0,0.000000,0,0.000000,0,0.000000,0,0.000000,0,0.000000,0,0.000000,0,0.000000,0,0.000000,0,0.000000,0,0.000000,0,0.000000,0,0.000000,0,0.000000,0,0.000000,0,0.000000,0,0.000000,0,0.000000,0,0.000000,0,0.000000,0,0.000000,0,0.000000,0,0.000000,1,0.000000,0,0.000000,0,0.000000,0,0.000000,0,0.000000,0,0.000000,0,0.000000,0,0.000000,0,0.000000,0,0.000000
342,1,1,0.000000,0,0.000000,0,0.000000,0,0.000000,0,0.000000,0,0.000000,0,0.000000,0,0.000000,0,0.000000,0,0.000000,0,0.000000,0,0.000000,0,0.000000,0,0.000000,0,0.000000,0,0.000000,0,0.000000,0,0.000000,0,0.000000,0,0.000000,0,0.000000,0,0.000000,0,0.000000,0,0.000000,0,0.000000,0,0.000000,0,0.000000,0,0.000000,0,0.000000,0,0.000000,0,0.000000,0,0.000000,0,0.000000,0,0.000000,0,0.000000,0,0.000000,0,0.000000,1,0.000000
343,13,3,0.035435,0,0.000000,10,0.311111,0,0.000000,0,0.000000,0,0.000000,0,0.000000,0,0.000000,0,0.000000,1,0.000000,0,0.000000,0,0.000000,0,0.000000,0,0.000000,0,0.000000,2,1.000000,0,0.000000,0,0.000000,0,0.000000,0,0.000000,0,0.000000,0,0.000000,0,0.000000,0,0.000000,0,0.000000,0,0.000000,0,0.000000,0,0.000000,0,0.000000,0,0.000000,0,0.000000,0,0.000000,0,0.000000,0,0.000000,0,0.000000,0,0.000000,0,0.000000,0,0.000000
344,14,1,0.006237,0,0.000000,0,0.000000,0,0.000000,0,0.000000,0,0.000000,0,0.000000,0,0.000000,0,0.000000,0,0.000000,0,0.000000,0,0.000000,0,0.000000,0,0.000000,0,0.000000,14,0.230769,0,0.000000,0,0.000000,0,0.000000,0,0.000000,0,0.000000,0,0.000000,0,0.000000,0,0.000000,0,0.000000,0,0.000000,0,0.000000,0,0.000000,0,0.000000,0,0.000000,0,0.000000,0,0.000000,0,0.000000,0,0.000000,0,0.000000,0,0.000000,0,0.000000,0,0.000000
345,6,3,0.013514,1,0.000000,4,0.500000,0,0.000000,0,0.000000,0,0.000000,0,0.000000,0,0.000000,0,0.000000,0,0.000000,0,0.000000,0,0.000000,0,0.000000,0,0.000000,0,0.000000,0,0.000000,0,0.000000,0,0.000000,0,0.000000,0,0.000000,1,0.000000,0,0.000000,0,0.000000,0,0.000000,0,0.000000,0,0.000000,0,0.000000,0,0.000000,0,0.000000,0,0.000000,0,0.000000,0,0.000000,0,0.000000,0,0.000000,0,0.000000,0,0.000000,0,0.000000,0,0.000000
346,4,2,0.009009,0,0.000000,3,0.333333,0,0.000000,0,0.000000,0,0.000000,0,0.000000,0,0.000000,0,0.000000,0,0.000000,0,0.000000,0,0.000000,0,0.000000,0,0.000000,0,0.000000,0,0.000000,1,0.000000,0,0.000000,0,0.000000,0,0.000000,0,0.000000,0,0.000000,0,0.000000,0,0.000000,0,0.000000,0,0.000000,0,0.000000,0,0.000000,0,0.000000,0,0.000000,0,0.000000,0,0.000000,0,0.000000,0,0.000000,0,0.000000,0,0.000000,0,0.000000,0,0.000000
347,7,1,0.011583,0,0.000000,7,0.428571,0,0.000000,0,0.000000,0,0.000000,0,0.000000,0,0.000000,0,0.000000,0,0.000000,0,0.000000,0,0.000000,0,0.000000,0,0.000000,0,0.000000,0,0.000000,0,0.000000,0,0.000000,0,0.000000,0,0.000000,0,0.000000,0,0.000000,0,0.000000,0,0.000000,0,0.000000,0,0.000000,0,0.000000,0,0.000000,0,0.000000,0,0.000000,0,0.000000,0,0.000000,0,0.000000,0,0.000000,0,0.000000,0,0.000000,0,0.000000,0,0.000000
348,4,2,0.018018,0,0.000000,3,0.666667,0,0.000000,0,0.000000,0,0.000000,0,0.000000,0,0.000000,0,0.000000,0,0.000000,0,0.000000,0,0.000000,0,0.000000,0,0.000000,0,0.000000,0,0.000000,0,0.000000,0,0.000000,0,0.000000,0,0.000000,1,0.000000,0,0.000000,0,0.000000,0,0.000000,0,0.000000,0,0.000000,0,0.000000,0,0.000000,0,0.000000,0,0.000000,0,0.000000,0,0.000000,0,0.000000,0,0.000000,0,0.000000,0,0.000000,0,0.000000,0,0.000000
349,3,3,0.000000,0,0.000000,0,0.000000,1,0.000000,1,0.000000,0,0.000000,0,0.000000,0,0.000000,0,0.000000,0,0.000000,0,0.000000,0,0.000000,0,0.000000,0,0.000000,0,0.000000,0,0.000000,0,0.000000,0,0.000000,0,0.000000,0,0.000000,0,0.000000,0,0.000000,0,0.000000,0,0.000000,0,0.000000,0,0.000000,1,0.000000,0,0.000000,0,0.000000,0,0.000000,0,0.000000,0,0.000000,0,0.000000,0,0.000000,0,0.000000,0,0.000000,0,0.000000,0,0.000000
350,24,1,0.002644,0,0.000000,0,0.000000,0,0.000000,0,0.000000,0,0.000000,0,0.000000,0,0.000000,0,0.000000,0,0.000000,0,0.000000,0,0.000000,0,0.000000,0,0.000000,0,0.000000,24,0.097826,0,0.000000,0,0.000000,0,0.000000,0,0.000000,0,0.000000,0,0.000000,0,0.000000,0,0.000000,0,0.000000,0,0.000000,0,0.000000,0,0.000000,0,0.000000,0,0.000000,0,0.000000,0,0.000000,0,0.000000,0,0.000000,0,0.000000,0,0.000000,0,0.000000,0,0.000000
351,6,4,0.018018,0,0.000000,0,0.000000,1,0.000000,0,0.000000,0,0.000000,3,0.666667,0,0.000000,0,0.000000,0,0.000000,0,0.000000,0,0.000000,0,0.000000,0,0.000000,0,0.000000,0,0.000000,0,0.000000,0,0.000000,0,0.000000,0,0.000000,0,0.000000,0,0.000000,0,0.000000,0,0.000000,0,0.000000,0,0.000000,0,0.000000,0,0.000000,0,0.000000,0,0.000000,1,0.000000,0,0.000000,0,0.000000,0,0.000000,0,0.000000,0,0.000000,0,0.000000,1,0.000000
352,9,3,0.003604,0,0.000000,0,0.000000,1,0.000000,0,0.000000,0,0.000000,0,0.000000,0,0.000000,0,0.000000,0,0.000000,0,0.000000,0,0.000000,0,0.000000,0,0.000000,0,0.000000,6,0.133333,0,0.000000,0,0.000000,0,0.000000,0,0.000000,0,0.000000,0,0.000000,0,0.000000,0,0.000000,0,0.000000,0,0.000000,2,0.000000,0,0.000000,0,0.000000,0,0.000000,0,0.000000,0,0.000000,0,0.000000,0,0.000000,0,0.000000,0,0.000000,0,0.000000,0,0.000000
353,1,1,0.000000,0,0.000000,0,0.000000,0,0.000000,0,0.000000,0,0.000000,0,0.000000,0,0.000000,0,0.000000,0,0.000000,0,0.000000,0,0.000000,0,0.000000,0,0.000000,0,0.000000,0,0.000000,0,0.000000,0,0.000000,0,0.000000,0,0.000000,0,0.000000,0,0.000000,0,0.000000,0,0.000000,0,0.000000,0,0.000000,0,0.000000,0,0.000000,0,0.000000,0,0.000000,0,0.000000,0,0.000000,0,0.000000,0,0.000000,0,0.000000,0,0.000000,0,0.000000,1,0.000000
354,6,2,0.010811,0,0.000000,0,0.000000,5,0.400000,0,0.000000,0,0.000000,0,0.000000,0,0.000000,0,0.000000,0,0.000000,0,0.000000,0,0.000000,0,0.000000,0,0.000000,0,0.000000,0,0.000000,0,0.000000,0,0.000000,0,0.000000,1,0.000000,0,0.000000,0,0.000000,0,0.000000,0,0.000000,0,0.000000,0,0.000000,0,0.000000,0,0.000000,0,0.000000,0,0.000000,0,0.000000,0,0.000000,0,0.000000,0,0.000000,0,0.000000,0,0.000000,0,0.000000,0,0.000000
355,6,1,0.005405,0,0.000000,6,0.200000,0,0.000000,0,0.000000,0,0.000000,0,0.000000,0,0.000000,0,0.000000,0,0.000000,0,0.000000,0,0.000000,0,0.000000,0,0.000000,0,0.000000,0,0.000000,0,0.000000,0,0.000000,0,0.000000,0,0.000000,0,0.000000,0,0.000000,0,0.000000,0,0.000000,0,0.000000,0,0.000000,0,0.000000,0,0.000000,0,0.000000,0,0.000000,0,0.000000,0,0.000000,0,0.000000,0,0.000000,0,0.000000,0,0.000000,0,0.000000,0,0.000000
356,2,1,0.027027,0,0.000000,0,0.000000,0,0.000000,0,0.000000,0,0.000000,0,0.000000,0,0.000000,0,0.000000,0,0.000000,0,0.000000,0,0.000000,0,0.000000,0,0.000000,0,0.000000,0,0.000000,0,0.000000,0,0.000000,0,0.000000,0,0.000000,0,0.000000,0,0.000000,0,0.000000,0,0.000000,0,0.000000,0,0.000000,0,0.000000,0,0.000000,0,0.000000,0,0.000000,0,0.000000,0,0.000000,0,0.000000,0,0.000000,0,0.000000,2,1.000000,0,0.000000,0,0.000000
357,8,3,0.009009,0,0.000000,0,0.000000,3,0.333333,0,0.000000,0,0.000000,0,0.000000,0,0.000000,0,0.000000,0,0.000000,0,0.000000,0,0.000000,0,0.000000,0,0.000000,0,0.000000,3,0.000000,0,0.000000,0,0.000000,0,0.000000,0,0.000000,0,0.000000,0,0.000000,0,0.000000,0,0.000000,0,0.000000,0,0.000000,2,0.000000,0,0.000000,0,0.000000,0,0.000000,0,0.000000,0,0.000000,0,0.000000,0,0.000000,0,0.000000,0,0.000000,0,0.000000,0,0.000000
358,12,3,0.009009,0,0.000000,0,0.000000,1,0.000000,1,0.000000,0,0.000000,0,0.000000,0,0.000000,0,0.000000,0,0.000000,0,0.000000,0,0.000000,0,0.000000,0,0.000000,0,0.000000,10,0.333333,0,0.000000,0,0.000000,0,0.000000,0,0.000000,0,0.000000,0,0.000000,0,0.000000,0,0.000000,0,0.000000,0,0.000000,0,0.000000,0,0.000000,0,0.000000,0,0.000000,0,0.000000,0,0.000000,0,0.000000,0,0.000000,0,0.000000,0,0.000000,0,0.000000,0,0.000000
359,21,1,0.003218,0,0.000000,0,0.000000,0,0.000000,0,0.000000,0,0.000000,0,0.000000,0,0.000000,0,0.000000,0,0.000000,0,0.000000,0,0.000000,0,0.000000,0,0.000000,0,0.000000,0,0.000000,0,0.000000,0,0.000000,0,0.000000,0,0.000000,0,0.000000,0,0.000000,0,0.000000,0,0.000000,0,0.000000,0,0.000000,21,0.119048,0,0.000000,0,0.000000,0,0.000000,0,0.000000,0,0.000000,0,0.000000,0,0.000000,0,0.000000,0,0.000000,0,0.000000,0,0.000000
360,1,1,0.000000,0,0.000000,0,0.000000,0,0.000000,0,0.000000,0,0.000000,0,0.000000,0,0.000000,0,0.000000,0,0.000000,0,0.000000,1,0.000000,0,0.000000,0,0.000000,0,0.000000,0,0.000000,0,0.000000,0,0.000000,0,0.000000,0,0.000000,0,0.000000,0,0.000000,0,0.000000,0,0.000000,0,0.000000,0,0.000000,0,0.000000,0,0.000000,0,0.000000,0,0.000000,0,0.000000,0,0.000000,0,0.000000,0,0.000000,0,0.000000,0,0.000000,0,0.000000,0,0.000000
361,4,2,0.000000,0,0.000000,3,0.000000,0,0.000000,0,0.000000,0,0.000000,0,0.000000,0,0.000000,0,0.000000,0,0.000000,0,0.000000,0,0.000000,0,0.000000,0,0.000000,0,0.000000,1,0.000000,0,0.000000,0,0.000000,0,0.000000,0,0.000000,0,0.000000,0,0.000000,0,0.000000,0,0.000000,0,0.000000,0,0.000000,0,0.000000,0,0.000000,0,0.000000,0,0.000000,0,0.000000,0,0.000000,0,0.000000,0,0.000000,0,0.000000,0,0.000000,0,0.000000,0,0.000000
362,0,0,0.000000,0,0.000000,0,0.000000,0,0.000000,0,0.000000,0,0.000000,0,0.000000,0,0.000000,0,0.000000,0,0.000000,0,0.000000,0,0.000000,0,0.000000,0,0.000000,0,0.000000,0,0.000000,0,0.000000,0,0.000000,0,0.000000,0,0.000000,0,0.000000,0,0.000000,0,0.000000,0,0.000000,0,0.000000,0,0.000000,0,0.000000,0,0.000000,0,0.000000,0,0.000000,0,0.000000,0,0.000000,0,0.000000,0,0.000000,0,0.000000,0,0.000000,0,0.000000,0,0.000000
363,6,2,0.013514,0,0.000000,0,0.000000,0,0.000000,0,0.000000,0,0.000000,0,0.000000,0,0.000000,0,0.000000,0,0.000000,0,0.000000,0,0.000000,0,0.000000,0,0.000000,0,0.000000,5,0.500000,0,0.000000,0,0.000000,0,0.000000,0,0.000000,0,0.000000,0,0.000000,0,0.000000,0,0.000000,0,0.000000,0,0.000000,1,0.000000,0,0.000000,0,0.000000,0,0.000000,0,0.000000,0,0.000000,0,0.000000,0,0.000000,0,0.000000,0,0.000000,0,0.000000,0,0.000000
364,1,1,0.000000,0,0.000000,1,0.000000,0,0.000000,0,0.000000,0,0.000000,0,0.000000,0,0.000000,0,0.000000,0,0.000000,0,0.000000,0,0.000000,0,0.000000,0,0.000000,0,0.000000,0,0.000000,0,0.000000,0,0.000000,0,0.000000,0,0.000000,0,0.000000,0,0.000000,0,0.000000,0,0.000000,0,0.000000,0,0.000000,0,0.000000,0,0.000000,0,0.000000,0,0.000000,0,0.000000,0,0.000000,0,0.000000,0,0.000000,0,0.000000,0,0.000000,0,0.000000,0,0.000000
365,1,1,0.000000,0,0.000000,1,0.000000,0,0.000000,0,0.000000,0,0.000000,0,0.000000,0,0.000000,0,0.000000,0,0.000000,0,0.000000,0,0.000000,0,0.000000,0,0.000000,0,0.000000,0,0.000000,0,0.000000,0,0.000000,0,0.000000,0,0.000000,0,0.000000,0,0.000000,0,0.000000,0,0.000000,0,0.000000,0,0.000000,0,0.000000,0,0.000000,0,0.000000,0,0.000000,0,0.000000,0,0.000000,0,0.000000,0,0.000000,0,0.000000,0,0.000000,0,0.000000,0,0.000000
366,2,1,0.027027,0,0.000000,0,0.000000,0,0.000000,0,0.000000,0,0.000000,0,0.000000,0,0.000000,0,0.000000,0,0.000000,0,0.000000,0,0.000000,0,0.000000,0,0.000000,0,0.000000,0,0.000000,0,0.000000,0,0.000000,0,0.000000,0,0.000000,0,0.000000,0,0.000000,0,0.000000,0,0.000000,0,0.000000,0,0.000000,0,0.000000,0,0.000000,0,0.000000,0,0.000000,0,0.000000,0,0.000000,0,0.000000,0,0.000000,0,0.000000,2,1.000000,0,0.000000,0,0.000000
367,2,1,0.027027,0,0.000000,0,0.000000,0,0.000000,0,0.000000,2,1.000000,0,0.000000,0,0.000000,0,0.000000,0,0.000000,0,0.000000,0,0.000000,0,0.000000,0,0.000000,0,0.000000,0,0.000000,0,0.000000,0,0.000000,0,0.000000,0,0.000000,0,0.000000,0,0.000000,0,0.000000,0,0.000000,0,0.000000,0,0.000000,0,0.000000,0,0.000000,0,0.000000,0,0.000000,0,0.000000,0,0.000000,0,0.000000,0,0.000000,0,0.000000,0,0.000000,0,0.000000,0,0.000000
368,7,1,0.009009,0,0.000000,0,0.000000,0,0.000000,0,0.000000,0,0.000000,0,0.000000,0,0.000000,0,0.000000,0,0.000000,0,0.000000,0,0.000000,0,0.000000,0,0.000000,0,0.000000,0,0.000000,0,0.000000,0,0.000000,0,0.000000,0,0.000000,0,0.000000,0,0.000000,0,0.000000,0,0.000000,0,0.000000,0,0.000000,7,0.333333,0,0.000000,0,0.000000,0,0.000000,0,0.000000,0,0.000000,0,0.000000,0,0.000000,0,0.000000,0,0.000000,0,0.000000,0,0.000000
369,2,1,0.000000,0,0.000000,0,0.000000,0,0.000000,0,0.000000,0,0.000000,0,0.000000,0,0.000000,0,0.000000,0,0.000000,0,0.000000,0,0.000000,0,0.000000,0,0.000000,0,0.000000,0,0.000000,0,0.000000,0,0.000000,0,0.000000,0,0.000000,0,0.000000,0,0.000000,2,0.000000,0,0.000000,0,0.000000,0,0.000000,0,0.000000,0,0.000000,0,0.000000,0,0.000000,0,0.000000,0,0.000000,0,0.000000,0,0.000000,0,0.000000,0,0.000000,0,0.000000,0,0.000000
370,1,1,0.000000,0,0.000000,0,0.000000,0,0.000000,0,0.000000,0,0.000000,0,0.000000,0,0.000000,1,0.000000,0,0.000000,0,0.000000,0,0.000000,0,0.000000,0,0.000000,0,0.000000,0,0.000000,0,0.000000,0,0.000000,0,0.000000,0,0.000000,0,0.000000,0,0.000000,0,0.000000,0,0.000000,0,0.000000,0,0.000000,0,0.000000,0,0.000000,0,0.000000,0,0.000000,0,0.000000,0,0.000000,0,0.000000,0,0.000000,0,0.000000,0,0.000000,0,0.000000,0,0.000000
371,2,1,0.000000,0,0.000000,0,0.000000,0,0.000000,0,0.000000,0,0.000000,0,0.000000,0,0.000000,0,0.000000,0,0.000000,0,0.000000,0,0.000000,0,0.000000,0,0.000000,0,0.000000,2,0.000000,0,0.000000,0,0.000000,0,0.000000,0,0.000000,0,0.000000,0,0.000000,0,0.000000,0,0.000000,0,0.000000,0,0.000000,0,0.000000,0,0.000000,0,0.000000,0,0.000000,0,0.000000,0,0.000000,0,0.000000,0,0.000000,0,0.000000,0,0.000000,0,0.000000,0,0.000000
372,4,1,0.013514,0,0.000000,0,0.000000,0,0.000000,0,0.000000,0,0.000000,0,0.000000,0,0.000000,0,0.000000,0,0.000000,0,0.000000,0,0.000000,0,0.000000,0,0.000000,0,0.000000,0,0.000000,0,0.000000,0,0.000000,0,0.000000,0,0.000000,0,0.000000,0,0.000000,0,0.000000,0,0.000000,0,0.000000,0,0.000000,0,0.000000,0,0.000000,0,0.000000,0,0.000000,0,0.000000,0,0.000000,0,0.000000,0,0.000000,0,0.000000,4,0.500000,0,0.000000,0,0.000000
373,2,1,0.027027,0,0.000000,0,0.000000,0,0.000000,0,0.000000,2,1.000000,0,0.000000,0,0.000000,0,0.000000,0,0.000000,0,0.000000,0,0.000000,0,0.000000,0,0.000000,0,0.000000,0,0.000000,0,0.000000,0,0.000000,0,0.000000,0,0.000000,0,0.000000,0,0.000000,0,0.000000,0,0.000000,0,0.000000,0,0.000000,0,0.000000,0,0.000000,0,0.000000,0,0.000000,0,0.000000,0,0.000000,0,0.000000,0,0.000000,0,0.000000,0,0.000000,0,0.000000,0,0.000000
374,1,1,0.000000,0,0.000000,0,0.000000,0,0.000000,0,0.000000,0,0.000000,0,0.000000,0,0.000000,0,0.000000,0,0.000000,0,0.000000,0,0.000000,0,0.000000,0,0.000000,0,0.000000,0,0.000000,0,0.000000,0,0.000000,0,0.000000,0,0.000000,0,0.000000,0,0.000000,1,0.000000,0,0.000000,0,0.000000,0,0.000000,0,0.000000,0,0.000000,0,0.000000,0,0.000000,0,0.000000,0,0.000000,0,0.000000,0,0.000000,0,0.000000,0,0.000000,0,0.000000,0,0.000000
375,5,1,0.018919,0,0.000000,5,0.700000,0,0.000000,0,0.000000,0,0.000000,0,0.000000,0,0.000000,0,0.000000,0,0.000000,0,0.000000,0,0.000000,0,0.000000,0,0.000000,0,0.000000,0,0.000000,0,0.000000,0,0.000000,0,0.000000,0,0.000000,0,0.000000,0,0.000000,0,0.000000,0,0.000000,0,0.000000,0,0.000000,0,0.000000,0,0.000000,0,0.000000,0,0.000000,0,0.000000,0,0.000000,0,0.000000,0,0.000000,0,0.000000,0,0.000000,0,0.000000,0,0.000000
376,1,1,0.000000,0,0.000000,0,0.000000,0,0.000000,0,0.000000,0,0.000000,1,0.000000,0,0.000000,0,0.000000,0,0.000000,0,0.000000,0,0.000000,0,0.000000,0,0.000000,0,0.000000,0,0.000000,0,0.000000,0,0.000000,0,0.000000,0,0.000000,0,0.000000,0,0.000000,0,0.000000,0,0.000000,0,0.000000,0,0.000000,0,0.000000,0,0.000000,0,0.000000,0,0.000000,0,0.000000,0,0.000000,0,0.000000,0,0.000000,0,0.000000,0,0.000000,0,0.000000,0,0.000000
377,2,2,0.000000,0,0.000000,0,0.000000,0,0.000000,0,0.000000,0,0.000000,1,0.000000,0,0.000000,0,0.000000,0,0.000000,0,0.000000,0,0.000000,0,0.000000,0,0.000000,0,0.000000,0,0.000000,0,0.000000,1,0.000000,0,0.000000,0,0.000000,0,0.000000,0,0.000000,0,0.000000,0,0.000000,0,0.000000,0,0.000000,0,0.000000,0,0.000000,0,0.000000,0,0.000000,0,0.000000,0,0.000000,0,0.000000,0,0.000000,0,0.000000,0,0.000000,0,0.000000,0,0.000000
378,3,1,0.018018,0,0.000000,0,0.000000,0,0.000000,0,0.000000,0,0.000000,0,0.000000,0,0.000000,0,0.000000,0,0.000000,0,0.000000,0,0.000000,0,0.000000,0,0.000000,0,0.000000,0,0.000000,0,0.000000,0,0.000000,0,0.000000,0,0.000000,0,0.000000,0,0.000000,0,0.000000,0,0.000000,0,0.000000,0,0.000000,0,0.000000,0,0.000000,0,0.000000,0,0.000000,0,0.000000,0,0.000000,0,0.000000,0,0.000000,0,0.000000,3,0.666667,0,0.000000,0,0.000000
379,1,1,0.000000,0,0.000000,0,0.000000,0,0.000000,0,0.000000,1,0.000000,0,0.000000,0,0.000000,0,0.000000,0,0.000000,0,0.000000,0,0.000000,0,0.000000,0,0.000000,0,0.000000,0,0.000000,0,0.000000,0,0.000000,0,0.000000,0,0.000000,0,0.000000,0,0.000000,0,0.000000,0,0.000000,0,0.000000,0,0.000000,0,0.000000,0,0.000000,0,0.000000,0,0.000000,0,0.000000,0,0.000000,0,0.000000,0,0.000000,0,0.000000,0,0.000000,0,0.000000,0,0.000000
380,6,2,0.004505,0,0.000000,0,0.000000,0,0.000000,0,0.000000,0,0.000000,0,0.000000,0,0.000000,0,0.000000,0,0.000000,0,0.000000,0,0.000000,0,0.000000,0,0.000000,0,0.000000,0,0.000000,0,0.000000,0,0.000000,0,0.000000,0,0.000000,2,0.000000,0,0.000000,0,0.000000,0,0.000000,0,0.000000,0,0.000000,4,0.166667,0,0.000000,0,0.000000,0,0.000000,0,0.000000,0,0.000000,0,0.000000,0,0.000000,0,0.000000,0,0.000000,0,0.000000,0,0.000000
381,1,1,0.000000,0,0.000000,0,0.000000,0,0.000000,0,0.000000,0,0.000000,0,0.000000,0,0.000000,0,0.000000,0,0.000000,0,0.000000,0,0.000000,0,0.000000,0,0.000000,0,0.000000,0,0.000000,0,0.000000,1,0.000000,0,0.000000,0,0.000000,0,0.000000,0,0.000000,0,0.000000,0,0.000000,0,0.000000,0,0.000000,0,0.000000,0,0.000000,0,0.000000,0,0.000000,0,0.000000,0,0.000000,0,0.000000,0,0.000000,0,0.000000,0,0.000000,0,0.000000,0,0.000000
382,6,1,0.001802,0,0.000000,0,0.000000,0,0.000000,0,0.000000,0,0.000000,0,0.000000,0,0.000000,0,0.000000,0,0.000000,0,0.000000,0,0.000000,0,0.000000,0,0.000000,0,0.000000,0,0.000000,0,0.000000,0,0.000000,0,0.000000,0,0.000000,0,0.000000,0,0.000000,0,0.000000,0,0.000000,0,0.000000,0,0.000000,6,0.066667,0,0.000000,0,0.000000,0,0.000000,0,0.000000,0,0.000000,0,0.000000,0,0.000000,0,0.000000,0,0.000000,0,0.000000,0,0.000000
383,11,2,0.022523,0,0.000000,0,0.000000,0,0.000000,0,0.000000,0,0.000000,4,0.833333,0,0.000000,0,0.000000,0,0.000000,0,0.000000,0,0.000000,0,0.000000,0,0.000000,0,0.000000,0,0.000000,0,0.000000,0,0.000000,0,0.000000,0,0.000000,0,0.000000,0,0.000000,0,0.000000,0,0.000000,0,0.000000,0,0.000000,7,0.000000,0,0.000000,0,0.000000,0,0.000000,0,0.000000,0,0.000000,0,0.000000,0,0.000000,0,0.000000,0,0.000000,0,0.000000,0,0.000000
384,0,0,0.000000,0,0.000000,0,0.000000,0,0.000000,0,0.000000,0,0.000000,0,0.000000,0,0.000000,0,0.000000,0,0.000000,0,0.000000,0,0.000000,0,0.000000,0,0.000000,0,0.000000,0,0.000000,0,0.000000,0,0.000000,0,0.000000,0,0.000000,0,0.000000,0,0.000000,0,0.000000,0,0.000000,0,0.000000,0,0.000000,0,0.000000,0,0.000000,0,0.000000,0,0.000000,0,0.000000,0,0.000000,0,0.000000,0,0.000000,0,0.000000,0,0.000000,0,0.000000,0,0.000000
385,11,1,0.004423,0,0.000000,0,0.000000,0,0.000000,0,0.000000,0,0.000000,0,0.000000,0,0.000000,0,0.000000,0,0.000000,0,0.000000,0,0.000000,0,0.000000,0,0.000000,0,0.000000,0,0.000000,0,0.000000,0,0.000000,0,0.000000,0,0.000000,0,0.000000,0,0.000000,0,0.000000,0,0.000000,0,0.000000,0,0.000000,11,0.163636,0,0.000000,0,0.000000,0,0.000000,0,0.000000,0,0.000000,0,0.000000,0,0.000000,0,0.000000,0,0.000000,0,0.000000,0,0.000000
386,4,4,0.000000,1,0.000000,0,0.000000,0,0.000000,0,0.000000,1,0.000000,0,0.000000,0,0.000000,0,0.000000,0,0.000000,0,0.000000,0,0.000000,0,0.000000,0,0.000000,1,0.000000,0,0.000000,0,0.000000,0,0.000000,0,0.000000,0,0.000000,0,0.000000,0,0.000000,0,0.000000,0,0.000000,0,0.000000,0,0.000000,0,0.000000,0,0.000000,0,0.000000,0,0.000000,0,0.000000,0,0.000000,0,0.000000,0,0.000000,1,0.000000,0,0.000000,0,0.000000,0,0.000000
387,5,2,0.054054,0,0.000000,0,0.000000,0,0.000000,0,0.000000,0,0.000000,0,0.000000,2,1.000000,0,0.000000,0,0.000000,0,0.000000,0,0.000000,0,0.000000,0,0.000000,0,0.000000,0,0.000000,0,0.000000,0,0.000000,0,0.000000,0,0.000000,0,0.000000,0,0.000000,0,0.000000,0,0.000000,0,0.000000,0,0.000000,3,1.000000,0,0.000000,0,0.000000,0,0.000000,0,0.000000,0,0.000000,0,0.000000,0,0.000000,0,0.000000,0,0.000000,0,0.000000,0,0.000000
388,4,1,0.013514,0,0.000000,0,0.000000,0,0.000000,0,0.000000,0,0.000000,0,0.000000,0,0.000000,0,0.000000,0,0.000000,0,0.000000,0,0.000000,0,0.000000,0,0.000000,0,0.000000,0,0.000000,0,0.000000,0,0.000000,0,0.000000,0,0.000000,0,0.000000,0,0.000000,0,0.000000,0,0.000000,0,0.000000,0,0.000000,0,0.000000,4,0.500000,0,0.000000,0,0.000000,0,0.000000,0,0.000000,0,0.000000,0,0.000000,0,0.000000,0,0.000000,0,0.000000,0,0.000000
389,0,0,0.000000,0,0.000000,0,0.000000,0,0.000000,0,0.000000,0,0.000000,0,0.000000,0,0.000000,0,0.000000,0,0.000000,0,0.000000,0,0.000000,0,0.000000,0,0.000000,0,0.000000,0,0.000000,0,0.000000,0,0.000000,0,0.000000,0,0.000000,0,0.000000,0,0.000000,0,0.000000,0,0.000000,0,0.000000,0,0.000000,0,0.000000,0,0.000000,0,0.000000,0,0.000000,0,0.000000,0,0.000000,0,0.000000,0,0.000000,0,0.000000,0,0.000000,0,0.000000,0,0.000000
390,2,2,0.000000,0,0.000000,1,0.000000,0,0.000000,0,0.000000,0,0.000000,0,0.000000,0,0.000000,0,0.000000,0,0.000000,0,0.000000,0,0.000000,0,0.000000,0,0.000000,0,0.000000,1,0.000000,0,0.000000,0,0.000000,0,0.000000,0,0.000000,0,0.000000,0,0.000000,0,0.000000,0,0.000000,0,0.000000,0,0.000000,0,0.000000,0,0.000000,0,0.000000,0,0.000000,0,0.000000,0,0.000000,0,0.000000,0,0.000000,0,0.000000,0,0.000000,0,0.000000,0,0.000000
391,2,1,0.000000,0,0.000000,0,0.000000,0,0.000000,0,0.000000,0,0.000000,0,0.000000,0,0.000000,0,0.000000,0,0.000000,0,0.000000,0,0.000000,0,0.000000,0,0.000000,0,0.000000,0,0.000000,0,0.000000,0,0.000000,0,0.000000,0,0.000000,0,0.000000,0,0.000000,0,0.000000,0,0.000000,0,0.000000,0,0.000000,2,0.000000,0,0.000000,0,0.000000,0,0.000000,0,0.000000,0,0.000000,0,0.000000,0,0.000000,0,0.000000,0,0.000000,0,0.000000,0,0.000000
392,1,1,0.000000,0,0.000000,0,0.000000,0,0.000000,0,0.000000,0,0.000000,0,0.000000,0,0.000000,0,0.000000,0,0.000000,0,0.000000,0,0.000000,0,0.000000,0,0.000000,0,0.000000,0,0.000000,0,0.000000,0,0.000000,0,0.000000,0,0.000000,0,0.000000,0,0.000000,0,0.000000,0,0.000000,0,0.000000,0,0.000000,0,0.000000,0,0.000000,0,0.000000,0,0.000000,0,0.000000,0,0.000000,0,0.000000,0,0.000000,0,0.000000,0,0.000000,0,0.000000,1,0.000000
393,2,1,0.000000,0,0.000000,0,0.000000,0,0.000000,0,0.000000,0,0.000000,0,0.000000,0,0.000000,0,0.000000,0,0.000000,0,0.000000,0,0.000000,0,0.000000,0,0.000000,0,0.000000,0,0.000000,0,0.000000,0,0.000000,0,0.000000,0,0.000000,0,0.000000,0,0.000000,0,0.000000,0,0.000000,0,0.000000,0,0.000000,2,0.000000,0,0.000000,0,0.000000,0,0.000000,0,0.000000,0,0.000000,0,0.000000,0,0.000000,0,0.000000,0,0.000000,0,0.000000,0,0.000000
394,1,1,0.000000,0,0.000000,0,0.000000,0,0.000000,0,0.000000,0,0.000000,0,0.000000,0,0.000000,0,0.000000,0,0.000000,0,0.000000,0,0.000000,0,0.000000,0,0.000000,0,0.000000,0,0.000000,0,0.000000,0,0.000000,0,0.000000,0,0.000000,0,0.000000,0,0.000000,0,0.000000,0,0.000000,0,0.000000,1,0.000000,0,0.000000,0,0.000000,0,0.000000,0,0.000000,0,0.000000,0,0.000000,0,0.000000,0,0.000000,0,0.000000,0,0.000000,0,0.000000,0,0.000000
395,3,1,0.000000,0,0.000000,0,0.000000,0,0.000000,0,0.000000,0,0.000000,0,0.000000,0,0.000000,0,0.000000,0,0.000000,0,0.000000,0,0.000000,0,0.000000,0,0.000000,0,0.000000,0,0.000000,3,0.000000,0,0.000000,0,0.000000,0,0.000000,0,0.000000,0,0.000000,0,0.000000,0,0.000000,0,0.000000,0,0.000000,0,0.000000,0,0.000000,0,0.000000,0,0.000000,0,0.000000,0,0.000000,0,0.000000,0,0.000000,0,0.000000,0,0.000000,0,0.000000,0,0.000000
396,3,1,0.000000,0,0.000000,0,0.000000,0,0.000000,0,0.000000,0,0.000000,0,0.000000,0,0.000000,0,0.000000,0,0.000000,0,0.000000,0,0.000000,0,0.000000,0,0.000000,0,0.000000,0,0.000000,0,0.000000,0,0.000000,0,0.000000,0,0.000000,0,0.000000,0,0.000000,0,0.000000,0,0.000000,0,0.000000,0,0.000000,3,0.000000,0,0.000000,0,0.000000,0,0.000000,0,0.000000,0,0.000000,0,0.000000,0,0.000000,0,0.000000,0,0.000000,0,0.000000,0,0.000000
397,1,1,0.000000,0,0.000000,0,0.000000,0,0.000000,0,0.000000,0,0.000000,0,0.000000,0,0.000000,0,0.000000,0,0.000000,0,0.000000,0,0.000000,0,0.000000,0,0.000000,0,0.000000,0,0.000000,1,0.000000,0,0.000000,0,0.000000,0,0.000000,0,0.000000,0,0.000000,0,0.000000,0,0.000000,0,0.000000,0,0.000000,0,0.000000,0,0.000000,0,0.000000,0,0.000000,0,0.000000,0,0.000000,0,0.000000,0,0.000000,0,0.000000,0,0.000000,0,0.000000,0,0.000000
398,1,1,0.000000,0,0.000000,0,0.000000,0,0.000000,0,0.000000,0,0.000000,0,0.000000,0,0.000000,0,0.000000,0,0.000000,0,0.000000,0,0.000000,0,0.000000,0,0.000000,1,0.000000,0,0.000000,0,0.000000,0,0.000000,0,0.000000,0,0.000000,0,0.000000,0,0.000000,0,0.000000,0,0.000000,0,0.000000,0,0.000000,0,0.000000,0,0.000000,0,0.000000,0,0.000000,0,0.000000,0,0.000000,0,0.000000,0,0.000000,0,0.000000,0,0.000000,0,0.000000,0,0.000000
399,3,2,0.027027,0,0.000000,2,1.000000,0,0.000000,0,0.000000,0,0.000000,0,0.000000,0,0.000000,0,0.000000,0,0.000000,0,0.000000,0,0.000000,0,0.000000,0,0.000000,0,0.000000,1,0.000000,0,0.000000,0,0.000000,0,0.000000,0,0.000000,0,0.000000,0,0.000000,0,0.000000,0,0.000000,0,0.000000,0,0.000000,0,0.000000,0,0.000000,0,0.000000,0,0.000000,0,0.000000,0,0.000000,0,0.000000,0,0.000000,0,0.000000,0,0.000000,0,0.000000,0,0.000000
400,2,1,0.000000,0,0.000000,2,0.000000,0,0.000000,0,0.000000,0,0.000000,0,0.000000,0,0.000000,0,0.000000,0,0.000000,0,0.000000,0,0.000000,0,0.000000,0,0.000000,0,0.000000,0,0.000000,0,0.000000,0,0.000000,0,0.000000,0,0.000000,0,0.000000,0,0.000000,0,0.000000,0,0.000000,0,0.000000,0,0.000000,0,0.000000,0,0.000000,0,0.000000,0,0.000000,0,0.000000,0,0.000000,0,0.000000,0,0.000000,0,0.000000,0,0.000000,0,0.000000,0,0.000000
401,4,1,0.009009,0,0.000000,0,0.000000,0,0.000000,0,0.000000,0,0.000000,0,0.000000,0,0.000000,0,0.000000,0,0.000000,0,0.000000,0,0.000000,0,0.000000,0,0.000000,0,0.000000,0,0.000000,0,0.000000,0,0.000000,0,0.000000,0,0.000000,0,0.000000,0,0.000000,0,0.000000,0,0.000000,0,0.000000,0,0.000000,4,0.333333,0,0.000000,0,0.000000,0,0.000000,0,0.000000,0,0.000000,0,0.000000,0,0.000000,0,0.000000,0,0.000000,0,0.000000,0,0.000000
402,3,2,0.000000,0,0.000000,1,0.000000,2,0.000000,0,0.000000,0,0.000000,0,0.000000,0,0.000000,0,0.000000,0,0.000000,0,0.000000,0,0.000000,0,0.000000,0,0.000000,0,0.000000,0,0.000000,0,0.000000,0,0.000000,0,0.000000,0,0.000000,0,0.000000,0,0.000000,0,0.000000,0,0.000000,0,0.000000,0,0.000000,0,0.000000,0,0.000000,0,0.000000,0,0.000000,0,0.000000,0,0.000000,0,0.000000,0,0.000000,0,0.000000,0,0.000000,0,0.000000,0,0.000000
403,1,1,0.000000,0,0.000000,0,0.000000,0,0.000000,0,0.000000,0,0.000000,0,0.000000,0,0.000000,0,0.000000,0,0.000000,0,0.000000,0,0.000000,0,0.000000,0,0.000000,0,0.000000,0,0.000000,0,0.000000,0,0.000000,0,0.000000,0,0.000000,0,0.000000,0,0.000000,0,0.000000,0,0.000000,0,0.000000,0,0.000000,0,0.000000,0,0.000000,0,0.000000,0,0.000000,0,0.000000,0,0.000000,0,0.000000,0,0.000000,0,0.000000,0,0.000000,0,0.000000,1,0.000000
404,1,1,0.000000,1,0.000000,0,0.000000,0,0.000000,0,0.000000,0,0.000000,0,0.000000,0,0.000000,0,0.000000,0,0.000000,0,0.000000,0,0.000000,0,0.000000,0,0.000000,0,0.000000,0,0.000000,0,0.000000,0,0.000000,0,0.000000,0,0.000000,0,0.000000,0,0.000000,0,0.000000,0,0.000000,0,0.000000,0,0.000000,0,0.000000,0,0.000000,0,0.000000,0,0.000000,0,0.000000,0,0.000000,0,0.000000,0,0.000000,0,0.000000,0,0.000000,0,0.000000,0,0.000000
405,0,0,0.000000,0,0.000000,0,0.000000,0,0.000000,0,0.000000,0,0.000000,0,0.000000,0,0.000000,0,0.000000,0,0.000000,0,0.000000,0,0.000000,0,0.000000,0,0.000000,0,0.000000,0,0.000000,0,0.000000,0,0.000000,0,0.000000,0,0.000000,0,0.000000,0,0.000000,0,0.000000,0,0.000000,0,0.000000,0,0.000000,0,0.000000,0,0.000000,0,0.000000,0,0.000000,0,0.000000,0,0.000000,0,0.000000,0,0.000000,0,0.000000,0,0.000000,0,0.000000,0,0.000000
406,1,1,0.000000,0,0.000000,0,0.000000,0,0.000000,0,0.000000,0,0.000000,0,0.000000,0,0.000000,0,0.000000,0,0.000000,0,0.000000,0,0.000000,0,0.000000,0,0.000000,0,0.000000,0,0.000000,0,0.000000,0,0.000000,0,0.000000,1,0.000000,0,0.000000,0,0.000000,0,0.000000,0,0.000000,0,0.000000,0,0.000000,0,0.000000,0,0.000000,0,0.000000,0,0.000000,0,0.000000,0,0.000000,0,0.000000,0,0.000000,0,0.000000,0,0.000000,0,0.000000,0,0.000000
407,2,2,0.000000,0,0.000000,0,0.000000,0,0.000000,0,0.000000,0,0.000000,1,0.000000,0,0.000000,0,0.000000,0,0.000000,0,0.000000,0,0.000000,0,0.000000,0,0.000000,0,0.000000,0,0.000000,0,0.000000,0,0.000000,0,0.000000,0,0.000000,0,0.000000,0,0.000000,0,0.000000,0,0.000000,0,0.000000,0,0.000000,1,0.000000,0,0.000000,0,0.000000,0,0.000000,0,0.000000,0,0.000000,0,0.000000,0,0.000000,0,0.000000,0,0.000000,0,0.000000,0,0.000000
408,1,1,0.000000,0,0.000000,0,0.000000,0,0.000000,0,0.000000,0,0.000000,0,0.000000,0,0.000000,0,0.000000,0,0.000000,0,0.000000,0,0.000000,0,0.000000,0,0.000000,0,0.000000,1,0.000000,0,0.000000,0,0.000000,0,0.000000,0,0.000000,0,0.000000,0,0.000000,0,0.000000,0,0.000000,0,0.000000,0,0.000000,0,0.000000,0,0.000000,0,0.000000,0,0.000000,0,0.000000,0,0.000000,0,0.000000,0,0.000000,0,0.000000,0,0.000000,0,0.000000,0,0.000000
409,2,1,0.027027,0,0.000000,0,0.000000,0,0.000000,0,0.000000,0,0.000000,0,0.000000,0,0.000000,0,0.000000,0,0.000000,0,0.000000,0,0.000000,0,0.000000,0,0.000000,0,0.000000,0,0.000000,0,0.000000,0,0.000000,0,0.000000,0,0.000000,0,0.000000,0,0.000000,0,0.000000,0,0.000000,0,0.000000,0,0.000000,0,0.000000,0,0.000000,0,0.000000,0,0.000000,2,1.000000,0,0.000000,0,0.000000,0,0.000000,0,0.000000,0,0.000000,0,0.000000,0,0.000000
410,2,1,0.000000,0,0.000000,0,0.000000,0,0.000000,0,0.000000,0,0.000000,0,0.000000,0,0.000000,0,0.000000,0,0.000000,0,0.000000,0,0.000000,0,0.000000,0,0.000000,0,0.000000,0,0.000000,0,0.000000,0,0.000000,0,0.000000,0,0.000000,0,0.000000,0,0.000000,0,0.000000,0,0.000000,0,0.000000,0,0.000000,0,0.000000,0,0.000000,0,0.000000,0,0.000000,0,0.000000,0,0.000000,0,0.000000,0,0.000000,0,0.000000,0,0.000000,2,0.000000,0,0.000000
411,1,1,0.000000,0,0.000000,0,0.000000,0,0.000000,0,0.000000,0,0.000000,0,0.000000,0,0.000000,0,0.000000,0,0.000000,0,0.000000,0,0.000000,0,0.000000,0,0.000000,0,0.000000,1,0.000000,0,0.000000,0,0.000000,0,0.000000,0,0.000000,0,0.000000,0,0.000000,0,0.000000,0,0.000000,0,0.000000,0,0.000000,0,0.000000,0,0.000000,0,0.000000,0,0.000000,0,0.000000,0,0.000000,0,0.000000,0,0.000000,0,0.000000,0,0.000000,0,0.000000,0,0.000000
412,2,1,0.000000,0,0.000000,0,0.000000,0,0.000000,0,0.000000,0,0.000000,0,0.000000,0,0.000000,0,0.000000,0,0.000000,0,0.000000,0,0.000000,0,0.000000,0,0.000000,0,0.000000,0,0.000000,0,0.000000,0,0.000000,0,0.000000,0,0.000000,0,0.000000,0,0.000000,0,0.000000,0,0.000000,0,0.000000,0,0.000000,0,0.000000,0,0.000000,0,0.000000,0,0.000000,0,0.000000,0,0.000000,0,0.000000,0,0.000000,0,0.000000,0,0.000000,2,0.000000,0,0.000000
413,2,1,0.000000,0,0.000000,0,0.000000,0,0.000000,0,0.000000,0,0.000000,0,0.000000,0,0.000000,0,0.000000,0,0.000000,0,0.000000,0,0.000000,0,0.000000,0,0.000000,0,0.000000,0,0.000000,0,0.000000,0,0.000000,0,0.000000,0,0.000000,0,0.000000,0,0.000000,0,0.000000,0,0.000000,0,0.000000,0,0.000000,2,0.000000,0,0.000000,0,0.000000,0,0.000000,0,0.000000,0,0.000000,0,0.000000,0,0.000000,0,0.000000,0,0.000000,0,0.000000,0,0.000000
414,0,0,0.000000,0,0.000000,0,0.000000,0,0.000000,0,0.000000,0,0.000000,0,0.000000,0,0.000000,0,0.000000,0,0.000000,0,0.000000,0,0.000000,0,0.000000,0,0.000000,0,0.000000,0,0.000000,0,0.000000,0,0.000000,0,0.000000,0,0.000000,0,0.000000,0,0.000000,0,0.000000,0,0.000000,0,0.000000,0,0.000000,0,0.000000,0,0.000000,0,0.000000,0,0.000000,0,0.000000,0,0.000000,0,0.000000,0,0.000000,0,0.000000,0,0.000000,0,0.000000,0,0.000000
415,1,1,0.000000,0,0.000000,0,0.000000,0,0.000000,0,0.000000,0,0.000000,0,0.000000,1,0.000000,0,0.000000,0,0.000000,0,0.000000,0,0.000000,0,0.000000,0,0.000000,0,0.000000,0,0.000000,0,0.000000,0,0.000000,0,0.000000,0,0.000000,0,0.000000,0,0.000000,0,0.000000,0,0.000000,0,0.000000,0,0.000000,0,0.000000,0,0.000000,0,0.000000,0,0.000000,0,0.000000,0,0.000000,0,0.000000,0,0.000000,0,0.000000,0,0.000000,0,0.000000,0,0.000000
416,0,0,0.000000,0,0.000000,0,0.000000,0,0.000000,0,0.000000,0,0.000000,0,0.000000,0,0.000000,0,0.000000,0,0.000000,0,0.000000,0,0.000000,0,0.000000,0,0.000000,0,0.000000,0,0.000000,0,0.000000,0,0.000000,0,0.000000,0,0.000000,0,0.000000,0,0.000000,0,0.000000,0,0.000000,0,0.000000,0,0.000000,0,0.000000,0,0.000000,0,0.000000,0,0.000000,0,0.000000,0,0.000000,0,0.000000,0,0.000000,0,0.000000,0,0.000000,0,0.000000,0,0.000000
417,1,1,0.000000,0,0.000000,0,0.000000,0,0.000000,0,0.000000,0,0.000000,0,0.000000,0,0.000000,1,0.000000,0,0.000000,0,0.000000,0,0.000000,0,0.000000,0,0.000000,0,0.000000,0,0.000000,0,0.000000,0,0.000000,0,0.000000,0,0.000000,0,0.000000,0,0.000000,0,0.000000,0,0.000000,0,0.000000,0,0.000000,0,0.000000,0,0.000000,0,0.000000,0,0.000000,0,0.000000,0,0.000000,0,0.000000,0,0.000000,0,0.000000,0,0.000000,0,0.000000,0,0.000000
418,0,0,0.000000,0,0.000000,0,0.000000,0,0.000000,0,0.000000,0,0.000000,0,0.000000,0,0.000000,0,0.000000,0,0.000000,0,0.000000,0,0.000000,0,0.000000,0,0.000000,0,0.000000,0,0.000000,0,0.000000,0,0.000000,0,0.000000,0,0.000000,0,0.000000,0,0.000000,0,0.000000,0,0.000000,0,0.000000,0,0.000000,0,0.000000,0,0.000000,0,0.000000,0,0.000000,0,0.000000,0,0.000000,0,0.000000,0,0.000000,0,0.000000,0,0.000000,0,0.000000,0,0.000000
419,0,0,0.000000,0,0.000000,0,0.000000,0,0.000000,0,0.000000,0,0.000000,0,0.000000,0,0.000000,0,0.000000,0,0.000000,0,0.000000,0,0.000000,0,0.000000,0,0.000000,0,0.000000,0,0.000000,0,0.000000,0,0.000000,0,0.000000,0,0.000000,0,0.000000,0,0.000000,0,0.000000,0,0.000000,0,0.000000,0,0.000000,0,0.000000,0,0.000000,0,0.000000,0,0.000000,0,0.000000,0,0.000000,0,0.000000,0,0.000000,0,0.000000,0,0.000000,0,0.000000,0,0.000000
420,3,2,0.027027,0,0.000000,1,0.000000,0,0.000000,0,0.000000,0,0.000000,0,0.000000,0,0.000000,0,0.000000,0,0.000000,0,0.000000,0,0.000000,0,0.000000,0,0.000000,0,0.000000,0,0.000000,0,0.000000,0,0.000000,0,0.000000,0,0.000000,0,0.000000,0,0.000000,0,0.000000,0,0.000000,0,0.000000,0,0.000000,0,0.000000,0,0.000000,0,0.000000,0,0.000000,2,1.000000,0,0.000000,0,0.000000,0,0.000000,0,0.000000,0,0.000000,0,0.000000,0,0.000000
421,2,1,0.000000,0,0.000000,0,0.000000,0,0.000000,0,0.000000,0,0.000000,0,0.000000,0,0.000000,0,0.000000,0,0.000000,0,0.000000,0,0.000000,0,0.000000,0,0.000000,0,0.000000,0,0.000000,0,0.000000,0,0.000000,0,0.000000,0,0.000000,0,0.000000,0,0.000000,0,0.000000,0,0.000000,0,0.000000,0,0.000000,2,0.000000,0,0.000000,0,0.000000,0,0.000000,0,0.000000,0,0.000000,0,0.000000,0,0.000000,0,0.000000,0,0.000000,0,0.000000,0,0.000000
422,2,1,0.027027,0,0.000000,2,1.000000,0,0.000000,0,0.000000,0,0.000000,0,0.000000,0,0.000000,0,0.000000,0,0.000000,0,0.000000,0,0.000000,0,0.000000,0,0.000000,0,0.000000,0,0.000000,0,0.000000,0,0.000000,0,0.000000,0,0.000000,0,0.000000,0,0.000000,0,0.000000,0,0.000000,0,0.000000,0,0.000000,0,0.000000,0,0.000000,0,0.000000,0,0.000000,0,0.000000,0,0.000000,0,0.000000,0,0.000000,0,0.000000,0,0.000000,0,0.000000,0,0.000000
423,0,0,0.000000,0,0.000000,0,0.000000,0,0.000000,0,0.000000,0,0.000000,0,0.000000,0,0.000000,0,0.000000,0,0.000000,0,0.000000,0,0.000000,0,0.000000,0,0.000000,0,0.000000,0,0.000000,0,0.000000,0,0.000000,0,0.000000,0,0.000000,0,0.000000,0,0.000000,0,0.000000,0,0.000000,0,0.000000,0,0.000000,0,0.000000,0,0.000000,0,0.000000,0,0.000000,0,0.000000,0,0.000000,0,0.000000,0,0.000000,0,0.000000,0,0.000000,0,0.000000,0,0.000000
424,0,0,0.000000,0,0.000000,0,0.000000,0,0.000000,0,0.000000,0,0.000000,0,0.000000,0,0.000000,0,0.000000,0,0.000000,0,0.000000,0,0.000000,0,0.000000,0,0.000000,0,0.000000,0,0.000000,0,0.000000,0,0.000000,0,0.000000,0,0.000000,0,0.000000,0,0.000000,0,0.000000,0,0.000000,0,0.000000,0,0.000000,0,0.000000,0,0.000000,0,0.000000,0,0.000000,0,0.000000,0,0.000000,0,0.000000,0,0.000000,0,0.000000,0,0.000000,0,0.000000,0,0.000000
425,1,1,0.000000,0,0.000000,0,0.000000,0,0.000000,0,0.000000,0,0.000000,0,0.000000,0,0.000000,0,0.000000,0,0.000000,0,0.000000,0,0.000000,0,0.000000,0,0.000000,0,0.000000,0,0.000000,0,0.000000,0,0.000000,0,0.000000,0,0.000000,0,0.000000,0,0.000000,0,0.000000,0,0.000000,0,0.000000,0,0.000000,0,0.000000,0,0.000000,0,0.000000,0,0.000000,0,0.000000,0,0.000000,0,0.000000,0,0.000000,0,0.000000,0,0.000000,0,0.000000,1,0.000000
426,2,1,0.000000,0,0.000000,2,0.000000,0,0.000000,0,0.000000,0,0.000000,0,0.000000,0,0.000000,0,0.000000,0,0.000000,0,0.000000,0,0.000000,0,0.000000,0,0.000000,0,0.000000,0,0.000000,0,0.000000,0,0.000000,0,0.000000,0,0.000000,0,0.000000,0,0.000000,0,0.000000,0,0.000000,0,0.000000,0,0.000000,0,0.000000,0,0.000000,0,0.000000,0,0.000000,0,0.000000,0,0.000000,0,0.000000,0,0.000000,0,0.000000,0,0.000000,0,0.000000,0,0.000000
427,1,1,0.000000,0,0.000000,0,0.000000,0,0.000000,0,0.000000,0,0.000000,0,0.000000,0,0.000000,0,0.000000,0,0.000000,0,0.000000,0,0.000000,0,0.000000,0,0.000000,0,0.000000,0,0.000000,0,0.000000,0,0.000000,0,0.000000,0,0.000000,0,0.000000,0,0.000000,0,0.000000,0,0.000000,0,0.000000,0,0.000000,0,0.000000,0,0.000000,0,0.000000,0,0.000000,0,0.000000,0,0.000000,0,0.000000,0,0.000000,0,0.000000,0,0.000000,0,0.000000,1,0.000000
428,2,2,0.000000,0,0.000000,0,0.000000,0,0.000000,0,0.000000,0,0.000000,0,0.000000,0,0.000000,0,0.000000,0,0.000000,0,0.000000,0,0.000000,0,0.000000,0,0.000000,1,0.000000,0,0.000000,0,0.000000,0,0.000000,0,0.000000,0,0.000000,0,0.000000,0,0.000000,0,0.000000,0,0.000000,0,0.000000,0,0.000000,0,0.000000,0,0.000000,0,0.000000,0,0.000000,0,0.000000,0,0.000000,0,0.000000,1,0.000000,0,0.000000,0,0.000000,0,0.000000,0,0.000000
429,1,1,0.000000,0,0.000000,1,0.000000,0,0.000000,0,0.000000,0,0.000000,0,0.000000,0,0.000000,0,0.000000,0,0.000000,0,0.000000,0,0.000000,0,0.000000,0,0.000000,0,0.000000,0,0.000000,0,0.000000,0,0.000000,0,0.000000,0,0.000000,0,0.000000,0,0.000000,0,0.000000,0,0.000000,0,0.000000,0,0.000000,0,0.000000,0,0.000000,0,0.000000,0,0.000000,0,0.000000,0,0.000000,0,0.000000,0,0.000000,0,0.000000,0,0.000000,0,0.000000,0,0.000000
430,2,2,0.000000,0,0.000000,1,0.000000,0,0.000000,0,0.000000,0,0.000000,0,0.000000,0,0.000000,0,0.000000,0,0.000000,0,0.000000,0,0.000000,0,0.000000,0,0.000000,0,0.000000,0,0.000000,0,0.000000,0,0.000000,0,0.000000,0,0.000000,0,0.000000,0,0.000000,0,0.000000,0,0.000000,0,0.000000,0,0.000000,1,0.000000,0,0.000000,0,0.000000,0,0.000000,0,0.000000,0,0.000000,0,0.000000,0,0.000000,0,0.000000,0,0.000000,0,0.000000,0,0.000000
431,1,1,0.000000,0,0.000000,0,0.000000,0,0.000000,0,0.000000,0,0.000000,0,0.000000,0,0.000000,0,0.000000,0,0.000000,0,0.000000,0,0.000000,0,0.000000,0,0.000000,0,0.000000,0,0.000000,0,0.000000,0,0.000000,0,0.000000,0,0.000000,0,0.000000,0,0.000000,0,0.000000,0,0.000000,0,0.000000,0,0.000000,0,0.000000,0,0.000000,0,0.000000,1,0.000000,0,0.000000,0,0.000000,0,0.000000,0,0.000000,0,0.000000,0,0.000000,0,0.000000,0,0.000000
432,3,2,0.027027,0,0.000000,0,0.000000,1,0.000000,0,0.000000,0,0.000000,0,0.000000,0,0.000000,0,0.000000,0,0.000000,0,0.000000,0,0.000000,0,0.000000,0,0.000000,0,0.000000,0,0.000000,0,0.000000,0,0.000000,0,0.000000,0,0.000000,0,0.000000,0,0.000000,0,0.000000,0,0.000000,0,0.000000,0,0.000000,0,0.000000,2,1.000000,0,0.000000,0,0.000000,0,0.000000,0,0.000000,0,0.000000,0,0.000000,0,0.000000,0,0.000000,0,0.000000,0,0.000000
433,4,1,0.004505,0,0.000000,4,0.166667,0,0.000000,0,0.000000,0,0.000000,0,0.000000,0,0.000000,0,0.000000,0,0.000000,0,0.000000,0,0.000000,0,0.000000,0,0.000000,0,0.000000,0,0.000000,0,0.000000,0,0.000000,0,0.000000,0,0.000000,0,0.000000,0,0.000000,0,0.000000,0,0.000000,0,0.000000,0,0.000000,0,0.000000,0,0.000000,0,0.000000,0,0.000000,0,0.000000,0,0.000000,0,0.000000,0,0.000000,0,0.000000,0,0.000000,0,0.000000,0,0.000000
434,1,1,0.000000,0,0.000000,0,0.000000,0,0.000000,0,0.000000,0,0.000000,0,0.000000,0,0.000000,0,0.000000,0,0.000000,0,0.000000,0,0.000000,0,0.000000,0,0.000000,0,0.000000,0,0.000000,0,0.000000,0,0.000000,0,0.000000,0,0.000000,0,0.000000,0,0.000000,0,0.000000,0,0.000000,0,0.000000,0,0.000000,0,0.000000,0,0.000000,0,0.000000,0,0.000000,1,0.000000,0,0.000000,0,0.000000,0,0.000000,0,0.000000,0,0.000000,0,0.000000,0,0.000000
435,3,2,0.000000,0,0.000000,0,0.000000,0,0.000000,0,0.000000,0,0.000000,0,0.000000,1,0.000000,0,0.000000,0,0.000000,0,0.000000,0,0.000000,0,0.000000,0,0.000000,0,0.000000,0,0.000000,0,0.000000,0,0.000000,0,0.000000,0,0.000000,0,0.000000,0,0.000000,0,0.000000,0,0.000000,0,0.000000,0,0.000000,2,0.000000,0,0.000000,0,0.000000,0,0.000000,0,0.000000,0,0.000000,0,0.000000,0,0.000000,0,0.000000,0,0.000000,0,0.000000,0,0.000000
436,2,1,0.027027,0,0.000000,0,0.000000,0,0.000000,0,0.000000,0,0.000000,0,0.000000,0,0.000000,0,0.000000,0,0.000000,0,0.000000,0,0.000000,0,0.000000,0,0.000000,0,0.000000,0,0.000000,0,0.000000,0,0.000000,0,0.000000,0,0.000000,0,0.000000,0,0.000000,0,0.000000,0,0.000000,0,0.000000,0,0.000000,0,0.000000,2,1.000000,0,0.000000,0,0.000000,0,0.000000,0,0.000000,0,0.000000,0,0.000000,0,0.000000,0,0.000000,0,0.000000,0,0.000000
437,1,1,0.000000,1,0.000000,0,0.000000,0,0.000000,0,0.000000,0,0.000000,0,0.000000,0,0.000000,0,0.000000,0,0.000000,0,0.000000,0,0.000000,0,0.000000,0,0.000000,0,0.000000,0,0.000000,0,0.000000,0,0.000000,0,0.000000,0,0.000000,0,0.000000,0,0.000000,0,0.000000,0,0.000000,0,0.000000,0,0.000000,0,0.000000,0,0.000000,0,0.000000,0,0.000000,0,0.000000,0,0.000000,0,0.000000,0,0.000000,0,0.000000,0,0.000000,0,0.000000,0,0.000000
438,1,1,0.000000,0,0.000000,0,0.000000,0,0.000000,0,0.000000,0,0.000000,0,0.000000,0,0.000000,0,0.000000,0,0.000000,0,0.000000,0,0.000000,0,0.000000,0,0.000000,0,0.000000,0,0.000000,0,0.000000,0,0.000000,0,0.000000,0,0.000000,0,0.000000,0,0.000000,0,0.000000,0,0.000000,1,0.000000,0,0.000000,0,0.000000,0,0.000000,0,0.000000,0,0.000000,0,0.000000,0,0.000000,0,0.000000,0,0.000000,0,0.000000,0,0.000000,0,0.000000,0,0.000000
439,4,1,0.004505,0,0.000000,0,0.000000,0,0.000000,0,0.000000,0,0.000000,0,0.000000,0,0.000000,0,0.000000,0,0.000000,0,0.000000,0,0.000000,0,0.000000,0,0.000000,0,0.000000,0,0.000000,0,0.000000,0,0.000000,0,0.000000,0,0.000000,0,0.000000,0,0.000000,0,0.000000,0,0.000000,0,0.000000,0,0.000000,4,0.166667,0,0.000000,0,0.000000,0,0.000000,0,0.000000,0,0.000000,0,0.000000,0,0.000000,0,0.000000,0,0.000000,0,0.000000,0,0.000000
440,1,1,0.000000,0,0.000000,0,0.000000,0,0.000000,0,0.000000,0,0.000000,0,0.000000,0,0.000000,0,0.000000,0,0.000000,0,0.000000,0,0.000000,0,0.000000,0,0.000000,0,0.000000,0,0.000000,0,0.000000,0,0.000000,0,0.000000,0,0.000000,0,0.000000,0,0.000000,1,0.000000,0,0.000000,0,0.000000,0,0.000000,0,0.000000,0,0.000000,0,0.000000,0,0.000000,0,0.000000,0,0.000000,0,0.000000,0,0.000000,0,0.000000,0,0.000000,0,0.000000,0,0.000000
441,1,1,0.000000,0,0.000000,0,0.000000,0,0.000000,0,0.000000,0,0.000000,0,0.000000,0,0.000000,0,0.000000,0,0.000000,0,0.000000,0,0.000000,0,0.000000,0,0.000000,0,0.000000,0,0.000000,0,0.000000,0,0.000000,0,0.000000,0,0.000000,0,0.000000,0,0.000000,0,0.000000,0,0.000000,0,0.000000,0,0.000000,1,0.000000,0,0.000000,0,0.000000,0,0.000000,0,0.000000,0,0.000000,0,0.000000,0,0.000000,0,0.000000,0,0.000000,0,0.000000,0,0.000000
442,2,1,0.027027,0,0.000000,0,0.000000,0,0.000000,0,0.000000,0,0.000000,0,0.000000,0,0.000000,0,0.000000,0,0.000000,0,0.000000,0,0.000000,0,0.000000,0,0.000000,0,0.000000,0,0.000000,0,0.000000,0,0.000000,0,0.000000,2,1.000000,0,0.000000,0,0.000000,0,0.000000,0,0.000000,0,0.000000,0,0.000000,0,0.000000,0,0.000000,0,0.000000,0,0.000000,0,0.000000,0,0.000000,0,0.000000,0,0.000000,0,0.000000,0,0.000000,0,0.000000,0,0.000000
443,1,1,0.000000,0,0.000000,0,0.000000,0,0.000000,0,0.000000,0,0.000000,0,0.000000,0,0.000000,0,0.000000,0,0.000000,0,0.000000,0,0.000000,0,0.000000,0,0.000000,0,0.000000,0,0.000000,0,0.000000,0,0.000000,0,0.000000,0,0.000000,0,0.000000,0,0.000000,0,0.000000,0,0.000000,0,0.000000,0,0.000000,0,0.000000,0,0.000000,0,0.000000,0,0.000000,0,0.000000,0,0.000000,0,0.000000,0,0.000000,0,0.000000,0,0.000000,0,0.000000,1,0.000000
444,1,1,0.000000,0,0.000000,0,0.000000,0,0.000000,0,0.000000,0,0.000000,0,0.000000,0,0.000000,0,0.000000,0,0.000000,0,0.000000,0,0.000000,0,0.000000,0,0.000000,0,0.000000,0,0.000000,0,0.000000,0,0.000000,0,0.000000,0,0.000000,0,0.000000,0,0.000000,0,0.000000,0,0.000000,0,0.000000,0,0.000000,1,0.000000,0,0.000000,0,0.000000,0,0.000000,0,0.000000,0,0.000000,0,0.000000,0,0.000000,0,0.000000,0,0.000000,0,0.000000,0,0.000000
445,0,0,0.000000,0,0.000000,0,0.000000,0,0.000000,0,0.000000,0,0.000000,0,0.000000,0,0.000000,0,0.000000,0,0.000000,0,0.000000,0,0.000000,0,0.000000,0,0.000000,0,0.000000,0,0.000000,0,0.000000,0,0.000000,0,0.000000,0,0.000000,0,0.000000,0,0.000000,0,0.000000,0,0.000000,0,0.000000,0,0.000000,0,0.000000,0,0.000000,0,0.000000,0,0.000000,0,0.000000,0,0.000000,0,0.000000,0,0.000000,0,0.000000,0,0.000000,0,0.000000,0,0.000000
446,2,1,0.027027,0,0.000000,0,0.000000,0,0.000000,0,0.000000,0,0.000000,0,0.000000,0,0.000000,0,0.000000,0,0.000000,0,0.000000,0,0.000000,0,0.000000,0,0.000000,0,0.000000,0,0.000000,0,0.000000,0,0.000000,0,0.000000,2,1.000000,0,0.000000,0,0.000000,0,0.000000,0,0.000000,0,0.000000,0,0.000000,0,0.000000,0,0.000000,0,0.000000,0,0.000000,0,0.000000,0,0.000000,0,0.000000,0,0.000000,0,0.000000,0,0.000000,0,0.000000,0,0.000000
447,1,1,0.000000,0,0.000000,1,0.000000,0,0.000000,0,0.000000,0,0.000000,0,0.000000,0,0.000000,0,0.000000,0,0.000000,0,0.000000,0,0.000000,0,0.000000,0,0.000000,0,0.000000,0,0.000000,0,0.000000,0,0.000000,0,0.000000,0,0.000000,0,0.000000,0,0.000000,0,0.000000,0,0.000000,0,0.000000,0,0.000000,0,0.000000,0,0.000000,0,0.000000,0,0.000000,0,0.000000,0,0.000000,0,0.000000,0,0.000000,0,0.000000,0,0.000000,0,0.000000,0,0.000000
448,1,1,0.000000,0,0.000000,1,0.000000,0,0.000000,0,0.000000,0,0.000000,0,0.000000,0,0.000000,0,0.000000,0,0.000000,0,0.000000,0,0.000000,0,0.000000,0,0.000000,0,0.000000,0,0.000000,0,0.000000,0,0.000000,0,0.000000,0,0.000000,0,0.000000,0,0.000000,0,0.000000,0,0.000000,0,0.000000,0,0.000000,0,0.000000,0,0.000000,0,0.000000,0,0.000000,0,0.000000,0,0.000000,0,0.000000,0,0.000000,0,0.000000,0,0.000000,0,0.000000,0,0.000000
449,1,1,0.000000,0,0.000000,0,0.000000,0,0.000000,0,0.000000,0,0.000000,0,0.000000,0,0.000000,0,0.000000,0,0.000000,0,0.000000,0,0.000000,0,0.000000,0,0.000000,0,0.000000,0,0.000000,0,0.000000,0,0.000000,0,0.000000,0,0.000000,0,0.000000,0,0.000000,0,0.000000,0,0.000000,0,0.000000,0,0.000000,0,0.000000,0,0.000000,0,0.000000,0,0.000000,0,0.000000,1,0.000000,0,0.000000,0,0.000000,0,0.000000,0,0.000000,0,0.000000,0,0.000000
