Node,OccCentrality,TotalDegree,AvgRelevance,AvgExclusiveRelevance,Deg_L0,Rel_L0,ExRel_L0,Deg_L1,Rel_L1,ExRel_L1,Deg_L2,Rel_L2,ExRel_L2,Deg_L3,Rel_L3,ExRel_L3,Deg_L4,Rel_L4,ExRel_L4,Deg_L5,Rel_L5,ExRel_L5,Deg_L6,Rel_L6,ExRel_L6,Deg_L7,Rel_L7,ExRel_L7,Deg_L8,Rel_L8,ExRel_L8,Deg_L9,Rel_L9,ExRel_L9,Deg_L10,Rel_L10,ExRel_L10,Deg_L11,Rel_L11,ExRel_L11,Deg_L12,Rel_L12,ExRel_L12,Deg_L13,Rel_L13,ExRel_L13,Deg_L14,Rel_L14,ExRel_L14,Deg_L15,Rel_L15,ExRel_L15,Deg_L16,Rel_L16,ExRel_L16,Deg_L17,Rel_L17,ExRel_L17,Deg_L18,Rel_L18,ExRel_L18,Deg_L19,Rel_L19,ExRel_L19,Deg_L20,Rel_L20,ExRel_L20,Deg_L21,Rel_L21,ExRel_L21,Deg_L22,Rel_L22,ExRel_L22,Deg_L23,Rel_L23,ExRel_L23,Deg_L24,Rel_L24,ExRel_L24,Deg_L25,Rel_L25,ExRel_L25,Deg_L26,Rel_L26,ExRel_L26,Deg_L27,Rel_L27,ExRel_L27,Deg_L28,Rel_L28,ExRel_L28,Deg_L29,Rel_L29,ExRel_L29,Deg_L30,Rel_L30,ExRel_L30,Deg_L31,Rel_L31,ExRel_L31,Deg_L32,Rel_L32,ExRel_L32,Deg_L33,Rel_L33,ExRel_L33,Deg_L34,Rel_L34,ExRel_L34,Deg_L35,Rel_L35,ExRel_L35,Deg_L36,Rel_L36,ExRel_L36
14,0.028570,156,0.0409,0.0165,3,0.0291,0.0000,0,0.0000,0.0000,15,0.1456,0.0388,2,0.0194,0.0000,1,0.0097,0.0000,1,0.0097,0.0000,2,0.0194,0.0097,3,0.0291,0.0000,62,0.6019,0.2913,4,0.0388,0.0194,1,0.0097,0.0000,1,0.0097,0.0000,2,0.0194,0.0000,1,0.0097,0.0000,2,0.0194,0.0194,0,0.0000,0.0000,2,0.0194,0.0097,0,0.0000,0.0000,1,0.0097,0.0000,1,0.0097,0.0000,5,0.0485,0.0000,0,0.0000,0.0000,2,0.0194,0.0194,0,0.0000,0.0000,1,0.0097,0.0000,10,0.0971,0.0194,29,0.2816,0.1650,0,0.0000,0.0000,0,0.0000,0.0000,0,0.0000,0.0000,1,0.0097,0.0000,1,0.0097,0.0097,1,0.0097,0.0000,1,0.0097,0.0097,0,0.0000,0.0000,0,0.0000,0.0000,1,0.0097,0.0000
63,0.025805,122,0.0412,0.0166,4,0.0500,0.0000,0,0.0000,0.0000,1,0.0125,0.0125,1,0.0125,0.0000,1,0.0125,0.0000,8,0.1000,0.0375,1,0.0125,0.0000,0,0.0000,0.0000,1,0.0125,0.0000,1,0.0125,0.0000,1,0.0125,0.0000,1,0.0125,0.0000,1,0.0125,0.0000,64,0.8000,0.4375,0,0.0000,0.0000,0,0.0000,0.0000,1,0.0125,0.0125,1,0.0125,0.0000,1,0.0125,0.0000,2,0.0250,0.0000,1,0.0125,0.0000,1,0.0125,0.0000,1,0.0125,0.0125,3,0.0375,0.0000,1,0.0125,0.0000,3,0.0375,0.0250,0,0.0000,0.0000,18,0.2250,0.0375,2,0.0250,0.0125,0,0.0000,0.0000,0,0.0000,0.0000,0,0.0000,0.0000,0,0.0000,0.0000,1,0.0125,0.0125,0,0.0000,0.0000,1,0.0125,0.0125,0,0.0000,0.0000
23,0.023685,97,0.0320,0.0224,2,0.0244,0.0000,0,0.0000,0.0000,0,0.0000,0.0000,1,0.0122,0.0000,82,1.0000,0.8293,0,0.0000,0.0000,1,0.0122,0.0000,0,0.0000,0.0000,1,0.0122,0.0000,1,0.0122,0.0000,1,0.0122,0.0000,1,0.0122,0.0000,0,0.0000,0.0000,1,0.0122,0.0000,0,0.0000,0.0000,0,0.0000,0.0000,0,0.0000,0.0000,0,0.0000,0.0000,0,0.0000,0.0000,0,0.0000,0.0000,0,0.0000,0.0000,0,0.0000,0.0000,0,0.0000,0.0000,0,0.0000,0.0000,1,0.0122,0.0000,0,0.0000,0.0000,0,0.0000,0.0000,0,0.0000,0.0000,1,0.0122,0.0000,1,0.0122,0.0000,0,0.0000,0.0000,0,0.0000,0.0000,1,0.0122,0.0000,1,0.0122,0.0000,0,0.0000,0.0000,0,0.0000,0.0000,1,0.0122,0.0000
49,0.023105,152,0.0432,0.0165,4,0.0421,0.0105,28,0.2947,0.1684,17,0.1789,0.0737,1,0.0105,0.0000,1,0.0105,0.0000,1,0.0105,0.0000,1,0.0105,0.0000,0,0.0000,0.0000,1,0.0105,0.0000,2,0.0211,0.0000,2,0.0211,0.0000,33,0.3474,0.1053,0,0.0000,0.0000,0,0.0000,0.0000,0,0.0000,0.0000,4,0.0421,0.0211,2,0.0211,0.0000,1,0.0105,0.0000,1,0.0105,0.0105,1,0.0105,0.0000,8,0.0842,0.0000,32,0.3368,0.1579,1,0.0105,0.0000,0,0.0000,0.0000,0,0.0000,0.0000,0,0.0000,0.0000,0,0.0000,0.0000,1,0.0105,0.0000,0,0.0000,0.0000,1,0.0105,0.0000,1,0.0105,0.0105,4,0.0421,0.0211,1,0.0105,0.0000,1,0.0105,0.0105,0,0.0000,0.0000,2,0.0211,0.0211,0,0.0000,0.0000
21,0.019735,104,0.0356,0.0205,3,0.0380,0.0380,0,0.0000,0.0000,4,0.0506,0.0253,1,0.0127,0.0000,3,0.0380,0.0380,0,0.0000,0.0000,0,0.0000,0.0000,3,0.0380,0.0127,1,0.0127,0.0127,2,0.0253,0.0000,2,0.0253,0.0253,1,0.0127,0.0000,0,0.0000,0.0000,1,0.0127,0.0000,2,0.0253,0.0127,0,0.0000,0.0000,2,0.0253,0.0000,43,0.5443,0.3038,1,0.0127,0.0127,1,0.0127,0.0000,1,0.0127,0.0000,2,0.0253,0.0253,1,0.0127,0.0127,0,0.0000,0.0000,3,0.0380,0.0380,10,0.1266,0.0886,1,0.0127,0.0127,0,0.0000,0.0000,0,0.0000,0.0000,1,0.0127,0.0000,1,0.0127,0.0000,10,0.1266,0.0633,1,0.0127,0.0000,1,0.0127,0.0127,0,0.0000,0.0000,2,0.0253,0.0253,0,0.0000,0.0000
107,0.019705,110,0.0330,0.0213,1,0.0111,0.0000,54,0.6000,0.4444,0,0.0000,0.0000,1,0.0111,0.0000,1,0.0111,0.0111,0,0.0000,0.0000,0,0.0000,0.0000,2,0.0222,0.0111,0,0.0000,0.0000,0,0.0000,0.0000,1,0.0111,0.0000,0,0.0000,0.0000,1,0.0111,0.0000,0,0.0000,0.0000,1,0.0111,0.0111,0,0.0000,0.0000,0,0.0000,0.0000,0,0.0000,0.0000,0,0.0000,0.0000,0,0.0000,0.0000,0,0.0000,0.0000,1,0.0111,0.0000,40,0.4444,0.2778,0,0.0000,0.0000,0,0.0000,0.0000,3,0.0333,0.0222,0,0.0000,0.0000,0,0.0000,0.0000,0,0.0000,0.0000,0,0.0000,0.0000,0,0.0000,0.0000,1,0.0111,0.0000,1,0.0111,0.0000,1,0.0111,0.0000,0,0.0000,0.0000,1,0.0111,0.0111,0,0.0000,0.0000
6,0.019130,118,0.0409,0.0156,6,0.0769,0.0000,0,0.0000,0.0000,26,0.3333,0.1538,1,0.0128,0.0000,1,0.0128,0.0000,1,0.0128,0.0000,50,0.6410,0.2564,3,0.0385,0.0000,1,0.0128,0.0000,2,0.0256,0.0000,1,0.0128,0.0128,0,0.0000,0.0000,0,0.0000,0.0000,1,0.0128,0.0000,4,0.0513,0.0256,0,0.0000,0.0000,0,0.0000,0.0000,1,0.0128,0.0128,1,0.0128,0.0000,2,0.0256,0.0000,3,0.0385,0.0256,0,0.0000,0.0000,2,0.0256,0.0256,0,0.0000,0.0000,0,0.0000,0.0000,0,0.0000,0.0000,0,0.0000,0.0000,1,0.0128,0.0000,0,0.0000,0.0000,1,0.0128,0.0000,1,0.0128,0.0000,4,0.0513,0.0385,1,0.0128,0.0000,1,0.0128,0.0128,0,0.0000,0.0000,3,0.0385,0.0128,0,0.0000,0.0000
70,0.018120,82,0.0418,0.0133,8,0.1509,0.0377,0,0.0000,0.0000,0,0.0000,0.0000,43,0.8113,0.3019,1,0.0189,0.0000,0,0.0000,0.0000,1,0.0189,0.0000,5,0.0943,0.0189,1,0.0189,0.0000,2,0.0377,0.0000,2,0.0377,0.0000,1,0.0189,0.0000,0,0.0000,0.0000,1,0.0189,0.0000,0,0.0000,0.0000,0,0.0000,0.0000,1,0.0189,0.0000,1,0.0189,0.0000,1,0.0189,0.0000,1,0.0189,0.0000,3,0.0566,0.0566,0,0.0000,0.0000,4,0.0755,0.0566,0,0.0000,0.0000,0,0.0000,0.0000,0,0.0000,0.0000,0,0.0000,0.0000,0,0.0000,0.0000,0,0.0000,0.0000,2,0.0377,0.0000,0,0.0000,0.0000,4,0.0755,0.0189,0,0.0000,0.0000,0,0.0000,0.0000,0,0.0000,0.0000,0,0.0000,0.0000,0,0.0000,0.0000
65,0.017380,93,0.0387,0.0175,5,0.0769,0.0000,0,0.0000,0.0000,3,0.0462,0.0308,1,0.0154,0.0000,1,0.0154,0.0000,9,0.1385,0.0615,0,0.0000,0.0000,3,0.0462,0.0000,1,0.0154,0.0000,0,0.0000,0.0000,47,0.7231,0.3692,1,0.0154,0.0000,0,0.0000,0.0000,1,0.0154,0.0000,0,0.0000,0.0000,0,0.0000,0.0000,2,0.0308,0.0154,0,0.0000,0.0000,1,0.0154,0.0154,1,0.0154,0.0000,1,0.0154,0.0000,0,0.0000,0.0000,1,0.0154,0.0000,1,0.0154,0.0154,1,0.0154,0.0154,7,0.1077,0.0769,0,0.0000,0.0000,1,0.0154,0.0000,2,0.0308,0.0308,0,0.0000,0.0000,1,0.0154,0.0000,0,0.0000,0.0000,1,0.0154,0.0000,1,0.0154,0.0154,0,0.0000,0.0000,0,0.0000,0.0000,0,0.0000,0.0000
76,0.016515,69,0.0389,0.0169,2,0.0417,0.0000,0,0.0000,0.0000,2,0.0417,0.0000,1,0.0208,0.0000,1,0.0208,0.0208,2,0.0417,0.0000,0,0.0000,0.0000,2,0.0417,0.0000,1,0.0208,0.0000,0,0.0000,0.0000,0,0.0000,0.0000,0,0.0000,0.0000,8,0.1667,0.0208,1,0.0208,0.0000,0,0.0000,0.0000,0,0.0000,0.0000,1,0.0208,0.0208,0,0.0000,0.0000,40,0.8333,0.4792,1,0.0208,0.0000,0,0.0000,0.0000,0,0.0000,0.0000,0,0.0000,0.0000,0,0.0000,0.0000,0,0.0000,0.0000,1,0.0208,0.0000,0,0.0000,0.0000,0,0.0000,0.0000,0,0.0000,0.0000,0,0.0000,0.0000,1,0.0208,0.0000,1,0.0208,0.0208,1,0.0208,0.0208,1,0.0208,0.0000,0,0.0000,0.0000,2,0.0417,0.0417,0,0.0000,0.0000
77,0.016365,56,0.0309,0.0232,1,0.0204,0.0000,8,0.1633,0.1224,0,0.0000,0.0000,0,0.0000,0.0000,1,0.0204,0.0000,0,0.0000,0.0000,0,0.0000,0.0000,0,0.0000,0.0000,0,0.0000,0.0000,0,0.0000,0.0000,0,0.0000,0.0000,0,0.0000,0.0000,1,0.0204,0.0000,0,0.0000,0.0000,0,0.0000,0.0000,1,0.0204,0.0204,0,0.0000,0.0000,0,0.0000,0.0000,1,0.0204,0.0000,1,0.0204,0.0000,0,0.0000,0.0000,0,0.0000,0.0000,0,0.0000,0.0000,0,0.0000,0.0000,0,0.0000,0.0000,0,0.0000,0.0000,0,0.0000,0.0000,0,0.0000,0.0000,0,0.0000,0.0000,0,0.0000,0.0000,1,0.0204,0.0204,0,0.0000,0.0000,0,0.0000,0.0000,41,0.8367,0.6939,0,0.0000,0.0000,0,0.0000,0.0000,0,0.0000,0.0000
37,0.016310,139,0.0376,0.0186,78,0.7800,0.4900,0,0.0000,0.0000,4,0.0400,0.0300,1,0.0100,0.0000,1,0.0100,0.0000,19,0.1900,0.0900,1,0.0100,0.0000,3,0.0300,0.0000,1,0.0100,0.0000,1,0.0100,0.0000,1,0.0100,0.0000,1,0.0100,0.0000,2,0.0200,0.0000,1,0.0100,0.0000,0,0.0000,0.0000,0,0.0000,0.0000,1,0.0100,0.0000,0,0.0000,0.0000,1,0.0100,0.0000,4,0.0400,0.0100,0,0.0000,0.0000,0,0.0000,0.0000,1,0.0100,0.0100,3,0.0300,0.0200,1,0.0100,0.0000,4,0.0400,0.0000,0,0.0000,0.0000,1,0.0100,0.0000,3,0.0300,0.0100,2,0.0200,0.0000,0,0.0000,0.0000,1,0.0100,0.0000,0,0.0000,0.0000,1,0.0100,0.0100,0,0.0000,0.0000,2,0.0200,0.0200,0,0.0000,0.0000
25,0.015900,81,0.0342,0.0211,4,0.0625,0.0156,0,0.0000,0.0000,6,0.0938,0.0469,1,0.0156,0.0156,1,0.0156,0.0156,0,0.0000,0.0000,1,0.0156,0.0000,0,0.0000,0.0000,1,0.0156,0.0000,0,0.0000,0.0000,3,0.0469,0.0156,0,0.0000,0.0000,3,0.0469,0.0312,1,0.0156,0.0156,0,0.0000,0.0000,5,0.0781,0.0625,0,0.0000,0.0000,1,0.0156,0.0000,1,0.0156,0.0000,1,0.0156,0.0000,1,0.0156,0.0000,0,0.0000,0.0000,1,0.0156,0.0156,1,0.0156,0.0156,0,0.0000,0.0000,5,0.0781,0.0625,0,0.0000,0.0000,0,0.0000,0.0000,0,0.0000,0.0000,0,0.0000,0.0000,41,0.6406,0.4375,0,0.0000,0.0000,1,0.0156,0.0000,0,0.0000,0.0000,0,0.0000,0.0000,2,0.0312,0.0312,0,0.0000,0.0000
54,0.015885,76,0.0367,0.0188,4,0.0714,0.0357,0,0.0000,0.0000,5,0.0893,0.0536,1,0.0179,0.0179,1,0.0179,0.0000,0,0.0000,0.0000,1,0.0179,0.0000,0,0.0000,0.0000,1,0.0179,0.0000,1,0.0179,0.0000,2,0.0357,0.0179,2,0.0357,0.0000,2,0.0357,0.0179,1,0.0179,0.0179,0,0.0000,0.0000,10,0.1786,0.0893,1,0.0179,0.0179,1,0.0179,0.0000,0,0.0000,0.0000,1,0.0179,0.0000,0,0.0000,0.0000,0,0.0000,0.0000,1,0.0179,0.0000,2,0.0357,0.0179,0,0.0000,0.0000,0,0.0000,0.0000,0,0.0000,0.0000,0,0.0000,0.0000,0,0.0000,0.0000,0,0.0000,0.0000,1,0.0179,0.0000,1,0.0179,0.0179,34,0.6071,0.3393,1,0.0179,0.0179,0,0.0000,0.0000,2,0.0357,0.0357,0,0.0000,0.0000
82,0.015855,119,0.0397,0.0174,3,0.0370,0.0000,0,0.0000,0.0000,12,0.1481,0.0123,2,0.0247,0.0000,1,0.0123,0.0000,4,0.0494,0.0370,6,0.0741,0.0370,1,0.0123,0.0000,1,0.0123,0.0000,48,0.5926,0.3086,2,0.0247,0.0247,1,0.0123,0.0000,4,0.0494,0.0247,1,0.0123,0.0000,0,0.0000,0.0000,8,0.0988,0.0494,2,0.0247,0.0123,1,0.0123,0.0000,1,0.0123,0.0000,2,0.0247,0.0123,7,0.0864,0.0370,1,0.0123,0.0000,1,0.0123,0.0123,3,0.0370,0.0370,1,0.0123,0.0123,0,0.0000,0.0000,1,0.0123,0.0123,1,0.0123,0.0000,0,0.0000,0.0000,1,0.0123,0.0000,1,0.0123,0.0000,0,0.0000,0.0000,1,0.0123,0.0000,1,0.0123,0.0123,0,0.0000,0.0000,0,0.0000,0.0000,0,0.0000,0.0000
1,0.015780,127,0.0377,0.0172,77,0.8462,0.4835,0,0.0000,0.0000,0,0.0000,0.0000,2,0.0220,0.0110,1,0.0110,0.0000,7,0.0769,0.0330,1,0.0110,0.0000,4,0.0440,0.0000,1,0.0110,0.0000,2,0.0220,0.0000,1,0.0110,0.0000,1,0.0110,0.0000,0,0.0000,0.0000,2,0.0220,0.0110,3,0.0330,0.0110,0,0.0000,0.0000,1,0.0110,0.0000,0,0.0000,0.0000,1,0.0110,0.0000,5,0.0549,0.0000,0,0.0000,0.0000,1,0.0110,0.0000,1,0.0110,0.0000,0,0.0000,0.0000,0,0.0000,0.0000,3,0.0330,0.0110,0,0.0000,0.0000,1,0.0110,0.0000,5,0.0549,0.0549,2,0.0220,0.0110,1,0.0110,0.0000,2,0.0220,0.0110,1,0.0110,0.0000,1,0.0110,0.0000,0,0.0000,0.0000,0,0.0000,0.0000,0,0.0000,0.0000
251,0.015700,124,0.0339,0.0205,0,0.0000,0.0000,8,0.0808,0.0404,67,0.6768,0.4646,20,0.2020,0.0707,0,0.0000,0.0000,2,0.0202,0.0202,0,0.0000,0.0000,0,0.0000,0.0000,0,0.0000,0.0000,0,0.0000,0.0000,0,0.0000,0.0000,0,0.0000,0.0000,6,0.0606,0.0404,0,0.0000,0.0000,10,0.1010,0.0808,0,0.0000,0.0000,3,0.0303,0.0000,0,0.0000,0.0000,0,0.0000,0.0000,0,0.0000,0.0000,0,0.0000,0.0000,0,0.0000,0.0000,5,0.0505,0.0202,0,0.0000,0.0000,0,0.0000,0.0000,1,0.0101,0.0101,0,0.0000,0.0000,0,0.0000,0.0000,0,0.0000,0.0000,0,0.0000,0.0000,0,0.0000,0.0000,0,0.0000,0.0000,1,0.0101,0.0000,1,0.0101,0.0101,0,0.0000,0.0000,0,0.0000,0.0000,0,0.0000,0.0000
39,0.015680,137,0.0390,0.0176,4,0.0421,0.0211,19,0.2000,0.0842,15,0.1579,0.0842,1,0.0105,0.0000,1,0.0105,0.0105,5,0.0526,0.0211,4,0.0421,0.0000,1,0.0105,0.0105,1,0.0105,0.0000,2,0.0211,0.0105,3,0.0316,0.0000,2,0.0211,0.0000,1,0.0105,0.0105,1,0.0105,0.0000,0,0.0000,0.0000,6,0.0632,0.0526,2,0.0211,0.0000,1,0.0105,0.0000,1,0.0105,0.0105,1,0.0105,0.0105,29,0.3053,0.0947,15,0.1579,0.1368,3,0.0316,0.0105,3,0.0316,0.0211,0,0.0000,0.0000,4,0.0421,0.0105,3,0.0316,0.0211,1,0.0105,0.0000,0,0.0000,0.0000,1,0.0105,0.0000,1,0.0105,0.0000,4,0.0421,0.0105,0,0.0000,0.0000,1,0.0105,0.0105,0,0.0000,0.0000,1,0.0105,0.0105,0,0.0000,0.0000
41,0.015145,75,0.0369,0.0187,4,0.0727,0.0000,0,0.0000,0.0000,0,0.0000,0.0000,1,0.0182,0.0000,1,0.0182,0.0182,0,0.0000,0.0000,1,0.0182,0.0000,1,0.0182,0.0000,1,0.0182,0.0000,1,0.0182,0.0000,1,0.0182,0.0000,0,0.0000,0.0000,1,0.0182,0.0182,1,0.0182,0.0000,0,0.0000,0.0000,9,0.1636,0.1091,1,0.0182,0.0182,1,0.0182,0.0000,1,0.0182,0.0000,41,0.7455,0.4364,1,0.0182,0.0000,0,0.0000,0.0000,1,0.0182,0.0182,0,0.0000,0.0000,0,0.0000,0.0000,2,0.0364,0.0364,0,0.0000,0.0000,0,0.0000,0.0000,0,0.0000,0.0000,0,0.0000,0.0000,1,0.0182,0.0000,1,0.0182,0.0182,1,0.0182,0.0000,1,0.0182,0.0000,0,0.0000,0.0000,1,0.0182,0.0182,0,0.0000,0.0000
26,0.014205,89,0.0382,0.0176,2,0.0317,0.0000,0,0.0000,0.0000,6,0.0952,0.0317,1,0.0159,0.0000,2,0.0317,0.0317,2,0.0317,0.0000,1,0.0159,0.0000,42,0.6667,0.3651,1,0.0159,0.0000,0,0.0000,0.0000,2,0.0317,0.0159,1,0.0159,0.0159,14,0.2222,0.0635,1,0.0159,0.0000,0,0.0000,0.0000,0,0.0000,0.0000,1,0.0159,0.0159,1,0.0159,0.0000,1,0.0159,0.0000,1,0.0159,0.0000,0,0.0000,0.0000,0,0.0000,0.0000,0,0.0000,0.0000,1,0.0159,0.0159,1,0.0159,0.0159,0,0.0000,0.0000,0,0.0000,0.0000,1,0.0159,0.0000,0,0.0000,0.0000,0,0.0000,0.0000,1,0.0159,0.0000,2,0.0317,0.0159,1,0.0159,0.0159,1,0.0159,0.0159,2,0.0317,0.0317,0,0.0000,0.0000,0,0.0000,0.0000
214,0.014160,71,0.0376,0.0191,4,0.0784,0.0196,0,0.0000,0.0000,10,0.1961,0.0588,1,0.0196,0.0000,0,0.0000,0.0000,0,0.0000,0.0000,2,0.0392,0.0000,0,0.0000,0.0000,1,0.0196,0.0000,0,0.0000,0.0000,1,0.0196,0.0000,1,0.0196,0.0000,0,0.0000,0.0000,0,0.0000,0.0000,0,0.0000,0.0000,0,0.0000,0.0000,40,0.7843,0.5098,1,0.0196,0.0000,0,0.0000,0.0000,0,0.0000,0.0000,1,0.0196,0.0000,0,0.0000,0.0000,1,0.0196,0.0196,1,0.0196,0.0196,0,0.0000,0.0000,1,0.0196,0.0196,1,0.0196,0.0000,1,0.0196,0.0196,0,0.0000,0.0000,0,0.0000,0.0000,0,0.0000,0.0000,2,0.0392,0.0196,0,0.0000,0.0000,0,0.0000,0.0000,0,0.0000,0.0000,2,0.0392,0.0196,0,0.0000,0.0000
30,0.014145,91,0.0417,0.0142,4,0.0678,0.0000,0,0.0000,0.0000,0,0.0000,0.0000,1,0.0169,0.0000,1,0.0169,0.0169,1,0.0169,0.0169,1,0.0169,0.0000,26,0.4407,0.0339,1,0.0169,0.0000,0,0.0000,0.0000,1,0.0169,0.0000,0,0.0000,0.0000,41,0.6949,0.3051,1,0.0169,0.0000,0,0.0000,0.0000,0,0.0000,0.0000,1,0.0169,0.0169,1,0.0169,0.0000,1,0.0169,0.0000,0,0.0000,0.0000,0,0.0000,0.0000,0,0.0000,0.0000,0,0.0000,0.0000,0,0.0000,0.0000,0,0.0000,0.0000,2,0.0339,0.0169,0,0.0000,0.0000,0,0.0000,0.0000,0,0.0000,0.0000,0,0.0000,0.0000,0,0.0000,0.0000,1,0.0169,0.0169,0,0.0000,0.0000,1,0.0169,0.0000,6,0.1017,0.1017,0,0.0000,0.0000,0,0.0000,0.0000
13,0.014010,103,0.0398,0.0166,3,0.0429,0.0000,0,0.0000,0.0000,6,0.0857,0.0571,1,0.0143,0.0000,1,0.0143,0.0000,0,0.0000,0.0000,1,0.0143,0.0000,1,0.0143,0.0143,1,0.0143,0.0000,2,0.0286,0.0000,2,0.0286,0.0286,1,0.0143,0.0000,0,0.0000,0.0000,1,0.0143,0.0000,0,0.0000,0.0000,0,0.0000,0.0000,0,0.0000,0.0000,1,0.0143,0.0000,0,0.0000,0.0000,2,0.0286,0.0286,1,0.0143,0.0000,0,0.0000,0.0000,0,0.0000,0.0000,1,0.0143,0.0143,1,0.0143,0.0143,3,0.0429,0.0286,1,0.0143,0.0000,0,0.0000,0.0000,0,0.0000,0.0000,30,0.4286,0.0714,1,0.0143,0.0143,3,0.0429,0.0286,1,0.0143,0.0143,0,0.0000,0.0000,0,0.0000,0.0000,3,0.0429,0.0143,35,0.5000,0.2857
11,0.013545,118,0.0285,0.0256,0,0.0000,0.0000,85,0.7589,0.7054,22,0.1964,0.1518,2,0.0179,0.0089,1,0.0089,0.0089,3,0.0268,0.0268,0,0.0000,0.0000,0,0.0000,0.0000,0,0.0000,0.0000,0,0.0000,0.0000,0,0.0000,0.0000,0,0.0000,0.0000,0,0.0000,0.0000,0,0.0000,0.0000,0,0.0000,0.0000,0,0.0000,0.0000,0,0.0000,0.0000,0,0.0000,0.0000,0,0.0000,0.0000,0,0.0000,0.0000,0,0.0000,0.0000,0,0.0000,0.0000,0,0.0000,0.0000,3,0.0268,0.0268,2,0.0179,0.0179,0,0.0000,0.0000,0,0.0000,0.0000,0,0.0000,0.0000,0,0.0000,0.0000,0,0.0000,0.0000,0,0.0000,0.0000,0,0.0000,0.0000,0,0.0000,0.0000,0,0.0000,0.0000,0,0.0000,0.0000,0,0.0000,0.0000,0,0.0000,0.0000
165,0.013245,115,0.0409,0.0156,42,0.5526,0.2105,0,0.0000,0.0000,2,0.0263,0.0132,1,0.0132,0.0000,1,0.0132,0.0132,38,0.5000,0.2237,1,0.0132,0.0000,3,0.0395,0.0000,1,0.0132,0.0132,0,0.0000,0.0000,1,0.0132,0.0000,1,0.0132,0.0000,1,0.0132,0.0000,3,0.0395,0.0263,3,0.0395,0.0132,0,0.0000,0.0000,0,0.0000,0.0000,0,0.0000,0.0000,1,0.0132,0.0000,1,0.0132,0.0000,0,0.0000,0.0000,1,0.0132,0.0000,1,0.0132,0.0132,0,0.0000,0.0000,2,0.0263,0.0132,4,0.0526,0.0132,0,0.0000,0.0000,0,0.0000,0.0000,3,0.0395,0.0132,2,0.0263,0.0000,1,0.0132,0.0000,0,0.0000,0.0000,0,0.0000,0.0000,1,0.0132,0.0132,0,0.0000,0.0000,0,0.0000,0.0000,0,0.0000,0.0000
56,0.012580,106,0.0358,0.0203,2,0.0250,0.0000,24,0.3000,0.1625,10,0.1250,0.0750,0,0.0000,0.0000,0,0.0000,0.0000,26,0.3250,0.1750,0,0.0000,0.0000,0,0.0000,0.0000,0,0.0000,0.0000,0,0.0000,0.0000,1,0.0125,0.0000,0,0.0000,0.0000,0,0.0000,0.0000,0,0.0000,0.0000,2,0.0250,0.0250,0,0.0000,0.0000,0,0.0000,0.0000,1,0.0125,0.0125,0,0.0000,0.0000,0,0.0000,0.0000,5,0.0625,0.0250,3,0.0375,0.0000,1,0.0125,0.0125,3,0.0375,0.0000,0,0.0000,0.0000,6,0.0750,0.0500,5,0.0625,0.0250,17,0.2125,0.1875,0,0.0000,0.0000,0,0.0000,0.0000,0,0.0000,0.0000,0,0.0000,0.0000,0,0.0000,0.0000,0,0.0000,0.0000,0,0.0000,0.0000,0,0.0000,0.0000,0,0.0000,0.0000
35,0.012215,70,0.0411,0.0165,0,0.0000,0.0000,0,0.0000,0.0000,1,0.0217,0.0217,0,0.0000,0.0000,8,0.1739,0.0000,0,0.0000,0.0000,0,0.0000,0.0000,0,0.0000,0.0000,0,0.0000,0.0000,0,0.0000,0.0000,0,0.0000,0.0000,0,0.0000,0.0000,0,0.0000,0.0000,0,0.0000,0.0000,0,0.0000,0.0000,0,0.0000,0.0000,0,0.0000,0.0000,0,0.0000,0.0000,0,0.0000,0.0000,0,0.0000,0.0000,0,0.0000,0.0000,0,0.0000,0.0000,0,0.0000,0.0000,2,0.0435,0.0000,36,0.7826,0.4130,0,0.0000,0.0000,1,0.0217,0.0000,0,0.0000,0.0000,21,0.4565,0.1522,0,0.0000,0.0000,0,0.0000,0.0000,0,0.0000,0.0000,0,0.0000,0.0000,0,0.0000,0.0000,0,0.0000,0.0000,1,0.0217,0.0217,0,0.0000,0.0000
2,0.011090,70,0.0332,0.0223,4,0.0702,0.0175,0,0.0000,0.0000,1,0.0175,0.0175,0,0.0000,0.0000,1,0.0175,0.0175,13,0.2281,0.1404,1,0.0175,0.0175,0,0.0000,0.0000,1,0.0175,0.0175,0,0.0000,0.0000,0,0.0000,0.0000,0,0.0000,0.0000,0,0.0000,0.0000,1,0.0175,0.0000,0,0.0000,0.0000,1,0.0175,0.0175,0,0.0000,0.0000,0,0.0000,0.0000,0,0.0000,0.0000,0,0.0000,0.0000,0,0.0000,0.0000,0,0.0000,0.0000,0,0.0000,0.0000,37,0.6491,0.5088,2,0.0351,0.0000,4,0.0702,0.0702,0,0.0000,0.0000,0,0.0000,0.0000,3,0.0526,0.0000,0,0.0000,0.0000,0,0.0000,0.0000,1,0.0175,0.0000,0,0.0000,0.0000,0,0.0000,0.0000,0,0.0000,0.0000,0,0.0000,0.0000,0,0.0000,0.0000
9,0.010045,43,0.0314,0.0234,3,0.0811,0.0270,0,0.0000,0.0000,0,0.0000,0.0000,0,0.0000,0.0000,0,0.0000,0.0000,2,0.0541,0.0270,1,0.0270,0.0000,0,0.0000,0.0000,0,0.0000,0.0000,0,0.0000,0.0000,0,0.0000,0.0000,0,0.0000,0.0000,0,0.0000,0.0000,1,0.0270,0.0270,0,0.0000,0.0000,0,0.0000,0.0000,0,0.0000,0.0000,0,0.0000,0.0000,0,0.0000,0.0000,0,0.0000,0.0000,0,0.0000,0.0000,0,0.0000,0.0000,0,0.0000,0.0000,2,0.0541,0.0000,0,0.0000,0.0000,1,0.0270,0.0270,0,0.0000,0.0000,1,0.0270,0.0270,0,0.0000,0.0000,0,0.0000,0.0000,0,0.0000,0.0000,32,0.8649,0.7297,0,0.0000,0.0000,0,0.0000,0.0000,0,0.0000,0.0000,0,0.0000,0.0000,0,0.0000,0.0000
18,0.009585,35,0.0270,0.0270,0,0.0000,0.0000,0,0.0000,0.0000,0,0.0000,0.0000,0,0.0000,0.0000,0,0.0000,0.0000,0,0.0000,0.0000,0,0.0000,0.0000,0,0.0000,0.0000,0,0.0000,0.0000,0,0.0000,0.0000,0,0.0000,0.0000,0,0.0000,0.0000,0,0.0000,0.0000,0,0.0000,0.0000,0,0.0000,0.0000,0,0.0000,0.0000,0,0.0000,0.0000,0,0.0000,0.0000,0,0.0000,0.0000,0,0.0000,0.0000,0,0.0000,0.0000,0,0.0000,0.0000,0,0.0000,0.0000,0,0.0000,0.0000,0,0.0000,0.0000,0,0.0000,0.0000,0,0.0000,0.0000,0,0.0000,0.0000,0,0.0000,0.0000,0,0.0000,0.0000,0,0.0000,0.0000,0,0.0000,0.0000,0,0.0000,0.0000,0,0.0000,0.0000,0,0.0000,0.0000,35,1.0000,1.0000,0,0.0000,0.0000
52,0.009225,69,0.0291,0.0249,0,0.0000,0.0000,10,0.1562,0.1562,29,0.4531,0.3750,0,0.0000,0.0000,0,0.0000,0.0000,0,0.0000,0.0000,0,0.0000,0.0000,0,0.0000,0.0000,0,0.0000,0.0000,0,0.0000,0.0000,0,0.0000,0.0000,0,0.0000,0.0000,0,0.0000,0.0000,0,0.0000,0.0000,2,0.0312,0.0312,15,0.2344,0.2188,0,0.0000,0.0000,0,0.0000,0.0000,0,0.0000,0.0000,0,0.0000,0.0000,0,0.0000,0.0000,0,0.0000,0.0000,0,0.0000,0.0000,0,0.0000,0.0000,0,0.0000,0.0000,10,0.1562,0.1094,0,0.0000,0.0000,0,0.0000,0.0000,0,0.0000,0.0000,0,0.0000,0.0000,0,0.0000,0.0000,3,0.0469,0.0312,0,0.0000,0.0000,0,0.0000,0.0000,0,0.0000,0.0000,0,0.0000,0.0000,0,0.0000,0.0000
27,0.009175,69,0.0389,0.0163,5,0.1042,0.0417,0,0.0000,0.0000,0,0.0000,0.0000,1,0.0208,0.0000,2,0.0417,0.0417,1,0.0208,0.0000,1,0.0208,0.0000,29,0.6042,0.2708,1,0.0208,0.0000,0,0.0000,0.0000,1,0.0208,0.0000,1,0.0208,0.0208,15,0.3125,0.0833,1,0.0208,0.0000,0,0.0000,0.0000,0,0.0000,0.0000,1,0.0208,0.0208,0,0.0000,0.0000,2,0.0417,0.0208,1,0.0208,0.0208,0,0.0000,0.0000,0,0.0000,0.0000,0,0.0000,0.0000,2,0.0417,0.0208,0,0.0000,0.0000,0,0.0000,0.0000,0,0.0000,0.0000,1,0.0208,0.0000,0,0.0000,0.0000,0,0.0000,0.0000,1,0.0208,0.0208,1,0.0208,0.0208,1,0.0208,0.0000,1,0.0208,0.0208,0,0.0000,0.0000,0,0.0000,0.0000,0,0.0000,0.0000
15,0.008750,48,0.0360,0.0203,0,0.0000,0.0000,0,0.0000,0.0000,0,0.0000,0.0000,0,0.0000,0.0000,4,0.1111,0.0556,1,0.0278,0.0000,0,0.0000,0.0000,0,0.0000,0.0000,0,0.0000,0.0000,0,0.0000,0.0000,0,0.0000,0.0000,0,0.0000,0.0000,1,0.0278,0.0278,1,0.0278,0.0000,0,0.0000,0.0000,0,0.0000,0.0000,0,0.0000,0.0000,0,0.0000,0.0000,0,0.0000,0.0000,0,0.0000,0.0000,0,0.0000,0.0000,0,0.0000,0.0000,0,0.0000,0.0000,2,0.0556,0.0000,12,0.3333,0.1667,0,0.0000,0.0000,1,0.0278,0.0278,0,0.0000,0.0000,26,0.7222,0.4722,0,0.0000,0.0000,0,0.0000,0.0000,0,0.0000,0.0000,0,0.0000,0.0000,0,0.0000,0.0000,0,0.0000,0.0000,0,0.0000,0.0000,0,0.0000,0.0000
33,0.008120,85,0.0418,0.0152,17,0.3091,0.0727,0,0.0000,0.0000,30,0.5455,0.2182,1,0.0182,0.0000,1,0.0182,0.0182,3,0.0545,0.0182,4,0.0727,0.0182,1,0.0182,0.0000,1,0.0182,0.0000,2,0.0364,0.0182,1,0.0182,0.0182,1,0.0182,0.0000,0,0.0000,0.0000,1,0.0182,0.0000,2,0.0364,0.0364,0,0.0000,0.0000,2,0.0364,0.0000,1,0.0182,0.0000,1,0.0182,0.0182,1,0.0182,0.0000,3,0.0545,0.0364,1,0.0182,0.0000,1,0.0182,0.0182,2,0.0364,0.0364,0,0.0000,0.0000,1,0.0182,0.0182,1,0.0182,0.0182,1,0.0182,0.0000,0,0.0000,0.0000,1,0.0182,0.0000,1,0.0182,0.0000,2,0.0364,0.0000,1,0.0182,0.0000,0,0.0000,0.0000,0,0.0000,0.0000,0,0.0000,0.0000,0,0.0000,0.0000
121,0.007890,66,0.0357,0.0189,11,0.2200,0.1200,0,0.0000,0.0000,0,0.0000,0.0000,1,0.0200,0.0000,1,0.0200,0.0200,16,0.3200,0.1600,1,0.0200,0.0200,1,0.0200,0.0200,1,0.0200,0.0200,0,0.0000,0.0000,1,0.0200,0.0200,0,0.0000,0.0000,0,0.0000,0.0000,2,0.0400,0.0200,1,0.0200,0.0200,0,0.0000,0.0000,0,0.0000,0.0000,0,0.0000,0.0000,0,0.0000,0.0000,0,0.0000,0.0000,0,0.0000,0.0000,0,0.0000,0.0000,1,0.0200,0.0200,18,0.3600,0.1600,2,0.0400,0.0200,0,0.0000,0.0000,0,0.0000,0.0000,0,0.0000,0.0000,5,0.1000,0.0600,1,0.0200,0.0000,1,0.0200,0.0200,1,0.0200,0.0000,1,0.0200,0.0000,0,0.0000,0.0000,0,0.0000,0.0000,0,0.0000,0.0000,0,0.0000,0.0000
100,0.007775,61,0.0311,0.0229,5,0.0943,0.0755,0,0.0000,0.0000,7,0.1321,0.1132,1,0.0189,0.0000,1,0.0189,0.0189,0,0.0000,0.0000,1,0.0189,0.0189,2,0.0377,0.0377,1,0.0189,0.0000,1,0.0189,0.0189,8,0.1509,0.0755,1,0.0189,0.0000,0,0.0000,0.0000,1,0.0189,0.0189,0,0.0000,0.0000,0,0.0000,0.0000,2,0.0377,0.0377,1,0.0189,0.0000,1,0.0189,0.0189,1,0.0189,0.0189,0,0.0000,0.0000,0,0.0000,0.0000,1,0.0189,0.0189,0,0.0000,0.0000,0,0.0000,0.0000,24,0.4528,0.3396,0,0.0000,0.0000,0,0.0000,0.0000,0,0.0000,0.0000,0,0.0000,0.0000,0,0.0000,0.0000,1,0.0189,0.0189,0,0.0000,0.0000,0,0.0000,0.0000,0,0.0000,0.0000,1,0.0189,0.0189,0,0.0000,0.0000
66,0.007630,65,0.0351,0.0195,8,0.1600,0.0000,0,0.0000,0.0000,0,0.0000,0.0000,1,0.0200,0.0200,1,0.0200,0.0200,37,0.7400,0.5000,1,0.0200,0.0000,2,0.0400,0.0000,1,0.0200,0.0000,0,0.0000,0.0000,1,0.0200,0.0000,1,0.0200,0.0200,0,0.0000,0.0000,1,0.0200,0.0000,0,0.0000,0.0000,0,0.0000,0.0000,0,0.0000,0.0000,1,0.0200,0.0200,1,0.0200,0.0000,1,0.0200,0.0200,0,0.0000,0.0000,0,0.0000,0.0000,0,0.0000,0.0000,0,0.0000,0.0000,0,0.0000,0.0000,1,0.0200,0.0000,1,0.0200,0.0000,0,0.0000,0.0000,0,0.0000,0.0000,1,0.0200,0.0200,1,0.0200,0.0200,0,0.0000,0.0000,1,0.0200,0.0200,1,0.0200,0.0200,0,0.0000,0.0000,2,0.0400,0.0400,0,0.0000,0.0000
10,0.007435,63,0.0279,0.0261,0,0.0000,0.0000,44,0.7213,0.6885,0,0.0000,0.0000,0,0.0000,0.0000,0,0.0000,0.0000,0,0.0000,0.0000,0,0.0000,0.0000,0,0.0000,0.0000,0,0.0000,0.0000,1,0.0164,0.0164,0,0.0000,0.0000,0,0.0000,0.0000,0,0.0000,0.0000,0,0.0000,0.0000,0,0.0000,0.0000,9,0.1475,0.1311,0,0.0000,0.0000,0,0.0000,0.0000,0,0.0000,0.0000,0,0.0000,0.0000,0,0.0000,0.0000,0,0.0000,0.0000,0,0.0000,0.0000,0,0.0000,0.0000,1,0.0164,0.0164,0,0.0000,0.0000,0,0.0000,0.0000,0,0.0000,0.0000,0,0.0000,0.0000,0,0.0000,0.0000,0,0.0000,0.0000,8,0.1311,0.1148,0,0.0000,0.0000,0,0.0000,0.0000,0,0.0000,0.0000,0,0.0000,0.0000,0,0.0000,0.0000
61,0.006585,71,0.0343,0.0208,3,0.0536,0.0357,14,0.2500,0.1786,7,0.1250,0.0357,2,0.0357,0.0179,1,0.0179,0.0179,4,0.0714,0.0357,2,0.0357,0.0179,0,0.0000,0.0000,1,0.0179,0.0000,6,0.1071,0.0357,1,0.0179,0.0000,1,0.0179,0.0000,0,0.0000,0.0000,1,0.0179,0.0179,0,0.0000,0.0000,3,0.0536,0.0536,1,0.0179,0.0179,1,0.0179,0.0179,0,0.0000,0.0000,0,0.0000,0.0000,2,0.0357,0.0179,1,0.0179,0.0000,0,0.0000,0.0000,2,0.0357,0.0357,0,0.0000,0.0000,14,0.2500,0.1786,1,0.0179,0.0000,0,0.0000,0.0000,0,0.0000,0.0000,1,0.0179,0.0179,0,0.0000,0.0000,2,0.0357,0.0357,0,0.0000,0.0000,0,0.0000,0.0000,0,0.0000,0.0000,0,0.0000,0.0000,0,0.0000,0.0000
204,0.006430,62,0.0335,0.0211,0,0.0000,0.0000,32,0.6400,0.4600,9,0.1800,0.0800,0,0.0000,0.0000,0,0.0000,0.0000,5,0.1000,0.0800,0,0.0000,0.0000,1,0.0200,0.0000,0,0.0000,0.0000,0,0.0000,0.0000,0,0.0000,0.0000,1,0.0200,0.0000,2,0.0400,0.0200,0,0.0000,0.0000,0,0.0000,0.0000,0,0.0000,0.0000,0,0.0000,0.0000,0,0.0000,0.0000,0,0.0000,0.0000,0,0.0000,0.0000,4,0.0800,0.0400,3,0.0600,0.0400,2,0.0400,0.0200,0,0.0000,0.0000,0,0.0000,0.0000,0,0.0000,0.0000,2,0.0400,0.0200,0,0.0000,0.0000,0,0.0000,0.0000,0,0.0000,0.0000,0,0.0000,0.0000,1,0.0200,0.0200,0,0.0000,0.0000,0,0.0000,0.0000,0,0.0000,0.0000,0,0.0000,0.0000,0,0.0000,0.0000
180,0.006290,61,0.0375,0.0178,19,0.4318,0.1364,0,0.0000,0.0000,3,0.0682,0.0227,1,0.0227,0.0000,1,0.0227,0.0227,16,0.3636,0.1591,1,0.0227,0.0000,1,0.0227,0.0227,1,0.0227,0.0000,0,0.0000,0.0000,2,0.0455,0.0227,0,0.0000,0.0000,1,0.0227,0.0000,1,0.0227,0.0000,1,0.0227,0.0227,0,0.0000,0.0000,1,0.0227,0.0227,1,0.0227,0.0227,1,0.0227,0.0227,1,0.0227,0.0227,0,0.0000,0.0000,0,0.0000,0.0000,1,0.0227,0.0227,1,0.0227,0.0227,0,0.0000,0.0000,4,0.0909,0.0455,0,0.0000,0.0000,0,0.0000,0.0000,0,0.0000,0.0000,0,0.0000,0.0000,1,0.0227,0.0227,0,0.0000,0.0000,1,0.0227,0.0227,1,0.0227,0.0227,0,0.0000,0.0000,0,0.0000,0.0000,0,0.0000,0.0000
95,0.006270,69,0.0366,0.0185,1,0.0196,0.0196,24,0.4706,0.2745,10,0.1961,0.0784,1,0.0196,0.0000,1,0.0196,0.0196,7,0.1373,0.1373,0,0.0000,0.0000,0,0.0000,0.0000,0,0.0000,0.0000,1,0.0196,0.0000,1,0.0196,0.0196,1,0.0196,0.0000,2,0.0392,0.0392,0,0.0000,0.0000,0,0.0000,0.0000,0,0.0000,0.0000,1,0.0196,0.0196,1,0.0196,0.0196,0,0.0000,0.0000,0,0.0000,0.0000,5,0.0980,0.0196,1,0.0196,0.0000,4,0.0784,0.0000,0,0.0000,0.0000,0,0.0000,0.0000,4,0.0784,0.0000,3,0.0588,0.0196,1,0.0196,0.0196,0,0.0000,0.0000,0,0.0000,0.0000,0,0.0000,0.0000,0,0.0000,0.0000,0,0.0000,0.0000,0,0.0000,0.0000,0,0.0000,0.0000,0,0.0000,0.0000,0,0.0000,0.0000
5,0.006265,37,0.0345,0.0205,1,0.0345,0.0000,0,0.0000,0.0000,0,0.0000,0.0000,0,0.0000,0.0000,4,0.1379,0.0345,0,0.0000,0.0000,0,0.0000,0.0000,0,0.0000,0.0000,0,0.0000,0.0000,0,0.0000,0.0000,0,0.0000,0.0000,0,0.0000,0.0000,0,0.0000,0.0000,0,0.0000,0.0000,0,0.0000,0.0000,0,0.0000,0.0000,0,0.0000,0.0000,0,0.0000,0.0000,0,0.0000,0.0000,0,0.0000,0.0000,0,0.0000,0.0000,0,0.0000,0.0000,1,0.0345,0.0345,1,0.0345,0.0000,9,0.3103,0.1379,0,0.0000,0.0000,2,0.0690,0.0690,0,0.0000,0.0000,19,0.6552,0.4828,0,0.0000,0.0000,0,0.0000,0.0000,0,0.0000,0.0000,0,0.0000,0.0000,0,0.0000,0.0000,0,0.0000,0.0000,0,0.0000,0.0000,0,0.0000,0.0000
79,0.005885,46,0.0336,0.0212,2,0.0541,0.0270,0,0.0000,0.0000,2,0.0541,0.0270,1,0.0270,0.0000,0,0.0000,0.0000,0,0.0000,0.0000,1,0.0270,0.0000,2,0.0541,0.0541,1,0.0270,0.0000,21,0.5676,0.3514,0,0.0000,0.0000,2,0.0541,0.0000,0,0.0000,0.0000,1,0.0270,0.0270,0,0.0000,0.0000,0,0.0000,0.0000,1,0.0270,0.0270,1,0.0270,0.0000,0,0.0000,0.0000,0,0.0000,0.0000,0,0.0000,0.0000,0,0.0000,0.0000,1,0.0270,0.0270,0,0.0000,0.0000,0,0.0000,0.0000,8,0.2162,0.1892,0,0.0000,0.0000,0,0.0000,0.0000,0,0.0000,0.0000,0,0.0000,0.0000,0,0.0000,0.0000,0,0.0000,0.0000,0,0.0000,0.0000,1,0.0270,0.0270,0,0.0000,0.0000,1,0.0270,0.0270,0,0.0000,0.0000
60,0.005860,53,0.0358,0.0189,5,0.1250,0.0250,5,0.1250,0.0500,12,0.3000,0.1250,0,0.0000,0.0000,1,0.0250,0.0250,1,0.0250,0.0250,1,0.0250,0.0000,2,0.0500,0.0250,1,0.0250,0.0000,0,0.0000,0.0000,1,0.0250,0.0000,0,0.0000,0.0000,0,0.0000,0.0000,0,0.0000,0.0000,17,0.4250,0.3250,0,0.0000,0.0000,1,0.0250,0.0250,1,0.0250,0.0000,1,0.0250,0.0250,0,0.0000,0.0000,0,0.0000,0.0000,0,0.0000,0.0000,1,0.0250,0.0000,0,0.0000,0.0000,1,0.0250,0.0250,2,0.0500,0.0250,0,0.0000,0.0000,0,0.0000,0.0000,0,0.0000,0.0000,0,0.0000,0.0000,0,0.0000,0.0000,0,0.0000,0.0000,0,0.0000,0.0000,0,0.0000,0.0000,0,0.0000,0.0000,0,0.0000,0.0000,0,0.0000,0.0000
28,0.005825,30,0.0290,0.0251,1,0.0357,0.0357,0,0.0000,0.0000,0,0.0000,0.0000,0,0.0000,0.0000,26,0.9286,0.8571,0,0.0000,0.0000,0,0.0000,0.0000,0,0.0000,0.0000,0,0.0000,0.0000,1,0.0357,0.0357,0,0.0000,0.0000,0,0.0000,0.0000,0,0.0000,0.0000,0,0.0000,0.0000,0,0.0000,0.0000,0,0.0000,0.0000,0,0.0000,0.0000,0,0.0000,0.0000,0,0.0000,0.0000,0,0.0000,0.0000,0,0.0000,0.0000,0,0.0000,0.0000,0,0.0000,0.0000,0,0.0000,0.0000,2,0.0714,0.0000,0,0.0000,0.0000,0,0.0000,0.0000,0,0.0000,0.0000,0,0.0000,0.0000,0,0.0000,0.0000,0,0.0000,0.0000,0,0.0000,0.0000,0,0.0000,0.0000,0,0.0000,0.0000,0,0.0000,0.0000,0,0.0000,0.0000,0,0.0000,0.0000
32,0.005825,45,0.0290,0.0251,0,0.0000,0.0000,7,0.1667,0.1429,22,0.5238,0.5238,0,0.0000,0.0000,0,0.0000,0.0000,0,0.0000,0.0000,0,0.0000,0.0000,0,0.0000,0.0000,0,0.0000,0.0000,0,0.0000,0.0000,0,0.0000,0.0000,0,0.0000,0.0000,3,0.0714,0.0476,0,0.0000,0.0000,0,0.0000,0.0000,0,0.0000,0.0000,0,0.0000,0.0000,0,0.0000,0.0000,0,0.0000,0.0000,0,0.0000,0.0000,0,0.0000,0.0000,0,0.0000,0.0000,1,0.0238,0.0000,6,0.1429,0.1190,1,0.0238,0.0000,2,0.0476,0.0476,0,0.0000,0.0000,0,0.0000,0.0000,3,0.0714,0.0476,0,0.0000,0.0000,0,0.0000,0.0000,0,0.0000,0.0000,0,0.0000,0.0000,0,0.0000,0.0000,0,0.0000,0.0000,0,0.0000,0.0000,0,0.0000,0.0000
198,0.005500,55,0.0330,0.0216,4,0.0889,0.0444,0,0.0000,0.0000,11,0.2444,0.1778,1,0.0222,0.0222,1,0.0222,0.0222,1,0.0222,0.0000,0,0.0000,0.0000,3,0.0667,0.0222,1,0.0222,0.0000,1,0.0222,0.0000,1,0.0222,0.0222,0,0.0000,0.0000,3,0.0667,0.0222,1,0.0222,0.0000,0,0.0000,0.0000,0,0.0000,0.0000,1,0.0222,0.0222,1,0.0222,0.0000,0,0.0000,0.0000,1,0.0222,0.0222,1,0.0222,0.0222,2,0.0444,0.0444,1,0.0222,0.0222,1,0.0222,0.0222,0,0.0000,0.0000,15,0.3333,0.2667,3,0.0667,0.0444,1,0.0222,0.0000,0,0.0000,0.0000,0,0.0000,0.0000,0,0.0000,0.0000,0,0.0000,0.0000,0,0.0000,0.0000,0,0.0000,0.0000,0,0.0000,0.0000,0,0.0000,0.0000,0,0.0000,0.0000
146,0.005470,39,0.0329,0.0220,1,0.0312,0.0312,15,0.4688,0.4062,4,0.1250,0.0312,0,0.0000,0.0000,0,0.0000,0.0000,1,0.0312,0.0312,1,0.0312,0.0000,0,0.0000,0.0000,0,0.0000,0.0000,0,0.0000,0.0000,0,0.0000,0.0000,0,0.0000,0.0000,0,0.0000,0.0000,0,0.0000,0.0000,0,0.0000,0.0000,0,0.0000,0.0000,13,0.4062,0.2500,1,0.0312,0.0000,0,0.0000,0.0000,0,0.0000,0.0000,0,0.0000,0.0000,1,0.0312,0.0000,0,0.0000,0.0000,0,0.0000,0.0000,0,0.0000,0.0000,0,0.0000,0.0000,0,0.0000,0.0000,0,0.0000,0.0000,0,0.0000,0.0000,0,0.0000,0.0000,0,0.0000,0.0000,1,0.0312,0.0312,0,0.0000,0.0000,0,0.0000,0.0000,0,0.0000,0.0000,1,0.0312,0.0312,0,0.0000,0.0000
17,0.005465,49,0.0288,0.0253,2,0.0435,0.0217,15,0.3261,0.3043,13,0.2826,0.2609,0,0.0000,0.0000,0,0.0000,0.0000,0,0.0000,0.0000,0,0.0000,0.0000,0,0.0000,0.0000,1,0.0217,0.0000,0,0.0000,0.0000,0,0.0000,0.0000,0,0.0000,0.0000,2,0.0435,0.0435,0,0.0000,0.0000,8,0.1739,0.1739,0,0.0000,0.0000,0,0.0000,0.0000,0,0.0000,0.0000,0,0.0000,0.0000,0,0.0000,0.0000,0,0.0000,0.0000,0,0.0000,0.0000,1,0.0217,0.0000,1,0.0217,0.0217,0,0.0000,0.0000,4,0.0870,0.0652,0,0.0000,0.0000,0,0.0000,0.0000,0,0.0000,0.0000,0,0.0000,0.0000,0,0.0000,0.0000,1,0.0217,0.0217,0,0.0000,0.0000,0,0.0000,0.0000,0,0.0000,0.0000,1,0.0217,0.0217,0,0.0000,0.0000
210,0.005115,47,0.0318,0.0230,1,0.0250,0.0250,19,0.4750,0.3750,1,0.0250,0.0250,0,0.0000,0.0000,0,0.0000,0.0000,2,0.0500,0.0250,0,0.0000,0.0000,0,0.0000,0.0000,0,0.0000,0.0000,1,0.0250,0.0000,1,0.0250,0.0250,0,0.0000,0.0000,0,0.0000,0.0000,0,0.0000,0.0000,0,0.0000,0.0000,3,0.0750,0.0750,1,0.0250,0.0250,0,0.0000,0.0000,0,0.0000,0.0000,0,0.0000,0.0000,4,0.1000,0.0500,10,0.2500,0.1500,0,0.0000,0.0000,0,0.0000,0.0000,0,0.0000,0.0000,0,0.0000,0.0000,1,0.0250,0.0000,0,0.0000,0.0000,0,0.0000,0.0000,0,0.0000,0.0000,0,0.0000,0.0000,1,0.0250,0.0250,0,0.0000,0.0000,0,0.0000,0.0000,0,0.0000,0.0000,2,0.0500,0.0500,0,0.0000,0.0000
75,0.005090,43,0.0277,0.0264,0,0.0000,0.0000,27,0.6429,0.6190,3,0.0714,0.0714,0,0.0000,0.0000,0,0.0000,0.0000,0,0.0000,0.0000,0,0.0000,0.0000,0,0.0000,0.0000,0,0.0000,0.0000,0,0.0000,0.0000,0,0.0000,0.0000,0,0.0000,0.0000,0,0.0000,0.0000,0,0.0000,0.0000,0,0.0000,0.0000,2,0.0476,0.0476,0,0.0000,0.0000,0,0.0000,0.0000,0,0.0000,0.0000,1,0.0238,0.0238,0,0.0000,0.0000,0,0.0000,0.0000,0,0.0000,0.0000,0,0.0000,0.0000,0,0.0000,0.0000,9,0.2143,0.1905,0,0.0000,0.0000,0,0.0000,0.0000,0,0.0000,0.0000,0,0.0000,0.0000,0,0.0000,0.0000,0,0.0000,0.0000,0,0.0000,0.0000,0,0.0000,0.0000,0,0.0000,0.0000,1,0.0238,0.0238,0,0.0000,0.0000
208,0.004930,44,0.0313,0.0228,0,0.0000,0.0000,21,0.5526,0.4474,19,0.5000,0.3421,0,0.0000,0.0000,0,0.0000,0.0000,0,0.0000,0.0000,0,0.0000,0.0000,0,0.0000,0.0000,1,0.0263,0.0000,0,0.0000,0.0000,0,0.0000,0.0000,0,0.0000,0.0000,0,0.0000,0.0000,0,0.0000,0.0000,2,0.0526,0.0263,1,0.0263,0.0263,0,0.0000,0.0000,0,0.0000,0.0000,0,0.0000,0.0000,0,0.0000,0.0000,0,0.0000,0.0000,0,0.0000,0.0000,0,0.0000,0.0000,0,0.0000,0.0000,0,0.0000,0.0000,0,0.0000,0.0000,0,0.0000,0.0000,0,0.0000,0.0000,0,0.0000,0.0000,0,0.0000,0.0000,0,0.0000,0.0000,0,0.0000,0.0000,0,0.0000,0.0000,0,0.0000,0.0000,0,0.0000,0.0000,0,0.0000,0.0000,0,0.0000,0.0000
3,0.004885,32,0.0309,0.0232,0,0.0000,0.0000,16,0.5714,0.4643,0,0.0000,0.0000,0,0.0000,0.0000,0,0.0000,0.0000,0,0.0000,0.0000,0,0.0000,0.0000,0,0.0000,0.0000,0,0.0000,0.0000,0,0.0000,0.0000,0,0.0000,0.0000,0,0.0000,0.0000,0,0.0000,0.0000,0,0.0000,0.0000,1,0.0357,0.0357,0,0.0000,0.0000,0,0.0000,0.0000,0,0.0000,0.0000,0,0.0000,0.0000,0,0.0000,0.0000,0,0.0000,0.0000,0,0.0000,0.0000,0,0.0000,0.0000,0,0.0000,0.0000,0,0.0000,0.0000,3,0.1071,0.0714,0,0.0000,0.0000,0,0.0000,0.0000,0,0.0000,0.0000,0,0.0000,0.0000,0,0.0000,0.0000,10,0.3571,0.2500,0,0.0000,0.0000,0,0.0000,0.0000,0,0.0000,0.0000,2,0.0714,0.0357,0,0.0000,0.0000
138,0.004775,42,0.0270,0.0270,0,0.0000,0.0000,37,0.8810,0.8810,0,0.0000,0.0000,0,0.0000,0.0000,0,0.0000,0.0000,0,0.0000,0.0000,0,0.0000,0.0000,0,0.0000,0.0000,0,0.0000,0.0000,0,0.0000,0.0000,0,0.0000,0.0000,0,0.0000,0.0000,0,0.0000,0.0000,0,0.0000,0.0000,0,0.0000,0.0000,5,0.1190,0.1190,0,0.0000,0.0000,0,0.0000,0.0000,0,0.0000,0.0000,0,0.0000,0.0000,0,0.0000,0.0000,0,0.0000,0.0000,0,0.0000,0.0000,0,0.0000,0.0000,0,0.0000,0.0000,0,0.0000,0.0000,0,0.0000,0.0000,0,0.0000,0.0000,0,0.0000,0.0000,0,0.0000,0.0000,0,0.0000,0.0000,0,0.0000,0.0000,0,0.0000,0.0000,0,0.0000,0.0000,0,0.0000,0.0000,0,0.0000,0.0000,0,0.0000,0.0000
67,0.004680,27,0.0281,0.0260,4,0.1538,0.1538,0,0.0000,0.0000,5,0.1923,0.1538,1,0.0385,0.0385,1,0.0385,0.0385,3,0.1154,0.1154,0,0.0000,0.0000,0,0.0000,0.0000,0,0.0000,0.0000,0,0.0000,0.0000,7,0.2692,0.2308,0,0.0000,0.0000,0,0.0000,0.0000,1,0.0385,0.0385,0,0.0000,0.0000,0,0.0000,0.0000,0,0.0000,0.0000,0,0.0000,0.0000,0,0.0000,0.0000,0,0.0000,0.0000,0,0.0000,0.0000,0,0.0000,0.0000,0,0.0000,0.0000,0,0.0000,0.0000,1,0.0385,0.0385,0,0.0000,0.0000,0,0.0000,0.0000,0,0.0000,0.0000,0,0.0000,0.0000,0,0.0000,0.0000,0,0.0000,0.0000,1,0.0385,0.0385,0,0.0000,0.0000,0,0.0000,0.0000,0,0.0000,0.0000,3,0.1154,0.1154,0,0.0000,0.0000
350,0.004665,24,0.0270,0.0270,0,0.0000,0.0000,0,0.0000,0.0000,0,0.0000,0.0000,0,0.0000,0.0000,0,0.0000,0.0000,0,0.0000,0.0000,0,0.0000,0.0000,0,0.0000,0.0000,0,0.0000,0.0000,0,0.0000,0.0000,0,0.0000,0.0000,0,0.0000,0.0000,0,0.0000,0.0000,0,0.0000,0.0000,24,1.0000,1.0000,0,0.0000,0.0000,0,0.0000,0.0000,0,0.0000,0.0000,0,0.0000,0.0000,0,0.0000,0.0000,0,0.0000,0.0000,0,0.0000,0.0000,0,0.0000,0.0000,0,0.0000,0.0000,0,0.0000,0.0000,0,0.0000,0.0000,0,0.0000,0.0000,0,0.0000,0.0000,0,0.0000,0.0000,0,0.0000,0.0000,0,0.0000,0.0000,0,0.0000,0.0000,0,0.0000,0.0000,0,0.0000,0.0000,0,0.0000,0.0000,0,0.0000,0.0000,0,0.0000,0.0000
53,0.004645,35,0.0338,0.0212,3,0.1071,0.0714,0,0.0000,0.0000,0,0.0000,0.0000,0,0.0000,0.0000,1,0.0357,0.0357,9,0.3214,0.1429,0,0.0000,0.0000,1,0.0357,0.0357,1,0.0357,0.0000,0,0.0000,0.0000,1,0.0357,0.0000,0,0.0000,0.0000,0,0.0000,0.0000,0,0.0000,0.0000,4,0.1429,0.1071,0,0.0000,0.0000,0,0.0000,0.0000,1,0.0357,0.0357,0,0.0000,0.0000,0,0.0000,0.0000,0,0.0000,0.0000,0,0.0000,0.0000,0,0.0000,0.0000,7,0.2500,0.1786,0,0.0000,0.0000,4,0.1429,0.0714,0,0.0000,0.0000,0,0.0000,0.0000,2,0.0714,0.0714,0,0.0000,0.0000,1,0.0357,0.0357,0,0.0000,0.0000,0,0.0000,0.0000,0,0.0000,0.0000,0,0.0000,0.0000,0,0.0000,0.0000,0,0.0000,0.0000
16,0.004530,39,0.0310,0.0231,3,0.0882,0.0294,11,0.3235,0.2941,0,0.0000,0.0000,0,0.0000,0.0000,0,0.0000,0.0000,1,0.0294,0.0000,1,0.0294,0.0000,1,0.0294,0.0294,1,0.0294,0.0294,0,0.0000,0.0000,1,0.0294,0.0294,0,0.0000,0.0000,0,0.0000,0.0000,0,0.0000,0.0000,18,0.5294,0.4118,0,0.0000,0.0000,0,0.0000,0.0000,1,0.0294,0.0294,0,0.0000,0.0000,0,0.0000,0.0000,0,0.0000,0.0000,0,0.0000,0.0000,1,0.0294,0.0000,0,0.0000,0.0000,0,0.0000,0.0000,0,0.0000,0.0000,0,0.0000,0.0000,0,0.0000,0.0000,0,0.0000,0.0000,0,0.0000,0.0000,0,0.0000,0.0000,0,0.0000,0.0000,0,0.0000,0.0000,0,0.0000,0.0000,0,0.0000,0.0000,0,0.0000,0.0000,0,0.0000,0.0000
19,0.004335,46,0.0311,0.0230,2,0.0500,0.0500,19,0.4750,0.3750,1,0.0250,0.0000,1,0.0250,0.0000,1,0.0250,0.0250,0,0.0000,0.0000,2,0.0500,0.0500,1,0.0250,0.0250,1,0.0250,0.0250,6,0.1500,0.0500,0,0.0000,0.0000,0,0.0000,0.0000,0,0.0000,0.0000,2,0.0500,0.0500,0,0.0000,0.0000,0,0.0000,0.0000,1,0.0250,0.0250,1,0.0250,0.0250,0,0.0000,0.0000,0,0.0000,0.0000,0,0.0000,0.0000,2,0.0500,0.0250,0,0.0000,0.0000,1,0.0250,0.0250,0,0.0000,0.0000,0,0.0000,0.0000,0,0.0000,0.0000,0,0.0000,0.0000,0,0.0000,0.0000,0,0.0000,0.0000,1,0.0250,0.0250,1,0.0250,0.0250,0,0.0000,0.0000,0,0.0000,0.0000,0,0.0000,0.0000,3,0.0750,0.0500,0,0.0000,0.0000
172,0.004275,42,0.0324,0.0216,0,0.0000,0.0000,18,0.5143,0.3714,7,0.2000,0.0571,1,0.0286,0.0000,0,0.0000,0.0000,4,0.1143,0.1143,0,0.0000,0.0000,0,0.0000,0.0000,0,0.0000,0.0000,0,0.0000,0.0000,0,0.0000,0.0000,0,0.0000,0.0000,1,0.0286,0.0286,0,0.0000,0.0000,1,0.0286,0.0286,0,0.0000,0.0000,1,0.0286,0.0286,0,0.0000,0.0000,0,0.0000,0.0000,0,0.0000,0.0000,0,0.0000,0.0000,0,0.0000,0.0000,3,0.0857,0.0286,2,0.0571,0.0571,0,0.0000,0.0000,1,0.0286,0.0286,3,0.0857,0.0571,0,0.0000,0.0000,0,0.0000,0.0000,0,0.0000,0.0000,0,0.0000,0.0000,0,0.0000,0.0000,0,0.0000,0.0000,0,0.0000,0.0000,0,0.0000,0.0000,0,0.0000,0.0000,0,0.0000,0.0000
57,0.004220,34,0.0296,0.0244,3,0.0968,0.0968,0,0.0000,0.0000,13,0.4194,0.3226,1,0.0323,0.0323,1,0.0323,0.0323,0,0.0000,0.0000,6,0.1935,0.1290,1,0.0323,0.0323,0,0.0000,0.0000,0,0.0000,0.0000,1,0.0323,0.0323,0,0.0000,0.0000,0,0.0000,0.0000,1,0.0323,0.0323,0,0.0000,0.0000,0,0.0000,0.0000,1,0.0323,0.0323,1,0.0323,0.0323,0,0.0000,0.0000,0,0.0000,0.0000,0,0.0000,0.0000,1,0.0323,0.0000,1,0.0323,0.0323,0,0.0000,0.0000,0,0.0000,0.0000,0,0.0000,0.0000,0,0.0000,0.0000,0,0.0000,0.0000,0,0.0000,0.0000,1,0.0323,0.0323,0,0.0000,0.0000,1,0.0323,0.0323,0,0.0000,0.0000,0,0.0000,0.0000,0,0.0000,0.0000,1,0.0323,0.0323,0,0.0000,0.0000
255,0.004180,40,0.0277,0.0263,1,0.0256,0.0256,24,0.6154,0.6154,4,0.1026,0.0769,2,0.0513,0.0256,0,0.0000,0.0000,0,0.0000,0.0000,1,0.0256,0.0256,0,0.0000,0.0000,0,0.0000,0.0000,1,0.0256,0.0256,0,0.0000,0.0000,0,0.0000,0.0000,0,0.0000,0.0000,0,0.0000,0.0000,0,0.0000,0.0000,1,0.0256,0.0256,0,0.0000,0.0000,0,0.0000,0.0000,0,0.0000,0.0000,0,0.0000,0.0000,0,0.0000,0.0000,0,0.0000,0.0000,0,0.0000,0.0000,1,0.0256,0.0256,0,0.0000,0.0000,3,0.0769,0.0769,1,0.0256,0.0256,0,0.0000,0.0000,0,0.0000,0.0000,0,0.0000,0.0000,0,0.0000,0.0000,1,0.0256,0.0256,0,0.0000,0.0000,0,0.0000,0.0000,0,0.0000,0.0000,0,0.0000,0.0000,0,0.0000,0.0000
29,0.003665,28,0.0315,0.0225,2,0.0833,0.0417,8,0.3333,0.2917,4,0.1667,0.1250,0,0.0000,0.0000,0,0.0000,0.0000,0,0.0000,0.0000,0,0.0000,0.0000,0,0.0000,0.0000,0,0.0000,0.0000,0,0.0000,0.0000,0,0.0000,0.0000,0,0.0000,0.0000,3,0.1250,0.1250,1,0.0417,0.0000,0,0.0000,0.0000,0,0.0000,0.0000,0,0.0000,0.0000,1,0.0417,0.0417,0,0.0000,0.0000,6,0.2500,0.1250,0,0.0000,0.0000,0,0.0000,0.0000,1,0.0417,0.0000,0,0.0000,0.0000,0,0.0000,0.0000,0,0.0000,0.0000,0,0.0000,0.0000,0,0.0000,0.0000,1,0.0417,0.0417,0,0.0000,0.0000,1,0.0417,0.0417,0,0.0000,0.0000,0,0.0000,0.0000,0,0.0000,0.0000,0,0.0000,0.0000,0,0.0000,0.0000,0,0.0000,0.0000
64,0.003660,33,0.0357,0.0195,0,0.0000,0.0000,3,0.1200,0.1200,3,0.1200,0.0800,1,0.0400,0.0000,1,0.0400,0.0400,2,0.0800,0.0000,0,0.0000,0.0000,0,0.0000,0.0000,0,0.0000,0.0000,1,0.0400,0.0400,1,0.0400,0.0400,0,0.0000,0.0000,0,0.0000,0.0000,1,0.0400,0.0400,0,0.0000,0.0000,0,0.0000,0.0000,0,0.0000,0.0000,0,0.0000,0.0000,0,0.0000,0.0000,0,0.0000,0.0000,0,0.0000,0.0000,0,0.0000,0.0000,0,0.0000,0.0000,2,0.0800,0.0400,0,0.0000,0.0000,0,0.0000,0.0000,0,0.0000,0.0000,0,0.0000,0.0000,0,0.0000,0.0000,11,0.4400,0.2000,0,0.0000,0.0000,1,0.0400,0.0000,1,0.0400,0.0400,0,0.0000,0.0000,0,0.0000,0.0000,0,0.0000,0.0000,5,0.2000,0.0800
168,0.003610,34,0.0296,0.0244,0,0.0000,0.0000,0,0.0000,0.0000,12,0.3871,0.3226,1,0.0323,0.0323,0,0.0000,0.0000,1,0.0323,0.0323,6,0.1935,0.1290,0,0.0000,0.0000,0,0.0000,0.0000,1,0.0323,0.0000,0,0.0000,0.0000,1,0.0323,0.0323,2,0.0645,0.0645,0,0.0000,0.0000,1,0.0323,0.0323,0,0.0000,0.0000,2,0.0645,0.0645,0,0.0000,0.0000,0,0.0000,0.0000,0,0.0000,0.0000,5,0.1613,0.1290,1,0.0323,0.0323,0,0.0000,0.0000,0,0.0000,0.0000,1,0.0323,0.0323,0,0.0000,0.0000,0,0.0000,0.0000,0,0.0000,0.0000,0,0.0000,0.0000,0,0.0000,0.0000,0,0.0000,0.0000,0,0.0000,0.0000,0,0.0000,0.0000,0,0.0000,0.0000,0,0.0000,0.0000,0,0.0000,0.0000,0,0.0000,0.0000
58,0.003530,32,0.0320,0.0220,3,0.1111,0.0741,9,0.3333,0.2963,1,0.0370,0.0000,1,0.0370,0.0000,0,0.0000,0.0000,0,0.0000,0.0000,1,0.0370,0.0370,0,0.0000,0.0000,1,0.0370,0.0370,0,0.0000,0.0000,0,0.0000,0.0000,0,0.0000,0.0000,0,0.0000,0.0000,0,0.0000,0.0000,0,0.0000,0.0000,0,0.0000,0.0000,1,0.0370,0.0000,1,0.0370,0.0000,0,0.0000,0.0000,0,0.0000,0.0000,0,0.0000,0.0000,2,0.0741,0.0370,0,0.0000,0.0000,0,0.0000,0.0000,1,0.0370,0.0370,3,0.1111,0.0370,0,0.0000,0.0000,0,0.0000,0.0000,0,0.0000,0.0000,2,0.0741,0.0741,1,0.0370,0.0370,3,0.1111,0.1111,0,0.0000,0.0000,0,0.0000,0.0000,0,0.0000,0.0000,2,0.0741,0.0370,0,0.0000,0.0000
226,0.003470,33,0.0279,0.0262,0,0.0000,0.0000,29,0.9062,0.8750,0,0.0000,0.0000,0,0.0000,0.0000,0,0.0000,0.0000,0,0.0000,0.0000,0,0.0000,0.0000,0,0.0000,0.0000,0,0.0000,0.0000,0,0.0000,0.0000,0,0.0000,0.0000,0,0.0000,0.0000,0,0.0000,0.0000,0,0.0000,0.0000,0,0.0000,0.0000,0,0.0000,0.0000,0,0.0000,0.0000,0,0.0000,0.0000,0,0.0000,0.0000,0,0.0000,0.0000,0,0.0000,0.0000,0,0.0000,0.0000,0,0.0000,0.0000,0,0.0000,0.0000,0,0.0000,0.0000,3,0.0938,0.0625,1,0.0312,0.0312,0,0.0000,0.0000,0,0.0000,0.0000,0,0.0000,0.0000,0,0.0000,0.0000,0,0.0000,0.0000,0,0.0000,0.0000,0,0.0000,0.0000,0,0.0000,0.0000,0,0.0000,0.0000,0,0.0000,0.0000
311,0.003375,19,0.0302,0.0238,0,0.0000,0.0000,8,0.4706,0.3529,0,0.0000,0.0000,0,0.0000,0.0000,0,0.0000,0.0000,0,0.0000,0.0000,0,0.0000,0.0000,0,0.0000,0.0000,0,0.0000,0.0000,0,0.0000,0.0000,0,0.0000,0.0000,0,0.0000,0.0000,0,0.0000,0.0000,0,0.0000,0.0000,0,0.0000,0.0000,1,0.0588,0.0588,0,0.0000,0.0000,0,0.0000,0.0000,0,0.0000,0.0000,0,0.0000,0.0000,0,0.0000,0.0000,0,0.0000,0.0000,10,0.5882,0.4706,0,0.0000,0.0000,0,0.0000,0.0000,0,0.0000,0.0000,0,0.0000,0.0000,0,0.0000,0.0000,0,0.0000,0.0000,0,0.0000,0.0000,0,0.0000,0.0000,0,0.0000,0.0000,0,0.0000,0.0000,0,0.0000,0.0000,0,0.0000,0.0000,0,0.0000,0.0000,0,0.0000,0.0000
304,0.003355,37,0.0323,0.0218,0,0.0000,0.0000,11,0.3548,0.2258,22,0.7097,0.5161,0,0.0000,0.0000,0,0.0000,0.0000,0,0.0000,0.0000,1,0.0323,0.0000,0,0.0000,0.0000,1,0.0323,0.0000,0,0.0000,0.0000,0,0.0000,0.0000,0,0.0000,0.0000,0,0.0000,0.0000,0,0.0000,0.0000,1,0.0323,0.0323,0,0.0000,0.0000,0,0.0000,0.0000,1,0.0323,0.0323,0,0.0000,0.0000,0,0.0000,0.0000,0,0.0000,0.0000,0,0.0000,0.0000,0,0.0000,0.0000,0,0.0000,0.0000,0,0.0000,0.0000,0,0.0000,0.0000,0,0.0000,0.0000,0,0.0000,0.0000,0,0.0000,0.0000,0,0.0000,0.0000,0,0.0000,0.0000,0,0.0000,0.0000,0,0.0000,0.0000,0,0.0000,0.0000,0,0.0000,0.0000,0,0.0000,0.0000,0,0.0000,0.0000
34,0.003315,23,0.0283,0.0258,3,0.1364,0.0909,2,0.0909,0.0909,0,0.0000,0.0000,0,0.0000,0.0000,0,0.0000,0.0000,0,0.0000,0.0000,0,0.0000,0.0000,2,0.0909,0.0909,0,0.0000,0.0000,0,0.0000,0.0000,0,0.0000,0.0000,0,0.0000,0.0000,0,0.0000,0.0000,0,0.0000,0.0000,0,0.0000,0.0000,11,0.5000,0.5000,0,0.0000,0.0000,0,0.0000,0.0000,0,0.0000,0.0000,2,0.0909,0.0455,0,0.0000,0.0000,0,0.0000,0.0000,0,0.0000,0.0000,0,0.0000,0.0000,0,0.0000,0.0000,0,0.0000,0.0000,0,0.0000,0.0000,0,0.0000,0.0000,1,0.0455,0.0455,0,0.0000,0.0000,0,0.0000,0.0000,0,0.0000,0.0000,0,0.0000,0.0000,1,0.0455,0.0455,0,0.0000,0.0000,1,0.0455,0.0455,0,0.0000,0.0000
209,0.003285,33,0.0330,0.0210,0,0.0000,0.0000,17,0.6296,0.4444,0,0.0000,0.0000,0,0.0000,0.0000,0,0.0000,0.0000,1,0.0370,0.0000,0,0.0000,0.0000,0,0.0000,0.0000,0,0.0000,0.0000,0,0.0000,0.0000,0,0.0000,0.0000,1,0.0370,0.0370,0,0.0000,0.0000,0,0.0000,0.0000,0,0.0000,0.0000,0,0.0000,0.0000,1,0.0370,0.0370,0,0.0000,0.0000,0,0.0000,0.0000,0,0.0000,0.0000,5,0.1852,0.1111,5,0.1852,0.0741,0,0.0000,0.0000,0,0.0000,0.0000,0,0.0000,0.0000,0,0.0000,0.0000,0,0.0000,0.0000,0,0.0000,0.0000,0,0.0000,0.0000,0,0.0000,0.0000,0,0.0000,0.0000,1,0.0370,0.0370,0,0.0000,0.0000,0,0.0000,0.0000,0,0.0000,0.0000,2,0.0741,0.0370,0,0.0000,0.0000
186,0.003265,26,0.0319,0.0221,1,0.0455,0.0455,0,0.0000,0.0000,0,0.0000,0.0000,0,0.0000,0.0000,0,0.0000,0.0000,0,0.0000,0.0000,0,0.0000,0.0000,5,0.2273,0.0455,1,0.0455,0.0455,0,0.0000,0.0000,0,0.0000,0.0000,0,0.0000,0.0000,8,0.3636,0.1818,0,0.0000,0.0000,0,0.0000,0.0000,0,0.0000,0.0000,0,0.0000,0.0000,0,0.0000,0.0000,1,0.0455,0.0455,0,0.0000,0.0000,0,0.0000,0.0000,0,0.0000,0.0000,0,0.0000,0.0000,0,0.0000,0.0000,0,0.0000,0.0000,0,0.0000,0.0000,0,0.0000,0.0000,0,0.0000,0.0000,0,0.0000,0.0000,0,0.0000,0.0000,0,0.0000,0.0000,0,0.0000,0.0000,0,0.0000,0.0000,1,0.0455,0.0455,9,0.4091,0.4091,0,0.0000,0.0000,0,0.0000,0.0000
44,0.003235,27,0.0304,0.0236,5,0.2083,0.0833,0,0.0000,0.0000,0,0.0000,0.0000,0,0.0000,0.0000,1,0.0417,0.0417,14,0.5833,0.4583,0,0.0000,0.0000,0,0.0000,0.0000,1,0.0417,0.0417,0,0.0000,0.0000,1,0.0417,0.0417,0,0.0000,0.0000,0,0.0000,0.0000,0,0.0000,0.0000,0,0.0000,0.0000,0,0.0000,0.0000,0,0.0000,0.0000,0,0.0000,0.0000,0,0.0000,0.0000,0,0.0000,0.0000,0,0.0000,0.0000,0,0.0000,0.0000,0,0.0000,0.0000,0,0.0000,0.0000,1,0.0417,0.0417,0,0.0000,0.0000,0,0.0000,0.0000,1,0.0417,0.0417,1,0.0417,0.0417,0,0.0000,0.0000,0,0.0000,0.0000,0,0.0000,0.0000,0,0.0000,0.0000,0,0.0000,0.0000,0,0.0000,0.0000,2,0.0833,0.0833,0,0.0000,0.0000
36,0.003125,35,0.0350,0.0200,0,0.0000,0.0000,15,0.5556,0.3704,4,0.1481,0.1111,0,0.0000,0.0000,0,0.0000,0.0000,2,0.0741,0.0370,0,0.0000,0.0000,0,0.0000,0.0000,0,0.0000,0.0000,0,0.0000,0.0000,0,0.0000,0.0000,0,0.0000,0.0000,0,0.0000,0.0000,0,0.0000,0.0000,0,0.0000,0.0000,0,0.0000,0.0000,0,0.0000,0.0000,0,0.0000,0.0000,0,0.0000,0.0000,0,0.0000,0.0000,5,0.1852,0.1111,4,0.1481,0.0370,0,0.0000,0.0000,1,0.0370,0.0370,0,0.0000,0.0000,3,0.1111,0.0370,1,0.0370,0.0000,0,0.0000,0.0000,0,0.0000,0.0000,0,0.0000,0.0000,0,0.0000,0.0000,0,0.0000,0.0000,0,0.0000,0.0000,0,0.0000,0.0000,0,0.0000,0.0000,0,0.0000,0.0000,0,0.0000,0.0000
239,0.003115,28,0.0270,0.0270,0,0.0000,0.0000,28,1.0000,1.0000,0,0.0000,0.0000,0,0.0000,0.0000,0,0.0000,0.0000,0,0.0000,0.0000,0,0.0000,0.0000,0,0.0000,0.0000,0,0.0000,0.0000,0,0.0000,0.0000,0,0.0000,0.0000,0,0.0000,0.0000,0,0.0000,0.0000,0,0.0000,0.0000,0,0.0000,0.0000,0,0.0000,0.0000,0,0.0000,0.0000,0,0.0000,0.0000,0,0.0000,0.0000,0,0.0000,0.0000,0,0.0000,0.0000,0,0.0000,0.0000,0,0.0000,0.0000,0,0.0000,0.0000,0,0.0000,0.0000,0,0.0000,0.0000,0,0.0000,0.0000,0,0.0000,0.0000,0,0.0000,0.0000,0,0.0000,0.0000,0,0.0000,0.0000,0,0.0000,0.0000,0,0.0000,0.0000,0,0.0000,0.0000,0,0.0000,0.0000,0,0.0000,0.0000,0,0.0000,0.0000
7,0.003110,27,0.0317,0.0223,2,0.0870,0.0870,0,0.0000,0.0000,8,0.3478,0.2174,1,0.0435,0.0435,1,0.0435,0.0435,0,0.0000,0.0000,2,0.0870,0.0000,0,0.0000,0.0000,1,0.0435,0.0435,1,0.0435,0.0000,0,0.0000,0.0000,0,0.0000,0.0000,0,0.0000,0.0000,0,0.0000,0.0000,0,0.0000,0.0000,0,0.0000,0.0000,1,0.0435,0.0435,1,0.0435,0.0435,0,0.0000,0.0000,0,0.0000,0.0000,3,0.1304,0.1304,2,0.0870,0.0435,1,0.0435,0.0435,0,0.0000,0.0000,0,0.0000,0.0000,0,0.0000,0.0000,0,0.0000,0.0000,0,0.0000,0.0000,0,0.0000,0.0000,0,0.0000,0.0000,0,0.0000,0.0000,0,0.0000,0.0000,0,0.0000,0.0000,0,0.0000,0.0000,0,0.0000,0.0000,3,0.1304,0.0870,0,0.0000,0.0000
117,0.002960,30,0.0270,0.0270,0,0.0000,0.0000,26,0.8667,0.8667,0,0.0000,0.0000,0,0.0000,0.0000,0,0.0000,0.0000,0,0.0000,0.0000,0,0.0000,0.0000,0,0.0000,0.0000,0,0.0000,0.0000,0,0.0000,0.0000,0,0.0000,0.0000,0,0.0000,0.0000,0,0.0000,0.0000,0,0.0000,0.0000,0,0.0000,0.0000,4,0.1333,0.1333,0,0.0000,0.0000,0,0.0000,0.0000,0,0.0000,0.0000,0,0.0000,0.0000,0,0.0000,0.0000,0,0.0000,0.0000,0,0.0000,0.0000,0,0.0000,0.0000,0,0.0000,0.0000,0,0.0000,0.0000,0,0.0000,0.0000,0,0.0000,0.0000,0,0.0000,0.0000,0,0.0000,0.0000,0,0.0000,0.0000,0,0.0000,0.0000,0,0.0000,0.0000,0,0.0000,0.0000,0,0.0000,0.0000,0,0.0000,0.0000,0,0.0000,0.0000
260,0.002955,26,0.0270,0.0270,0,0.0000,0.0000,24,0.9231,0.9231,0,0.0000,0.0000,0,0.0000,0.0000,0,0.0000,0.0000,0,0.0000,0.0000,0,0.0000,0.0000,0,0.0000,0.0000,0,0.0000,0.0000,0,0.0000,0.0000,0,0.0000,0.0000,0,0.0000,0.0000,0,0.0000,0.0000,0,0.0000,0.0000,0,0.0000,0.0000,2,0.0769,0.0769,0,0.0000,0.0000,0,0.0000,0.0000,0,0.0000,0.0000,0,0.0000,0.0000,0,0.0000,0.0000,0,0.0000,0.0000,0,0.0000,0.0000,0,0.0000,0.0000,0,0.0000,0.0000,0,0.0000,0.0000,0,0.0000,0.0000,0,0.0000,0.0000,0,0.0000,0.0000,0,0.0000,0.0000,0,0.0000,0.0000,0,0.0000,0.0000,0,0.0000,0.0000,0,0.0000,0.0000,0,0.0000,0.0000,0,0.0000,0.0000,0,0.0000,0.0000
47,0.002855,25,0.0294,0.0247,3,0.1304,0.1304,0,0.0000,0.0000,2,0.0870,0.0870,1,0.0435,0.0435,1,0.0435,0.0435,0,0.0000,0.0000,1,0.0435,0.0435,0,0.0000,0.0000,1,0.0435,0.0435,2,0.0870,0.0435,1,0.0435,0.0435,1,0.0435,0.0000,0,0.0000,0.0000,1,0.0435,0.0000,0,0.0000,0.0000,0,0.0000,0.0000,0,0.0000,0.0000,0,0.0000,0.0000,1,0.0435,0.0435,1,0.0435,0.0435,0,0.0000,0.0000,0,0.0000,0.0000,0,0.0000,0.0000,0,0.0000,0.0000,1,0.0435,0.0435,0,0.0000,0.0000,0,0.0000,0.0000,1,0.0435,0.0000,0,0.0000,0.0000,0,0.0000,0.0000,1,0.0435,0.0435,2,0.0870,0.0870,1,0.0435,0.0435,0,0.0000,0.0000,0,0.0000,0.0000,2,0.0870,0.0870,1,0.0435,0.0435
224,0.002855,33,0.0343,0.0198,3,0.1154,0.0000,0,0.0000,0.0000,6,0.2308,0.1154,1,0.0385,0.0000,0,0.0000,0.0000,4,0.1538,0.0769,2,0.0769,0.0385,0,0.0000,0.0000,0,0.0000,0.0000,10,0.3846,0.2692,0,0.0000,0.0000,0,0.0000,0.0000,0,0.0000,0.0000,0,0.0000,0.0000,0,0.0000,0.0000,0,0.0000,0.0000,0,0.0000,0.0000,1,0.0385,0.0385,0,0.0000,0.0000,0,0.0000,0.0000,1,0.0385,0.0385,1,0.0385,0.0385,1,0.0385,0.0385,0,0.0000,0.0000,0,0.0000,0.0000,0,0.0000,0.0000,1,0.0385,0.0385,1,0.0385,0.0385,0,0.0000,0.0000,1,0.0385,0.0000,0,0.0000,0.0000,0,0.0000,0.0000,0,0.0000,0.0000,0,0.0000,0.0000,0,0.0000,0.0000,0,0.0000,0.0000,0,0.0000,0.0000
71,0.002810,25,0.0294,0.0247,0,0.0000,0.0000,2,0.0870,0.0870,1,0.0435,0.0435,0,0.0000,0.0000,0,0.0000,0.0000,12,0.5217,0.5217,0,0.0000,0.0000,0,0.0000,0.0000,0,0.0000,0.0000,0,0.0000,0.0000,0,0.0000,0.0000,0,0.0000,0.0000,0,0.0000,0.0000,2,0.0870,0.0435,0,0.0000,0.0000,0,0.0000,0.0000,0,0.0000,0.0000,0,0.0000,0.0000,0,0.0000,0.0000,0,0.0000,0.0000,0,0.0000,0.0000,0,0.0000,0.0000,0,0.0000,0.0000,0,0.0000,0.0000,0,0.0000,0.0000,0,0.0000,0.0000,0,0.0000,0.0000,4,0.1739,0.1304,0,0.0000,0.0000,2,0.0870,0.0435,0,0.0000,0.0000,0,0.0000,0.0000,0,0.0000,0.0000,0,0.0000,0.0000,0,0.0000,0.0000,0,0.0000,0.0000,2,0.0870,0.0435
359,0.002785,21,0.0270,0.0270,0,0.0000,0.0000,0,0.0000,0.0000,0,0.0000,0.0000,0,0.0000,0.0000,0,0.0000,0.0000,0,0.0000,0.0000,0,0.0000,0.0000,0,0.0000,0.0000,0,0.0000,0.0000,0,0.0000,0.0000,0,0.0000,0.0000,0,0.0000,0.0000,0,0.0000,0.0000,0,0.0000,0.0000,0,0.0000,0.0000,0,0.0000,0.0000,0,0.0000,0.0000,0,0.0000,0.0000,0,0.0000,0.0000,0,0.0000,0.0000,0,0.0000,0.0000,0,0.0000,0.0000,0,0.0000,0.0000,0,0.0000,0.0000,0,0.0000,0.0000,21,1.0000,1.0000,0,0.0000,0.0000,0,0.0000,0.0000,0,0.0000,0.0000,0,0.0000,0.0000,0,0.0000,0.0000,0,0.0000,0.0000,0,0.0000,0.0000,0,0.0000,0.0000,0,0.0000,0.0000,0,0.0000,0.0000,0,0.0000,0.0000
200,0.002770,21,0.0334,0.0207,0,0.0000,0.0000,0,0.0000,0.0000,0,0.0000,0.0000,0,0.0000,0.0000,0,0.0000,0.0000,0,0.0000,0.0000,0,0.0000,0.0000,6,0.3529,0.1176,1,0.0588,0.0588,0,0.0000,0.0000,0,0.0000,0.0000,0,0.0000,0.0000,5,0.2941,0.1176,0,0.0000,0.0000,0,0.0000,0.0000,0,0.0000,0.0000,0,0.0000,0.0000,0,0.0000,0.0000,0,0.0000,0.0000,0,0.0000,0.0000,0,0.0000,0.0000,0,0.0000,0.0000,0,0.0000,0.0000,0,0.0000,0.0000,0,0.0000,0.0000,0,0.0000,0.0000,0,0.0000,0.0000,0,0.0000,0.0000,0,0.0000,0.0000,0,0.0000,0.0000,0,0.0000,0.0000,0,0.0000,0.0000,0,0.0000,0.0000,0,0.0000,0.0000,9,0.5294,0.4706,0,0.0000,0.0000,0,0.0000,0.0000
183,0.002765,24,0.0295,0.0246,4,0.1818,0.1364,0,0.0000,0.0000,1,0.0455,0.0455,0,0.0000,0.0000,0,0.0000,0.0000,2,0.0909,0.0455,1,0.0455,0.0455,0,0.0000,0.0000,0,0.0000,0.0000,0,0.0000,0.0000,0,0.0000,0.0000,1,0.0455,0.0455,0,0.0000,0.0000,0,0.0000,0.0000,0,0.0000,0.0000,0,0.0000,0.0000,1,0.0455,0.0455,1,0.0455,0.0455,0,0.0000,0.0000,0,0.0000,0.0000,7,0.3182,0.2727,6,0.2727,0.2273,0,0.0000,0.0000,0,0.0000,0.0000,0,0.0000,0.0000,0,0.0000,0.0000,0,0.0000,0.0000,0,0.0000,0.0000,0,0.0000,0.0000,0,0.0000,0.0000,0,0.0000,0.0000,0,0.0000,0.0000,0,0.0000,0.0000,0,0.0000,0.0000,0,0.0000,0.0000,0,0.0000,0.0000,0,0.0000,0.0000
212,0.002765,27,0.0304,0.0236,0,0.0000,0.0000,16,0.6667,0.5417,0,0.0000,0.0000,0,0.0000,0.0000,0,0.0000,0.0000,0,0.0000,0.0000,0,0.0000,0.0000,0,0.0000,0.0000,0,0.0000,0.0000,0,0.0000,0.0000,0,0.0000,0.0000,0,0.0000,0.0000,0,0.0000,0.0000,0,0.0000,0.0000,0,0.0000,0.0000,3,0.1250,0.1250,0,0.0000,0.0000,0,0.0000,0.0000,0,0.0000,0.0000,0,0.0000,0.0000,0,0.0000,0.0000,0,0.0000,0.0000,0,0.0000,0.0000,0,0.0000,0.0000,0,0.0000,0.0000,0,0.0000,0.0000,7,0.2917,0.1667,0,0.0000,0.0000,0,0.0000,0.0000,0,0.0000,0.0000,0,0.0000,0.0000,0,0.0000,0.0000,0,0.0000,0.0000,0,0.0000,0.0000,1,0.0417,0.0417,0,0.0000,0.0000,0,0.0000,0.0000
243,0.002705,22,0.0330,0.0210,4,0.2222,0.1667,0,0.0000,0.0000,1,0.0556,0.0556,1,0.0556,0.0000,1,0.0556,0.0556,1,0.0556,0.0556,0,0.0000,0.0000,4,0.2222,0.0556,1,0.0556,0.0000,0,0.0000,0.0000,0,0.0000,0.0000,0,0.0000,0.0000,1,0.0556,0.0000,1,0.0556,0.0556,0,0.0000,0.0000,0,0.0000,0.0000,0,0.0000,0.0000,1,0.0556,0.0556,1,0.0556,0.0556,0,0.0000,0.0000,0,0.0000,0.0000,0,0.0000,0.0000,0,0.0000,0.0000,0,0.0000,0.0000,0,0.0000,0.0000,1,0.0556,0.0000,0,0.0000,0.0000,0,0.0000,0.0000,0,0.0000,0.0000,0,0.0000,0.0000,0,0.0000,0.0000,0,0.0000,0.0000,1,0.0556,0.0556,0,0.0000,0.0000,1,0.0556,0.0556,2,0.1111,0.1111,0,0.0000,0.0000
111,0.002670,25,0.0294,0.0247,3,0.1304,0.1304,0,0.0000,0.0000,1,0.0435,0.0435,1,0.0435,0.0435,1,0.0435,0.0435,0,0.0000,0.0000,1,0.0435,0.0435,0,0.0000,0.0000,0,0.0000,0.0000,1,0.0435,0.0000,1,0.0435,0.0435,0,0.0000,0.0000,0,0.0000,0.0000,1,0.0435,0.0000,0,0.0000,0.0000,7,0.3043,0.2609,0,0.0000,0.0000,0,0.0000,0.0000,0,0.0000,0.0000,1,0.0435,0.0435,0,0.0000,0.0000,0,0.0000,0.0000,0,0.0000,0.0000,1,0.0435,0.0435,0,0.0000,0.0000,0,0.0000,0.0000,0,0.0000,0.0000,1,0.0435,0.0000,0,0.0000,0.0000,0,0.0000,0.0000,1,0.0435,0.0435,1,0.0435,0.0435,1,0.0435,0.0435,0,0.0000,0.0000,0,0.0000,0.0000,1,0.0435,0.0435,1,0.0435,0.0435
51,0.002625,20,0.0318,0.0223,0,0.0000,0.0000,0,0.0000,0.0000,1,0.0588,0.0588,0,0.0000,0.0000,0,0.0000,0.0000,1,0.0588,0.0588,0,0.0000,0.0000,0,0.0000,0.0000,0,0.0000,0.0000,0,0.0000,0.0000,0,0.0000,0.0000,0,0.0000,0.0000,0,0.0000,0.0000,0,0.0000,0.0000,0,0.0000,0.0000,0,0.0000,0.0000,0,0.0000,0.0000,0,0.0000,0.0000,0,0.0000,0.0000,2,0.1176,0.1176,0,0.0000,0.0000,0,0.0000,0.0000,0,0.0000,0.0000,0,0.0000,0.0000,0,0.0000,0.0000,2,0.1176,0.1176,3,0.1765,0.1765,0,0.0000,0.0000,0,0.0000,0.0000,8,0.4706,0.2941,0,0.0000,0.0000,0,0.0000,0.0000,0,0.0000,0.0000,0,0.0000,0.0000,0,0.0000,0.0000,0,0.0000,0.0000,3,0.1765,0.0000
97,0.002585,20,0.0338,0.0220,0,0.0000,0.0000,0,0.0000,0.0000,0,0.0000,0.0000,0,0.0000,0.0000,0,0.0000,0.0000,0,0.0000,0.0000,0,0.0000,0.0000,3,0.1875,0.0000,0,0.0000,0.0000,0,0.0000,0.0000,0,0.0000,0.0000,0,0.0000,0.0000,5,0.3125,0.1250,0,0.0000,0.0000,0,0.0000,0.0000,0,0.0000,0.0000,0,0.0000,0.0000,0,0.0000,0.0000,0,0.0000,0.0000,0,0.0000,0.0000,0,0.0000,0.0000,0,0.0000,0.0000,0,0.0000,0.0000,0,0.0000,0.0000,0,0.0000,0.0000,0,0.0000,0.0000,0,0.0000,0.0000,0,0.0000,0.0000,0,0.0000,0.0000,0,0.0000,0.0000,0,0.0000,0.0000,0,0.0000,0.0000,0,0.0000,0.0000,0,0.0000,0.0000,12,0.7500,0.6875,0,0.0000,0.0000,0,0.0000,0.0000
40,0.002545,22,0.0270,0.0270,1,0.0455,0.0455,0,0.0000,0.0000,1,0.0455,0.0455,1,0.0455,0.0455,1,0.0455,0.0455,1,0.0455,0.0455,1,0.0455,0.0455,0,0.0000,0.0000,1,0.0455,0.0455,1,0.0455,0.0455,1,0.0455,0.0455,1,0.0455,0.0455,0,0.0000,0.0000,1,0.0455,0.0455,0,0.0000,0.0000,0,0.0000,0.0000,0,0.0000,0.0000,1,0.0455,0.0455,0,0.0000,0.0000,1,0.0455,0.0455,1,0.0455,0.0455,0,0.0000,0.0000,0,0.0000,0.0000,0,0.0000,0.0000,1,0.0455,0.0455,0,0.0000,0.0000,0,0.0000,0.0000,0,0.0000,0.0000,0,0.0000,0.0000,3,0.1364,0.1364,1,0.0455,0.0455,1,0.0455,0.0455,1,0.0455,0.0455,1,0.0455,0.0455,0,0.0000,0.0000,0,0.0000,0.0000,0,0.0000,0.0000
206,0.002505,21,0.0270,0.0270,0,0.0000,0.0000,18,0.8571,0.8571,0,0.0000,0.0000,0,0.0000,0.0000,0,0.0000,0.0000,0,0.0000,0.0000,0,0.0000,0.0000,0,0.0000,0.0000,0,0.0000,0.0000,0,0.0000,0.0000,0,0.0000,0.0000,0,0.0000,0.0000,3,0.1429,0.1429,0,0.0000,0.0000,0,0.0000,0.0000,0,0.0000,0.0000,0,0.0000,0.0000,0,0.0000,0.0000,0,0.0000,0.0000,0,0.0000,0.0000,0,0.0000,0.0000,0,0.0000,0.0000,0,0.0000,0.0000,0,0.0000,0.0000,0,0.0000,0.0000,0,0.0000,0.0000,0,0.0000,0.0000,0,0.0000,0.0000,0,0.0000,0.0000,0,0.0000,0.0000,0,0.0000,0.0000,0,0.0000,0.0000,0,0.0000,0.0000,0,0.0000,0.0000,0,0.0000,0.0000,0,0.0000,0.0000,0,0.0000,0.0000
38,0.002500,10,0.0270,0.0270,0,0.0000,0.0000,0,0.0000,0.0000,0,0.0000,0.0000,0,0.0000,0.0000,0,0.0000,0.0000,0,0.0000,0.0000,0,0.0000,0.0000,0,0.0000,0.0000,0,0.0000,0.0000,0,0.0000,0.0000,0,0.0000,0.0000,0,0.0000,0.0000,0,0.0000,0.0000,0,0.0000,0.0000,0,0.0000,0.0000,0,0.0000,0.0000,0,0.0000,0.0000,0,0.0000,0.0000,0,0.0000,0.0000,0,0.0000,0.0000,0,0.0000,0.0000,0,0.0000,0.0000,0,0.0000,0.0000,0,0.0000,0.0000,0,0.0000,0.0000,0,0.0000,0.0000,0,0.0000,0.0000,0,0.0000,0.0000,0,0.0000,0.0000,0,0.0000,0.0000,0,0.0000,0.0000,9,0.9000,0.9000,0,0.0000,0.0000,0,0.0000,0.0000,0,0.0000,0.0000,1,0.1000,0.1000,0,0.0000,0.0000
20,0.002495,22,0.0330,0.0210,0,0.0000,0.0000,0,0.0000,0.0000,15,0.8333,0.6667,0,0.0000,0.0000,0,0.0000,0.0000,0,0.0000,0.0000,0,0.0000,0.0000,0,0.0000,0.0000,0,0.0000,0.0000,0,0.0000,0.0000,0,0.0000,0.0000,0,0.0000,0.0000,0,0.0000,0.0000,0,0.0000,0.0000,0,0.0000,0.0000,0,0.0000,0.0000,0,0.0000,0.0000,0,0.0000,0.0000,0,0.0000,0.0000,0,0.0000,0.0000,0,0.0000,0.0000,0,0.0000,0.0000,5,0.2778,0.1111,0,0.0000,0.0000,0,0.0000,0.0000,0,0.0000,0.0000,0,0.0000,0.0000,0,0.0000,0.0000,0,0.0000,0.0000,0,0.0000,0.0000,0,0.0000,0.0000,1,0.0556,0.0000,0,0.0000,0.0000,0,0.0000,0.0000,0,0.0000,0.0000,1,0.0556,0.0000,0,0.0000,0.0000
317,0.002430,15,0.0270,0.0270,0,0.0000,0.0000,0,0.0000,0.0000,0,0.0000,0.0000,0,0.0000,0.0000,0,0.0000,0.0000,0,0.0000,0.0000,0,0.0000,0.0000,0,0.0000,0.0000,0,0.0000,0.0000,0,0.0000,0.0000,0,0.0000,0.0000,0,0.0000,0.0000,0,0.0000,0.0000,0,0.0000,0.0000,0,0.0000,0.0000,0,0.0000,0.0000,0,0.0000,0.0000,0,0.0000,0.0000,0,0.0000,0.0000,0,0.0000,0.0000,0,0.0000,0.0000,0,0.0000,0.0000,0,0.0000,0.0000,0,0.0000,0.0000,0,0.0000,0.0000,2,0.1333,0.1333,13,0.8667,0.8667,0,0.0000,0.0000,0,0.0000,0.0000,0,0.0000,0.0000,0,0.0000,0.0000,0,0.0000,0.0000,0,0.0000,0.0000,0,0.0000,0.0000,0,0.0000,0.0000,0,0.0000,0.0000,0,0.0000,0.0000
94,0.002410,23,0.0327,0.0213,0,0.0000,0.0000,2,0.1053,0.1053,5,0.2632,0.1579,1,0.0526,0.0000,0,0.0000,0.0000,0,0.0000,0.0000,3,0.1579,0.0526,0,0.0000,0.0000,1,0.0526,0.0526,0,0.0000,0.0000,0,0.0000,0.0000,0,0.0000,0.0000,0,0.0000,0.0000,0,0.0000,0.0000,0,0.0000,0.0000,0,0.0000,0.0000,1,0.0526,0.0000,0,0.0000,0.0000,0,0.0000,0.0000,0,0.0000,0.0000,1,0.0526,0.0000,1,0.0526,0.0000,1,0.0526,0.0526,0,0.0000,0.0000,0,0.0000,0.0000,3,0.1579,0.1579,0,0.0000,0.0000,0,0.0000,0.0000,0,0.0000,0.0000,0,0.0000,0.0000,0,0.0000,0.0000,1,0.0526,0.0526,0,0.0000,0.0000,0,0.0000,0.0000,0,0.0000,0.0000,3,0.1579,0.1579,0,0.0000,0.0000
283,0.002370,16,0.0288,0.0252,2,0.1333,0.0667,0,0.0000,0.0000,0,0.0000,0.0000,1,0.0667,0.0667,0,0.0000,0.0000,0,0.0000,0.0000,0,0.0000,0.0000,0,0.0000,0.0000,0,0.0000,0.0000,0,0.0000,0.0000,2,0.1333,0.1333,0,0.0000,0.0000,0,0.0000,0.0000,0,0.0000,0.0000,0,0.0000,0.0000,0,0.0000,0.0000,0,0.0000,0.0000,0,0.0000,0.0000,0,0.0000,0.0000,0,0.0000,0.0000,0,0.0000,0.0000,0,0.0000,0.0000,0,0.0000,0.0000,0,0.0000,0.0000,0,0.0000,0.0000,11,0.7333,0.6667,0,0.0000,0.0000,0,0.0000,0.0000,0,0.0000,0.0000,0,0.0000,0.0000,0,0.0000,0.0000,0,0.0000,0.0000,0,0.0000,0.0000,0,0.0000,0.0000,0,0.0000,0.0000,0,0.0000,0.0000,0,0.0000,0.0000
195,0.002240,20,0.0284,0.0256,7,0.3684,0.3684,10,0.5263,0.4737,0,0.0000,0.0000,0,0.0000,0.0000,0,0.0000,0.0000,0,0.0000,0.0000,0,0.0000,0.0000,0,0.0000,0.0000,1,0.0526,0.0526,0,0.0000,0.0000,0,0.0000,0.0000,0,0.0000,0.0000,0,0.0000,0.0000,0,0.0000,0.0000,0,0.0000,0.0000,0,0.0000,0.0000,0,0.0000,0.0000,0,0.0000,0.0000,0,0.0000,0.0000,0,0.0000,0.0000,0,0.0000,0.0000,0,0.0000,0.0000,0,0.0000,0.0000,0,0.0000,0.0000,0,0.0000,0.0000,0,0.0000,0.0000,0,0.0000,0.0000,1,0.0526,0.0000,1,0.0526,0.0526,0,0.0000,0.0000,0,0.0000,0.0000,0,0.0000,0.0000,0,0.0000,0.0000,0,0.0000,0.0000,0,0.0000,0.0000,0,0.0000,0.0000,0,0.0000,0.0000
50,0.002180,17,0.0270,0.0270,2,0.1176,0.1176,1,0.0588,0.0588,0,0.0000,0.0000,0,0.0000,0.0000,0,0.0000,0.0000,0,0.0000,0.0000,0,0.0000,0.0000,0,0.0000,0.0000,0,0.0000,0.0000,0,0.0000,0.0000,0,0.0000,0.0000,0,0.0000,0.0000,0,0.0000,0.0000,0,0.0000,0.0000,0,0.0000,0.0000,9,0.5294,0.5294,0,0.0000,0.0000,0,0.0000,0.0000,0,0.0000,0.0000,4,0.2353,0.2353,0,0.0000,0.0000,0,0.0000,0.0000,0,0.0000,0.0000,0,0.0000,0.0000,0,0.0000,0.0000,0,0.0000,0.0000,0,0.0000,0.0000,0,0.0000,0.0000,0,0.0000,0.0000,0,0.0000,0.0000,0,0.0000,0.0000,0,0.0000,0.0000,0,0.0000,0.0000,0,0.0000,0.0000,0,0.0000,0.0000,1,0.0588,0.0588,0,0.0000,0.0000
202,0.002125,15,0.0270,0.0270,0,0.0000,0.0000,0,0.0000,0.0000,0,0.0000,0.0000,0,0.0000,0.0000,0,0.0000,0.0000,0,0.0000,0.0000,0,0.0000,0.0000,0,0.0000,0.0000,0,0.0000,0.0000,0,0.0000,0.0000,0,0.0000,0.0000,0,0.0000,0.0000,0,0.0000,0.0000,0,0.0000,0.0000,0,0.0000,0.0000,13,0.8667,0.8667,0,0.0000,0.0000,0,0.0000,0.0000,0,0.0000,0.0000,0,0.0000,0.0000,0,0.0000,0.0000,0,0.0000,0.0000,0,0.0000,0.0000,2,0.1333,0.1333,0,0.0000,0.0000,0,0.0000,0.0000,0,0.0000,0.0000,0,0.0000,0.0000,0,0.0000,0.0000,0,0.0000,0.0000,0,0.0000,0.0000,0,0.0000,0.0000,0,0.0000,0.0000,0,0.0000,0.0000,0,0.0000,0.0000,0,0.0000,0.0000,0,0.0000,0.0000
264,0.002110,18,0.0304,0.0236,0,0.0000,0.0000,10,0.6250,0.5000,0,0.0000,0.0000,0,0.0000,0.0000,0,0.0000,0.0000,1,0.0625,0.0625,0,0.0000,0.0000,0,0.0000,0.0000,0,0.0000,0.0000,0,0.0000,0.0000,0,0.0000,0.0000,1,0.0625,0.0000,0,0.0000,0.0000,0,0.0000,0.0000,0,0.0000,0.0000,0,0.0000,0.0000,0,0.0000,0.0000,0,0.0000,0.0000,0,0.0000,0.0000,0,0.0000,0.0000,2,0.1250,0.0625,1,0.0625,0.0625,0,0.0000,0.0000,0,0.0000,0.0000,0,0.0000,0.0000,2,0.1250,0.1250,0,0.0000,0.0000,0,0.0000,0.0000,0,0.0000,0.0000,0,0.0000,0.0000,0,0.0000,0.0000,1,0.0625,0.0625,0,0.0000,0.0000,0,0.0000,0.0000,0,0.0000,0.0000,0,0.0000,0.0000,0,0.0000,0.0000
163,0.002085,17,0.0287,0.0253,2,0.1250,0.1250,0,0.0000,0.0000,0,0.0000,0.0000,0,0.0000,0.0000,1,0.0625,0.0625,0,0.0000,0.0000,1,0.0625,0.0625,0,0.0000,0.0000,0,0.0000,0.0000,1,0.0625,0.0625,1,0.0625,0.0625,0,0.0000,0.0000,1,0.0625,0.0625,1,0.0625,0.0000,0,0.0000,0.0000,3,0.1875,0.1875,0,0.0000,0.0000,0,0.0000,0.0000,0,0.0000,0.0000,1,0.0625,0.0625,0,0.0000,0.0000,0,0.0000,0.0000,0,0.0000,0.0000,1,0.0625,0.0625,0,0.0000,0.0000,0,0.0000,0.0000,0,0.0000,0.0000,1,0.0625,0.0000,0,0.0000,0.0000,0,0.0000,0.0000,1,0.0625,0.0625,0,0.0000,0.0000,0,0.0000,0.0000,1,0.0625,0.0625,0,0.0000,0.0000,0,0.0000,0.0000,1,0.0625,0.0625
8,0.002080,18,0.0270,0.0270,1,0.0556,0.0556,1,0.0556,0.0556,8,0.4444,0.4444,0,0.0000,0.0000,0,0.0000,0.0000,0,0.0000,0.0000,0,0.0000,0.0000,0,0.0000,0.0000,1,0.0556,0.0556,0,0.0000,0.0000,0,0.0000,0.0000,0,0.0000,0.0000,0,0.0000,0.0000,0,0.0000,0.0000,6,0.3333,0.3333,0,0.0000,0.0000,0,0.0000,0.0000,1,0.0556,0.0556,0,0.0000,0.0000,0,0.0000,0.0000,0,0.0000,0.0000,0,0.0000,0.0000,0,0.0000,0.0000,0,0.0000,0.0000,0,0.0000,0.0000,0,0.0000,0.0000,0,0.0000,0.0000,0,0.0000,0.0000,0,0.0000,0.0000,0,0.0000,0.0000,0,0.0000,0.0000,0,0.0000,0.0000,0,0.0000,0.0000,0,0.0000,0.0000,0,0.0000,0.0000,0,0.0000,0.0000,0,0.0000,0.0000
201,0.002050,17,0.0328,0.0212,1,0.0714,0.0714,0,0.0000,0.0000,0,0.0000,0.0000,0,0.0000,0.0000,0,0.0000,0.0000,0,0.0000,0.0000,0,0.0000,0.0000,6,0.4286,0.2143,1,0.0714,0.0714,0,0.0000,0.0000,0,0.0000,0.0000,0,0.0000,0.0000,4,0.2857,0.1429,0,0.0000,0.0000,0,0.0000,0.0000,0,0.0000,0.0000,0,0.0000,0.0000,0,0.0000,0.0000,0,0.0000,0.0000,0,0.0000,0.0000,0,0.0000,0.0000,0,0.0000,0.0000,0,0.0000,0.0000,0,0.0000,0.0000,0,0.0000,0.0000,0,0.0000,0.0000,0,0.0000,0.0000,0,0.0000,0.0000,0,0.0000,0.0000,0,0.0000,0.0000,0,0.0000,0.0000,0,0.0000,0.0000,0,0.0000,0.0000,1,0.0714,0.0714,4,0.2857,0.2143,0,0.0000,0.0000,0,0.0000,0.0000
84,0.002030,19,0.0321,0.0220,0,0.0000,0.0000,1,0.0625,0.0625,2,0.1250,0.1250,0,0.0000,0.0000,0,0.0000,0.0000,4,0.2500,0.2500,0,0.0000,0.0000,0,0.0000,0.0000,0,0.0000,0.0000,0,0.0000,0.0000,0,0.0000,0.0000,0,0.0000,0.0000,0,0.0000,0.0000,0,0.0000,0.0000,0,0.0000,0.0000,0,0.0000,0.0000,0,0.0000,0.0000,0,0.0000,0.0000,1,0.0625,0.0625,0,0.0000,0.0000,0,0.0000,0.0000,0,0.0000,0.0000,0,0.0000,0.0000,0,0.0000,0.0000,0,0.0000,0.0000,0,0.0000,0.0000,0,0.0000,0.0000,0,0.0000,0.0000,0,0.0000,0.0000,6,0.3750,0.1875,0,0.0000,0.0000,0,0.0000,0.0000,0,0.0000,0.0000,0,0.0000,0.0000,0,0.0000,0.0000,0,0.0000,0.0000,5,0.3125,0.1250
31,0.002025,15,0.0270,0.0270,4,0.2667,0.2667,5,0.3333,0.3333,0,0.0000,0.0000,0,0.0000,0.0000,0,0.0000,0.0000,0,0.0000,0.0000,1,0.0667,0.0667,0,0.0000,0.0000,1,0.0667,0.0667,0,0.0000,0.0000,0,0.0000,0.0000,0,0.0000,0.0000,1,0.0667,0.0667,0,0.0000,0.0000,0,0.0000,0.0000,0,0.0000,0.0000,0,0.0000,0.0000,0,0.0000,0.0000,0,0.0000,0.0000,0,0.0000,0.0000,0,0.0000,0.0000,0,0.0000,0.0000,0,0.0000,0.0000,0,0.0000,0.0000,0,0.0000,0.0000,0,0.0000,0.0000,0,0.0000,0.0000,0,0.0000,0.0000,0,0.0000,0.0000,0,0.0000,0.0000,0,0.0000,0.0000,1,0.0667,0.0667,0,0.0000,0.0000,1,0.0667,0.0667,0,0.0000,0.0000,1,0.0667,0.0667,0,0.0000,0.0000
219,0.001990,17,0.0270,0.0270,0,0.0000,0.0000,9,0.5294,0.5294,0,0.0000,0.0000,0,0.0000,0.0000,0,0.0000,0.0000,0,0.0000,0.0000,0,0.0000,0.0000,0,0.0000,0.0000,1,0.0588,0.0588,0,0.0000,0.0000,0,0.0000,0.0000,0,0.0000,0.0000,0,0.0000,0.0000,0,0.0000,0.0000,0,0.0000,0.0000,1,0.0588,0.0588,0,0.0000,0.0000,0,0.0000,0.0000,0,0.0000,0.0000,0,0.0000,0.0000,0,0.0000,0.0000,0,0.0000,0.0000,0,0.0000,0.0000,0,0.0000,0.0000,0,0.0000,0.0000,0,0.0000,0.0000,0,0.0000,0.0000,0,0.0000,0.0000,0,0.0000,0.0000,0,0.0000,0.0000,0,0.0000,0.0000,0,0.0000,0.0000,0,0.0000,0.0000,0,0.0000,0.0000,6,0.3529,0.3529,0,0.0000,0.0000,0,0.0000,0.0000
307,0.001985,17,0.0270,0.0270,0,0.0000,0.0000,0,0.0000,0.0000,9,0.5294,0.5294,0,0.0000,0.0000,0,0.0000,0.0000,0,0.0000,0.0000,0,0.0000,0.0000,0,0.0000,0.0000,1,0.0588,0.0588,0,0.0000,0.0000,0,0.0000,0.0000,0,0.0000,0.0000,0,0.0000,0.0000,0,0.0000,0.0000,7,0.4118,0.4118,0,0.0000,0.0000,0,0.0000,0.0000,0,0.0000,0.0000,0,0.0000,0.0000,0,0.0000,0.0000,0,0.0000,0.0000,0,0.0000,0.0000,0,0.0000,0.0000,0,0.0000,0.0000,0,0.0000,0.0000,0,0.0000,0.0000,0,0.0000,0.0000,0,0.0000,0.0000,0,0.0000,0.0000,0,0.0000,0.0000,0,0.0000,0.0000,0,0.0000,0.0000,0,0.0000,0.0000,0,0.0000,0.0000,0,0.0000,0.0000,0,0.0000,0.0000,0,0.0000,0.0000
223,0.001950,19,0.0270,0.0270,0,0.0000,0.0000,19,1.0000,1.0000,0,0.0000,0.0000,0,0.0000,0.0000,0,0.0000,0.0000,0,0.0000,0.0000,0,0.0000,0.0000,0,0.0000,0.0000,0,0.0000,0.0000,0,0.0000,0.0000,0,0.0000,0.0000,0,0.0000,0.0000,0,0.0000,0.0000,0,0.0000,0.0000,0,0.0000,0.0000,0,0.0000,0.0000,0,0.0000,0.0000,0,0.0000,0.0000,0,0.0000,0.0000,0,0.0000,0.0000,0,0.0000,0.0000,0,0.0000,0.0000,0,0.0000,0.0000,0,0.0000,0.0000,0,0.0000,0.0000,0,0.0000,0.0000,0,0.0000,0.0000,0,0.0000,0.0000,0,0.0000,0.0000,0,0.0000,0.0000,0,0.0000,0.0000,0,0.0000,0.0000,0,0.0000,0.0000,0,0.0000,0.0000,0,0.0000,0.0000,0,0.0000,0.0000,0,0.0000,0.0000
74,0.001940,19,0.0302,0.0238,3,0.1765,0.0588,8,0.4706,0.4706,0,0.0000,0.0000,0,0.0000,0.0000,0,0.0000,0.0000,0,0.0000,0.0000,0,0.0000,0.0000,1,0.0588,0.0588,0,0.0000,0.0000,0,0.0000,0.0000,0,0.0000,0.0000,0,0.0000,0.0000,0,0.0000,0.0000,0,0.0000,0.0000,0,0.0000,0.0000,3,0.1765,0.1765,0,0.0000,0.0000,0,0.0000,0.0000,0,0.0000,0.0000,3,0.1765,0.0588,0,0.0000,0.0000,0,0.0000,0.0000,0,0.0000,0.0000,0,0.0000,0.0000,0,0.0000,0.0000,0,0.0000,0.0000,0,0.0000,0.0000,0,0.0000,0.0000,1,0.0588,0.0588,0,0.0000,0.0000,0,0.0000,0.0000,0,0.0000,0.0000,0,0.0000,0.0000,0,0.0000,0.0000,0,0.0000,0.0000,0,0.0000,0.0000,0,0.0000,0.0000
277,0.001930,21,0.0284,0.0257,3,0.1500,0.1500,7,0.3500,0.3000,0,0.0000,0.0000,1,0.0500,0.0500,0,0.0000,0.0000,0,0.0000,0.0000,1,0.0500,0.0500,0,0.0000,0.0000,0,0.0000,0.0000,6,0.3000,0.2500,0,0.0000,0.0000,0,0.0000,0.0000,0,0.0000,0.0000,0,0.0000,0.0000,0,0.0000,0.0000,0,0.0000,0.0000,0,0.0000,0.0000,1,0.0500,0.0500,0,0.0000,0.0000,1,0.0500,0.0500,0,0.0000,0.0000,1,0.0500,0.0500,0,0.0000,0.0000,0,0.0000,0.0000,0,0.0000,0.0000,0,0.0000,0.0000,0,0.0000,0.0000,0,0.0000,0.0000,0,0.0000,0.0000,0,0.0000,0.0000,0,0.0000,0.0000,0,0.0000,0.0000,0,0.0000,0.0000,0,0.0000,0.0000,0,0.0000,0.0000,0,0.0000,0.0000,0,0.0000,0.0000
0,0.001915,16,0.0333,0.0229,2,0.1538,0.1538,0,0.0000,0.0000,1,0.0769,0.0769,1,0.0769,0.0000,0,0.0000,0.0000,0,0.0000,0.0000,0,0.0000,0.0000,0,0.0000,0.0000,0,0.0000,0.0000,0,0.0000,0.0000,0,0.0000,0.0000,0,0.0000,0.0000,0,0.0000,0.0000,1,0.0769,0.0769,0,0.0000,0.0000,1,0.0769,0.0769,0,0.0000,0.0000,0,0.0000,0.0000,0,0.0000,0.0000,1,0.0769,0.0769,0,0.0000,0.0000,0,0.0000,0.0000,0,0.0000,0.0000,0,0.0000,0.0000,0,0.0000,0.0000,2,0.1538,0.1538,0,0.0000,0.0000,0,0.0000,0.0000,0,0.0000,0.0000,3,0.2308,0.0769,1,0.0769,0.0769,0,0.0000,0.0000,1,0.0769,0.0769,0,0.0000,0.0000,0,0.0000,0.0000,1,0.0769,0.0000,1,0.0769,0.0000
233,0.001910,22,0.0283,0.0257,0,0.0000,0.0000,15,0.7143,0.6667,3,0.1429,0.1429,0,0.0000,0.0000,0,0.0000,0.0000,0,0.0000,0.0000,0,0.0000,0.0000,0,0.0000,0.0000,0,0.0000,0.0000,3,0.1429,0.0952,0,0.0000,0.0000,0,0.0000,0.0000,0,0.0000,0.0000,0,0.0000,0.0000,0,0.0000,0.0000,0,0.0000,0.0000,0,0.0000,0.0000,0,0.0000,0.0000,0,0.0000,0.0000,0,0.0000,0.0000,0,0.0000,0.0000,0,0.0000,0.0000,0,0.0000,0.0000,0,0.0000,0.0000,0,0.0000,0.0000,0,0.0000,0.0000,0,0.0000,0.0000,0,0.0000,0.0000,0,0.0000,0.0000,0,0.0000,0.0000,0,0.0000,0.0000,0,0.0000,0.0000,0,0.0000,0.0000,0,0.0000,0.0000,0,0.0000,0.0000,1,0.0476,0.0476,0,0.0000,0.0000
250,0.001910,16,0.0270,0.0270,0,0.0000,0.0000,15,0.9375,0.9375,0,0.0000,0.0000,0,0.0000,0.0000,0,0.0000,0.0000,0,0.0000,0.0000,0,0.0000,0.0000,0,0.0000,0.0000,0,0.0000,0.0000,0,0.0000,0.0000,0,0.0000,0.0000,0,0.0000,0.0000,0,0.0000,0.0000,0,0.0000,0.0000,0,0.0000,0.0000,0,0.0000,0.0000,0,0.0000,0.0000,0,0.0000,0.0000,1,0.0625,0.0625,0,0.0000,0.0000,0,0.0000,0.0000,0,0.0000,0.0000,0,0.0000,0.0000,0,0.0000,0.0000,0,0.0000,0.0000,0,0.0000,0.0000,0,0.0000,0.0000,0,0.0000,0.0000,0,0.0000,0.0000,0,0.0000,0.0000,0,0.0000,0.0000,0,0.0000,0.0000,0,0.0000,0.0000,0,0.0000,0.0000,0,0.0000,0.0000,0,0.0000,0.0000,0,0.0000,0.0000
344,0.001880,14,0.0270,0.0270,0,0.0000,0.0000,0,0.0000,0.0000,0,0.0000,0.0000,0,0.0000,0.0000,0,0.0000,0.0000,0,0.0000,0.0000,0,0.0000,0.0000,0,0.0000,0.0000,0,0.0000,0.0000,0,0.0000,0.0000,0,0.0000,0.0000,0,0.0000,0.0000,0,0.0000,0.0000,0,0.0000,0.0000,14,1.0000,1.0000,0,0.0000,0.0000,0,0.0000,0.0000,0,0.0000,0.0000,0,0.0000,0.0000,0,0.0000,0.0000,0,0.0000,0.0000,0,0.0000,0.0000,0,0.0000,0.0000,0,0.0000,0.0000,0,0.0000,0.0000,0,0.0000,0.0000,0,0.0000,0.0000,0,0.0000,0.0000,0,0.0000,0.0000,0,0.0000,0.0000,0,0.0000,0.0000,0,0.0000,0.0000,0,0.0000,0.0000,0,0.0000,0.0000,0,0.0000,0.0000,0,0.0000,0.0000,0,0.0000,0.0000
96,0.001795,18,0.0374,0.0208,0,0.0000,0.0000,0,0.0000,0.0000,0,0.0000,0.0000,0,0.0000,0.0000,0,0.0000,0.0000,0,0.0000,0.0000,0,0.0000,0.0000,4,0.3077,0.0769,0,0.0000,0.0000,0,0.0000,0.0000,0,0.0000,0.0000,0,0.0000,0.0000,3,0.2308,0.0000,0,0.0000,0.0000,0,0.0000,0.0000,0,0.0000,0.0000,0,0.0000,0.0000,0,0.0000,0.0000,0,0.0000,0.0000,0,0.0000,0.0000,0,0.0000,0.0000,0,0.0000,0.0000,0,0.0000,0.0000,0,0.0000,0.0000,0,0.0000,0.0000,0,0.0000,0.0000,0,0.0000,0.0000,0,0.0000,0.0000,0,0.0000,0.0000,0,0.0000,0.0000,0,0.0000,0.0000,0,0.0000,0.0000,0,0.0000,0.0000,0,0.0000,0.0000,11,0.8462,0.6923,0,0.0000,0.0000,0,0.0000,0.0000
4,0.001790,11,0.0270,0.0270,0,0.0000,0.0000,0,0.0000,0.0000,0,0.0000,0.0000,0,0.0000,0.0000,0,0.0000,0.0000,0,0.0000,0.0000,0,0.0000,0.0000,0,0.0000,0.0000,0,0.0000,0.0000,0,0.0000,0.0000,0,0.0000,0.0000,0,0.0000,0.0000,0,0.0000,0.0000,0,0.0000,0.0000,11,1.0000,1.0000,0,0.0000,0.0000,0,0.0000,0.0000,0,0.0000,0.0000,0,0.0000,0.0000,0,0.0000,0.0000,0,0.0000,0.0000,0,0.0000,0.0000,0,0.0000,0.0000,0,0.0000,0.0000,0,0.0000,0.0000,0,0.0000,0.0000,0,0.0000,0.0000,0,0.0000,0.0000,0,0.0000,0.0000,0,0.0000,0.0000,0,0.0000,0.0000,0,0.0000,0.0000,0,0.0000,0.0000,0,0.0000,0.0000,0,0.0000,0.0000,0,0.0000,0.0000,0,0.0000,0.0000
193,0.001730,13,0.0270,0.0270,0,0.0000,0.0000,1,0.0769,0.0769,0,0.0000,0.0000,1,0.0769,0.0769,0,0.0000,0.0000,3,0.2308,0.2308,0,0.0000,0.0000,0,0.0000,0.0000,0,0.0000,0.0000,0,0.0000,0.0000,0,0.0000,0.0000,0,0.0000,0.0000,0,0.0000,0.0000,2,0.1538,0.1538,0,0.0000,0.0000,0,0.0000,0.0000,0,0.0000,0.0000,0,0.0000,0.0000,0,0.0000,0.0000,0,0.0000,0.0000,0,0.0000,0.0000,0,0.0000,0.0000,0,0.0000,0.0000,1,0.0769,0.0769,0,0.0000,0.0000,2,0.1538,0.1538,0,0.0000,0.0000,2,0.1538,0.1538,1,0.0769,0.0769,0,0.0000,0.0000,0,0.0000,0.0000,0,0.0000,0.0000,0,0.0000,0.0000,0,0.0000,0.0000,0,0.0000,0.0000,0,0.0000,0.0000,0,0.0000,0.0000
282,0.001695,16,0.0270,0.0270,2,0.1250,0.1250,0,0.0000,0.0000,0,0.0000,0.0000,0,0.0000,0.0000,0,0.0000,0.0000,2,0.1250,0.1250,0,0.0000,0.0000,0,0.0000,0.0000,0,0.0000,0.0000,3,0.1875,0.1875,1,0.0625,0.0625,0,0.0000,0.0000,0,0.0000,0.0000,2,0.1250,0.1250,0,0.0000,0.0000,0,0.0000,0.0000,0,0.0000,0.0000,1,0.0625,0.0625,0,0.0000,0.0000,0,0.0000,0.0000,0,0.0000,0.0000,0,0.0000,0.0000,0,0.0000,0.0000,0,0.0000,0.0000,0,0.0000,0.0000,5,0.3125,0.3125,0,0.0000,0.0000,0,0.0000,0.0000,0,0.0000,0.0000,0,0.0000,0.0000,0,0.0000,0.0000,0,0.0000,0.0000,0,0.0000,0.0000,0,0.0000,0.0000,0,0.0000,0.0000,0,0.0000,0.0000,0,0.0000,0.0000
78,0.001680,15,0.0290,0.0251,1,0.0714,0.0714,3,0.2143,0.1429,0,0.0000,0.0000,0,0.0000,0.0000,0,0.0000,0.0000,0,0.0000,0.0000,0,0.0000,0.0000,1,0.0714,0.0714,0,0.0000,0.0000,0,0.0000,0.0000,0,0.0000,0.0000,0,0.0000,0.0000,0,0.0000,0.0000,1,0.0714,0.0714,0,0.0000,0.0000,3,0.2143,0.1429,0,0.0000,0.0000,1,0.0714,0.0714,1,0.0714,0.0714,1,0.0714,0.0714,0,0.0000,0.0000,0,0.0000,0.0000,0,0.0000,0.0000,0,0.0000,0.0000,0,0.0000,0.0000,0,0.0000,0.0000,0,0.0000,0.0000,0,0.0000,0.0000,0,0.0000,0.0000,0,0.0000,0.0000,1,0.0714,0.0714,0,0.0000,0.0000,0,0.0000,0.0000,2,0.1429,0.1429,0,0.0000,0.0000,0,0.0000,0.0000,0,0.0000,0.0000
106,0.001675,19,0.0302,0.0238,1,0.0588,0.0000,0,0.0000,0.0000,1,0.0588,0.0000,1,0.0588,0.0588,0,0.0000,0.0000,4,0.2353,0.2353,0,0.0000,0.0000,0,0.0000,0.0000,0,0.0000,0.0000,7,0.4118,0.3529,0,0.0000,0.0000,0,0.0000,0.0000,0,0.0000,0.0000,0,0.0000,0.0000,0,0.0000,0.0000,1,0.0588,0.0588,0,0.0000,0.0000,1,0.0588,0.0588,0,0.0000,0.0000,0,0.0000,0.0000,0,0.0000,0.0000,0,0.0000,0.0000,1,0.0588,0.0588,0,0.0000,0.0000,0,0.0000,0.0000,0,0.0000,0.0000,1,0.0588,0.0588,0,0.0000,0.0000,0,0.0000,0.0000,0,0.0000,0.0000,0,0.0000,0.0000,0,0.0000,0.0000,0,0.0000,0.0000,0,0.0000,0.0000,0,0.0000,0.0000,1,0.0588,0.0000,0,0.0000,0.0000
220,0.001675,22,0.0313,0.0228,2,0.1053,0.0526,10,0.5263,0.4211,1,0.0526,0.0000,1,0.0526,0.0526,0,0.0000,0.0000,0,0.0000,0.0000,0,0.0000,0.0000,0,0.0000,0.0000,0,0.0000,0.0000,5,0.2632,0.1579,0,0.0000,0.0000,0,0.0000,0.0000,0,0.0000,0.0000,0,0.0000,0.0000,0,0.0000,0.0000,1,0.0526,0.0526,0,0.0000,0.0000,0,0.0000,0.0000,0,0.0000,0.0000,0,0.0000,0.0000,0,0.0000,0.0000,0,0.0000,0.0000,0,0.0000,0.0000,2,0.1053,0.1053,0,0.0000,0.0000,0,0.0000,0.0000,0,0.0000,0.0000,0,0.0000,0.0000,0,0.0000,0.0000,0,0.0000,0.0000,0,0.0000,0.0000,0,0.0000,0.0000,0,0.0000,0.0000,0,0.0000,0.0000,0,0.0000,0.0000,0,0.0000,0.0000,0,0.0000,0.0000
292,0.001650,14,0.0270,0.0270,0,0.0000,0.0000,13,0.9286,0.9286,0,0.0000,0.0000,0,0.0000,0.0000,0,0.0000,0.0000,0,0.0000,0.0000,1,0.0714,0.0714,0,0.0000,0.0000,0,0.0000,0.0000,0,0.0000,0.0000,0,0.0000,0.0000,0,0.0000,0.0000,0,0.0000,0.0000,0,0.0000,0.0000,0,0.0000,0.0000,0,0.0000,0.0000,0,0.0000,0.0000,0,0.0000,0.0000,0,0.0000,0.0000,0,0.0000,0.0000,0,0.0000,0.0000,0,0.0000,0.0000,0,0.0000,0.0000,0,0.0000,0.0000,0,0.0000,0.0000,0,0.0000,0.0000,0,0.0000,0.0000,0,0.0000,0.0000,0,0.0000,0.0000,0,0.0000,0.0000,0,0.0000,0.0000,0,0.0000,0.0000,0,0.0000,0.0000,0,0.0000,0.0000,0,0.0000,0.0000,0,0.0000,0.0000,0,0.0000,0.0000
55,0.001625,11,0.0297,0.0243,0,0.0000,0.0000,0,0.0000,0.0000,3,0.3000,0.3000,0,0.0000,0.0000,0,0.0000,0.0000,0,0.0000,0.0000,0,0.0000,0.0000,0,0.0000,0.0000,0,0.0000,0.0000,0,0.0000,0.0000,0,0.0000,0.0000,0,0.0000,0.0000,0,0.0000,0.0000,0,0.0000,0.0000,0,0.0000,0.0000,4,0.4000,0.4000,0,0.0000,0.0000,0,0.0000,0.0000,0,0.0000,0.0000,0,0.0000,0.0000,0,0.0000,0.0000,0,0.0000,0.0000,0,0.0000,0.0000,2,0.2000,0.1000,0,0.0000,0.0000,0,0.0000,0.0000,0,0.0000,0.0000,1,0.1000,0.0000,1,0.1000,0.1000,0,0.0000,0.0000,0,0.0000,0.0000,0,0.0000,0.0000,0,0.0000,0.0000,0,0.0000,0.0000,0,0.0000,0.0000,0,0.0000,0.0000,0,0.0000,0.0000
385,0.001625,11,0.0270,0.0270,0,0.0000,0.0000,0,0.0000,0.0000,0,0.0000,0.0000,0,0.0000,0.0000,0,0.0000,0.0000,0,0.0000,0.0000,0,0.0000,0.0000,0,0.0000,0.0000,0,0.0000,0.0000,0,0.0000,0.0000,0,0.0000,0.0000,0,0.0000,0.0000,0,0.0000,0.0000,0,0.0000,0.0000,0,0.0000,0.0000,0,0.0000,0.0000,0,0.0000,0.0000,0,0.0000,0.0000,0,0.0000,0.0000,0,0.0000,0.0000,0,0.0000,0.0000,0,0.0000,0.0000,0,0.0000,0.0000,0,0.0000,0.0000,0,0.0000,0.0000,11,1.0000,1.0000,0,0.0000,0.0000,0,0.0000,0.0000,0,0.0000,0.0000,0,0.0000,0.0000,0,0.0000,0.0000,0,0.0000,0.0000,0,0.0000,0.0000,0,0.0000,0.0000,0,0.0000,0.0000,0,0.0000,0.0000,0,0.0000,0.0000
254,0.001595,16,0.0270,0.0270,0,0.0000,0.0000,16,1.0000,1.0000,0,0.0000,0.0000,0,0.0000,0.0000,0,0.0000,0.0000,0,0.0000,0.0000,0,0.0000,0.0000,0,0.0000,0.0000,0,0.0000,0.0000,0,0.0000,0.0000,0,0.0000,0.0000,0,0.0000,0.0000,0,0.0000,0.0000,0,0.0000,0.0000,0,0.0000,0.0000,0,0.0000,0.0000,0,0.0000,0.0000,0,0.0000,0.0000,0,0.0000,0.0000,0,0.0000,0.0000,0,0.0000,0.0000,0,0.0000,0.0000,0,0.0000,0.0000,0,0.0000,0.0000,0,0.0000,0.0000,0,0.0000,0.0000,0,0.0000,0.0000,0,0.0000,0.0000,0,0.0000,0.0000,0,0.0000,0.0000,0,0.0000,0.0000,0,0.0000,0.0000,0,0.0000,0.0000,0,0.0000,0.0000,0,0.0000,0.0000,0,0.0000,0.0000,0,0.0000,0.0000
81,0.001585,12,0.0270,0.0270,2,0.1667,0.1667,5,0.4167,0.4167,0,0.0000,0.0000,0,0.0000,0.0000,0,0.0000,0.0000,0,0.0000,0.0000,0,0.0000,0.0000,0,0.0000,0.0000,0,0.0000,0.0000,0,0.0000,0.0000,0,0.0000,0.0000,0,0.0000,0.0000,0,0.0000,0.0000,0,0.0000,0.0000,0,0.0000,0.0000,0,0.0000,0.0000,0,0.0000,0.0000,0,0.0000,0.0000,0,0.0000,0.0000,1,0.0833,0.0833,0,0.0000,0.0000,0,0.0000,0.0000,0,0.0000,0.0000,0,0.0000,0.0000,0,0.0000,0.0000,0,0.0000,0.0000,0,0.0000,0.0000,0,0.0000,0.0000,0,0.0000,0.0000,0,0.0000,0.0000,1,0.0833,0.0833,0,0.0000,0.0000,0,0.0000,0.0000,2,0.1667,0.1667,0,0.0000,0.0000,1,0.0833,0.0833,0,0.0000,0.0000
42,0.001540,13,0.0293,0.0248,2,0.1667,0.0833,0,0.0000,0.0000,0,0.0000,0.0000,0,0.0000,0.0000,0,0.0000,0.0000,8,0.6667,0.5833,0,0.0000,0.0000,0,0.0000,0.0000,0,0.0000,0.0000,0,0.0000,0.0000,0,0.0000,0.0000,0,0.0000,0.0000,0,0.0000,0.0000,0,0.0000,0.0000,0,0.0000,0.0000,0,0.0000,0.0000,0,0.0000,0.0000,0,0.0000,0.0000,0,0.0000,0.0000,0,0.0000,0.0000,0,0.0000,0.0000,0,0.0000,0.0000,0,0.0000,0.0000,0,0.0000,0.0000,0,0.0000,0.0000,0,0.0000,0.0000,0,0.0000,0.0000,1,0.0833,0.0833,2,0.1667,0.1667,0,0.0000,0.0000,0,0.0000,0.0000,0,0.0000,0.0000,0,0.0000,0.0000,0,0.0000,0.0000,0,0.0000,0.0000,0,0.0000,0.0000,0,0.0000,0.0000
162,0.001530,10,0.0270,0.0270,0,0.0000,0.0000,7,0.7000,0.7000,0,0.0000,0.0000,0,0.0000,0.0000,0,0.0000,0.0000,0,0.0000,0.0000,0,0.0000,0.0000,0,0.0000,0.0000,0,0.0000,0.0000,0,0.0000,0.0000,0,0.0000,0.0000,0,0.0000,0.0000,0,0.0000,0.0000,0,0.0000,0.0000,0,0.0000,0.0000,1,0.1000,0.1000,0,0.0000,0.0000,0,0.0000,0.0000,0,0.0000,0.0000,0,0.0000,0.0000,0,0.0000,0.0000,0,0.0000,0.0000,0,0.0000,0.0000,0,0.0000,0.0000,0,0.0000,0.0000,2,0.2000,0.2000,0,0.0000,0.0000,0,0.0000,0.0000,0,0.0000,0.0000,0,0.0000,0.0000,0,0.0000,0.0000,0,0.0000,0.0000,0,0.0000,0.0000,0,0.0000,0.0000,0,0.0000,0.0000,0,0.0000,0.0000,0,0.0000,0.0000
154,0.001520,13,0.0293,0.0248,4,0.3333,0.2500,0,0.0000,0.0000,0,0.0000,0.0000,0,0.0000,0.0000,0,0.0000,0.0000,4,0.3333,0.2500,0,0.0000,0.0000,0,0.0000,0.0000,0,0.0000,0.0000,0,0.0000,0.0000,0,0.0000,0.0000,0,0.0000,0.0000,0,0.0000,0.0000,0,0.0000,0.0000,0,0.0000,0.0000,0,0.0000,0.0000,0,0.0000,0.0000,0,0.0000,0.0000,0,0.0000,0.0000,0,0.0000,0.0000,0,0.0000,0.0000,0,0.0000,0.0000,0,0.0000,0.0000,2,0.1667,0.1667,2,0.1667,0.1667,0,0.0000,0.0000,0,0.0000,0.0000,1,0.0833,0.0833,0,0.0000,0.0000,0,0.0000,0.0000,0,0.0000,0.0000,0,0.0000,0.0000,0,0.0000,0.0000,0,0.0000,0.0000,0,0.0000,0.0000,0,0.0000,0.0000,0,0.0000,0.0000
313,0.001510,12,0.0270,0.0270,0,0.0000,0.0000,8,0.6667,0.6667,2,0.1667,0.1667,0,0.0000,0.0000,0,0.0000,0.0000,0,0.0000,0.0000,0,0.0000,0.0000,0,0.0000,0.0000,0,0.0000,0.0000,0,0.0000,0.0000,0,0.0000,0.0000,0,0.0000,0.0000,0,0.0000,0.0000,0,0.0000,0.0000,0,0.0000,0.0000,0,0.0000,0.0000,0,0.0000,0.0000,0,0.0000,0.0000,0,0.0000,0.0000,0,0.0000,0.0000,0,0.0000,0.0000,2,0.1667,0.1667,0,0.0000,0.0000,0,0.0000,0.0000,0,0.0000,0.0000,0,0.0000,0.0000,0,0.0000,0.0000,0,0.0000,0.0000,0,0.0000,0.0000,0,0.0000,0.0000,0,0.0000,0.0000,0,0.0000,0.0000,0,0.0000,0.0000,0,0.0000,0.0000,0,0.0000,0.0000,0,0.0000,0.0000,0,0.0000,0.0000
45,0.001495,12,0.0270,0.0270,0,0.0000,0.0000,7,0.5833,0.5833,0,0.0000,0.0000,0,0.0000,0.0000,0,0.0000,0.0000,0,0.0000,0.0000,0,0.0000,0.0000,0,0.0000,0.0000,0,0.0000,0.0000,0,0.0000,0.0000,0,0.0000,0.0000,0,0.0000,0.0000,0,0.0000,0.0000,0,0.0000,0.0000,0,0.0000,0.0000,0,0.0000,0.0000,0,0.0000,0.0000,0,0.0000,0.0000,0,0.0000,0.0000,0,0.0000,0.0000,0,0.0000,0.0000,0,0.0000,0.0000,0,0.0000,0.0000,0,0.0000,0.0000,0,0.0000,0.0000,1,0.0833,0.0833,0,0.0000,0.0000,0,0.0000,0.0000,0,0.0000,0.0000,0,0.0000,0.0000,1,0.0833,0.0833,3,0.2500,0.2500,0,0.0000,0.0000,0,0.0000,0.0000,0,0.0000,0.0000,0,0.0000,0.0000,0,0.0000,0.0000
83,0.001495,12,0.0270,0.0270,2,0.1667,0.1667,1,0.0833,0.0833,0,0.0000,0.0000,0,0.0000,0.0000,0,0.0000,0.0000,1,0.0833,0.0833,0,0.0000,0.0000,0,0.0000,0.0000,0,0.0000,0.0000,0,0.0000,0.0000,0,0.0000,0.0000,0,0.0000,0.0000,0,0.0000,0.0000,6,0.5000,0.5000,0,0.0000,0.0000,0,0.0000,0.0000,0,0.0000,0.0000,0,0.0000,0.0000,0,0.0000,0.0000,0,0.0000,0.0000,0,0.0000,0.0000,0,0.0000,0.0000,0,0.0000,0.0000,0,0.0000,0.0000,0,0.0000,0.0000,0,0.0000,0.0000,0,0.0000,0.0000,1,0.0833,0.0833,1,0.0833,0.0833,0,0.0000,0.0000,0,0.0000,0.0000,0,0.0000,0.0000,0,0.0000,0.0000,0,0.0000,0.0000,0,0.0000,0.0000,0,0.0000,0.0000,0,0.0000,0.0000
358,0.001465,12,0.0295,0.0246,0,0.0000,0.0000,0,0.0000,0.0000,1,0.0909,0.0909,1,0.0909,0.0000,0,0.0000,0.0000,0,0.0000,0.0000,0,0.0000,0.0000,0,0.0000,0.0000,0,0.0000,0.0000,0,0.0000,0.0000,0,0.0000,0.0000,0,0.0000,0.0000,0,0.0000,0.0000,0,0.0000,0.0000,10,0.9091,0.8182,0,0.0000,0.0000,0,0.0000,0.0000,0,0.0000,0.0000,0,0.0000,0.0000,0,0.0000,0.0000,0,0.0000,0.0000,0,0.0000,0.0000,0,0.0000,0.0000,0,0.0000,0.0000,0,0.0000,0.0000,0,0.0000,0.0000,0,0.0000,0.0000,0,0.0000,0.0000,0,0.0000,0.0000,0,0.0000,0.0000,0,0.0000,0.0000,0,0.0000,0.0000,0,0.0000,0.0000,0,0.0000,0.0000,0,0.0000,0.0000,0,0.0000,0.0000,0,0.0000,0.0000
207,0.001445,14,0.0291,0.0249,1,0.0769,0.0769,6,0.4615,0.4615,3,0.2308,0.1538,0,0.0000,0.0000,0,0.0000,0.0000,0,0.0000,0.0000,0,0.0000,0.0000,0,0.0000,0.0000,0,0.0000,0.0000,1,0.0769,0.0000,0,0.0000,0.0000,0,0.0000,0.0000,1,0.0769,0.0769,0,0.0000,0.0000,0,0.0000,0.0000,0,0.0000,0.0000,0,0.0000,0.0000,0,0.0000,0.0000,0,0.0000,0.0000,0,0.0000,0.0000,0,0.0000,0.0000,0,0.0000,0.0000,0,0.0000,0.0000,0,0.0000,0.0000,0,0.0000,0.0000,0,0.0000,0.0000,0,0.0000,0.0000,0,0.0000,0.0000,0,0.0000,0.0000,0,0.0000,0.0000,0,0.0000,0.0000,2,0.1538,0.1538,0,0.0000,0.0000,0,0.0000,0.0000,0,0.0000,0.0000,0,0.0000,0.0000,0,0.0000,0.0000
59,0.001440,11,0.0297,0.0243,0,0.0000,0.0000,0,0.0000,0.0000,3,0.3000,0.3000,0,0.0000,0.0000,3,0.3000,0.2000,0,0.0000,0.0000,0,0.0000,0.0000,0,0.0000,0.0000,0,0.0000,0.0000,0,0.0000,0.0000,0,0.0000,0.0000,0,0.0000,0.0000,0,0.0000,0.0000,0,0.0000,0.0000,0,0.0000,0.0000,0,0.0000,0.0000,0,0.0000,0.0000,0,0.0000,0.0000,0,0.0000,0.0000,0,0.0000,0.0000,0,0.0000,0.0000,0,0.0000,0.0000,0,0.0000,0.0000,0,0.0000,0.0000,2,0.2000,0.1000,0,0.0000,0.0000,3,0.3000,0.3000,0,0.0000,0.0000,0,0.0000,0.0000,0,0.0000,0.0000,0,0.0000,0.0000,0,0.0000,0.0000,0,0.0000,0.0000,0,0.0000,0.0000,0,0.0000,0.0000,0,0.0000,0.0000,0,0.0000,0.0000
215,0.001425,17,0.0287,0.0253,0,0.0000,0.0000,6,0.3750,0.3125,1,0.0625,0.0625,0,0.0000,0.0000,0,0.0000,0.0000,6,0.3750,0.3750,0,0.0000,0.0000,0,0.0000,0.0000,0,0.0000,0.0000,4,0.2500,0.1875,0,0.0000,0.0000,0,0.0000,0.0000,0,0.0000,0.0000,0,0.0000,0.0000,0,0.0000,0.0000,0,0.0000,0.0000,0,0.0000,0.0000,0,0.0000,0.0000,0,0.0000,0.0000,0,0.0000,0.0000,0,0.0000,0.0000,0,0.0000,0.0000,0,0.0000,0.0000,0,0.0000,0.0000,0,0.0000,0.0000,0,0.0000,0.0000,0,0.0000,0.0000,0,0.0000,0.0000,0,0.0000,0.0000,0,0.0000,0.0000,0,0.0000,0.0000,0,0.0000,0.0000,0,0.0000,0.0000,0,0.0000,0.0000,0,0.0000,0.0000,0,0.0000,0.0000,0,0.0000,0.0000
343,0.001380,13,0.0270,0.0270,0,0.0000,0.0000,10,0.7692,0.7692,0,0.0000,0.0000,0,0.0000,0.0000,0,0.0000,0.0000,0,0.0000,0.0000,0,0.0000,0.0000,0,0.0000,0.0000,1,0.0769,0.0769,0,0.0000,0.0000,0,0.0000,0.0000,0,0.0000,0.0000,0,0.0000,0.0000,0,0.0000,0.0000,2,0.1538,0.1538,0,0.0000,0.0000,0,0.0000,0.0000,0,0.0000,0.0000,0,0.0000,0.0000,0,0.0000,0.0000,0,0.0000,0.0000,0,0.0000,0.0000,0,0.0000,0.0000,0,0.0000,0.0000,0,0.0000,0.0000,0,0.0000,0.0000,0,0.0000,0.0000,0,0.0000,0.0000,0,0.0000,0.0000,0,0.0000,0.0000,0,0.0000,0.0000,0,0.0000,0.0000,0,0.0000,0.0000,0,0.0000,0.0000,0,0.0000,0.0000,0,0.0000,0.0000,0,0.0000,0.0000
288,0.001375,19,0.0342,0.0198,1,0.0667,0.0000,7,0.4667,0.3333,2,0.1333,0.0000,0,0.0000,0.0000,0,0.0000,0.0000,3,0.2000,0.2000,0,0.0000,0.0000,0,0.0000,0.0000,0,0.0000,0.0000,6,0.4000,0.2000,0,0.0000,0.0000,0,0.0000,0.0000,0,0.0000,0.0000,0,0.0000,0.0000,0,0.0000,0.0000,0,0.0000,0.0000,0,0.0000,0.0000,0,0.0000,0.0000,0,0.0000,0.0000,0,0.0000,0.0000,0,0.0000,0.0000,0,0.0000,0.0000,0,0.0000,0.0000,0,0.0000,0.0000,0,0.0000,0.0000,0,0.0000,0.0000,0,0.0000,0.0000,0,0.0000,0.0000,0,0.0000,0.0000,0,0.0000,0.0000,0,0.0000,0.0000,0,0.0000,0.0000,0,0.0000,0.0000,0,0.0000,0.0000,0,0.0000,0.0000,0,0.0000,0.0000,0,0.0000,0.0000
134,0.001370,10,0.0338,0.0203,0,0.0000,0.0000,5,0.6250,0.3750,0,0.0000,0.0000,1,0.1250,0.0000,0,0.0000,0.0000,0,0.0000,0.0000,0,0.0000,0.0000,0,0.0000,0.0000,0,0.0000,0.0000,0,0.0000,0.0000,0,0.0000,0.0000,0,0.0000,0.0000,0,0.0000,0.0000,0,0.0000,0.0000,0,0.0000,0.0000,0,0.0000,0.0000,0,0.0000,0.0000,0,0.0000,0.0000,0,0.0000,0.0000,0,0.0000,0.0000,0,0.0000,0.0000,0,0.0000,0.0000,0,0.0000,0.0000,0,0.0000,0.0000,0,0.0000,0.0000,0,0.0000,0.0000,0,0.0000,0.0000,0,0.0000,0.0000,0,0.0000,0.0000,0,0.0000,0.0000,0,0.0000,0.0000,0,0.0000,0.0000,0,0.0000,0.0000,0,0.0000,0.0000,0,0.0000,0.0000,4,0.5000,0.3750,0,0.0000,0.0000
98,0.001315,10,0.0270,0.0270,1,0.1000,0.1000,1,0.1000,0.1000,0,0.0000,0.0000,0,0.0000,0.0000,0,0.0000,0.0000,1,0.1000,0.1000,0,0.0000,0.0000,0,0.0000,0.0000,0,0.0000,0.0000,0,0.0000,0.0000,0,0.0000,0.0000,0,0.0000,0.0000,0,0.0000,0.0000,2,0.2000,0.2000,0,0.0000,0.0000,0,0.0000,0.0000,0,0.0000,0.0000,0,0.0000,0.0000,0,0.0000,0.0000,0,0.0000,0.0000,0,0.0000,0.0000,0,0.0000,0.0000,0,0.0000,0.0000,0,0.0000,0.0000,0,0.0000,0.0000,0,0.0000,0.0000,0,0.0000,0.0000,2,0.2000,0.2000,1,0.1000,0.1000,0,0.0000,0.0000,0,0.0000,0.0000,2,0.2000,0.2000,0,0.0000,0.0000,0,0.0000,0.0000,0,0.0000,0.0000,0,0.0000,0.0000,0,0.0000,0.0000
266,0.001315,15,0.0270,0.0270,1,0.0667,0.0667,5,0.3333,0.3333,0,0.0000,0.0000,1,0.0667,0.0667,0,0.0000,0.0000,0,0.0000,0.0000,1,0.0667,0.0667,0,0.0000,0.0000,0,0.0000,0.0000,4,0.2667,0.2667,0,0.0000,0.0000,0,0.0000,0.0000,0,0.0000,0.0000,0,0.0000,0.0000,0,0.0000,0.0000,0,0.0000,0.0000,0,0.0000,0.0000,0,0.0000,0.0000,0,0.0000,0.0000,0,0.0000,0.0000,0,0.0000,0.0000,1,0.0667,0.0667,0,0.0000,0.0000,0,0.0000,0.0000,0,0.0000,0.0000,2,0.1333,0.1333,0,0.0000,0.0000,0,0.0000,0.0000,0,0.0000,0.0000,0,0.0000,0.0000,0,0.0000,0.0000,0,0.0000,0.0000,0,0.0000,0.0000,0,0.0000,0.0000,0,0.0000,0.0000,0,0.0000,0.0000,0,0.0000,0.0000
383,0.001315,11,0.0297,0.0243,0,0.0000,0.0000,0,0.0000,0.0000,0,0.0000,0.0000,0,0.0000,0.0000,0,0.0000,0.0000,4,0.4000,0.3000,0,0.0000,0.0000,0,0.0000,0.0000,0,0.0000,0.0000,0,0.0000,0.0000,0,0.0000,0.0000,0,0.0000,0.0000,0,0.0000,0.0000,0,0.0000,0.0000,0,0.0000,0.0000,0,0.0000,0.0000,0,0.0000,0.0000,0,0.0000,0.0000,0,0.0000,0.0000,0,0.0000,0.0000,0,0.0000,0.0000,0,0.0000,0.0000,0,0.0000,0.0000,0,0.0000,0.0000,0,0.0000,0.0000,7,0.7000,0.6000,0,0.0000,0.0000,0,0.0000,0.0000,0,0.0000,0.0000,0,0.0000,0.0000,0,0.0000,0.0000,0,0.0000,0.0000,0,0.0000,0.0000,0,0.0000,0.0000,0,0.0000,0.0000,0,0.0000,0.0000,0,0.0000,0.0000
72,0.001305,7,0.0270,0.0270,0,0.0000,0.0000,0,0.0000,0.0000,0,0.0000,0.0000,0,0.0000,0.0000,2,0.2857,0.2857,0,0.0000,0.0000,0,0.0000,0.0000,0,0.0000,0.0000,0,0.0000,0.0000,0,0.0000,0.0000,0,0.0000,0.0000,0,0.0000,0.0000,0,0.0000,0.0000,0,0.0000,0.0000,0,0.0000,0.0000,0,0.0000,0.0000,0,0.0000,0.0000,0,0.0000,0.0000,0,0.0000,0.0000,0,0.0000,0.0000,0,0.0000,0.0000,0,0.0000,0.0000,0,0.0000,0.0000,0,0.0000,0.0000,1,0.1429,0.1429,0,0.0000,0.0000,0,0.0000,0.0000,0,0.0000,0.0000,4,0.5714,0.5714,0,0.0000,0.0000,0,0.0000,0.0000,0,0.0000,0.0000,0,0.0000,0.0000,0,0.0000,0.0000,0,0.0000,0.0000,0,0.0000,0.0000,0,0.0000,0.0000
229,0.001300,7,0.0270,0.0270,0,0.0000,0.0000,0,0.0000,0.0000,0,0.0000,0.0000,0,0.0000,0.0000,0,0.0000,0.0000,0,0.0000,0.0000,0,0.0000,0.0000,0,0.0000,0.0000,0,0.0000,0.0000,0,0.0000,0.0000,0,0.0000,0.0000,0,0.0000,0.0000,0,0.0000,0.0000,0,0.0000,0.0000,0,0.0000,0.0000,0,0.0000,0.0000,0,0.0000,0.0000,0,0.0000,0.0000,0,0.0000,0.0000,0,0.0000,0.0000,0,0.0000,0.0000,0,0.0000,0.0000,0,0.0000,0.0000,0,0.0000,0.0000,0,0.0000,0.0000,0,0.0000,0.0000,0,0.0000,0.0000,0,0.0000,0.0000,0,0.0000,0.0000,0,0.0000,0.0000,0,0.0000,0.0000,0,0.0000,0.0000,0,0.0000,0.0000,0,0.0000,0.0000,7,1.0000,1.0000,0,0.0000,0.0000,0,0.0000,0.0000
145,0.001285,10,0.0270,0.0270,0,0.0000,0.0000,9,0.9000,0.9000,0,0.0000,0.0000,0,0.0000,0.0000,0,0.0000,0.0000,0,0.0000,0.0000,0,0.0000,0.0000,0,0.0000,0.0000,0,0.0000,0.0000,0,0.0000,0.0000,0,0.0000,0.0000,0,0.0000,0.0000,0,0.0000,0.0000,0,0.0000,0.0000,0,0.0000,0.0000,0,0.0000,0.0000,0,0.0000,0.0000,0,0.0000,0.0000,0,0.0000,0.0000,0,0.0000,0.0000,0,0.0000,0.0000,0,0.0000,0.0000,0,0.0000,0.0000,0,0.0000,0.0000,0,0.0000,0.0000,0,0.0000,0.0000,0,0.0000,0.0000,0,0.0000,0.0000,0,0.0000,0.0000,0,0.0000,0.0000,0,0.0000,0.0000,0,0.0000,0.0000,0,0.0000,0.0000,1,0.1000,0.1000,0,0.0000,0.0000,0,0.0000,0.0000,0,0.0000,0.0000
22,0.001260,10,0.0450,0.0135,0,0.0000,0.0000,0,0.0000,0.0000,0,0.0000,0.0000,0,0.0000,0.0000,3,0.5000,0.3333,0,0.0000,0.0000,0,0.0000,0.0000,0,0.0000,0.0000,0,0.0000,0.0000,0,0.0000,0.0000,0,0.0000,0.0000,0,0.0000,0.0000,0,0.0000,0.0000,0,0.0000,0.0000,0,0.0000,0.0000,0,0.0000,0.0000,0,0.0000,0.0000,0,0.0000,0.0000,0,0.0000,0.0000,0,0.0000,0.0000,0,0.0000,0.0000,0,0.0000,0.0000,0,0.0000,0.0000,0,0.0000,0.0000,4,0.6667,0.1667,0,0.0000,0.0000,0,0.0000,0.0000,0,0.0000,0.0000,3,0.5000,0.0000,0,0.0000,0.0000,0,0.0000,0.0000,0,0.0000,0.0000,0,0.0000,0.0000,0,0.0000,0.0000,0,0.0000,0.0000,0,0.0000,0.0000,0,0.0000,0.0000
93,0.001255,8,0.0360,0.0180,0,0.0000,0.0000,0,0.0000,0.0000,0,0.0000,0.0000,0,0.0000,0.0000,3,0.5000,0.5000,0,0.0000,0.0000,0,0.0000,0.0000,0,0.0000,0.0000,0,0.0000,0.0000,0,0.0000,0.0000,0,0.0000,0.0000,0,0.0000,0.0000,0,0.0000,0.0000,0,0.0000,0.0000,0,0.0000,0.0000,0,0.0000,0.0000,0,0.0000,0.0000,0,0.0000,0.0000,0,0.0000,0.0000,0,0.0000,0.0000,0,0.0000,0.0000,0,0.0000,0.0000,0,0.0000,0.0000,0,0.0000,0.0000,2,0.3333,0.0000,0,0.0000,0.0000,0,0.0000,0.0000,0,0.0000,0.0000,3,0.5000,0.1667,0,0.0000,0.0000,0,0.0000,0.0000,0,0.0000,0.0000,0,0.0000,0.0000,0,0.0000,0.0000,0,0.0000,0.0000,0,0.0000,0.0000,0,0.0000,0.0000
275,0.001230,16,0.0288,0.0252,2,0.1333,0.1333,6,0.4000,0.4000,0,0.0000,0.0000,1,0.0667,0.0667,0,0.0000,0.0000,2,0.1333,0.0667,1,0.0667,0.0667,0,0.0000,0.0000,0,0.0000,0.0000,1,0.0667,0.0667,0,0.0000,0.0000,0,0.0000,0.0000,0,0.0000,0.0000,0,0.0000,0.0000,0,0.0000,0.0000,0,0.0000,0.0000,0,0.0000,0.0000,0,0.0000,0.0000,0,0.0000,0.0000,0,0.0000,0.0000,1,0.0667,0.0667,0,0.0000,0.0000,0,0.0000,0.0000,1,0.0667,0.0667,0,0.0000,0.0000,1,0.0667,0.0000,0,0.0000,0.0000,0,0.0000,0.0000,0,0.0000,0.0000,0,0.0000,0.0000,0,0.0000,0.0000,0,0.0000,0.0000,0,0.0000,0.0000,0,0.0000,0.0000,0,0.0000,0.0000,0,0.0000,0.0000,0,0.0000,0.0000
352,0.001230,9,0.0304,0.0236,0,0.0000,0.0000,0,0.0000,0.0000,1,0.1250,0.0000,0,0.0000,0.0000,0,0.0000,0.0000,0,0.0000,0.0000,0,0.0000,0.0000,0,0.0000,0.0000,0,0.0000,0.0000,0,0.0000,0.0000,0,0.0000,0.0000,0,0.0000,0.0000,0,0.0000,0.0000,0,0.0000,0.0000,6,0.7500,0.6250,0,0.0000,0.0000,0,0.0000,0.0000,0,0.0000,0.0000,0,0.0000,0.0000,0,0.0000,0.0000,0,0.0000,0.0000,0,0.0000,0.0000,0,0.0000,0.0000,0,0.0000,0.0000,0,0.0000,0.0000,2,0.2500,0.2500,0,0.0000,0.0000,0,0.0000,0.0000,0,0.0000,0.0000,0,0.0000,0.0000,0,0.0000,0.0000,0,0.0000,0.0000,0,0.0000,0.0000,0,0.0000,0.0000,0,0.0000,0.0000,0,0.0000,0.0000,0,0.0000,0.0000
48,0.001225,9,0.0270,0.0270,0,0.0000,0.0000,3,0.3333,0.3333,0,0.0000,0.0000,1,0.1111,0.1111,0,0.0000,0.0000,0,0.0000,0.0000,0,0.0000,0.0000,0,0.0000,0.0000,0,0.0000,0.0000,0,0.0000,0.0000,0,0.0000,0.0000,0,0.0000,0.0000,0,0.0000,0.0000,0,0.0000,0.0000,0,0.0000,0.0000,0,0.0000,0.0000,0,0.0000,0.0000,0,0.0000,0.0000,0,0.0000,0.0000,0,0.0000,0.0000,0,0.0000,0.0000,0,0.0000,0.0000,3,0.3333,0.3333,0,0.0000,0.0000,0,0.0000,0.0000,1,0.1111,0.1111,0,0.0000,0.0000,0,0.0000,0.0000,0,0.0000,0.0000,0,0.0000,0.0000,0,0.0000,0.0000,1,0.1111,0.1111,0,0.0000,0.0000,0,0.0000,0.0000,0,0.0000,0.0000,0,0.0000,0.0000,0,0.0000,0.0000
174,0.001225,12,0.0324,0.0216,2,0.2000,0.0000,3,0.3000,0.3000,0,0.0000,0.0000,0,0.0000,0.0000,0,0.0000,0.0000,0,0.0000,0.0000,0,0.0000,0.0000,1,0.1000,0.1000,0,0.0000,0.0000,0,0.0000,0.0000,0,0.0000,0.0000,0,0.0000,0.0000,0,0.0000,0.0000,0,0.0000,0.0000,0,0.0000,0.0000,3,0.3000,0.3000,0,0.0000,0.0000,0,0.0000,0.0000,0,0.0000,0.0000,3,0.3000,0.1000,0,0.0000,0.0000,0,0.0000,0.0000,0,0.0000,0.0000,0,0.0000,0.0000,0,0.0000,0.0000,0,0.0000,0.0000,0,0.0000,0.0000,0,0.0000,0.0000,0,0.0000,0.0000,0,0.0000,0.0000,0,0.0000,0.0000,0,0.0000,0.0000,0,0.0000,0.0000,0,0.0000,0.0000,0,0.0000,0.0000,0,0.0000,0.0000,0,0.0000,0.0000
142,0.001195,10,0.0300,0.0240,0,0.0000,0.0000,8,0.8889,0.7778,0,0.0000,0.0000,0,0.0000,0.0000,0,0.0000,0.0000,0,0.0000,0.0000,0,0.0000,0.0000,0,0.0000,0.0000,0,0.0000,0.0000,0,0.0000,0.0000,0,0.0000,0.0000,0,0.0000,0.0000,0,0.0000,0.0000,0,0.0000,0.0000,0,0.0000,0.0000,0,0.0000,0.0000,0,0.0000,0.0000,0,0.0000,0.0000,0,0.0000,0.0000,0,0.0000,0.0000,0,0.0000,0.0000,0,0.0000,0.0000,0,0.0000,0.0000,0,0.0000,0.0000,0,0.0000,0.0000,0,0.0000,0.0000,0,0.0000,0.0000,0,0.0000,0.0000,0,0.0000,0.0000,0,0.0000,0.0000,0,0.0000,0.0000,0,0.0000,0.0000,0,0.0000,0.0000,2,0.2222,0.1111,0,0.0000,0.0000,0,0.0000,0.0000,0,0.0000,0.0000
205,0.001195,12,0.0270,0.0270,0,0.0000,0.0000,10,0.8333,0.8333,0,0.0000,0.0000,0,0.0000,0.0000,0,0.0000,0.0000,0,0.0000,0.0000,0,0.0000,0.0000,0,0.0000,0.0000,0,0.0000,0.0000,0,0.0000,0.0000,0,0.0000,0.0000,0,0.0000,0.0000,2,0.1667,0.1667,0,0.0000,0.0000,0,0.0000,0.0000,0,0.0000,0.0000,0,0.0000,0.0000,0,0.0000,0.0000,0,0.0000,0.0000,0,0.0000,0.0000,0,0.0000,0.0000,0,0.0000,0.0000,0,0.0000,0.0000,0,0.0000,0.0000,0,0.0000,0.0000,0,0.0000,0.0000,0,0.0000,0.0000,0,0.0000,0.0000,0,0.0000,0.0000,0,0.0000,0.0000,0,0.0000,0.0000,0,0.0000,0.0000,0,0.0000,0.0000,0,0.0000,0.0000,0,0.0000,0.0000,0,0.0000,0.0000,0,0.0000,0.0000
240,0.001195,11,0.0270,0.0270,0,0.0000,0.0000,0,0.0000,0.0000,3,0.2727,0.2727,0,0.0000,0.0000,0,0.0000,0.0000,2,0.1818,0.1818,0,0.0000,0.0000,0,0.0000,0.0000,0,0.0000,0.0000,0,0.0000,0.0000,0,0.0000,0.0000,0,0.0000,0.0000,0,0.0000,0.0000,0,0.0000,0.0000,0,0.0000,0.0000,0,0.0000,0.0000,0,0.0000,0.0000,0,0.0000,0.0000,0,0.0000,0.0000,0,0.0000,0.0000,0,0.0000,0.0000,0,0.0000,0.0000,0,0.0000,0.0000,0,0.0000,0.0000,0,0.0000,0.0000,3,0.2727,0.2727,2,0.1818,0.1818,1,0.0909,0.0909,0,0.0000,0.0000,0,0.0000,0.0000,0,0.0000,0.0000,0,0.0000,0.0000,0,0.0000,0.0000,0,0.0000,0.0000,0,0.0000,0.0000,0,0.0000,0.0000,0,0.0000,0.0000
305,0.001175,11,0.0297,0.0243,0,0.0000,0.0000,1,0.1000,0.1000,1,0.1000,0.1000,0,0.0000,0.0000,0,0.0000,0.0000,0,0.0000,0.0000,0,0.0000,0.0000,2,0.2000,0.1000,1,0.1000,0.1000,0,0.0000,0.0000,0,0.0000,0.0000,0,0.0000,0.0000,0,0.0000,0.0000,0,0.0000,0.0000,4,0.4000,0.4000,0,0.0000,0.0000,0,0.0000,0.0000,0,0.0000,0.0000,0,0.0000,0.0000,0,0.0000,0.0000,0,0.0000,0.0000,0,0.0000,0.0000,0,0.0000,0.0000,0,0.0000,0.0000,0,0.0000,0.0000,0,0.0000,0.0000,0,0.0000,0.0000,0,0.0000,0.0000,0,0.0000,0.0000,0,0.0000,0.0000,0,0.0000,0.0000,0,0.0000,0.0000,0,0.0000,0.0000,0,0.0000,0.0000,2,0.2000,0.1000,0,0.0000,0.0000,0,0.0000,0.0000
104,0.001165,8,0.0270,0.0270,1,0.1250,0.1250,0,0.0000,0.0000,0,0.0000,0.0000,0,0.0000,0.0000,0,0.0000,0.0000,0,0.0000,0.0000,0,0.0000,0.0000,0,0.0000,0.0000,0,0.0000,0.0000,0,0.0000,0.0000,0,0.0000,0.0000,0,0.0000,0.0000,0,0.0000,0.0000,0,0.0000,0.0000,0,0.0000,0.0000,6,0.7500,0.7500,0,0.0000,0.0000,0,0.0000,0.0000,0,0.0000,0.0000,0,0.0000,0.0000,0,0.0000,0.0000,0,0.0000,0.0000,0,0.0000,0.0000,0,0.0000,0.0000,0,0.0000,0.0000,0,0.0000,0.0000,0,0.0000,0.0000,0,0.0000,0.0000,0,0.0000,0.0000,0,0.0000,0.0000,0,0.0000,0.0000,0,0.0000,0.0000,1,0.1250,0.1250,0,0.0000,0.0000,0,0.0000,0.0000,0,0.0000,0.0000,0,0.0000,0.0000
68,0.001125,6,0.0270,0.0270,0,0.0000,0.0000,0,0.0000,0.0000,0,0.0000,0.0000,0,0.0000,0.0000,0,0.0000,0.0000,0,0.0000,0.0000,0,0.0000,0.0000,1,0.1667,0.1667,0,0.0000,0.0000,0,0.0000,0.0000,0,0.0000,0.0000,0,0.0000,0.0000,0,0.0000,0.0000,0,0.0000,0.0000,0,0.0000,0.0000,1,0.1667,0.1667,0,0.0000,0.0000,0,0.0000,0.0000,0,0.0000,0.0000,0,0.0000,0.0000,0,0.0000,0.0000,0,0.0000,0.0000,0,0.0000,0.0000,0,0.0000,0.0000,0,0.0000,0.0000,0,0.0000,0.0000,0,0.0000,0.0000,0,0.0000,0.0000,0,0.0000,0.0000,0,0.0000,0.0000,0,0.0000,0.0000,0,0.0000,0.0000,0,0.0000,0.0000,2,0.3333,0.3333,0,0.0000,0.0000,2,0.3333,0.3333,0,0.0000,0.0000
281,0.001125,9,0.0270,0.0270,0,0.0000,0.0000,1,0.1111,0.1111,0,0.0000,0.0000,0,0.0000,0.0000,0,0.0000,0.0000,0,0.0000,0.0000,0,0.0000,0.0000,0,0.0000,0.0000,0,0.0000,0.0000,0,0.0000,0.0000,0,0.0000,0.0000,0,0.0000,0.0000,0,0.0000,0.0000,0,0.0000,0.0000,0,0.0000,0.0000,0,0.0000,0.0000,0,0.0000,0.0000,0,0.0000,0.0000,0,0.0000,0.0000,0,0.0000,0.0000,0,0.0000,0.0000,0,0.0000,0.0000,0,0.0000,0.0000,0,0.0000,0.0000,0,0.0000,0.0000,7,0.7778,0.7778,1,0.1111,0.1111,0,0.0000,0.0000,0,0.0000,0.0000,0,0.0000,0.0000,0,0.0000,0.0000,0,0.0000,0.0000,0,0.0000,0.0000,0,0.0000,0.0000,0,0.0000,0.0000,0,0.0000,0.0000,0,0.0000,0.0000
285,0.001120,10,0.0270,0.0270,1,0.1000,0.1000,7,0.7000,0.7000,0,0.0000,0.0000,0,0.0000,0.0000,0,0.0000,0.0000,0,0.0000,0.0000,0,0.0000,0.0000,0,0.0000,0.0000,0,0.0000,0.0000,1,0.1000,0.1000,0,0.0000,0.0000,0,0.0000,0.0000,0,0.0000,0.0000,0,0.0000,0.0000,0,0.0000,0.0000,0,0.0000,0.0000,0,0.0000,0.0000,0,0.0000,0.0000,0,0.0000,0.0000,0,0.0000,0.0000,0,0.0000,0.0000,0,0.0000,0.0000,0,0.0000,0.0000,0,0.0000,0.0000,0,0.0000,0.0000,0,0.0000,0.0000,0,0.0000,0.0000,0,0.0000,0.0000,0,0.0000,0.0000,0,0.0000,0.0000,0,0.0000,0.0000,1,0.1000,0.1000,0,0.0000,0.0000,0,0.0000,0.0000,0,0.0000,0.0000,0,0.0000,0.0000,0,0.0000,0.0000
62,0.001090,10,0.0270,0.0270,0,0.0000,0.0000,2,0.2000,0.2000,2,0.2000,0.2000,0,0.0000,0.0000,0,0.0000,0.0000,0,0.0000,0.0000,1,0.1000,0.1000,0,0.0000,0.0000,0,0.0000,0.0000,0,0.0000,0.0000,0,0.0000,0.0000,0,0.0000,0.0000,0,0.0000,0.0000,0,0.0000,0.0000,1,0.1000,0.1000,0,0.0000,0.0000,0,0.0000,0.0000,0,0.0000,0.0000,0,0.0000,0.0000,0,0.0000,0.0000,0,0.0000,0.0000,2,0.2000,0.2000,0,0.0000,0.0000,0,0.0000,0.0000,0,0.0000,0.0000,0,0.0000,0.0000,0,0.0000,0.0000,0,0.0000,0.0000,0,0.0000,0.0000,0,0.0000,0.0000,0,0.0000,0.0000,2,0.2000,0.2000,0,0.0000,0.0000,0,0.0000,0.0000,0,0.0000,0.0000,0,0.0000,0.0000,0,0.0000,0.0000
218,0.001070,11,0.0330,0.0210,2,0.2222,0.1111,0,0.0000,0.0000,1,0.1111,0.0000,0,0.0000,0.0000,1,0.1111,0.1111,0,0.0000,0.0000,1,0.1111,0.0000,0,0.0000,0.0000,0,0.0000,0.0000,0,0.0000,0.0000,0,0.0000,0.0000,0,0.0000,0.0000,0,0.0000,0.0000,1,0.1111,0.1111,0,0.0000,0.0000,0,0.0000,0.0000,0,0.0000,0.0000,0,0.0000,0.0000,0,0.0000,0.0000,0,0.0000,0.0000,0,0.0000,0.0000,0,0.0000,0.0000,0,0.0000,0.0000,2,0.2222,0.2222,0,0.0000,0.0000,1,0.1111,0.0000,0,0.0000,0.0000,0,0.0000,0.0000,0,0.0000,0.0000,0,0.0000,0.0000,1,0.1111,0.1111,0,0.0000,0.0000,1,0.1111,0.1111,0,0.0000,0.0000,0,0.0000,0.0000,0,0.0000,0.0000,0,0.0000,0.0000
297,0.001070,8,0.0309,0.0232,0,0.0000,0.0000,0,0.0000,0.0000,0,0.0000,0.0000,0,0.0000,0.0000,0,0.0000,0.0000,0,0.0000,0.0000,0,0.0000,0.0000,0,0.0000,0.0000,0,0.0000,0.0000,0,0.0000,0.0000,0,0.0000,0.0000,1,0.1429,0.1429,0,0.0000,0.0000,0,0.0000,0.0000,0,0.0000,0.0000,0,0.0000,0.0000,1,0.1429,0.1429,0,0.0000,0.0000,0,0.0000,0.0000,0,0.0000,0.0000,3,0.4286,0.2857,1,0.1429,0.1429,0,0.0000,0.0000,0,0.0000,0.0000,0,0.0000,0.0000,2,0.2857,0.1429,0,0.0000,0.0000,0,0.0000,0.0000,0,0.0000,0.0000,0,0.0000,0.0000,0,0.0000,0.0000,0,0.0000,0.0000,0,0.0000,0.0000,0,0.0000,0.0000,0,0.0000,0.0000,0,0.0000,0.0000,0,0.0000,0.0000
123,0.001045,7,0.0378,0.0216,0,0.0000,0.0000,0,0.0000,0.0000,0,0.0000,0.0000,0,0.0000,0.0000,3,0.6000,0.4000,0,0.0000,0.0000,0,0.0000,0.0000,0,0.0000,0.0000,0,0.0000,0.0000,0,0.0000,0.0000,0,0.0000,0.0000,0,0.0000,0.0000,0,0.0000,0.0000,0,0.0000,0.0000,0,0.0000,0.0000,0,0.0000,0.0000,0,0.0000,0.0000,0,0.0000,0.0000,0,0.0000,0.0000,0,0.0000,0.0000,0,0.0000,0.0000,0,0.0000,0.0000,0,0.0000,0.0000,0,0.0000,0.0000,2,0.4000,0.2000,0,0.0000,0.0000,0,0.0000,0.0000,0,0.0000,0.0000,2,0.4000,0.2000,0,0.0000,0.0000,0,0.0000,0.0000,0,0.0000,0.0000,0,0.0000,0.0000,0,0.0000,0.0000,0,0.0000,0.0000,0,0.0000,0.0000,0,0.0000,0.0000
221,0.001040,6,0.0324,0.0216,0,0.0000,0.0000,0,0.0000,0.0000,0,0.0000,0.0000,0,0.0000,0.0000,2,0.4000,0.4000,0,0.0000,0.0000,0,0.0000,0.0000,0,0.0000,0.0000,0,0.0000,0.0000,0,0.0000,0.0000,0,0.0000,0.0000,0,0.0000,0.0000,0,0.0000,0.0000,0,0.0000,0.0000,0,0.0000,0.0000,0,0.0000,0.0000,0,0.0000,0.0000,0,0.0000,0.0000,0,0.0000,0.0000,0,0.0000,0.0000,0,0.0000,0.0000,0,0.0000,0.0000,0,0.0000,0.0000,0,0.0000,0.0000,1,0.2000,0.0000,0,0.0000,0.0000,0,0.0000,0.0000,0,0.0000,0.0000,3,0.6000,0.4000,0,0.0000,0.0000,0,0.0000,0.0000,0,0.0000,0.0000,0,0.0000,0.0000,0,0.0000,0.0000,0,0.0000,0.0000,0,0.0000,0.0000,0,0.0000,0.0000
308,0.001025,7,0.0270,0.0270,0,0.0000,0.0000,0,0.0000,0.0000,0,0.0000,0.0000,1,0.1429,0.1429,0,0.0000,0.0000,0,0.0000,0.0000,0,0.0000,0.0000,0,0.0000,0.0000,1,0.1429,0.1429,0,0.0000,0.0000,0,0.0000,0.0000,0,0.0000,0.0000,0,0.0000,0.0000,0,0.0000,0.0000,5,0.7143,0.7143,0,0.0000,0.0000,0,0.0000,0.0000,0,0.0000,0.0000,0,0.0000,0.0000,0,0.0000,0.0000,0,0.0000,0.0000,0,0.0000,0.0000,0,0.0000,0.0000,0,0.0000,0.0000,0,0.0000,0.0000,0,0.0000,0.0000,0,0.0000,0.0000,0,0.0000,0.0000,0,0.0000,0.0000,0,0.0000,0.0000,0,0.0000,0.0000,0,0.0000,0.0000,0,0.0000,0.0000,0,0.0000,0.0000,0,0.0000,0.0000,0,0.0000,0.0000,0,0.0000,0.0000
347,0.001020,7,0.0270,0.0270,0,0.0000,0.0000,7,1.0000,1.0000,0,0.0000,0.0000,0,0.0000,0.0000,0,0.0000,0.0000,0,0.0000,0.0000,0,0.0000,0.0000,0,0.0000,0.0000,0,0.0000,0.0000,0,0.0000,0.0000,0,0.0000,0.0000,0,0.0000,0.0000,0,0.0000,0.0000,0,0.0000,0.0000,0,0.0000,0.0000,0,0.0000,0.0000,0,0.0000,0.0000,0,0.0000,0.0000,0,0.0000,0.0000,0,0.0000,0.0000,0,0.0000,0.0000,0,0.0000,0.0000,0,0.0000,0.0000,0,0.0000,0.0000,0,0.0000,0.0000,0,0.0000,0.0000,0,0.0000,0.0000,0,0.0000,0.0000,0,0.0000,0.0000,0,0.0000,0.0000,0,0.0000,0.0000,0,0.0000,0.0000,0,0.0000,0.0000,0,0.0000,0.0000,0,0.0000,0.0000,0,0.0000,0.0000,0,0.0000,0.0000
382,0.001015,6,0.0270,0.0270,0,0.0000,0.0000,0,0.0000,0.0000,0,0.0000,0.0000,0,0.0000,0.0000,0,0.0000,0.0000,0,0.0000,0.0000,0,0.0000,0.0000,0,0.0000,0.0000,0,0.0000,0.0000,0,0.0000,0.0000,0,0.0000,0.0000,0,0.0000,0.0000,0,0.0000,0.0000,0,0.0000,0.0000,0,0.0000,0.0000,0,0.0000,0.0000,0,0.0000,0.0000,0,0.0000,0.0000,0,0.0000,0.0000,0,0.0000,0.0000,0,0.0000,0.0000,0,0.0000,0.0000,0,0.0000,0.0000,0,0.0000,0.0000,0,0.0000,0.0000,6,1.0000,1.0000,0,0.0000,0.0000,0,0.0000,0.0000,0,0.0000,0.0000,0,0.0000,0.0000,0,0.0000,0.0000,0,0.0000,0.0000,0,0.0000,0.0000,0,0.0000,0.0000,0,0.0000,0.0000,0,0.0000,0.0000,0,0.0000,0.0000
261,0.000995,11,0.0330,0.0210,0,0.0000,0.0000,9,1.0000,0.7778,0,0.0000,0.0000,0,0.0000,0.0000,0,0.0000,0.0000,0,0.0000,0.0000,0,0.0000,0.0000,0,0.0000,0.0000,0,0.0000,0.0000,0,0.0000,0.0000,0,0.0000,0.0000,0,0.0000,0.0000,0,0.0000,0.0000,0,0.0000,0.0000,0,0.0000,0.0000,0,0.0000,0.0000,0,0.0000,0.0000,0,0.0000,0.0000,0,0.0000,0.0000,0,0.0000,0.0000,0,0.0000,0.0000,2,0.2222,0.0000,0,0.0000,0.0000,0,0.0000,0.0000,0,0.0000,0.0000,0,0.0000,0.0000,0,0.0000,0.0000,0,0.0000,0.0000,0,0.0000,0.0000,0,0.0000,0.0000,0,0.0000,0.0000,0,0.0000,0.0000,0,0.0000,0.0000,0,0.0000,0.0000,0,0.0000,0.0000,0,0.0000,0.0000,0,0.0000,0.0000
309,0.000995,8,0.0270,0.0270,0,0.0000,0.0000,7,0.8750,0.8750,0,0.0000,0.0000,0,0.0000,0.0000,0,0.0000,0.0000,0,0.0000,0.0000,0,0.0000,0.0000,0,0.0000,0.0000,0,0.0000,0.0000,0,0.0000,0.0000,0,0.0000,0.0000,0,0.0000,0.0000,0,0.0000,0.0000,0,0.0000,0.0000,0,0.0000,0.0000,0,0.0000,0.0000,0,0.0000,0.0000,0,0.0000,0.0000,0,0.0000,0.0000,0,0.0000,0.0000,0,0.0000,0.0000,0,0.0000,0.0000,0,0.0000,0.0000,0,0.0000,0.0000,0,0.0000,0.0000,0,0.0000,0.0000,0,0.0000,0.0000,1,0.1250,0.1250,0,0.0000,0.0000,0,0.0000,0.0000,0,0.0000,0.0000,0,0.0000,0.0000,0,0.0000,0.0000,0,0.0000,0.0000,0,0.0000,0.0000,0,0.0000,0.0000,0,0.0000,0.0000
380,0.000995,6,0.0270,0.0270,0,0.0000,0.0000,0,0.0000,0.0000,0,0.0000,0.0000,0,0.0000,0.0000,0,0.0000,0.0000,0,0.0000,0.0000,0,0.0000,0.0000,0,0.0000,0.0000,0,0.0000,0.0000,0,0.0000,0.0000,0,0.0000,0.0000,0,0.0000,0.0000,0,0.0000,0.0000,0,0.0000,0.0000,0,0.0000,0.0000,0,0.0000,0.0000,0,0.0000,0.0000,0,0.0000,0.0000,0,0.0000,0.0000,2,0.3333,0.3333,0,0.0000,0.0000,0,0.0000,0.0000,0,0.0000,0.0000,0,0.0000,0.0000,0,0.0000,0.0000,4,0.6667,0.6667,0,0.0000,0.0000,0,0.0000,0.0000,0,0.0000,0.0000,0,0.0000,0.0000,0,0.0000,0.0000,0,0.0000,0.0000,0,0.0000,0.0000,0,0.0000,0.0000,0,0.0000,0.0000,0,0.0000,0.0000,0,0.0000,0.0000
155,0.000975,5,0.0270,0.0270,0,0.0000,0.0000,0,0.0000,0.0000,0,0.0000,0.0000,0,0.0000,0.0000,0,0.0000,0.0000,0,0.0000,0.0000,0,0.0000,0.0000,0,0.0000,0.0000,0,0.0000,0.0000,0,0.0000,0.0000,0,0.0000,0.0000,0,0.0000,0.0000,0,0.0000,0.0000,0,0.0000,0.0000,0,0.0000,0.0000,0,0.0000,0.0000,0,0.0000,0.0000,0,0.0000,0.0000,0,0.0000,0.0000,0,0.0000,0.0000,0,0.0000,0.0000,0,0.0000,0.0000,0,0.0000,0.0000,0,0.0000,0.0000,0,0.0000,0.0000,0,0.0000,0.0000,0,0.0000,0.0000,0,0.0000,0.0000,0,0.0000,0.0000,0,0.0000,0.0000,0,0.0000,0.0000,0,0.0000,0.0000,0,0.0000,0.0000,0,0.0000,0.0000,5,1.0000,1.0000,0,0.0000,0.0000,0,0.0000,0.0000
24,0.000965,6,0.0324,0.0216,0,0.0000,0.0000,0,0.0000,0.0000,0,0.0000,0.0000,0,0.0000,0.0000,2,0.4000,0.4000,0,0.0000,0.0000,0,0.0000,0.0000,0,0.0000,0.0000,0,0.0000,0.0000,0,0.0000,0.0000,0,0.0000,0.0000,0,0.0000,0.0000,0,0.0000,0.0000,0,0.0000,0.0000,0,0.0000,0.0000,0,0.0000,0.0000,0,0.0000,0.0000,0,0.0000,0.0000,0,0.0000,0.0000,0,0.0000,0.0000,0,0.0000,0.0000,0,0.0000,0.0000,0,0.0000,0.0000,0,0.0000,0.0000,1,0.2000,0.0000,0,0.0000,0.0000,0,0.0000,0.0000,0,0.0000,0.0000,3,0.6000,0.4000,0,0.0000,0.0000,0,0.0000,0.0000,0,0.0000,0.0000,0,0.0000,0.0000,0,0.0000,0.0000,0,0.0000,0.0000,0,0.0000,0.0000,0,0.0000,0.0000
267,0.000955,10,0.0270,0.0270,0,0.0000,0.0000,6,0.6000,0.6000,0,0.0000,0.0000,0,0.0000,0.0000,0,0.0000,0.0000,0,0.0000,0.0000,0,0.0000,0.0000,0,0.0000,0.0000,0,0.0000,0.0000,1,0.1000,0.1000,0,0.0000,0.0000,0,0.0000,0.0000,0,0.0000,0.0000,0,0.0000,0.0000,0,0.0000,0.0000,0,0.0000,0.0000,0,0.0000,0.0000,0,0.0000,0.0000,0,0.0000,0.0000,0,0.0000,0.0000,0,0.0000,0.0000,0,0.0000,0.0000,0,0.0000,0.0000,0,0.0000,0.0000,0,0.0000,0.0000,3,0.3000,0.3000,0,0.0000,0.0000,0,0.0000,0.0000,0,0.0000,0.0000,0,0.0000,0.0000,0,0.0000,0.0000,0,0.0000,0.0000,0,0.0000,0.0000,0,0.0000,0.0000,0,0.0000,0.0000,0,0.0000,0.0000,0,0.0000,0.0000
363,0.000950,6,0.0270,0.0270,0,0.0000,0.0000,0,0.0000,0.0000,0,0.0000,0.0000,0,0.0000,0.0000,0,0.0000,0.0000,0,0.0000,0.0000,0,0.0000,0.0000,0,0.0000,0.0000,0,0.0000,0.0000,0,0.0000,0.0000,0,0.0000,0.0000,0,0.0000,0.0000,0,0.0000,0.0000,0,0.0000,0.0000,5,0.8333,0.8333,0,0.0000,0.0000,0,0.0000,0.0000,0,0.0000,0.0000,0,0.0000,0.0000,0,0.0000,0.0000,0,0.0000,0.0000,0,0.0000,0.0000,0,0.0000,0.0000,0,0.0000,0.0000,0,0.0000,0.0000,1,0.1667,0.1667,0,0.0000,0.0000,0,0.0000,0.0000,0,0.0000,0.0000,0,0.0000,0.0000,0,0.0000,0.0000,0,0.0000,0.0000,0,0.0000,0.0000,0,0.0000,0.0000,0,0.0000,0.0000,0,0.0000,0.0000,0,0.0000,0.0000
249,0.000945,10,0.0270,0.0270,0,0.0000,0.0000,6,0.6000,0.6000,0,0.0000,0.0000,0,0.0000,0.0000,0,0.0000,0.0000,3,0.3000,0.3000,0,0.0000,0.0000,0,0.0000,0.0000,0,0.0000,0.0000,0,0.0000,0.0000,0,0.0000,0.0000,0,0.0000,0.0000,0,0.0000,0.0000,0,0.0000,0.0000,0,0.0000,0.0000,0,0.0000,0.0000,0,0.0000,0.0000,0,0.0000,0.0000,0,0.0000,0.0000,0,0.0000,0.0000,0,0.0000,0.0000,0,0.0000,0.0000,0,0.0000,0.0000,0,0.0000,0.0000,0,0.0000,0.0000,0,0.0000,0.0000,0,0.0000,0.0000,1,0.1000,0.1000,0,0.0000,0.0000,0,0.0000,0.0000,0,0.0000,0.0000,0,0.0000,0.0000,0,0.0000,0.0000,0,0.0000,0.0000,0,0.0000,0.0000,0,0.0000,0.0000,0,0.0000,0.0000
216,0.000940,7,0.0315,0.0225,0,0.0000,0.0000,0,0.0000,0.0000,0,0.0000,0.0000,0,0.0000,0.0000,0,0.0000,0.0000,0,0.0000,0.0000,0,0.0000,0.0000,3,0.5000,0.3333,0,0.0000,0.0000,0,0.0000,0.0000,0,0.0000,0.0000,0,0.0000,0.0000,0,0.0000,0.0000,0,0.0000,0.0000,0,0.0000,0.0000,0,0.0000,0.0000,0,0.0000,0.0000,0,0.0000,0.0000,0,0.0000,0.0000,0,0.0000,0.0000,0,0.0000,0.0000,0,0.0000,0.0000,0,0.0000,0.0000,0,0.0000,0.0000,0,0.0000,0.0000,0,0.0000,0.0000,0,0.0000,0.0000,0,0.0000,0.0000,0,0.0000,0.0000,0,0.0000,0.0000,0,0.0000,0.0000,0,0.0000,0.0000,0,0.0000,0.0000,0,0.0000,0.0000,4,0.6667,0.5000,0,0.0000,0.0000,0,0.0000,0.0000
164,0.000930,9,0.0304,0.0236,0,0.0000,0.0000,0,0.0000,0.0000,1,0.1250,0.1250,0,0.0000,0.0000,0,0.0000,0.0000,0,0.0000,0.0000,0,0.0000,0.0000,0,0.0000,0.0000,0,0.0000,0.0000,0,0.0000,0.0000,0,0.0000,0.0000,0,0.0000,0.0000,0,0.0000,0.0000,0,0.0000,0.0000,0,0.0000,0.0000,0,0.0000,0.0000,0,0.0000,0.0000,0,0.0000,0.0000,0,0.0000,0.0000,0,0.0000,0.0000,2,0.2500,0.2500,3,0.3750,0.2500,0,0.0000,0.0000,0,0.0000,0.0000,0,0.0000,0.0000,1,0.1250,0.1250,2,0.2500,0.1250,0,0.0000,0.0000,0,0.0000,0.0000,0,0.0000,0.0000,0,0.0000,0.0000,0,0.0000,0.0000,0,0.0000,0.0000,0,0.0000,0.0000,0,0.0000,0.0000,0,0.0000,0.0000,0,0.0000,0.0000
43,0.000920,7,0.0315,0.0225,0,0.0000,0.0000,0,0.0000,0.0000,0,0.0000,0.0000,0,0.0000,0.0000,0,0.0000,0.0000,0,0.0000,0.0000,0,0.0000,0.0000,1,0.1667,0.0000,0,0.0000,0.0000,0,0.0000,0.0000,0,0.0000,0.0000,0,0.0000,0.0000,1,0.1667,0.0000,0,0.0000,0.0000,0,0.0000,0.0000,3,0.5000,0.5000,0,0.0000,0.0000,0,0.0000,0.0000,0,0.0000,0.0000,0,0.0000,0.0000,0,0.0000,0.0000,0,0.0000,0.0000,0,0.0000,0.0000,0,0.0000,0.0000,0,0.0000,0.0000,0,0.0000,0.0000,0,0.0000,0.0000,0,0.0000,0.0000,0,0.0000,0.0000,0,0.0000,0.0000,0,0.0000,0.0000,0,0.0000,0.0000,0,0.0000,0.0000,0,0.0000,0.0000,0,0.0000,0.0000,2,0.3333,0.3333,0,0.0000,0.0000
191,0.000920,8,0.0270,0.0270,1,0.1250,0.1250,0,0.0000,0.0000,0,0.0000,0.0000,1,0.1250,0.1250,0,0.0000,0.0000,0,0.0000,0.0000,0,0.0000,0.0000,1,0.1250,0.1250,1,0.1250,0.1250,0,0.0000,0.0000,1,0.1250,0.1250,0,0.0000,0.0000,0,0.0000,0.0000,0,0.0000,0.0000,0,0.0000,0.0000,0,0.0000,0.0000,1,0.1250,0.1250,0,0.0000,0.0000,0,0.0000,0.0000,0,0.0000,0.0000,0,0.0000,0.0000,0,0.0000,0.0000,0,0.0000,0.0000,0,0.0000,0.0000,0,0.0000,0.0000,2,0.2500,0.2500,0,0.0000,0.0000,0,0.0000,0.0000,0,0.0000,0.0000,0,0.0000,0.0000,0,0.0000,0.0000,0,0.0000,0.0000,0,0.0000,0.0000,0,0.0000,0.0000,0,0.0000,0.0000,0,0.0000,0.0000,0,0.0000,0.0000
199,0.000915,9,0.0405,0.0180,0,0.0000,0.0000,0,0.0000,0.0000,0,0.0000,0.0000,0,0.0000,0.0000,0,0.0000,0.0000,0,0.0000,0.0000,0,0.0000,0.0000,2,0.3333,0.0000,0,0.0000,0.0000,0,0.0000,0.0000,0,0.0000,0.0000,0,0.0000,0.0000,2,0.3333,0.0000,0,0.0000,0.0000,0,0.0000,0.0000,0,0.0000,0.0000,0,0.0000,0.0000,0,0.0000,0.0000,0,0.0000,0.0000,0,0.0000,0.0000,0,0.0000,0.0000,0,0.0000,0.0000,0,0.0000,0.0000,0,0.0000,0.0000,0,0.0000,0.0000,0,0.0000,0.0000,0,0.0000,0.0000,0,0.0000,0.0000,0,0.0000,0.0000,0,0.0000,0.0000,0,0.0000,0.0000,0,0.0000,0.0000,0,0.0000,0.0000,0,0.0000,0.0000,5,0.8333,0.6667,0,0.0000,0.0000,0,0.0000,0.0000
12,0.000910,5,0.0270,0.0270,1,0.2000,0.2000,0,0.0000,0.0000,0,0.0000,0.0000,0,0.0000,0.0000,3,0.6000,0.6000,0,0.0000,0.0000,0,0.0000,0.0000,0,0.0000,0.0000,0,0.0000,0.0000,0,0.0000,0.0000,0,0.0000,0.0000,0,0.0000,0.0000,0,0.0000,0.0000,0,0.0000,0.0000,0,0.0000,0.0000,0,0.0000,0.0000,0,0.0000,0.0000,0,0.0000,0.0000,0,0.0000,0.0000,0,0.0000,0.0000,0,0.0000,0.0000,0,0.0000,0.0000,0,0.0000,0.0000,0,0.0000,0.0000,1,0.2000,0.2000,0,0.0000,0.0000,0,0.0000,0.0000,0,0.0000,0.0000,0,0.0000,0.0000,0,0.0000,0.0000,0,0.0000,0.0000,0,0.0000,0.0000,0,0.0000,0.0000,0,0.0000,0.0000,0,0.0000,0.0000,0,0.0000,0.0000,0,0.0000,0.0000
130,0.000890,6,0.0270,0.0270,1,0.1667,0.1667,0,0.0000,0.0000,0,0.0000,0.0000,0,0.0000,0.0000,0,0.0000,0.0000,4,0.6667,0.6667,0,0.0000,0.0000,0,0.0000,0.0000,0,0.0000,0.0000,0,0.0000,0.0000,0,0.0000,0.0000,0,0.0000,0.0000,0,0.0000,0.0000,0,0.0000,0.0000,0,0.0000,0.0000,0,0.0000,0.0000,0,0.0000,0.0000,0,0.0000,0.0000,0,0.0000,0.0000,0,0.0000,0.0000,0,0.0000,0.0000,0,0.0000,0.0000,0,0.0000,0.0000,0,0.0000,0.0000,0,0.0000,0.0000,0,0.0000,0.0000,0,0.0000,0.0000,1,0.1667,0.1667,0,0.0000,0.0000,0,0.0000,0.0000,0,0.0000,0.0000,0,0.0000,0.0000,0,0.0000,0.0000,0,0.0000,0.0000,0,0.0000,0.0000,0,0.0000,0.0000,0,0.0000,0.0000
99,0.000885,5,0.0270,0.0270,1,0.2000,0.2000,0,0.0000,0.0000,0,0.0000,0.0000,0,0.0000,0.0000,0,0.0000,0.0000,0,0.0000,0.0000,0,0.0000,0.0000,0,0.0000,0.0000,0,0.0000,0.0000,0,0.0000,0.0000,0,0.0000,0.0000,0,0.0000,0.0000,0,0.0000,0.0000,0,0.0000,0.0000,0,0.0000,0.0000,0,0.0000,0.0000,0,0.0000,0.0000,0,0.0000,0.0000,0,0.0000,0.0000,0,0.0000,0.0000,0,0.0000,0.0000,0,0.0000,0.0000,0,0.0000,0.0000,0,0.0000,0.0000,1,0.2000,0.2000,0,0.0000,0.0000,0,0.0000,0.0000,1,0.2000,0.2000,0,0.0000,0.0000,0,0.0000,0.0000,0,0.0000,0.0000,0,0.0000,0.0000,0,0.0000,0.0000,0,0.0000,0.0000,0,0.0000,0.0000,2,0.4000,0.4000,0,0.0000,0.0000
269,0.000880,9,0.0270,0.0270,1,0.1111,0.1111,3,0.3333,0.3333,0,0.0000,0.0000,0,0.0000,0.0000,0,0.0000,0.0000,0,0.0000,0.0000,0,0.0000,0.0000,0,0.0000,0.0000,0,0.0000,0.0000,4,0.4444,0.4444,0,0.0000,0.0000,0,0.0000,0.0000,0,0.0000,0.0000,0,0.0000,0.0000,0,0.0000,0.0000,0,0.0000,0.0000,0,0.0000,0.0000,0,0.0000,0.0000,0,0.0000,0.0000,0,0.0000,0.0000,0,0.0000,0.0000,0,0.0000,0.0000,0,0.0000,0.0000,0,0.0000,0.0000,0,0.0000,0.0000,1,0.1111,0.1111,0,0.0000,0.0000,0,0.0000,0.0000,0,0.0000,0.0000,0,0.0000,0.0000,0,0.0000,0.0000,0,0.0000,0.0000,0,0.0000,0.0000,0,0.0000,0.0000,0,0.0000,0.0000,0,0.0000,0.0000,0,0.0000,0.0000
158,0.000875,5,0.0338,0.0203,0,0.0000,0.0000,0,0.0000,0.0000,0,0.0000,0.0000,0,0.0000,0.0000,3,0.7500,0.5000,0,0.0000,0.0000,0,0.0000,0.0000,0,0.0000,0.0000,0,0.0000,0.0000,0,0.0000,0.0000,0,0.0000,0.0000,0,0.0000,0.0000,0,0.0000,0.0000,0,0.0000,0.0000,0,0.0000,0.0000,0,0.0000,0.0000,0,0.0000,0.0000,0,0.0000,0.0000,0,0.0000,0.0000,0,0.0000,0.0000,0,0.0000,0.0000,0,0.0000,0.0000,0,0.0000,0.0000,0,0.0000,0.0000,0,0.0000,0.0000,0,0.0000,0.0000,0,0.0000,0.0000,0,0.0000,0.0000,2,0.5000,0.2500,0,0.0000,0.0000,0,0.0000,0.0000,0,0.0000,0.0000,0,0.0000,0.0000,0,0.0000,0.0000,0,0.0000,0.0000,0,0.0000,0.0000,0,0.0000,0.0000
69,0.000865,6,0.0270,0.0270,0,0.0000,0.0000,0,0.0000,0.0000,1,0.1667,0.1667,0,0.0000,0.0000,1,0.1667,0.1667,0,0.0000,0.0000,1,0.1667,0.1667,0,0.0000,0.0000,0,0.0000,0.0000,0,0.0000,0.0000,0,0.0000,0.0000,0,0.0000,0.0000,0,0.0000,0.0000,0,0.0000,0.0000,0,0.0000,0.0000,0,0.0000,0.0000,0,0.0000,0.0000,0,0.0000,0.0000,0,0.0000,0.0000,0,0.0000,0.0000,0,0.0000,0.0000,0,0.0000,0.0000,0,0.0000,0.0000,0,0.0000,0.0000,0,0.0000,0.0000,0,0.0000,0.0000,0,0.0000,0.0000,0,0.0000,0.0000,0,0.0000,0.0000,0,0.0000,0.0000,1,0.1667,0.1667,1,0.1667,0.1667,0,0.0000,0.0000,0,0.0000,0.0000,0,0.0000,0.0000,1,0.1667,0.1667,0,0.0000,0.0000
222,0.000860,5,0.0270,0.0270,0,0.0000,0.0000,0,0.0000,0.0000,0,0.0000,0.0000,0,0.0000,0.0000,0,0.0000,0.0000,0,0.0000,0.0000,0,0.0000,0.0000,0,0.0000,0.0000,0,0.0000,0.0000,0,0.0000,0.0000,0,0.0000,0.0000,0,0.0000,0.0000,0,0.0000,0.0000,0,0.0000,0.0000,0,0.0000,0.0000,0,0.0000,0.0000,0,0.0000,0.0000,0,0.0000,0.0000,0,0.0000,0.0000,0,0.0000,0.0000,0,0.0000,0.0000,0,0.0000,0.0000,0,0.0000,0.0000,0,0.0000,0.0000,0,0.0000,0.0000,0,0.0000,0.0000,0,0.0000,0.0000,0,0.0000,0.0000,0,0.0000,0.0000,0,0.0000,0.0000,0,0.0000,0.0000,0,0.0000,0.0000,0,0.0000,0.0000,0,0.0000,0.0000,5,1.0000,1.0000,0,0.0000,0.0000,0,0.0000,0.0000
284,0.000845,7,0.0270,0.0270,0,0.0000,0.0000,0,0.0000,0.0000,0,0.0000,0.0000,0,0.0000,0.0000,0,0.0000,0.0000,0,0.0000,0.0000,0,0.0000,0.0000,0,0.0000,0.0000,0,0.0000,0.0000,0,0.0000,0.0000,0,0.0000,0.0000,0,0.0000,0.0000,0,0.0000,0.0000,0,0.0000,0.0000,0,0.0000,0.0000,0,0.0000,0.0000,0,0.0000,0.0000,0,0.0000,0.0000,0,0.0000,0.0000,0,0.0000,0.0000,0,0.0000,0.0000,0,0.0000,0.0000,0,0.0000,0.0000,0,0.0000,0.0000,0,0.0000,0.0000,0,0.0000,0.0000,0,0.0000,0.0000,0,0.0000,0.0000,0,0.0000,0.0000,0,0.0000,0.0000,0,0.0000,0.0000,0,0.0000,0.0000,0,0.0000,0.0000,0,0.0000,0.0000,7,1.0000,1.0000,0,0.0000,0.0000,0,0.0000,0.0000
302,0.000845,9,0.0304,0.0236,0,0.0000,0.0000,2,0.2500,0.1250,1,0.1250,0.1250,0,0.0000,0.0000,0,0.0000,0.0000,1,0.1250,0.1250,0,0.0000,0.0000,0,0.0000,0.0000,0,0.0000,0.0000,0,0.0000,0.0000,0,0.0000,0.0000,0,0.0000,0.0000,0,0.0000,0.0000,0,0.0000,0.0000,0,0.0000,0.0000,0,0.0000,0.0000,0,0.0000,0.0000,0,0.0000,0.0000,0,0.0000,0.0000,0,0.0000,0.0000,0,0.0000,0.0000,3,0.3750,0.2500,0,0.0000,0.0000,0,0.0000,0.0000,0,0.0000,0.0000,0,0.0000,0.0000,2,0.2500,0.2500,0,0.0000,0.0000,0,0.0000,0.0000,0,0.0000,0.0000,0,0.0000,0.0000,0,0.0000,0.0000,0,0.0000,0.0000,0,0.0000,0.0000,0,0.0000,0.0000,0,0.0000,0.0000,0,0.0000,0.0000
357,0.000840,8,0.0309,0.0232,0,0.0000,0.0000,0,0.0000,0.0000,3,0.4286,0.2857,0,0.0000,0.0000,0,0.0000,0.0000,0,0.0000,0.0000,0,0.0000,0.0000,0,0.0000,0.0000,0,0.0000,0.0000,0,0.0000,0.0000,0,0.0000,0.0000,0,0.0000,0.0000,0,0.0000,0.0000,0,0.0000,0.0000,3,0.4286,0.2857,0,0.0000,0.0000,0,0.0000,0.0000,0,0.0000,0.0000,0,0.0000,0.0000,0,0.0000,0.0000,0,0.0000,0.0000,0,0.0000,0.0000,0,0.0000,0.0000,0,0.0000,0.0000,0,0.0000,0.0000,2,0.2857,0.2857,0,0.0000,0.0000,0,0.0000,0.0000,0,0.0000,0.0000,0,0.0000,0.0000,0,0.0000,0.0000,0,0.0000,0.0000,0,0.0000,0.0000,0,0.0000,0.0000,0,0.0000,0.0000,0,0.0000,0.0000,0,0.0000,0.0000
87,0.000830,9,0.0304,0.0236,0,0.0000,0.0000,1,0.1250,0.1250,1,0.1250,0.1250,0,0.0000,0.0000,0,0.0000,0.0000,2,0.2500,0.2500,0,0.0000,0.0000,0,0.0000,0.0000,0,0.0000,0.0000,0,0.0000,0.0000,0,0.0000,0.0000,0,0.0000,0.0000,0,0.0000,0.0000,0,0.0000,0.0000,0,0.0000,0.0000,0,0.0000,0.0000,0,0.0000,0.0000,0,0.0000,0.0000,0,0.0000,0.0000,0,0.0000,0.0000,0,0.0000,0.0000,0,0.0000,0.0000,0,0.0000,0.0000,0,0.0000,0.0000,0,0.0000,0.0000,2,0.2500,0.2500,0,0.0000,0.0000,0,0.0000,0.0000,0,0.0000,0.0000,1,0.1250,0.0000,0,0.0000,0.0000,0,0.0000,0.0000,0,0.0000,0.0000,0,0.0000,0.0000,0,0.0000,0.0000,0,0.0000,0.0000,2,0.2500,0.1250
118,0.000830,7,0.0270,0.0270,0,0.0000,0.0000,1,0.1429,0.1429,1,0.1429,0.1429,0,0.0000,0.0000,0,0.0000,0.0000,0,0.0000,0.0000,0,0.0000,0.0000,0,0.0000,0.0000,0,0.0000,0.0000,0,0.0000,0.0000,0,0.0000,0.0000,0,0.0000,0.0000,0,0.0000,0.0000,0,0.0000,0.0000,0,0.0000,0.0000,5,0.7143,0.7143,0,0.0000,0.0000,0,0.0000,0.0000,0,0.0000,0.0000,0,0.0000,0.0000,0,0.0000,0.0000,0,0.0000,0.0000,0,0.0000,0.0000,0,0.0000,0.0000,0,0.0000,0.0000,0,0.0000,0.0000,0,0.0000,0.0000,0,0.0000,0.0000,0,0.0000,0.0000,0,0.0000,0.0000,0,0.0000,0.0000,0,0.0000,0.0000,0,0.0000,0.0000,0,0.0000,0.0000,0,0.0000,0.0000,0,0.0000,0.0000,0,0.0000,0.0000
368,0.000830,7,0.0270,0.0270,0,0.0000,0.0000,0,0.0000,0.0000,0,0.0000,0.0000,0,0.0000,0.0000,0,0.0000,0.0000,0,0.0000,0.0000,0,0.0000,0.0000,0,0.0000,0.0000,0,0.0000,0.0000,0,0.0000,0.0000,0,0.0000,0.0000,0,0.0000,0.0000,0,0.0000,0.0000,0,0.0000,0.0000,0,0.0000,0.0000,0,0.0000,0.0000,0,0.0000,0.0000,0,0.0000,0.0000,0,0.0000,0.0000,0,0.0000,0.0000,0,0.0000,0.0000,0,0.0000,0.0000,0,0.0000,0.0000,0,0.0000,0.0000,0,0.0000,0.0000,7,1.0000,1.0000,0,0.0000,0.0000,0,0.0000,0.0000,0,0.0000,0.0000,0,0.0000,0.0000,0,0.0000,0.0000,0,0.0000,0.0000,0,0.0000,0.0000,0,0.0000,0.0000,0,0.0000,0.0000,0,0.0000,0.0000,0,0.0000,0.0000
139,0.000825,4,0.0270,0.0270,0,0.0000,0.0000,0,0.0000,0.0000,0,0.0000,0.0000,0,0.0000,0.0000,0,0.0000,0.0000,0,0.0000,0.0000,0,0.0000,0.0000,0,0.0000,0.0000,0,0.0000,0.0000,0,0.0000,0.0000,0,0.0000,0.0000,0,0.0000,0.0000,0,0.0000,0.0000,0,0.0000,0.0000,0,0.0000,0.0000,0,0.0000,0.0000,0,0.0000,0.0000,0,0.0000,0.0000,1,0.2500,0.2500,0,0.0000,0.0000,0,0.0000,0.0000,0,0.0000,0.0000,0,0.0000,0.0000,0,0.0000,0.0000,0,0.0000,0.0000,0,0.0000,0.0000,0,0.0000,0.0000,0,0.0000,0.0000,1,0.2500,0.2500,0,0.0000,0.0000,0,0.0000,0.0000,0,0.0000,0.0000,0,0.0000,0.0000,2,0.5000,0.5000,0,0.0000,0.0000,0,0.0000,0.0000,0,0.0000,0.0000
115,0.000820,5,0.0270,0.0270,0,0.0000,0.0000,2,0.4000,0.4000,0,0.0000,0.0000,0,0.0000,0.0000,0,0.0000,0.0000,0,0.0000,0.0000,0,0.0000,0.0000,0,0.0000,0.0000,0,0.0000,0.0000,0,0.0000,0.0000,0,0.0000,0.0000,0,0.0000,0.0000,0,0.0000,0.0000,0,0.0000,0.0000,0,0.0000,0.0000,2,0.4000,0.4000,0,0.0000,0.0000,0,0.0000,0.0000,0,0.0000,0.0000,0,0.0000,0.0000,0,0.0000,0.0000,0,0.0000,0.0000,0,0.0000,0.0000,0,0.0000,0.0000,0,0.0000,0.0000,0,0.0000,0.0000,0,0.0000,0.0000,0,0.0000,0.0000,0,0.0000,0.0000,0,0.0000,0.0000,0,0.0000,0.0000,0,0.0000,0.0000,0,0.0000,0.0000,0,0.0000,0.0000,0,0.0000,0.0000,1,0.2000,0.2000,0,0.0000,0.0000
332,0.000820,5,0.0270,0.0270,0,0.0000,0.0000,2,0.4000,0.4000,0,0.0000,0.0000,0,0.0000,0.0000,0,0.0000,0.0000,0,0.0000,0.0000,0,0.0000,0.0000,0,0.0000,0.0000,0,0.0000,0.0000,0,0.0000,0.0000,0,0.0000,0.0000,0,0.0000,0.0000,0,0.0000,0.0000,0,0.0000,0.0000,2,0.4000,0.4000,0,0.0000,0.0000,0,0.0000,0.0000,0,0.0000,0.0000,0,0.0000,0.0000,0,0.0000,0.0000,0,0.0000,0.0000,0,0.0000,0.0000,0,0.0000,0.0000,0,0.0000,0.0000,0,0.0000,0.0000,0,0.0000,0.0000,1,0.2000,0.2000,0,0.0000,0.0000,0,0.0000,0.0000,0,0.0000,0.0000,0,0.0000,0.0000,0,0.0000,0.0000,0,0.0000,0.0000,0,0.0000,0.0000,0,0.0000,0.0000,0,0.0000,0.0000,0,0.0000,0.0000
148,0.000815,5,0.0270,0.0270,0,0.0000,0.0000,0,0.0000,0.0000,0,0.0000,0.0000,0,0.0000,0.0000,0,0.0000,0.0000,0,0.0000,0.0000,0,0.0000,0.0000,0,0.0000,0.0000,0,0.0000,0.0000,0,0.0000,0.0000,0,0.0000,0.0000,0,0.0000,0.0000,0,0.0000,0.0000,0,0.0000,0.0000,0,0.0000,0.0000,0,0.0000,0.0000,0,0.0000,0.0000,0,0.0000,0.0000,0,0.0000,0.0000,0,0.0000,0.0000,0,0.0000,0.0000,0,0.0000,0.0000,0,0.0000,0.0000,0,0.0000,0.0000,0,0.0000,0.0000,0,0.0000,0.0000,0,0.0000,0.0000,0,0.0000,0.0000,0,0.0000,0.0000,0,0.0000,0.0000,0,0.0000,0.0000,0,0.0000,0.0000,0,0.0000,0.0000,0,0.0000,0.0000,5,1.0000,1.0000,0,0.0000,0.0000,0,0.0000,0.0000
333,0.000815,6,0.0270,0.0270,0,0.0000,0.0000,5,0.8333,0.8333,0,0.0000,0.0000,0,0.0000,0.0000,0,0.0000,0.0000,0,0.0000,0.0000,0,0.0000,0.0000,0,0.0000,0.0000,0,0.0000,0.0000,0,0.0000,0.0000,0,0.0000,0.0000,0,0.0000,0.0000,0,0.0000,0.0000,0,0.0000,0.0000,0,0.0000,0.0000,0,0.0000,0.0000,0,0.0000,0.0000,0,0.0000,0.0000,0,0.0000,0.0000,0,0.0000,0.0000,0,0.0000,0.0000,0,0.0000,0.0000,1,0.1667,0.1667,0,0.0000,0.0000,0,0.0000,0.0000,0,0.0000,0.0000,0,0.0000,0.0000,0,0.0000,0.0000,0,0.0000,0.0000,0,0.0000,0.0000,0,0.0000,0.0000,0,0.0000,0.0000,0,0.0000,0.0000,0,0.0000,0.0000,0,0.0000,0.0000,0,0.0000,0.0000,0,0.0000,0.0000
203,0.000800,7,0.0270,0.0270,1,0.1429,0.1429,0,0.0000,0.0000,0,0.0000,0.0000,0,0.0000,0.0000,0,0.0000,0.0000,1,0.1429,0.1429,0,0.0000,0.0000,0,0.0000,0.0000,0,0.0000,0.0000,0,0.0000,0.0000,0,0.0000,0.0000,0,0.0000,0.0000,0,0.0000,0.0000,1,0.1429,0.1429,0,0.0000,0.0000,0,0.0000,0.0000,0,0.0000,0.0000,0,0.0000,0.0000,0,0.0000,0.0000,0,0.0000,0.0000,0,0.0000,0.0000,0,0.0000,0.0000,0,0.0000,0.0000,1,0.1429,0.1429,0,0.0000,0.0000,3,0.4286,0.4286,0,0.0000,0.0000,0,0.0000,0.0000,0,0.0000,0.0000,0,0.0000,0.0000,0,0.0000,0.0000,0,0.0000,0.0000,0,0.0000,0.0000,0,0.0000,0.0000,0,0.0000,0.0000,0,0.0000,0.0000,0,0.0000,0.0000
153,0.000795,5,0.0338,0.0203,0,0.0000,0.0000,0,0.0000,0.0000,0,0.0000,0.0000,0,0.0000,0.0000,2,0.5000,0.2500,0,0.0000,0.0000,0,0.0000,0.0000,0,0.0000,0.0000,0,0.0000,0.0000,0,0.0000,0.0000,0,0.0000,0.0000,0,0.0000,0.0000,0,0.0000,0.0000,0,0.0000,0.0000,0,0.0000,0.0000,0,0.0000,0.0000,0,0.0000,0.0000,0,0.0000,0.0000,0,0.0000,0.0000,0,0.0000,0.0000,0,0.0000,0.0000,0,0.0000,0.0000,0,0.0000,0.0000,0,0.0000,0.0000,3,0.7500,0.5000,0,0.0000,0.0000,0,0.0000,0.0000,0,0.0000,0.0000,0,0.0000,0.0000,0,0.0000,0.0000,0,0.0000,0.0000,0,0.0000,0.0000,0,0.0000,0.0000,0,0.0000,0.0000,0,0.0000,0.0000,0,0.0000,0.0000,0,0.0000,0.0000
159,0.000790,5,0.0270,0.0270,0,0.0000,0.0000,0,0.0000,0.0000,0,0.0000,0.0000,0,0.0000,0.0000,2,0.4000,0.4000,0,0.0000,0.0000,0,0.0000,0.0000,0,0.0000,0.0000,0,0.0000,0.0000,0,0.0000,0.0000,0,0.0000,0.0000,0,0.0000,0.0000,0,0.0000,0.0000,0,0.0000,0.0000,0,0.0000,0.0000,0,0.0000,0.0000,0,0.0000,0.0000,0,0.0000,0.0000,0,0.0000,0.0000,0,0.0000,0.0000,0,0.0000,0.0000,0,0.0000,0.0000,0,0.0000,0.0000,0,0.0000,0.0000,1,0.2000,0.2000,0,0.0000,0.0000,2,0.4000,0.4000,0,0.0000,0.0000,0,0.0000,0.0000,0,0.0000,0.0000,0,0.0000,0.0000,0,0.0000,0.0000,0,0.0000,0.0000,0,0.0000,0.0000,0,0.0000,0.0000,0,0.0000,0.0000,0,0.0000,0.0000
217,0.000770,4,0.0270,0.0270,0,0.0000,0.0000,0,0.0000,0.0000,0,0.0000,0.0000,0,0.0000,0.0000,2,0.5000,0.5000,0,0.0000,0.0000,0,0.0000,0.0000,0,0.0000,0.0000,0,0.0000,0.0000,0,0.0000,0.0000,0,0.0000,0.0000,0,0.0000,0.0000,0,0.0000,0.0000,0,0.0000,0.0000,0,0.0000,0.0000,0,0.0000,0.0000,0,0.0000,0.0000,0,0.0000,0.0000,0,0.0000,0.0000,0,0.0000,0.0000,0,0.0000,0.0000,0,0.0000,0.0000,0,0.0000,0.0000,0,0.0000,0.0000,2,0.5000,0.5000,0,0.0000,0.0000,0,0.0000,0.0000,0,0.0000,0.0000,0,0.0000,0.0000,0,0.0000,0.0000,0,0.0000,0.0000,0,0.0000,0.0000,0,0.0000,0.0000,0,0.0000,0.0000,0,0.0000,0.0000,0,0.0000,0.0000,0,0.0000,0.0000
354,0.000765,6,0.0270,0.0270,0,0.0000,0.0000,0,0.0000,0.0000,5,0.8333,0.8333,0,0.0000,0.0000,0,0.0000,0.0000,0,0.0000,0.0000,0,0.0000,0.0000,0,0.0000,0.0000,0,0.0000,0.0000,0,0.0000,0.0000,0,0.0000,0.0000,0,0.0000,0.0000,0,0.0000,0.0000,0,0.0000,0.0000,0,0.0000,0.0000,0,0.0000,0.0000,0,0.0000,0.0000,0,0.0000,0.0000,1,0.1667,0.1667,0,0.0000,0.0000,0,0.0000,0.0000,0,0.0000,0.0000,0,0.0000,0.0000,0,0.0000,0.0000,0,0.0000,0.0000,0,0.0000,0.0000,0,0.0000,0.0000,0,0.0000,0.0000,0,0.0000,0.0000,0,0.0000,0.0000,0,0.0000,0.0000,0,0.0000,0.0000,0,0.0000,0.0000,0,0.0000,0.0000,0,0.0000,0.0000,0,0.0000,0.0000,0,0.0000,0.0000
238,0.000745,6,0.0270,0.0270,0,0.0000,0.0000,0,0.0000,0.0000,0,0.0000,0.0000,0,0.0000,0.0000,0,0.0000,0.0000,0,0.0000,0.0000,0,0.0000,0.0000,0,0.0000,0.0000,0,0.0000,0.0000,0,0.0000,0.0000,0,0.0000,0.0000,0,0.0000,0.0000,0,0.0000,0.0000,1,0.1667,0.1667,0,0.0000,0.0000,0,0.0000,0.0000,0,0.0000,0.0000,0,0.0000,0.0000,0,0.0000,0.0000,0,0.0000,0.0000,0,0.0000,0.0000,0,0.0000,0.0000,0,0.0000,0.0000,0,0.0000,0.0000,0,0.0000,0.0000,5,0.8333,0.8333,0,0.0000,0.0000,0,0.0000,0.0000,0,0.0000,0.0000,0,0.0000,0.0000,0,0.0000,0.0000,0,0.0000,0.0000,0,0.0000,0.0000,0,0.0000,0.0000,0,0.0000,0.0000,0,0.0000,0.0000,0,0.0000,0.0000
293,0.000740,10,0.0270,0.0270,0,0.0000,0.0000,7,0.7000,0.7000,1,0.1000,0.1000,0,0.0000,0.0000,0,0.0000,0.0000,0,0.0000,0.0000,0,0.0000,0.0000,0,0.0000,0.0000,0,0.0000,0.0000,2,0.2000,0.2000,0,0.0000,0.0000,0,0.0000,0.0000,0,0.0000,0.0000,0,0.0000,0.0000,0,0.0000,0.0000,0,0.0000,0.0000,0,0.0000,0.0000,0,0.0000,0.0000,0,0.0000,0.0000,0,0.0000,0.0000,0,0.0000,0.0000,0,0.0000,0.0000,0,0.0000,0.0000,0,0.0000,0.0000,0,0.0000,0.0000,0,0.0000,0.0000,0,0.0000,0.0000,0,0.0000,0.0000,0,0.0000,0.0000,0,0.0000,0.0000,0,0.0000,0.0000,0,0.0000,0.0000,0,0.0000,0.0000,0,0.0000,0.0000,0,0.0000,0.0000,0,0.0000,0.0000,0,0.0000,0.0000
345,0.000740,6,0.0270,0.0270,1,0.1667,0.1667,4,0.6667,0.6667,0,0.0000,0.0000,0,0.0000,0.0000,0,0.0000,0.0000,0,0.0000,0.0000,0,0.0000,0.0000,0,0.0000,0.0000,0,0.0000,0.0000,0,0.0000,0.0000,0,0.0000,0.0000,0,0.0000,0.0000,0,0.0000,0.0000,0,0.0000,0.0000,0,0.0000,0.0000,0,0.0000,0.0000,0,0.0000,0.0000,0,0.0000,0.0000,0,0.0000,0.0000,1,0.1667,0.1667,0,0.0000,0.0000,0,0.0000,0.0000,0,0.0000,0.0000,0,0.0000,0.0000,0,0.0000,0.0000,0,0.0000,0.0000,0,0.0000,0.0000,0,0.0000,0.0000,0,0.0000,0.0000,0,0.0000,0.0000,0,0.0000,0.0000,0,0.0000,0.0000,0,0.0000,0.0000,0,0.0000,0.0000,0,0.0000,0.0000,0,0.0000,0.0000,0,0.0000,0.0000
410,0.000735,2,0.0270,0.0270,0,0.0000,0.0000,0,0.0000,0.0000,0,0.0000,0.0000,0,0.0000,0.0000,0,0.0000,0.0000,0,0.0000,0.0000,0,0.0000,0.0000,0,0.0000,0.0000,0,0.0000,0.0000,0,0.0000,0.0000,0,0.0000,0.0000,0,0.0000,0.0000,0,0.0000,0.0000,0,0.0000,0.0000,0,0.0000,0.0000,0,0.0000,0.0000,0,0.0000,0.0000,0,0.0000,0.0000,0,0.0000,0.0000,0,0.0000,0.0000,0,0.0000,0.0000,0,0.0000,0.0000,0,0.0000,0.0000,0,0.0000,0.0000,0,0.0000,0.0000,0,0.0000,0.0000,0,0.0000,0.0000,0,0.0000,0.0000,0,0.0000,0.0000,0,0.0000,0.0000,0,0.0000,0.0000,0,0.0000,0.0000,0,0.0000,0.0000,0,0.0000,0.0000,0,0.0000,0.0000,2,1.0000,1.0000,0,0.0000,0.0000
256,0.000705,4,0.0270,0.0270,0,0.0000,0.0000,0,0.0000,0.0000,0,0.0000,0.0000,0,0.0000,0.0000,0,0.0000,0.0000,0,0.0000,0.0000,0,0.0000,0.0000,0,0.0000,0.0000,0,0.0000,0.0000,0,0.0000,0.0000,0,0.0000,0.0000,0,0.0000,0.0000,0,0.0000,0.0000,0,0.0000,0.0000,0,0.0000,0.0000,0,0.0000,0.0000,0,0.0000,0.0000,0,0.0000,0.0000,0,0.0000,0.0000,0,0.0000,0.0000,0,0.0000,0.0000,0,0.0000,0.0000,0,0.0000,0.0000,0,0.0000,0.0000,0,0.0000,0.0000,0,0.0000,0.0000,0,0.0000,0.0000,0,0.0000,0.0000,0,0.0000,0.0000,0,0.0000,0.0000,0,0.0000,0.0000,0,0.0000,0.0000,0,0.0000,0.0000,0,0.0000,0.0000,4,1.0000,1.0000,0,0.0000,0.0000,0,0.0000,0.0000
290,0.000700,4,0.0270,0.0270,0,0.0000,0.0000,0,0.0000,0.0000,0,0.0000,0.0000,0,0.0000,0.0000,0,0.0000,0.0000,0,0.0000,0.0000,0,0.0000,0.0000,0,0.0000,0.0000,0,0.0000,0.0000,0,0.0000,0.0000,0,0.0000,0.0000,0,0.0000,0.0000,0,0.0000,0.0000,0,0.0000,0.0000,0,0.0000,0.0000,0,0.0000,0.0000,0,0.0000,0.0000,0,0.0000,0.0000,0,0.0000,0.0000,0,0.0000,0.0000,0,0.0000,0.0000,0,0.0000,0.0000,0,0.0000,0.0000,0,0.0000,0.0000,0,0.0000,0.0000,0,0.0000,0.0000,0,0.0000,0.0000,0,0.0000,0.0000,0,0.0000,0.0000,0,0.0000,0.0000,0,0.0000,0.0000,0,0.0000,0.0000,0,0.0000,0.0000,0,0.0000,0.0000,4,1.0000,1.0000,0,0.0000,0.0000,0,0.0000,0.0000
230,0.000695,4,0.0270,0.0270,0,0.0000,0.0000,0,0.0000,0.0000,0,0.0000,0.0000,0,0.0000,0.0000,0,0.0000,0.0000,0,0.0000,0.0000,0,0.0000,0.0000,0,0.0000,0.0000,0,0.0000,0.0000,0,0.0000,0.0000,0,0.0000,0.0000,0,0.0000,0.0000,0,0.0000,0.0000,0,0.0000,0.0000,0,0.0000,0.0000,0,0.0000,0.0000,0,0.0000,0.0000,0,0.0000,0.0000,0,0.0000,0.0000,0,0.0000,0.0000,0,0.0000,0.0000,0,0.0000,0.0000,0,0.0000,0.0000,0,0.0000,0.0000,0,0.0000,0.0000,0,0.0000,0.0000,0,0.0000,0.0000,0,0.0000,0.0000,0,0.0000,0.0000,0,0.0000,0.0000,0,0.0000,0.0000,0,0.0000,0.0000,0,0.0000,0.0000,0,0.0000,0.0000,4,1.0000,1.0000,0,0.0000,0.0000,0,0.0000,0.0000
127,0.000685,4,0.0270,0.0270,0,0.0000,0.0000,0,0.0000,0.0000,0,0.0000,0.0000,0,0.0000,0.0000,2,0.5000,0.5000,0,0.0000,0.0000,0,0.0000,0.0000,0,0.0000,0.0000,0,0.0000,0.0000,0,0.0000,0.0000,0,0.0000,0.0000,0,0.0000,0.0000,0,0.0000,0.0000,0,0.0000,0.0000,0,0.0000,0.0000,0,0.0000,0.0000,0,0.0000,0.0000,0,0.0000,0.0000,0,0.0000,0.0000,0,0.0000,0.0000,0,0.0000,0.0000,0,0.0000,0.0000,0,0.0000,0.0000,0,0.0000,0.0000,1,0.2500,0.2500,0,0.0000,0.0000,0,0.0000,0.0000,0,0.0000,0.0000,1,0.2500,0.2500,0,0.0000,0.0000,0,0.0000,0.0000,0,0.0000,0.0000,0,0.0000,0.0000,0,0.0000,0.0000,0,0.0000,0.0000,0,0.0000,0.0000,0,0.0000,0.0000
319,0.000680,6,0.0270,0.0270,0,0.0000,0.0000,0,0.0000,0.0000,0,0.0000,0.0000,0,0.0000,0.0000,0,0.0000,0.0000,0,0.0000,0.0000,1,0.1667,0.1667,0,0.0000,0.0000,0,0.0000,0.0000,0,0.0000,0.0000,0,0.0000,0.0000,1,0.1667,0.1667,0,0.0000,0.0000,0,0.0000,0.0000,0,0.0000,0.0000,0,0.0000,0.0000,0,0.0000,0.0000,0,0.0000,0.0000,0,0.0000,0.0000,0,0.0000,0.0000,1,0.1667,0.1667,3,0.5000,0.5000,0,0.0000,0.0000,0,0.0000,0.0000,0,0.0000,0.0000,0,0.0000,0.0000,0,0.0000,0.0000,0,0.0000,0.0000,0,0.0000,0.0000,0,0.0000,0.0000,0,0.0000,0.0000,0,0.0000,0.0000,0,0.0000,0.0000,0,0.0000,0.0000,0,0.0000,0.0000,0,0.0000,0.0000,0,0.0000,0.0000
170,0.000675,7,0.0315,0.0225,0,0.0000,0.0000,0,0.0000,0.0000,0,0.0000,0.0000,0,0.0000,0.0000,0,0.0000,0.0000,1,0.1667,0.1667,0,0.0000,0.0000,1,0.1667,0.0000,0,0.0000,0.0000,0,0.0000,0.0000,0,0.0000,0.0000,0,0.0000,0.0000,1,0.1667,0.0000,0,0.0000,0.0000,0,0.0000,0.0000,0,0.0000,0.0000,0,0.0000,0.0000,0,0.0000,0.0000,0,0.0000,0.0000,0,0.0000,0.0000,0,0.0000,0.0000,0,0.0000,0.0000,0,0.0000,0.0000,0,0.0000,0.0000,0,0.0000,0.0000,0,0.0000,0.0000,0,0.0000,0.0000,0,0.0000,0.0000,0,0.0000,0.0000,0,0.0000,0.0000,0,0.0000,0.0000,0,0.0000,0.0000,0,0.0000,0.0000,0,0.0000,0.0000,4,0.6667,0.6667,0,0.0000,0.0000,0,0.0000,0.0000
318,0.000670,6,0.0270,0.0270,0,0.0000,0.0000,3,0.5000,0.5000,1,0.1667,0.1667,0,0.0000,0.0000,0,0.0000,0.0000,0,0.0000,0.0000,0,0.0000,0.0000,0,0.0000,0.0000,0,0.0000,0.0000,0,0.0000,0.0000,0,0.0000,0.0000,0,0.0000,0.0000,0,0.0000,0.0000,0,0.0000,0.0000,0,0.0000,0.0000,0,0.0000,0.0000,0,0.0000,0.0000,0,0.0000,0.0000,0,0.0000,0.0000,0,0.0000,0.0000,0,0.0000,0.0000,1,0.1667,0.1667,0,0.0000,0.0000,0,0.0000,0.0000,0,0.0000,0.0000,0,0.0000,0.0000,1,0.1667,0.1667,0,0.0000,0.0000,0,0.0000,0.0000,0,0.0000,0.0000,0,0.0000,0.0000,0,0.0000,0.0000,0,0.0000,0.0000,0,0.0000,0.0000,0,0.0000,0.0000,0,0.0000,0.0000,0,0.0000,0.0000
88,0.000665,7,0.0270,0.0270,1,0.1429,0.1429,0,0.0000,0.0000,0,0.0000,0.0000,1,0.1429,0.1429,1,0.1429,0.1429,0,0.0000,0.0000,0,0.0000,0.0000,0,0.0000,0.0000,0,0.0000,0.0000,1,0.1429,0.1429,0,0.0000,0.0000,0,0.0000,0.0000,0,0.0000,0.0000,1,0.1429,0.1429,0,0.0000,0.0000,0,0.0000,0.0000,0,0.0000,0.0000,0,0.0000,0.0000,0,0.0000,0.0000,0,0.0000,0.0000,0,0.0000,0.0000,0,0.0000,0.0000,0,0.0000,0.0000,0,0.0000,0.0000,0,0.0000,0.0000,0,0.0000,0.0000,0,0.0000,0.0000,0,0.0000,0.0000,0,0.0000,0.0000,0,0.0000,0.0000,0,0.0000,0.0000,0,0.0000,0.0000,1,0.1429,0.1429,0,0.0000,0.0000,0,0.0000,0.0000,0,0.0000,0.0000,1,0.1429,0.1429
147,0.000660,3,0.0270,0.0270,0,0.0000,0.0000,0,0.0000,0.0000,0,0.0000,0.0000,0,0.0000,0.0000,0,0.0000,0.0000,0,0.0000,0.0000,0,0.0000,0.0000,0,0.0000,0.0000,0,0.0000,0.0000,0,0.0000,0.0000,0,0.0000,0.0000,0,0.0000,0.0000,0,0.0000,0.0000,0,0.0000,0.0000,2,0.6667,0.6667,0,0.0000,0.0000,0,0.0000,0.0000,0,0.0000,0.0000,0,0.0000,0.0000,0,0.0000,0.0000,0,0.0000,0.0000,0,0.0000,0.0000,0,0.0000,0.0000,0,0.0000,0.0000,0,0.0000,0.0000,0,0.0000,0.0000,0,0.0000,0.0000,0,0.0000,0.0000,0,0.0000,0.0000,0,0.0000,0.0000,0,0.0000,0.0000,0,0.0000,0.0000,0,0.0000,0.0000,0,0.0000,0.0000,0,0.0000,0.0000,1,0.3333,0.3333,0,0.0000,0.0000
412,0.000660,2,0.0270,0.0270,0,0.0000,0.0000,0,0.0000,0.0000,0,0.0000,0.0000,0,0.0000,0.0000,0,0.0000,0.0000,0,0.0000,0.0000,0,0.0000,0.0000,0,0.0000,0.0000,0,0.0000,0.0000,0,0.0000,0.0000,0,0.0000,0.0000,0,0.0000,0.0000,0,0.0000,0.0000,0,0.0000,0.0000,0,0.0000,0.0000,0,0.0000,0.0000,0,0.0000,0.0000,0,0.0000,0.0000,0,0.0000,0.0000,0,0.0000,0.0000,0,0.0000,0.0000,0,0.0000,0.0000,0,0.0000,0.0000,0,0.0000,0.0000,0,0.0000,0.0000,0,0.0000,0.0000,0,0.0000,0.0000,0,0.0000,0.0000,0,0.0000,0.0000,0,0.0000,0.0000,0,0.0000,0.0000,0,0.0000,0.0000,0,0.0000,0.0000,0,0.0000,0.0000,0,0.0000,0.0000,2,1.0000,1.0000,0,0.0000,0.0000
151,0.000655,6,0.0270,0.0270,0,0.0000,0.0000,0,0.0000,0.0000,0,0.0000,0.0000,0,0.0000,0.0000,0,0.0000,0.0000,0,0.0000,0.0000,0,0.0000,0.0000,0,0.0000,0.0000,0,0.0000,0.0000,0,0.0000,0.0000,0,0.0000,0.0000,0,0.0000,0.0000,0,0.0000,0.0000,0,0.0000,0.0000,0,0.0000,0.0000,0,0.0000,0.0000,0,0.0000,0.0000,0,0.0000,0.0000,0,0.0000,0.0000,0,0.0000,0.0000,0,0.0000,0.0000,0,0.0000,0.0000,0,0.0000,0.0000,0,0.0000,0.0000,0,0.0000,0.0000,0,0.0000,0.0000,0,0.0000,0.0000,0,0.0000,0.0000,0,0.0000,0.0000,0,0.0000,0.0000,0,0.0000,0.0000,0,0.0000,0.0000,0,0.0000,0.0000,0,0.0000,0.0000,6,1.0000,1.0000,0,0.0000,0.0000,0,0.0000,0.0000
386,0.000655,4,0.0270,0.0270,1,0.2500,0.2500,0,0.0000,0.0000,0,0.0000,0.0000,0,0.0000,0.0000,1,0.2500,0.2500,0,0.0000,0.0000,0,0.0000,0.0000,0,0.0000,0.0000,0,0.0000,0.0000,0,0.0000,0.0000,0,0.0000,0.0000,0,0.0000,0.0000,0,0.0000,0.0000,1,0.2500,0.2500,0,0.0000,0.0000,0,0.0000,0.0000,0,0.0000,0.0000,0,0.0000,0.0000,0,0.0000,0.0000,0,0.0000,0.0000,0,0.0000,0.0000,0,0.0000,0.0000,0,0.0000,0.0000,0,0.0000,0.0000,0,0.0000,0.0000,0,0.0000,0.0000,0,0.0000,0.0000,0,0.0000,0.0000,0,0.0000,0.0000,0,0.0000,0.0000,0,0.0000,0.0000,0,0.0000,0.0000,0,0.0000,0.0000,1,0.2500,0.2500,0,0.0000,0.0000,0,0.0000,0.0000,0,0.0000,0.0000
176,0.000650,5,0.0338,0.0203,0,0.0000,0.0000,0,0.0000,0.0000,0,0.0000,0.0000,0,0.0000,0.0000,0,0.0000,0.0000,0,0.0000,0.0000,0,0.0000,0.0000,2,0.5000,0.2500,0,0.0000,0.0000,0,0.0000,0.0000,0,0.0000,0.0000,0,0.0000,0.0000,1,0.2500,0.0000,0,0.0000,0.0000,0,0.0000,0.0000,0,0.0000,0.0000,0,0.0000,0.0000,0,0.0000,0.0000,0,0.0000,0.0000,0,0.0000,0.0000,0,0.0000,0.0000,0,0.0000,0.0000,0,0.0000,0.0000,0,0.0000,0.0000,0,0.0000,0.0000,0,0.0000,0.0000,0,0.0000,0.0000,0,0.0000,0.0000,1,0.2500,0.2500,0,0.0000,0.0000,0,0.0000,0.0000,0,0.0000,0.0000,0,0.0000,0.0000,1,0.2500,0.2500,0,0.0000,0.0000,0,0.0000,0.0000,0,0.0000,0.0000
234,0.000645,6,0.0324,0.0216,0,0.0000,0.0000,0,0.0000,0.0000,0,0.0000,0.0000,0,0.0000,0.0000,0,0.0000,0.0000,0,0.0000,0.0000,0,0.0000,0.0000,2,0.4000,0.2000,1,0.2000,0.2000,0,0.0000,0.0000,0,0.0000,0.0000,0,0.0000,0.0000,1,0.2000,0.0000,0,0.0000,0.0000,0,0.0000,0.0000,0,0.0000,0.0000,0,0.0000,0.0000,0,0.0000,0.0000,0,0.0000,0.0000,0,0.0000,0.0000,0,0.0000,0.0000,0,0.0000,0.0000,0,0.0000,0.0000,0,0.0000,0.0000,0,0.0000,0.0000,0,0.0000,0.0000,0,0.0000,0.0000,0,0.0000,0.0000,0,0.0000,0.0000,0,0.0000,0.0000,0,0.0000,0.0000,0,0.0000,0.0000,0,0.0000,0.0000,0,0.0000,0.0000,2,0.4000,0.4000,0,0.0000,0.0000,0,0.0000,0.0000
86,0.000635,6,0.0324,0.0216,0,0.0000,0.0000,0,0.0000,0.0000,1,0.2000,0.2000,0,0.0000,0.0000,0,0.0000,0.0000,0,0.0000,0.0000,0,0.0000,0.0000,0,0.0000,0.0000,0,0.0000,0.0000,0,0.0000,0.0000,0,0.0000,0.0000,0,0.0000,0.0000,0,0.0000,0.0000,0,0.0000,0.0000,0,0.0000,0.0000,0,0.0000,0.0000,0,0.0000,0.0000,0,0.0000,0.0000,0,0.0000,0.0000,0,0.0000,0.0000,0,0.0000,0.0000,0,0.0000,0.0000,0,0.0000,0.0000,0,0.0000,0.0000,0,0.0000,0.0000,0,0.0000,0.0000,0,0.0000,0.0000,0,0.0000,0.0000,0,0.0000,0.0000,4,0.8000,0.6000,0,0.0000,0.0000,0,0.0000,0.0000,0,0.0000,0.0000,0,0.0000,0.0000,0,0.0000,0.0000,0,0.0000,0.0000,1,0.2000,0.0000
108,0.000625,6,0.0270,0.0270,1,0.1667,0.1667,0,0.0000,0.0000,0,0.0000,0.0000,0,0.0000,0.0000,0,0.0000,0.0000,0,0.0000,0.0000,0,0.0000,0.0000,0,0.0000,0.0000,0,0.0000,0.0000,0,0.0000,0.0000,0,0.0000,0.0000,0,0.0000,0.0000,0,0.0000,0.0000,1,0.1667,0.1667,0,0.0000,0.0000,4,0.6667,0.6667,0,0.0000,0.0000,0,0.0000,0.0000,0,0.0000,0.0000,0,0.0000,0.0000,0,0.0000,0.0000,0,0.0000,0.0000,0,0.0000,0.0000,0,0.0000,0.0000,0,0.0000,0.0000,0,0.0000,0.0000,0,0.0000,0.0000,0,0.0000,0.0000,0,0.0000,0.0000,0,0.0000,0.0000,0,0.0000,0.0000,0,0.0000,0.0000,0,0.0000,0.0000,0,0.0000,0.0000,0,0.0000,0.0000,0,0.0000,0.0000,0,0.0000,0.0000
375,0.000620,5,0.0270,0.0270,0,0.0000,0.0000,5,1.0000,1.0000,0,0.0000,0.0000,0,0.0000,0.0000,0,0.0000,0.0000,0,0.0000,0.0000,0,0.0000,0.0000,0,0.0000,0.0000,0,0.0000,0.0000,0,0.0000,0.0000,0,0.0000,0.0000,0,0.0000,0.0000,0,0.0000,0.0000,0,0.0000,0.0000,0,0.0000,0.0000,0,0.0000,0.0000,0,0.0000,0.0000,0,0.0000,0.0000,0,0.0000,0.0000,0,0.0000,0.0000,0,0.0000,0.0000,0,0.0000,0.0000,0,0.0000,0.0000,0,0.0000,0.0000,0,0.0000,0.0000,0,0.0000,0.0000,0,0.0000,0.0000,0,0.0000,0.0000,0,0.0000,0.0000,0,0.0000,0.0000,0,0.0000,0.0000,0,0.0000,0.0000,0,0.0000,0.0000,0,0.0000,0.0000,0,0.0000,0.0000,0,0.0000,0.0000,0,0.0000,0.0000
271,0.000615,3,0.0270,0.0270,0,0.0000,0.0000,0,0.0000,0.0000,0,0.0000,0.0000,0,0.0000,0.0000,2,0.6667,0.6667,0,0.0000,0.0000,0,0.0000,0.0000,0,0.0000,0.0000,0,0.0000,0.0000,0,0.0000,0.0000,0,0.0000,0.0000,0,0.0000,0.0000,0,0.0000,0.0000,0,0.0000,0.0000,0,0.0000,0.0000,0,0.0000,0.0000,0,0.0000,0.0000,0,0.0000,0.0000,0,0.0000,0.0000,0,0.0000,0.0000,0,0.0000,0.0000,0,0.0000,0.0000,0,0.0000,0.0000,0,0.0000,0.0000,0,0.0000,0.0000,0,0.0000,0.0000,0,0.0000,0.0000,0,0.0000,0.0000,1,0.3333,0.3333,0,0.0000,0.0000,0,0.0000,0.0000,0,0.0000,0.0000,0,0.0000,0.0000,0,0.0000,0.0000,0,0.0000,0.0000,0,0.0000,0.0000,0,0.0000,0.0000
184,0.000610,3,0.0270,0.0270,0,0.0000,0.0000,0,0.0000,0.0000,0,0.0000,0.0000,0,0.0000,0.0000,2,0.6667,0.6667,0,0.0000,0.0000,0,0.0000,0.0000,0,0.0000,0.0000,0,0.0000,0.0000,0,0.0000,0.0000,0,0.0000,0.0000,0,0.0000,0.0000,0,0.0000,0.0000,0,0.0000,0.0000,0,0.0000,0.0000,0,0.0000,0.0000,0,0.0000,0.0000,0,0.0000,0.0000,0,0.0000,0.0000,0,0.0000,0.0000,0,0.0000,0.0000,0,0.0000,0.0000,0,0.0000,0.0000,0,0.0000,0.0000,1,0.3333,0.3333,0,0.0000,0.0000,0,0.0000,0.0000,0,0.0000,0.0000,0,0.0000,0.0000,0,0.0000,0.0000,0,0.0000,0.0000,0,0.0000,0.0000,0,0.0000,0.0000,0,0.0000,0.0000,0,0.0000,0.0000,0,0.0000,0.0000,0,0.0000,0.0000
327,0.000610,6,0.0270,0.0270,0,0.0000,0.0000,0,0.0000,0.0000,0,0.0000,0.0000,0,0.0000,0.0000,0,0.0000,0.0000,0,0.0000,0.0000,0,0.0000,0.0000,0,0.0000,0.0000,1,0.1667,0.1667,0,0.0000,0.0000,0,0.0000,0.0000,0,0.0000,0.0000,0,0.0000,0.0000,0,0.0000,0.0000,3,0.5000,0.5000,0,0.0000,0.0000,0,0.0000,0.0000,0,0.0000,0.0000,0,0.0000,0.0000,0,0.0000,0.0000,0,0.0000,0.0000,0,0.0000,0.0000,0,0.0000,0.0000,0,0.0000,0.0000,0,0.0000,0.0000,2,0.3333,0.3333,0,0.0000,0.0000,0,0.0000,0.0000,0,0.0000,0.0000,0,0.0000,0.0000,0,0.0000,0.0000,0,0.0000,0.0000,0,0.0000,0.0000,0,0.0000,0.0000,0,0.0000,0.0000,0,0.0000,0.0000,0,0.0000,0.0000
388,0.000610,4,0.0270,0.0270,0,0.0000,0.0000,0,0.0000,0.0000,0,0.0000,0.0000,0,0.0000,0.0000,0,0.0000,0.0000,0,0.0000,0.0000,0,0.0000,0.0000,0,0.0000,0.0000,0,0.0000,0.0000,0,0.0000,0.0000,0,0.0000,0.0000,0,0.0000,0.0000,0,0.0000,0.0000,0,0.0000,0.0000,0,0.0000,0.0000,0,0.0000,0.0000,0,0.0000,0.0000,0,0.0000,0.0000,0,0.0000,0.0000,0,0.0000,0.0000,0,0.0000,0.0000,0,0.0000,0.0000,0,0.0000,0.0000,0,0.0000,0.0000,0,0.0000,0.0000,0,0.0000,0.0000,4,1.0000,1.0000,0,0.0000,0.0000,0,0.0000,0.0000,0,0.0000,0.0000,0,0.0000,0.0000,0,0.0000,0.0000,0,0.0000,0.0000,0,0.0000,0.0000,0,0.0000,0.0000,0,0.0000,0.0000,0,0.0000,0.0000
231,0.000605,3,0.0270,0.0270,0,0.0000,0.0000,0,0.0000,0.0000,0,0.0000,0.0000,0,0.0000,0.0000,2,0.6667,0.6667,0,0.0000,0.0000,0,0.0000,0.0000,0,0.0000,0.0000,0,0.0000,0.0000,0,0.0000,0.0000,0,0.0000,0.0000,0,0.0000,0.0000,0,0.0000,0.0000,0,0.0000,0.0000,0,0.0000,0.0000,0,0.0000,0.0000,0,0.0000,0.0000,0,0.0000,0.0000,0,0.0000,0.0000,0,0.0000,0.0000,0,0.0000,0.0000,0,0.0000,0.0000,0,0.0000,0.0000,0,0.0000,0.0000,0,0.0000,0.0000,0,0.0000,0.0000,0,0.0000,0.0000,0,0.0000,0.0000,1,0.3333,0.3333,0,0.0000,0.0000,0,0.0000,0.0000,0,0.0000,0.0000,0,0.0000,0.0000,0,0.0000,0.0000,0,0.0000,0.0000,0,0.0000,0.0000,0,0.0000,0.0000
46,0.000600,5,0.0270,0.0270,0,0.0000,0.0000,3,0.6000,0.6000,0,0.0000,0.0000,0,0.0000,0.0000,1,0.2000,0.2000,0,0.0000,0.0000,0,0.0000,0.0000,0,0.0000,0.0000,0,0.0000,0.0000,0,0.0000,0.0000,0,0.0000,0.0000,0,0.0000,0.0000,0,0.0000,0.0000,0,0.0000,0.0000,0,0.0000,0.0000,0,0.0000,0.0000,0,0.0000,0.0000,0,0.0000,0.0000,0,0.0000,0.0000,0,0.0000,0.0000,0,0.0000,0.0000,0,0.0000,0.0000,0,0.0000,0.0000,1,0.2000,0.2000,0,0.0000,0.0000,0,0.0000,0.0000,0,0.0000,0.0000,0,0.0000,0.0000,0,0.0000,0.0000,0,0.0000,0.0000,0,0.0000,0.0000,0,0.0000,0.0000,0,0.0000,0.0000,0,0.0000,0.0000,0,0.0000,0.0000,0,0.0000,0.0000,0,0.0000,0.0000
152,0.000600,5,0.0270,0.0270,0,0.0000,0.0000,0,0.0000,0.0000,0,0.0000,0.0000,0,0.0000,0.0000,0,0.0000,0.0000,0,0.0000,0.0000,0,0.0000,0.0000,0,0.0000,0.0000,0,0.0000,0.0000,0,0.0000,0.0000,0,0.0000,0.0000,0,0.0000,0.0000,0,0.0000,0.0000,0,0.0000,0.0000,0,0.0000,0.0000,0,0.0000,0.0000,0,0.0000,0.0000,0,0.0000,0.0000,0,0.0000,0.0000,0,0.0000,0.0000,0,0.0000,0.0000,0,0.0000,0.0000,0,0.0000,0.0000,0,0.0000,0.0000,0,0.0000,0.0000,0,0.0000,0.0000,0,0.0000,0.0000,0,0.0000,0.0000,0,0.0000,0.0000,0,0.0000,0.0000,0,0.0000,0.0000,0,0.0000,0.0000,0,0.0000,0.0000,0,0.0000,0.0000,5,1.0000,1.0000,0,0.0000,0.0000,0,0.0000,0.0000
270,0.000600,6,0.0405,0.0135,0,0.0000,0.0000,0,0.0000,0.0000,2,0.5000,0.0000,0,0.0000,0.0000,0,0.0000,0.0000,0,0.0000,0.0000,0,0.0000,0.0000,0,0.0000,0.0000,0,0.0000,0.0000,0,0.0000,0.0000,0,0.0000,0.0000,0,0.0000,0.0000,0,0.0000,0.0000,1,0.2500,0.2500,0,0.0000,0.0000,0,0.0000,0.0000,3,0.7500,0.2500,0,0.0000,0.0000,0,0.0000,0.0000,0,0.0000,0.0000,0,0.0000,0.0000,0,0.0000,0.0000,0,0.0000,0.0000,0,0.0000,0.0000,0,0.0000,0.0000,0,0.0000,0.0000,0,0.0000,0.0000,0,0.0000,0.0000,0,0.0000,0.0000,0,0.0000,0.0000,0,0.0000,0.0000,0,0.0000,0.0000,0,0.0000,0.0000,0,0.0000,0.0000,0,0.0000,0.0000,0,0.0000,0.0000,0,0.0000,0.0000
279,0.000600,6,0.0270,0.0270,0,0.0000,0.0000,3,0.5000,0.5000,0,0.0000,0.0000,0,0.0000,0.0000,0,0.0000,0.0000,0,0.0000,0.0000,0,0.0000,0.0000,1,0.1667,0.1667,0,0.0000,0.0000,0,0.0000,0.0000,0,0.0000,0.0000,0,0.0000,0.0000,0,0.0000,0.0000,0,0.0000,0.0000,0,0.0000,0.0000,0,0.0000,0.0000,0,0.0000,0.0000,0,0.0000,0.0000,0,0.0000,0.0000,0,0.0000,0.0000,0,0.0000,0.0000,0,0.0000,0.0000,0,0.0000,0.0000,0,0.0000,0.0000,0,0.0000,0.0000,2,0.3333,0.3333,0,0.0000,0.0000,0,0.0000,0.0000,0,0.0000,0.0000,0,0.0000,0.0000,0,0.0000,0.0000,0,0.0000,0.0000,0,0.0000,0.0000,0,0.0000,0.0000,0,0.0000,0.0000,0,0.0000,0.0000,0,0.0000,0.0000
274,0.000590,8,0.0360,0.0180,0,0.0000,0.0000,3,0.5000,0.1667,0,0.0000,0.0000,0,0.0000,0.0000,0,0.0000,0.0000,1,0.1667,0.1667,0,0.0000,0.0000,0,0.0000,0.0000,0,0.0000,0.0000,0,0.0000,0.0000,0,0.0000,0.0000,1,0.1667,0.0000,0,0.0000,0.0000,0,0.0000,0.0000,0,0.0000,0.0000,0,0.0000,0.0000,0,0.0000,0.0000,0,0.0000,0.0000,0,0.0000,0.0000,0,0.0000,0.0000,1,0.1667,0.0000,0,0.0000,0.0000,0,0.0000,0.0000,0,0.0000,0.0000,0,0.0000,0.0000,0,0.0000,0.0000,2,0.3333,0.3333,0,0.0000,0.0000,0,0.0000,0.0000,0,0.0000,0.0000,0,0.0000,0.0000,0,0.0000,0.0000,0,0.0000,0.0000,0,0.0000,0.0000,0,0.0000,0.0000,0,0.0000,0.0000,0,0.0000,0.0000
355,0.000590,6,0.0270,0.0270,0,0.0000,0.0000,6,1.0000,1.0000,0,0.0000,0.0000,0,0.0000,0.0000,0,0.0000,0.0000,0,0.0000,0.0000,0,0.0000,0.0000,0,0.0000,0.0000,0,0.0000,0.0000,0,0.0000,0.0000,0,0.0000,0.0000,0,0.0000,0.0000,0,0.0000,0.0000,0,0.0000,0.0000,0,0.0000,0.0000,0,0.0000,0.0000,0,0.0000,0.0000,0,0.0000,0.0000,0,0.0000,0.0000,0,0.0000,0.0000,0,0.0000,0.0000,0,0.0000,0.0000,0,0.0000,0.0000,0,0.0000,0.0000,0,0.0000,0.0000,0,0.0000,0.0000,0,0.0000,0.0000,0,0.0000,0.0000,0,0.0000,0.0000,0,0.0000,0.0000,0,0.0000,0.0000,0,0.0000,0.0000,0,0.0000,0.0000,0,0.0000,0.0000,0,0.0000,0.0000,0,0.0000,0.0000,0,0.0000,0.0000
310,0.000585,5,0.0338,0.0203,0,0.0000,0.0000,0,0.0000,0.0000,0,0.0000,0.0000,0,0.0000,0.0000,0,0.0000,0.0000,0,0.0000,0.0000,0,0.0000,0.0000,4,1.0000,0.7500,0,0.0000,0.0000,0,0.0000,0.0000,0,0.0000,0.0000,0,0.0000,0.0000,1,0.2500,0.0000,0,0.0000,0.0000,0,0.0000,0.0000,0,0.0000,0.0000,0,0.0000,0.0000,0,0.0000,0.0000,0,0.0000,0.0000,0,0.0000,0.0000,0,0.0000,0.0000,0,0.0000,0.0000,0,0.0000,0.0000,0,0.0000,0.0000,0,0.0000,0.0000,0,0.0000,0.0000,0,0.0000,0.0000,0,0.0000,0.0000,0,0.0000,0.0000,0,0.0000,0.0000,0,0.0000,0.0000,0,0.0000,0.0000,0,0.0000,0.0000,0,0.0000,0.0000,0,0.0000,0.0000,0,0.0000,0.0000,0,0.0000,0.0000
349,0.000585,3,0.0270,0.0270,0,0.0000,0.0000,0,0.0000,0.0000,1,0.3333,0.3333,1,0.3333,0.3333,0,0.0000,0.0000,0,0.0000,0.0000,0,0.0000,0.0000,0,0.0000,0.0000,0,0.0000,0.0000,0,0.0000,0.0000,0,0.0000,0.0000,0,0.0000,0.0000,0,0.0000,0.0000,0,0.0000,0.0000,0,0.0000,0.0000,0,0.0000,0.0000,0,0.0000,0.0000,0,0.0000,0.0000,0,0.0000,0.0000,0,0.0000,0.0000,0,0.0000,0.0000,0,0.0000,0.0000,0,0.0000,0.0000,0,0.0000,0.0000,0,0.0000,0.0000,1,0.3333,0.3333,0,0.0000,0.0000,0,0.0000,0.0000,0,0.0000,0.0000,0,0.0000,0.0000,0,0.0000,0.0000,0,0.0000,0.0000,0,0.0000,0.0000,0,0.0000,0.0000,0,0.0000,0.0000,0,0.0000,0.0000,0,0.0000,0.0000
291,0.000580,3,0.0270,0.0270,0,0.0000,0.0000,0,0.0000,0.0000,0,0.0000,0.0000,0,0.0000,0.0000,0,0.0000,0.0000,0,0.0000,0.0000,0,0.0000,0.0000,0,0.0000,0.0000,0,0.0000,0.0000,0,0.0000,0.0000,0,0.0000,0.0000,0,0.0000,0.0000,0,0.0000,0.0000,0,0.0000,0.0000,0,0.0000,0.0000,0,0.0000,0.0000,0,0.0000,0.0000,0,0.0000,0.0000,0,0.0000,0.0000,0,0.0000,0.0000,0,0.0000,0.0000,0,0.0000,0.0000,0,0.0000,0.0000,0,0.0000,0.0000,0,0.0000,0.0000,0,0.0000,0.0000,0,0.0000,0.0000,0,0.0000,0.0000,0,0.0000,0.0000,0,0.0000,0.0000,0,0.0000,0.0000,0,0.0000,0.0000,0,0.0000,0.0000,0,0.0000,0.0000,3,1.0000,1.0000,0,0.0000,0.0000,0,0.0000,0.0000
268,0.000575,3,0.0270,0.0270,0,0.0000,0.0000,0,0.0000,0.0000,0,0.0000,0.0000,0,0.0000,0.0000,0,0.0000,0.0000,0,0.0000,0.0000,0,0.0000,0.0000,0,0.0000,0.0000,0,0.0000,0.0000,0,0.0000,0.0000,0,0.0000,0.0000,0,0.0000,0.0000,0,0.0000,0.0000,0,0.0000,0.0000,0,0.0000,0.0000,0,0.0000,0.0000,0,0.0000,0.0000,0,0.0000,0.0000,0,0.0000,0.0000,0,0.0000,0.0000,0,0.0000,0.0000,0,0.0000,0.0000,0,0.0000,0.0000,0,0.0000,0.0000,0,0.0000,0.0000,0,0.0000,0.0000,0,0.0000,0.0000,0,0.0000,0.0000,0,0.0000,0.0000,0,0.0000,0.0000,0,0.0000,0.0000,0,0.0000,0.0000,0,0.0000,0.0000,0,0.0000,0.0000,3,1.0000,1.0000,0,0.0000,0.0000,0,0.0000,0.0000
439,0.000575,4,0.0270,0.0270,0,0.0000,0.0000,0,0.0000,0.0000,0,0.0000,0.0000,0,0.0000,0.0000,0,0.0000,0.0000,0,0.0000,0.0000,0,0.0000,0.0000,0,0.0000,0.0000,0,0.0000,0.0000,0,0.0000,0.0000,0,0.0000,0.0000,0,0.0000,0.0000,0,0.0000,0.0000,0,0.0000,0.0000,0,0.0000,0.0000,0,0.0000,0.0000,0,0.0000,0.0000,0,0.0000,0.0000,0,0.0000,0.0000,0,0.0000,0.0000,0,0.0000,0.0000,0,0.0000,0.0000,0,0.0000,0.0000,0,0.0000,0.0000,0,0.0000,0.0000,4,1.0000,1.0000,0,0.0000,0.0000,0,0.0000,0.0000,0,0.0000,0.0000,0,0.0000,0.0000,0,0.0000,0.0000,0,0.0000,0.0000,0,0.0000,0.0000,0,0.0000,0.0000,0,0.0000,0.0000,0,0.0000,0.0000,0,0.0000,0.0000
73,0.000570,4,0.0360,0.0180,0,0.0000,0.0000,0,0.0000,0.0000,0,0.0000,0.0000,0,0.0000,0.0000,2,0.6667,0.6667,0,0.0000,0.0000,0,0.0000,0.0000,0,0.0000,0.0000,0,0.0000,0.0000,0,0.0000,0.0000,0,0.0000,0.0000,0,0.0000,0.0000,0,0.0000,0.0000,0,0.0000,0.0000,0,0.0000,0.0000,0,0.0000,0.0000,0,0.0000,0.0000,0,0.0000,0.0000,0,0.0000,0.0000,0,0.0000,0.0000,0,0.0000,0.0000,0,0.0000,0.0000,0,0.0000,0.0000,0,0.0000,0.0000,1,0.3333,0.0000,0,0.0000,0.0000,0,0.0000,0.0000,0,0.0000,0.0000,1,0.3333,0.0000,0,0.0000,0.0000,0,0.0000,0.0000,0,0.0000,0.0000,0,0.0000,0.0000,0,0.0000,0.0000,0,0.0000,0.0000,0,0.0000,0.0000,0,0.0000,0.0000
348,0.000565,4,0.0270,0.0270,0,0.0000,0.0000,3,0.7500,0.7500,0,0.0000,0.0000,0,0.0000,0.0000,0,0.0000,0.0000,0,0.0000,0.0000,0,0.0000,0.0000,0,0.0000,0.0000,0,0.0000,0.0000,0,0.0000,0.0000,0,0.0000,0.0000,0,0.0000,0.0000,0,0.0000,0.0000,0,0.0000,0.0000,0,0.0000,0.0000,0,0.0000,0.0000,0,0.0000,0.0000,0,0.0000,0.0000,0,0.0000,0.0000,1,0.2500,0.2500,0,0.0000,0.0000,0,0.0000,0.0000,0,0.0000,0.0000,0,0.0000,0.0000,0,0.0000,0.0000,0,0.0000,0.0000,0,0.0000,0.0000,0,0.0000,0.0000,0,0.0000,0.0000,0,0.0000,0.0000,0,0.0000,0.0000,0,0.0000,0.0000,0,0.0000,0.0000,0,0.0000,0.0000,0,0.0000,0.0000,0,0.0000,0.0000,0,0.0000,0.0000
189,0.000560,5,0.0338,0.0203,0,0.0000,0.0000,0,0.0000,0.0000,0,0.0000,0.0000,0,0.0000,0.0000,0,0.0000,0.0000,0,0.0000,0.0000,0,0.0000,0.0000,1,0.2500,0.0000,0,0.0000,0.0000,0,0.0000,0.0000,0,0.0000,0.0000,0,0.0000,0.0000,1,0.2500,0.0000,0,0.0000,0.0000,0,0.0000,0.0000,0,0.0000,0.0000,0,0.0000,0.0000,0,0.0000,0.0000,0,0.0000,0.0000,0,0.0000,0.0000,0,0.0000,0.0000,0,0.0000,0.0000,0,0.0000,0.0000,0,0.0000,0.0000,0,0.0000,0.0000,0,0.0000,0.0000,0,0.0000,0.0000,0,0.0000,0.0000,0,0.0000,0.0000,0,0.0000,0.0000,0,0.0000,0.0000,0,0.0000,0.0000,0,0.0000,0.0000,0,0.0000,0.0000,3,0.7500,0.7500,0,0.0000,0.0000,0,0.0000,0.0000
276,0.000560,3,0.0270,0.0270,0,0.0000,0.0000,2,0.6667,0.6667,0,0.0000,0.0000,0,0.0000,0.0000,0,0.0000,0.0000,0,0.0000,0.0000,0,0.0000,0.0000,0,0.0000,0.0000,0,0.0000,0.0000,0,0.0000,0.0000,0,0.0000,0.0000,0,0.0000,0.0000,0,0.0000,0.0000,0,0.0000,0.0000,0,0.0000,0.0000,0,0.0000,0.0000,0,0.0000,0.0000,0,0.0000,0.0000,0,0.0000,0.0000,0,0.0000,0.0000,0,0.0000,0.0000,0,0.0000,0.0000,0,0.0000,0.0000,0,0.0000,0.0000,0,0.0000,0.0000,0,0.0000,0.0000,0,0.0000,0.0000,0,0.0000,0.0000,0,0.0000,0.0000,0,0.0000,0.0000,0,0.0000,0.0000,0,0.0000,0.0000,0,0.0000,0.0000,1,0.3333,0.3333,0,0.0000,0.0000,0,0.0000,0.0000,0,0.0000,0.0000
387,0.000555,5,0.0270,0.0270,0,0.0000,0.0000,0,0.0000,0.0000,0,0.0000,0.0000,0,0.0000,0.0000,0,0.0000,0.0000,0,0.0000,0.0000,2,0.4000,0.4000,0,0.0000,0.0000,0,0.0000,0.0000,0,0.0000,0.0000,0,0.0000,0.0000,0,0.0000,0.0000,0,0.0000,0.0000,0,0.0000,0.0000,0,0.0000,0.0000,0,0.0000,0.0000,0,0.0000,0.0000,0,0.0000,0.0000,0,0.0000,0.0000,0,0.0000,0.0000,0,0.0000,0.0000,0,0.0000,0.0000,0,0.0000,0.0000,0,0.0000,0.0000,0,0.0000,0.0000,3,0.6000,0.6000,0,0.0000,0.0000,0,0.0000,0.0000,0,0.0000,0.0000,0,0.0000,0.0000,0,0.0000,0.0000,0,0.0000,0.0000,0,0.0000,0.0000,0,0.0000,0.0000,0,0.0000,0.0000,0,0.0000,0.0000,0,0.0000,0.0000
166,0.000550,4,0.0270,0.0270,0,0.0000,0.0000,0,0.0000,0.0000,0,0.0000,0.0000,0,0.0000,0.0000,0,0.0000,0.0000,0,0.0000,0.0000,0,0.0000,0.0000,0,0.0000,0.0000,0,0.0000,0.0000,0,0.0000,0.0000,0,0.0000,0.0000,0,0.0000,0.0000,0,0.0000,0.0000,0,0.0000,0.0000,0,0.0000,0.0000,0,0.0000,0.0000,0,0.0000,0.0000,0,0.0000,0.0000,0,0.0000,0.0000,0,0.0000,0.0000,0,0.0000,0.0000,0,0.0000,0.0000,0,0.0000,0.0000,0,0.0000,0.0000,0,0.0000,0.0000,0,0.0000,0.0000,0,0.0000,0.0000,0,0.0000,0.0000,0,0.0000,0.0000,0,0.0000,0.0000,0,0.0000,0.0000,0,0.0000,0.0000,0,0.0000,0.0000,0,0.0000,0.0000,4,1.0000,1.0000,0,0.0000,0.0000,0,0.0000,0.0000
188,0.000550,4,0.0270,0.0270,0,0.0000,0.0000,0,0.0000,0.0000,0,0.0000,0.0000,0,0.0000,0.0000,0,0.0000,0.0000,0,0.0000,0.0000,0,0.0000,0.0000,0,0.0000,0.0000,0,0.0000,0.0000,0,0.0000,0.0000,0,0.0000,0.0000,0,0.0000,0.0000,0,0.0000,0.0000,0,0.0000,0.0000,0,0.0000,0.0000,0,0.0000,0.0000,0,0.0000,0.0000,0,0.0000,0.0000,0,0.0000,0.0000,0,0.0000,0.0000,0,0.0000,0.0000,0,0.0000,0.0000,0,0.0000,0.0000,0,0.0000,0.0000,0,0.0000,0.0000,0,0.0000,0.0000,0,0.0000,0.0000,0,0.0000,0.0000,0,0.0000,0.0000,0,0.0000,0.0000,0,0.0000,0.0000,0,0.0000,0.0000,0,0.0000,0.0000,0,0.0000,0.0000,4,1.0000,1.0000,0,0.0000,0.0000,0,0.0000,0.0000
306,0.000550,5,0.0270,0.0270,0,0.0000,0.0000,2,0.4000,0.4000,1,0.2000,0.2000,0,0.0000,0.0000,0,0.0000,0.0000,0,0.0000,0.0000,0,0.0000,0.0000,0,0.0000,0.0000,0,0.0000,0.0000,0,0.0000,0.0000,0,0.0000,0.0000,0,0.0000,0.0000,0,0.0000,0.0000,0,0.0000,0.0000,0,0.0000,0.0000,0,0.0000,0.0000,0,0.0000,0.0000,0,0.0000,0.0000,0,0.0000,0.0000,0,0.0000,0.0000,0,0.0000,0.0000,0,0.0000,0.0000,0,0.0000,0.0000,0,0.0000,0.0000,0,0.0000,0.0000,1,0.2000,0.2000,1,0.2000,0.2000,0,0.0000,0.0000,0,0.0000,0.0000,0,0.0000,0.0000,0,0.0000,0.0000,0,0.0000,0.0000,0,0.0000,0.0000,0,0.0000,0.0000,0,0.0000,0.0000,0,0.0000,0.0000,0,0.0000,0.0000
272,0.000535,4,0.0360,0.0180,0,0.0000,0.0000,0,0.0000,0.0000,0,0.0000,0.0000,0,0.0000,0.0000,0,0.0000,0.0000,0,0.0000,0.0000,0,0.0000,0.0000,1,0.3333,0.0000,0,0.0000,0.0000,0,0.0000,0.0000,0,0.0000,0.0000,0,0.0000,0.0000,1,0.3333,0.0000,0,0.0000,0.0000,0,0.0000,0.0000,0,0.0000,0.0000,0,0.0000,0.0000,0,0.0000,0.0000,0,0.0000,0.0000,0,0.0000,0.0000,0,0.0000,0.0000,0,0.0000,0.0000,0,0.0000,0.0000,0,0.0000,0.0000,0,0.0000,0.0000,0,0.0000,0.0000,0,0.0000,0.0000,0,0.0000,0.0000,1,0.3333,0.3333,0,0.0000,0.0000,0,0.0000,0.0000,0,0.0000,0.0000,0,0.0000,0.0000,1,0.3333,0.3333,0,0.0000,0.0000,0,0.0000,0.0000,0,0.0000,0.0000
228,0.000525,4,0.0270,0.0270,0,0.0000,0.0000,0,0.0000,0.0000,1,0.2500,0.2500,0,0.0000,0.0000,0,0.0000,0.0000,0,0.0000,0.0000,0,0.0000,0.0000,0,0.0000,0.0000,0,0.0000,0.0000,0,0.0000,0.0000,0,0.0000,0.0000,0,0.0000,0.0000,0,0.0000,0.0000,1,0.2500,0.2500,0,0.0000,0.0000,0,0.0000,0.0000,0,0.0000,0.0000,0,0.0000,0.0000,0,0.0000,0.0000,0,0.0000,0.0000,0,0.0000,0.0000,0,0.0000,0.0000,0,0.0000,0.0000,0,0.0000,0.0000,0,0.0000,0.0000,2,0.5000,0.5000,0,0.0000,0.0000,0,0.0000,0.0000,0,0.0000,0.0000,0,0.0000,0.0000,0,0.0000,0.0000,0,0.0000,0.0000,0,0.0000,0.0000,0,0.0000,0.0000,0,0.0000,0.0000,0,0.0000,0.0000,0,0.0000,0.0000
441,0.000525,1,0.0270,0.0270,0,0.0000,0.0000,0,0.0000,0.0000,0,0.0000,0.0000,0,0.0000,0.0000,0,0.0000,0.0000,0,0.0000,0.0000,0,0.0000,0.0000,0,0.0000,0.0000,0,0.0000,0.0000,0,0.0000,0.0000,0,0.0000,0.0000,0,0.0000,0.0000,0,0.0000,0.0000,0,0.0000,0.0000,0,0.0000,0.0000,0,0.0000,0.0000,0,0.0000,0.0000,0,0.0000,0.0000,0,0.0000,0.0000,0,0.0000,0.0000,0,0.0000,0.0000,0,0.0000,0.0000,0,0.0000,0.0000,0,0.0000,0.0000,0,0.0000,0.0000,1,1.0000,1.0000,0,0.0000,0.0000,0,0.0000,0.0000,0,0.0000,0.0000,0,0.0000,0.0000,0,0.0000,0.0000,0,0.0000,0.0000,0,0.0000,0.0000,0,0.0000,0.0000,0,0.0000,0.0000,0,0.0000,0.0000,0,0.0000,0.0000
187,0.000520,4,0.0360,0.0180,0,0.0000,0.0000,1,0.3333,0.3333,0,0.0000,0.0000,0,0.0000,0.0000,0,0.0000,0.0000,0,0.0000,0.0000,0,0.0000,0.0000,1,0.3333,0.0000,0,0.0000,0.0000,0,0.0000,0.0000,0,0.0000,0.0000,0,0.0000,0.0000,1,0.3333,0.0000,0,0.0000,0.0000,0,0.0000,0.0000,0,0.0000,0.0000,0,0.0000,0.0000,0,0.0000,0.0000,0,0.0000,0.0000,0,0.0000,0.0000,0,0.0000,0.0000,0,0.0000,0.0000,0,0.0000,0.0000,0,0.0000,0.0000,0,0.0000,0.0000,0,0.0000,0.0000,0,0.0000,0.0000,0,0.0000,0.0000,0,0.0000,0.0000,0,0.0000,0.0000,0,0.0000,0.0000,0,0.0000,0.0000,0,0.0000,0.0000,0,0.0000,0.0000,1,0.3333,0.3333,0,0.0000,0.0000,0,0.0000,0.0000
227,0.000520,5,0.0270,0.0270,1,0.2000,0.2000,0,0.0000,0.0000,1,0.2000,0.2000,0,0.0000,0.0000,0,0.0000,0.0000,0,0.0000,0.0000,0,0.0000,0.0000,0,0.0000,0.0000,0,0.0000,0.0000,0,0.0000,0.0000,0,0.0000,0.0000,0,0.0000,0.0000,0,0.0000,0.0000,1,0.2000,0.2000,0,0.0000,0.0000,0,0.0000,0.0000,0,0.0000,0.0000,0,0.0000,0.0000,0,0.0000,0.0000,0,0.0000,0.0000,0,0.0000,0.0000,0,0.0000,0.0000,0,0.0000,0.0000,0,0.0000,0.0000,0,0.0000,0.0000,0,0.0000,0.0000,1,0.2000,0.2000,1,0.2000,0.2000,0,0.0000,0.0000,0,0.0000,0.0000,0,0.0000,0.0000,0,0.0000,0.0000,0,0.0000,0.0000,0,0.0000,0.0000,0,0.0000,0.0000,0,0.0000,0.0000,0,0.0000,0.0000
263,0.000500,4,0.0270,0.0270,1,0.2500,0.2500,0,0.0000,0.0000,0,0.0000,0.0000,0,0.0000,0.0000,1,0.2500,0.2500,0,0.0000,0.0000,0,0.0000,0.0000,0,0.0000,0.0000,0,0.0000,0.0000,0,0.0000,0.0000,0,0.0000,0.0000,0,0.0000,0.0000,0,0.0000,0.0000,1,0.2500,0.2500,0,0.0000,0.0000,0,0.0000,0.0000,0,0.0000,0.0000,0,0.0000,0.0000,0,0.0000,0.0000,0,0.0000,0.0000,0,0.0000,0.0000,0,0.0000,0.0000,0,0.0000,0.0000,0,0.0000,0.0000,0,0.0000,0.0000,0,0.0000,0.0000,0,0.0000,0.0000,0,0.0000,0.0000,0,0.0000,0.0000,0,0.0000,0.0000,0,0.0000,0.0000,0,0.0000,0.0000,1,0.2500,0.2500,0,0.0000,0.0000,0,0.0000,0.0000,0,0.0000,0.0000,0,0.0000,0.0000
91,0.000490,4,0.0270,0.0270,0,0.0000,0.0000,0,0.0000,0.0000,0,0.0000,0.0000,0,0.0000,0.0000,1,0.2500,0.2500,0,0.0000,0.0000,0,0.0000,0.0000,0,0.0000,0.0000,0,0.0000,0.0000,0,0.0000,0.0000,0,0.0000,0.0000,0,0.0000,0.0000,0,0.0000,0.0000,1,0.2500,0.2500,0,0.0000,0.0000,0,0.0000,0.0000,0,0.0000,0.0000,0,0.0000,0.0000,0,0.0000,0.0000,0,0.0000,0.0000,0,0.0000,0.0000,0,0.0000,0.0000,0,0.0000,0.0000,0,0.0000,0.0000,0,0.0000,0.0000,0,0.0000,0.0000,0,0.0000,0.0000,0,0.0000,0.0000,0,0.0000,0.0000,0,0.0000,0.0000,1,0.2500,0.2500,0,0.0000,0.0000,1,0.2500,0.2500,0,0.0000,0.0000,0,0.0000,0.0000,0,0.0000,0.0000,0,0.0000,0.0000
182,0.000480,4,0.0270,0.0270,0,0.0000,0.0000,4,1.0000,1.0000,0,0.0000,0.0000,0,0.0000,0.0000,0,0.0000,0.0000,0,0.0000,0.0000,0,0.0000,0.0000,0,0.0000,0.0000,0,0.0000,0.0000,0,0.0000,0.0000,0,0.0000,0.0000,0,0.0000,0.0000,0,0.0000,0.0000,0,0.0000,0.0000,0,0.0000,0.0000,0,0.0000,0.0000,0,0.0000,0.0000,0,0.0000,0.0000,0,0.0000,0.0000,0,0.0000,0.0000,0,0.0000,0.0000,0,0.0000,0.0000,0,0.0000,0.0000,0,0.0000,0.0000,0,0.0000,0.0000,0,0.0000,0.0000,0,0.0000,0.0000,0,0.0000,0.0000,0,0.0000,0.0000,0,0.0000,0.0000,0,0.0000,0.0000,0,0.0000,0.0000,0,0.0000,0.0000,0,0.0000,0.0000,0,0.0000,0.0000,0,0.0000,0.0000,0,0.0000,0.0000
241,0.000480,4,0.0360,0.0180,0,0.0000,0.0000,0,0.0000,0.0000,0,0.0000,0.0000,0,0.0000,0.0000,0,0.0000,0.0000,0,0.0000,0.0000,0,0.0000,0.0000,1,0.3333,0.0000,0,0.0000,0.0000,0,0.0000,0.0000,0,0.0000,0.0000,0,0.0000,0.0000,1,0.3333,0.0000,0,0.0000,0.0000,0,0.0000,0.0000,0,0.0000,0.0000,0,0.0000,0.0000,0,0.0000,0.0000,0,0.0000,0.0000,0,0.0000,0.0000,0,0.0000,0.0000,0,0.0000,0.0000,0,0.0000,0.0000,0,0.0000,0.0000,0,0.0000,0.0000,0,0.0000,0.0000,0,0.0000,0.0000,0,0.0000,0.0000,0,0.0000,0.0000,0,0.0000,0.0000,0,0.0000,0.0000,0,0.0000,0.0000,0,0.0000,0.0000,0,0.0000,0.0000,2,0.6667,0.6667,0,0.0000,0.0000,0,0.0000,0.0000
301,0.000480,4,0.0270,0.0270,0,0.0000,0.0000,0,0.0000,0.0000,0,0.0000,0.0000,0,0.0000,0.0000,0,0.0000,0.0000,0,0.0000,0.0000,0,0.0000,0.0000,0,0.0000,0.0000,0,0.0000,0.0000,0,0.0000,0.0000,0,0.0000,0.0000,0,0.0000,0.0000,0,0.0000,0.0000,0,0.0000,0.0000,0,0.0000,0.0000,0,0.0000,0.0000,0,0.0000,0.0000,1,0.2500,0.2500,1,0.2500,0.2500,0,0.0000,0.0000,0,0.0000,0.0000,0,0.0000,0.0000,0,0.0000,0.0000,0,0.0000,0.0000,0,0.0000,0.0000,2,0.5000,0.5000,0,0.0000,0.0000,0,0.0000,0.0000,0,0.0000,0.0000,0,0.0000,0.0000,0,0.0000,0.0000,0,0.0000,0.0000,0,0.0000,0.0000,0,0.0000,0.0000,0,0.0000,0.0000,0,0.0000,0.0000,0,0.0000,0.0000
361,0.000465,4,0.0270,0.0270,0,0.0000,0.0000,3,0.7500,0.7500,0,0.0000,0.0000,0,0.0000,0.0000,0,0.0000,0.0000,0,0.0000,0.0000,0,0.0000,0.0000,0,0.0000,0.0000,0,0.0000,0.0000,0,0.0000,0.0000,0,0.0000,0.0000,0,0.0000,0.0000,0,0.0000,0.0000,0,0.0000,0.0000,1,0.2500,0.2500,0,0.0000,0.0000,0,0.0000,0.0000,0,0.0000,0.0000,0,0.0000,0.0000,0,0.0000,0.0000,0,0.0000,0.0000,0,0.0000,0.0000,0,0.0000,0.0000,0,0.0000,0.0000,0,0.0000,0.0000,0,0.0000,0.0000,0,0.0000,0.0000,0,0.0000,0.0000,0,0.0000,0.0000,0,0.0000,0.0000,0,0.0000,0.0000,0,0.0000,0.0000,0,0.0000,0.0000,0,0.0000,0.0000,0,0.0000,0.0000,0,0.0000,0.0000,0,0.0000,0.0000
92,0.000460,6,0.0324,0.0216,0,0.0000,0.0000,0,0.0000,0.0000,0,0.0000,0.0000,0,0.0000,0.0000,0,0.0000,0.0000,2,0.4000,0.4000,0,0.0000,0.0000,0,0.0000,0.0000,0,0.0000,0.0000,0,0.0000,0.0000,0,0.0000,0.0000,0,0.0000,0.0000,0,0.0000,0.0000,1,0.2000,0.2000,0,0.0000,0.0000,0,0.0000,0.0000,0,0.0000,0.0000,0,0.0000,0.0000,0,0.0000,0.0000,0,0.0000,0.0000,0,0.0000,0.0000,0,0.0000,0.0000,0,0.0000,0.0000,0,0.0000,0.0000,0,0.0000,0.0000,0,0.0000,0.0000,0,0.0000,0.0000,0,0.0000,0.0000,0,0.0000,0.0000,1,0.2000,0.0000,0,0.0000,0.0000,0,0.0000,0.0000,0,0.0000,0.0000,0,0.0000,0.0000,0,0.0000,0.0000,0,0.0000,0.0000,2,0.4000,0.2000
196,0.000455,4,0.0270,0.0270,0,0.0000,0.0000,3,0.7500,0.7500,0,0.0000,0.0000,0,0.0000,0.0000,0,0.0000,0.0000,0,0.0000,0.0000,0,0.0000,0.0000,0,0.0000,0.0000,0,0.0000,0.0000,0,0.0000,0.0000,0,0.0000,0.0000,0,0.0000,0.0000,0,0.0000,0.0000,0,0.0000,0.0000,0,0.0000,0.0000,0,0.0000,0.0000,0,0.0000,0.0000,0,0.0000,0.0000,0,0.0000,0.0000,0,0.0000,0.0000,0,0.0000,0.0000,0,0.0000,0.0000,0,0.0000,0.0000,0,0.0000,0.0000,0,0.0000,0.0000,0,0.0000,0.0000,0,0.0000,0.0000,0,0.0000,0.0000,0,0.0000,0.0000,1,0.2500,0.2500,0,0.0000,0.0000,0,0.0000,0.0000,0,0.0000,0.0000,0,0.0000,0.0000,0,0.0000,0.0000,0,0.0000,0.0000,0,0.0000,0.0000
373,0.000455,2,0.0270,0.0270,0,0.0000,0.0000,0,0.0000,0.0000,0,0.0000,0.0000,0,0.0000,0.0000,2,1.0000,1.0000,0,0.0000,0.0000,0,0.0000,0.0000,0,0.0000,0.0000,0,0.0000,0.0000,0,0.0000,0.0000,0,0.0000,0.0000,0,0.0000,0.0000,0,0.0000,0.0000,0,0.0000,0.0000,0,0.0000,0.0000,0,0.0000,0.0000,0,0.0000,0.0000,0,0.0000,0.0000,0,0.0000,0.0000,0,0.0000,0.0000,0,0.0000,0.0000,0,0.0000,0.0000,0,0.0000,0.0000,0,0.0000,0.0000,0,0.0000,0.0000,0,0.0000,0.0000,0,0.0000,0.0000,0,0.0000,0.0000,0,0.0000,0.0000,0,0.0000,0.0000,0,0.0000,0.0000,0,0.0000,0.0000,0,0.0000,0.0000,0,0.0000,0.0000,0,0.0000,0.0000,0,0.0000,0.0000,0,0.0000,0.0000
395,0.000455,3,0.0270,0.0270,0,0.0000,0.0000,0,0.0000,0.0000,0,0.0000,0.0000,0,0.0000,0.0000,0,0.0000,0.0000,0,0.0000,0.0000,0,0.0000,0.0000,0,0.0000,0.0000,0,0.0000,0.0000,0,0.0000,0.0000,0,0.0000,0.0000,0,0.0000,0.0000,0,0.0000,0.0000,0,0.0000,0.0000,0,0.0000,0.0000,3,1.0000,1.0000,0,0.0000,0.0000,0,0.0000,0.0000,0,0.0000,0.0000,0,0.0000,0.0000,0,0.0000,0.0000,0,0.0000,0.0000,0,0.0000,0.0000,0,0.0000,0.0000,0,0.0000,0.0000,0,0.0000,0.0000,0,0.0000,0.0000,0,0.0000,0.0000,0,0.0000,0.0000,0,0.0000,0.0000,0,0.0000,0.0000,0,0.0000,0.0000,0,0.0000,0.0000,0,0.0000,0.0000,0,0.0000,0.0000,0,0.0000,0.0000,0,0.0000,0.0000
253,0.000440,6,0.0324,0.0216,1,0.2000,0.2000,0,0.0000,0.0000,2,0.4000,0.2000,1,0.2000,0.0000,0,0.0000,0.0000,0,0.0000,0.0000,0,0.0000,0.0000,0,0.0000,0.0000,0,0.0000,0.0000,0,0.0000,0.0000,0,0.0000,0.0000,0,0.0000,0.0000,0,0.0000,0.0000,1,0.2000,0.2000,0,0.0000,0.0000,0,0.0000,0.0000,0,0.0000,0.0000,0,0.0000,0.0000,0,0.0000,0.0000,0,0.0000,0.0000,0,0.0000,0.0000,0,0.0000,0.0000,1,0.2000,0.2000,0,0.0000,0.0000,0,0.0000,0.0000,0,0.0000,0.0000,0,0.0000,0.0000,0,0.0000,0.0000,0,0.0000,0.0000,0,0.0000,0.0000,0,0.0000,0.0000,0,0.0000,0.0000,0,0.0000,0.0000,0,0.0000,0.0000,0,0.0000,0.0000,0,0.0000,0.0000,0,0.0000,0.0000
351,0.000440,6,0.0324,0.0216,0,0.0000,0.0000,0,0.0000,0.0000,1,0.2000,0.2000,0,0.0000,0.0000,0,0.0000,0.0000,3,0.6000,0.6000,0,0.0000,0.0000,0,0.0000,0.0000,0,0.0000,0.0000,0,0.0000,0.0000,0,0.0000,0.0000,0,0.0000,0.0000,0,0.0000,0.0000,0,0.0000,0.0000,0,0.0000,0.0000,0,0.0000,0.0000,0,0.0000,0.0000,0,0.0000,0.0000,0,0.0000,0.0000,0,0.0000,0.0000,0,0.0000,0.0000,0,0.0000,0.0000,0,0.0000,0.0000,0,0.0000,0.0000,0,0.0000,0.0000,0,0.0000,0.0000,0,0.0000,0.0000,0,0.0000,0.0000,0,0.0000,0.0000,1,0.2000,0.0000,0,0.0000,0.0000,0,0.0000,0.0000,0,0.0000,0.0000,0,0.0000,0.0000,0,0.0000,0.0000,0,0.0000,0.0000,1,0.2000,0.0000
143,0.000435,2,0.0270,0.0270,0,0.0000,0.0000,0,0.0000,0.0000,0,0.0000,0.0000,0,0.0000,0.0000,0,0.0000,0.0000,0,0.0000,0.0000,0,0.0000,0.0000,0,0.0000,0.0000,0,0.0000,0.0000,0,0.0000,0.0000,0,0.0000,0.0000,0,0.0000,0.0000,0,0.0000,0.0000,0,0.0000,0.0000,0,0.0000,0.0000,0,0.0000,0.0000,0,0.0000,0.0000,0,0.0000,0.0000,1,0.5000,0.5000,0,0.0000,0.0000,0,0.0000,0.0000,0,0.0000,0.0000,0,0.0000,0.0000,0,0.0000,0.0000,0,0.0000,0.0000,0,0.0000,0.0000,0,0.0000,0.0000,0,0.0000,0.0000,0,0.0000,0.0000,0,0.0000,0.0000,0,0.0000,0.0000,0,0.0000,0.0000,0,0.0000,0.0000,1,0.5000,0.5000,0,0.0000,0.0000,0,0.0000,0.0000,0,0.0000,0.0000
303,0.000435,3,0.0270,0.0270,2,0.6667,0.6667,0,0.0000,0.0000,0,0.0000,0.0000,0,0.0000,0.0000,0,0.0000,0.0000,0,0.0000,0.0000,0,0.0000,0.0000,0,0.0000,0.0000,0,0.0000,0.0000,0,0.0000,0.0000,0,0.0000,0.0000,0,0.0000,0.0000,0,0.0000,0.0000,0,0.0000,0.0000,0,0.0000,0.0000,0,0.0000,0.0000,0,0.0000,0.0000,0,0.0000,0.0000,0,0.0000,0.0000,0,0.0000,0.0000,0,0.0000,0.0000,0,0.0000,0.0000,0,0.0000,0.0000,0,0.0000,0.0000,0,0.0000,0.0000,0,0.0000,0.0000,0,0.0000,0.0000,0,0.0000,0.0000,0,0.0000,0.0000,0,0.0000,0.0000,1,0.3333,0.3333,0,0.0000,0.0000,0,0.0000,0.0000,0,0.0000,0.0000,0,0.0000,0.0000,0,0.0000,0.0000,0,0.0000,0.0000
116,0.000420,4,0.0270,0.0270,0,0.0000,0.0000,0,0.0000,0.0000,0,0.0000,0.0000,0,0.0000,0.0000,0,0.0000,0.0000,0,0.0000,0.0000,0,0.0000,0.0000,0,0.0000,0.0000,0,0.0000,0.0000,0,0.0000,0.0000,0,0.0000,0.0000,0,0.0000,0.0000,0,0.0000,0.0000,0,0.0000,0.0000,0,0.0000,0.0000,3,0.7500,0.7500,0,0.0000,0.0000,0,0.0000,0.0000,0,0.0000,0.0000,0,0.0000,0.0000,0,0.0000,0.0000,0,0.0000,0.0000,0,0.0000,0.0000,0,0.0000,0.0000,0,0.0000,0.0000,0,0.0000,0.0000,0,0.0000,0.0000,0,0.0000,0.0000,0,0.0000,0.0000,0,0.0000,0.0000,0,0.0000,0.0000,0,0.0000,0.0000,1,0.2500,0.2500,0,0.0000,0.0000,0,0.0000,0.0000,0,0.0000,0.0000,0,0.0000,0.0000
149,0.000420,2,0.0270,0.0270,0,0.0000,0.0000,0,0.0000,0.0000,0,0.0000,0.0000,0,0.0000,0.0000,1,0.5000,0.5000,0,0.0000,0.0000,0,0.0000,0.0000,0,0.0000,0.0000,0,0.0000,0.0000,0,0.0000,0.0000,0,0.0000,0.0000,0,0.0000,0.0000,0,0.0000,0.0000,0,0.0000,0.0000,0,0.0000,0.0000,0,0.0000,0.0000,0,0.0000,0.0000,0,0.0000,0.0000,0,0.0000,0.0000,0,0.0000,0.0000,0,0.0000,0.0000,0,0.0000,0.0000,0,0.0000,0.0000,0,0.0000,0.0000,1,0.5000,0.5000,0,0.0000,0.0000,0,0.0000,0.0000,0,0.0000,0.0000,0,0.0000,0.0000,0,0.0000,0.0000,0,0.0000,0.0000,0,0.0000,0.0000,0,0.0000,0.0000,0,0.0000,0.0000,0,0.0000,0.0000,0,0.0000,0.0000,0,0.0000,0.0000
372,0.000420,4,0.0270,0.0270,0,0.0000,0.0000,0,0.0000,0.0000,0,0.0000,0.0000,0,0.0000,0.0000,0,0.0000,0.0000,0,0.0000,0.0000,0,0.0000,0.0000,0,0.0000,0.0000,0,0.0000,0.0000,0,0.0000,0.0000,0,0.0000,0.0000,0,0.0000,0.0000,0,0.0000,0.0000,0,0.0000,0.0000,0,0.0000,0.0000,0,0.0000,0.0000,0,0.0000,0.0000,0,0.0000,0.0000,0,0.0000,0.0000,0,0.0000,0.0000,0,0.0000,0.0000,0,0.0000,0.0000,0,0.0000,0.0000,0,0.0000,0.0000,0,0.0000,0.0000,0,0.0000,0.0000,0,0.0000,0.0000,0,0.0000,0.0000,0,0.0000,0.0000,0,0.0000,0.0000,0,0.0000,0.0000,0,0.0000,0.0000,0,0.0000,0.0000,0,0.0000,0.0000,4,1.0000,1.0000,0,0.0000,0.0000,0,0.0000,0.0000
286,0.000415,5,0.0270,0.0270,0,0.0000,0.0000,0,0.0000,0.0000,1,0.2000,0.2000,0,0.0000,0.0000,0,0.0000,0.0000,1,0.2000,0.2000,1,0.2000,0.2000,0,0.0000,0.0000,0,0.0000,0.0000,0,0.0000,0.0000,0,0.0000,0.0000,1,0.2000,0.2000,0,0.0000,0.0000,0,0.0000,0.0000,0,0.0000,0.0000,0,0.0000,0.0000,0,0.0000,0.0000,0,0.0000,0.0000,0,0.0000,0.0000,0,0.0000,0.0000,1,0.2000,0.2000,0,0.0000,0.0000,0,0.0000,0.0000,0,0.0000,0.0000,0,0.0000,0.0000,0,0.0000,0.0000,0,0.0000,0.0000,0,0.0000,0.0000,0,0.0000,0.0000,0,0.0000,0.0000,0,0.0000,0.0000,0,0.0000,0.0000,0,0.0000,0.0000,0,0.0000,0.0000,0,0.0000,0.0000,0,0.0000,0.0000,0,0.0000,0.0000
340,0.000415,3,0.0270,0.0270,0,0.0000,0.0000,0,0.0000,0.0000,0,0.0000,0.0000,0,0.0000,0.0000,0,0.0000,0.0000,0,0.0000,0.0000,0,0.0000,0.0000,0,0.0000,0.0000,0,0.0000,0.0000,0,0.0000,0.0000,0,0.0000,0.0000,0,0.0000,0.0000,0,0.0000,0.0000,0,0.0000,0.0000,0,0.0000,0.0000,0,0.0000,0.0000,0,0.0000,0.0000,0,0.0000,0.0000,0,0.0000,0.0000,0,0.0000,0.0000,0,0.0000,0.0000,3,1.0000,1.0000,0,0.0000,0.0000,0,0.0000,0.0000,0,0.0000,0.0000,0,0.0000,0.0000,0,0.0000,0.0000,0,0.0000,0.0000,0,0.0000,0.0000,0,0.0000,0.0000,0,0.0000,0.0000,0,0.0000,0.0000,0,0.0000,0.0000,0,0.0000,0.0000,0,0.0000,0.0000,0,0.0000,0.0000,0,0.0000,0.0000
433,0.000415,4,0.0270,0.0270,0,0.0000,0.0000,4,1.0000,1.0000,0,0.0000,0.0000,0,0.0000,0.0000,0,0.0000,0.0000,0,0.0000,0.0000,0,0.0000,0.0000,0,0.0000,0.0000,0,0.0000,0.0000,0,0.0000,0.0000,0,0.0000,0.0000,0,0.0000,0.0000,0,0.0000,0.0000,0,0.0000,0.0000,0,0.0000,0.0000,0,0.0000,0.0000,0,0.0000,0.0000,0,0.0000,0.0000,0,0.0000,0.0000,0,0.0000,0.0000,0,0.0000,0.0000,0,0.0000,0.0000,0,0.0000,0.0000,0,0.0000,0.0000,0,0.0000,0.0000,0,0.0000,0.0000,0,0.0000,0.0000,0,0.0000,0.0000,0,0.0000,0.0000,0,0.0000,0.0000,0,0.0000,0.0000,0,0.0000,0.0000,0,0.0000,0.0000,0,0.0000,0.0000,0,0.0000,0.0000,0,0.0000,0.0000,0,0.0000,0.0000
185,0.000410,2,0.0270,0.0270,0,0.0000,0.0000,0,0.0000,0.0000,0,0.0000,0.0000,0,0.0000,0.0000,0,0.0000,0.0000,0,0.0000,0.0000,0,0.0000,0.0000,1,0.5000,0.5000,0,0.0000,0.0000,0,0.0000,0.0000,0,0.0000,0.0000,0,0.0000,0.0000,0,0.0000,0.0000,0,0.0000,0.0000,0,0.0000,0.0000,0,0.0000,0.0000,0,0.0000,0.0000,0,0.0000,0.0000,0,0.0000,0.0000,0,0.0000,0.0000,0,0.0000,0.0000,0,0.0000,0.0000,0,0.0000,0.0000,0,0.0000,0.0000,0,0.0000,0.0000,0,0.0000,0.0000,0,0.0000,0.0000,0,0.0000,0.0000,0,0.0000,0.0000,0,0.0000,0.0000,0,0.0000,0.0000,0,0.0000,0.0000,0,0.0000,0.0000,1,0.5000,0.5000,0,0.0000,0.0000,0,0.0000,0.0000,0,0.0000,0.0000
299,0.000410,4,0.0270,0.0270,0,0.0000,0.0000,0,0.0000,0.0000,0,0.0000,0.0000,0,0.0000,0.0000,0,0.0000,0.0000,0,0.0000,0.0000,0,0.0000,0.0000,0,0.0000,0.0000,0,0.0000,0.0000,0,0.0000,0.0000,0,0.0000,0.0000,0,0.0000,0.0000,0,0.0000,0.0000,0,0.0000,0.0000,0,0.0000,0.0000,0,0.0000,0.0000,0,0.0000,0.0000,0,0.0000,0.0000,0,0.0000,0.0000,0,0.0000,0.0000,0,0.0000,0.0000,1,0.2500,0.2500,0,0.0000,0.0000,0,0.0000,0.0000,0,0.0000,0.0000,0,0.0000,0.0000,0,0.0000,0.0000,0,0.0000,0.0000,0,0.0000,0.0000,2,0.5000,0.5000,1,0.2500,0.2500,0,0.0000,0.0000,0,0.0000,0.0000,0,0.0000,0.0000,0,0.0000,0.0000,0,0.0000,0.0000,0,0.0000,0.0000
334,0.000410,3,0.0270,0.0270,0,0.0000,0.0000,3,1.0000,1.0000,0,0.0000,0.0000,0,0.0000,0.0000,0,0.0000,0.0000,0,0.0000,0.0000,0,0.0000,0.0000,0,0.0000,0.0000,0,0.0000,0.0000,0,0.0000,0.0000,0,0.0000,0.0000,0,0.0000,0.0000,0,0.0000,0.0000,0,0.0000,0.0000,0,0.0000,0.0000,0,0.0000,0.0000,0,0.0000,0.0000,0,0.0000,0.0000,0,0.0000,0.0000,0,0.0000,0.0000,0,0.0000,0.0000,0,0.0000,0.0000,0,0.0000,0.0000,0,0.0000,0.0000,0,0.0000,0.0000,0,0.0000,0.0000,0,0.0000,0.0000,0,0.0000,0.0000,0,0.0000,0.0000,0,0.0000,0.0000,0,0.0000,0.0000,0,0.0000,0.0000,0,0.0000,0.0000,0,0.0000,0.0000,0,0.0000,0.0000,0,0.0000,0.0000,0,0.0000,0.0000
346,0.000410,4,0.0270,0.0270,0,0.0000,0.0000,3,0.7500,0.7500,0,0.0000,0.0000,0,0.0000,0.0000,0,0.0000,0.0000,0,0.0000,0.0000,0,0.0000,0.0000,0,0.0000,0.0000,0,0.0000,0.0000,0,0.0000,0.0000,0,0.0000,0.0000,0,0.0000,0.0000,0,0.0000,0.0000,0,0.0000,0.0000,0,0.0000,0.0000,1,0.2500,0.2500,0,0.0000,0.0000,0,0.0000,0.0000,0,0.0000,0.0000,0,0.0000,0.0000,0,0.0000,0.0000,0,0.0000,0.0000,0,0.0000,0.0000,0,0.0000,0.0000,0,0.0000,0.0000,0,0.0000,0.0000,0,0.0000,0.0000,0,0.0000,0.0000,0,0.0000,0.0000,0,0.0000,0.0000,0,0.0000,0.0000,0,0.0000,0.0000,0,0.0000,0.0000,0,0.0000,0.0000,0,0.0000,0.0000,0,0.0000,0.0000,0,0.0000,0.0000
132,0.000405,3,0.0405,0.0135,0,0.0000,0.0000,0,0.0000,0.0000,0,0.0000,0.0000,0,0.0000,0.0000,0,0.0000,0.0000,0,0.0000,0.0000,0,0.0000,0.0000,0,0.0000,0.0000,0,0.0000,0.0000,0,0.0000,0.0000,0,0.0000,0.0000,0,0.0000,0.0000,1,0.5000,0.0000,0,0.0000,0.0000,0,0.0000,0.0000,0,0.0000,0.0000,0,0.0000,0.0000,0,0.0000,0.0000,1,0.5000,0.0000,0,0.0000,0.0000,0,0.0000,0.0000,0,0.0000,0.0000,0,0.0000,0.0000,0,0.0000,0.0000,0,0.0000,0.0000,0,0.0000,0.0000,0,0.0000,0.0000,0,0.0000,0.0000,0,0.0000,0.0000,0,0.0000,0.0000,0,0.0000,0.0000,0,0.0000,0.0000,0,0.0000,0.0000,1,0.5000,0.5000,0,0.0000,0.0000,0,0.0000,0.0000,0,0.0000,0.0000
367,0.000400,2,0.0270,0.0270,0,0.0000,0.0000,0,0.0000,0.0000,0,0.0000,0.0000,0,0.0000,0.0000,2,1.0000,1.0000,0,0.0000,0.0000,0,0.0000,0.0000,0,0.0000,0.0000,0,0.0000,0.0000,0,0.0000,0.0000,0,0.0000,0.0000,0,0.0000,0.0000,0,0.0000,0.0000,0,0.0000,0.0000,0,0.0000,0.0000,0,0.0000,0.0000,0,0.0000,0.0000,0,0.0000,0.0000,0,0.0000,0.0000,0,0.0000,0.0000,0,0.0000,0.0000,0,0.0000,0.0000,0,0.0000,0.0000,0,0.0000,0.0000,0,0.0000,0.0000,0,0.0000,0.0000,0,0.0000,0.0000,0,0.0000,0.0000,0,0.0000,0.0000,0,0.0000,0.0000,0,0.0000,0.0000,0,0.0000,0.0000,0,0.0000,0.0000,0,0.0000,0.0000,0,0.0000,0.0000,0,0.0000,0.0000,0,0.0000,0.0000
421,0.000400,2,0.0270,0.0270,0,0.0000,0.0000,0,0.0000,0.0000,0,0.0000,0.0000,0,0.0000,0.0000,0,0.0000,0.0000,0,0.0000,0.0000,0,0.0000,0.0000,0,0.0000,0.0000,0,0.0000,0.0000,0,0.0000,0.0000,0,0.0000,0.0000,0,0.0000,0.0000,0,0.0000,0.0000,0,0.0000,0.0000,0,0.0000,0.0000,0,0.0000,0.0000,0,0.0000,0.0000,0,0.0000,0.0000,0,0.0000,0.0000,0,0.0000,0.0000,0,0.0000,0.0000,0,0.0000,0.0000,0,0.0000,0.0000,0,0.0000,0.0000,0,0.0000,0.0000,2,1.0000,1.0000,0,0.0000,0.0000,0,0.0000,0.0000,0,0.0000,0.0000,0,0.0000,0.0000,0,0.0000,0.0000,0,0.0000,0.0000,0,0.0000,0.0000,0,0.0000,0.0000,0,0.0000,0.0000,0,0.0000,0.0000,0,0.0000,0.0000
371,0.000395,2,0.0270,0.0270,0,0.0000,0.0000,0,0.0000,0.0000,0,0.0000,0.0000,0,0.0000,0.0000,0,0.0000,0.0000,0,0.0000,0.0000,0,0.0000,0.0000,0,0.0000,0.0000,0,0.0000,0.0000,0,0.0000,0.0000,0,0.0000,0.0000,0,0.0000,0.0000,0,0.0000,0.0000,0,0.0000,0.0000,2,1.0000,1.0000,0,0.0000,0.0000,0,0.0000,0.0000,0,0.0000,0.0000,0,0.0000,0.0000,0,0.0000,0.0000,0,0.0000,0.0000,0,0.0000,0.0000,0,0.0000,0.0000,0,0.0000,0.0000,0,0.0000,0.0000,0,0.0000,0.0000,0,0.0000,0.0000,0,0.0000,0.0000,0,0.0000,0.0000,0,0.0000,0.0000,0,0.0000,0.0000,0,0.0000,0.0000,0,0.0000,0.0000,0,0.0000,0.0000,0,0.0000,0.0000,0,0.0000,0.0000,0,0.0000,0.0000
156,0.000390,2,0.0270,0.0270,0,0.0000,0.0000,0,0.0000,0.0000,0,0.0000,0.0000,0,0.0000,0.0000,2,1.0000,1.0000,0,0.0000,0.0000,0,0.0000,0.0000,0,0.0000,0.0000,0,0.0000,0.0000,0,0.0000,0.0000,0,0.0000,0.0000,0,0.0000,0.0000,0,0.0000,0.0000,0,0.0000,0.0000,0,0.0000,0.0000,0,0.0000,0.0000,0,0.0000,0.0000,0,0.0000,0.0000,0,0.0000,0.0000,0,0.0000,0.0000,0,0.0000,0.0000,0,0.0000,0.0000,0,0.0000,0.0000,0,0.0000,0.0000,0,0.0000,0.0000,0,0.0000,0.0000,0,0.0000,0.0000,0,0.0000,0.0000,0,0.0000,0.0000,0,0.0000,0.0000,0,0.0000,0.0000,0,0.0000,0.0000,0,0.0000,0.0000,0,0.0000,0.0000,0,0.0000,0.0000,0,0.0000,0.0000,0,0.0000,0.0000
245,0.000390,2,0.0270,0.0270,0,0.0000,0.0000,0,0.0000,0.0000,0,0.0000,0.0000,0,0.0000,0.0000,0,0.0000,0.0000,0,0.0000,0.0000,0,0.0000,0.0000,0,0.0000,0.0000,0,0.0000,0.0000,0,0.0000,0.0000,0,0.0000,0.0000,0,0.0000,0.0000,0,0.0000,0.0000,0,0.0000,0.0000,0,0.0000,0.0000,0,0.0000,0.0000,0,0.0000,0.0000,0,0.0000,0.0000,0,0.0000,0.0000,0,0.0000,0.0000,0,0.0000,0.0000,0,0.0000,0.0000,0,0.0000,0.0000,0,0.0000,0.0000,0,0.0000,0.0000,0,0.0000,0.0000,0,0.0000,0.0000,0,0.0000,0.0000,0,0.0000,0.0000,0,0.0000,0.0000,0,0.0000,0.0000,0,0.0000,0.0000,0,0.0000,0.0000,0,0.0000,0.0000,2,1.0000,1.0000,0,0.0000,0.0000,0,0.0000,0.0000
136,0.000385,3,0.0405,0.0135,0,0.0000,0.0000,0,0.0000,0.0000,0,0.0000,0.0000,0,0.0000,0.0000,0,0.0000,0.0000,0,0.0000,0.0000,0,0.0000,0.0000,0,0.0000,0.0000,0,0.0000,0.0000,0,0.0000,0.0000,0,0.0000,0.0000,0,0.0000,0.0000,1,0.5000,0.0000,0,0.0000,0.0000,0,0.0000,0.0000,0,0.0000,0.0000,0,0.0000,0.0000,0,0.0000,0.0000,1,0.5000,0.0000,0,0.0000,0.0000,0,0.0000,0.0000,0,0.0000,0.0000,0,0.0000,0.0000,0,0.0000,0.0000,0,0.0000,0.0000,0,0.0000,0.0000,0,0.0000,0.0000,0,0.0000,0.0000,0,0.0000,0.0000,0,0.0000,0.0000,0,0.0000,0.0000,0,0.0000,0.0000,0,0.0000,0.0000,1,0.5000,0.5000,0,0.0000,0.0000,0,0.0000,0.0000,0,0.0000,0.0000
328,0.000385,4,0.0360,0.0180,0,0.0000,0.0000,2,0.6667,0.3333,0,0.0000,0.0000,0,0.0000,0.0000,0,0.0000,0.0000,0,0.0000,0.0000,0,0.0000,0.0000,0,0.0000,0.0000,0,0.0000,0.0000,0,0.0000,0.0000,0,0.0000,0.0000,0,0.0000,0.0000,0,0.0000,0.0000,0,0.0000,0.0000,0,0.0000,0.0000,0,0.0000,0.0000,0,0.0000,0.0000,0,0.0000,0.0000,0,0.0000,0.0000,0,0.0000,0.0000,0,0.0000,0.0000,2,0.6667,0.3333,0,0.0000,0.0000,0,0.0000,0.0000,0,0.0000,0.0000,0,0.0000,0.0000,0,0.0000,0.0000,0,0.0000,0.0000,0,0.0000,0.0000,0,0.0000,0.0000,0,0.0000,0.0000,0,0.0000,0.0000,0,0.0000,0.0000,0,0.0000,0.0000,0,0.0000,0.0000,0,0.0000,0.0000,0,0.0000,0.0000
144,0.000380,2,0.0270,0.0270,0,0.0000,0.0000,0,0.0000,0.0000,0,0.0000,0.0000,0,0.0000,0.0000,1,0.5000,0.5000,0,0.0000,0.0000,0,0.0000,0.0000,0,0.0000,0.0000,0,0.0000,0.0000,0,0.0000,0.0000,0,0.0000,0.0000,0,0.0000,0.0000,0,0.0000,0.0000,0,0.0000,0.0000,0,0.0000,0.0000,0,0.0000,0.0000,0,0.0000,0.0000,0,0.0000,0.0000,0,0.0000,0.0000,0,0.0000,0.0000,0,0.0000,0.0000,0,0.0000,0.0000,0,0.0000,0.0000,0,0.0000,0.0000,1,0.5000,0.5000,0,0.0000,0.0000,0,0.0000,0.0000,0,0.0000,0.0000,0,0.0000,0.0000,0,0.0000,0.0000,0,0.0000,0.0000,0,0.0000,0.0000,0,0.0000,0.0000,0,0.0000,0.0000,0,0.0000,0.0000,0,0.0000,0.0000,0,0.0000,0.0000
442,0.000365,2,0.0270,0.0270,0,0.0000,0.0000,0,0.0000,0.0000,0,0.0000,0.0000,0,0.0000,0.0000,0,0.0000,0.0000,0,0.0000,0.0000,0,0.0000,0.0000,0,0.0000,0.0000,0,0.0000,0.0000,0,0.0000,0.0000,0,0.0000,0.0000,0,0.0000,0.0000,0,0.0000,0.0000,0,0.0000,0.0000,0,0.0000,0.0000,0,0.0000,0.0000,0,0.0000,0.0000,0,0.0000,0.0000,2,1.0000,1.0000,0,0.0000,0.0000,0,0.0000,0.0000,0,0.0000,0.0000,0,0.0000,0.0000,0,0.0000,0.0000,0,0.0000,0.0000,0,0.0000,0.0000,0,0.0000,0.0000,0,0.0000,0.0000,0,0.0000,0.0000,0,0.0000,0.0000,0,0.0000,0.0000,0,0.0000,0.0000,0,0.0000,0.0000,0,0.0000,0.0000,0,0.0000,0.0000,0,0.0000,0.0000,0,0.0000,0.0000
399,0.000360,3,0.0270,0.0270,0,0.0000,0.0000,2,0.6667,0.6667,0,0.0000,0.0000,0,0.0000,0.0000,0,0.0000,0.0000,0,0.0000,0.0000,0,0.0000,0.0000,0,0.0000,0.0000,0,0.0000,0.0000,0,0.0000,0.0000,0,0.0000,0.0000,0,0.0000,0.0000,0,0.0000,0.0000,0,0.0000,0.0000,1,0.3333,0.3333,0,0.0000,0.0000,0,0.0000,0.0000,0,0.0000,0.0000,0,0.0000,0.0000,0,0.0000,0.0000,0,0.0000,0.0000,0,0.0000,0.0000,0,0.0000,0.0000,0,0.0000,0.0000,0,0.0000,0.0000,0,0.0000,0.0000,0,0.0000,0.0000,0,0.0000,0.0000,0,0.0000,0.0000,0,0.0000,0.0000,0,0.0000,0.0000,0,0.0000,0.0000,0,0.0000,0.0000,0,0.0000,0.0000,0,0.0000,0.0000,0,0.0000,0.0000,0,0.0000,0.0000
325,0.000350,4,0.0270,0.0270,0,0.0000,0.0000,0,0.0000,0.0000,2,0.5000,0.5000,0,0.0000,0.0000,0,0.0000,0.0000,0,0.0000,0.0000,1,0.2500,0.2500,0,0.0000,0.0000,0,0.0000,0.0000,0,0.0000,0.0000,0,0.0000,0.0000,0,0.0000,0.0000,0,0.0000,0.0000,0,0.0000,0.0000,0,0.0000,0.0000,0,0.0000,0.0000,0,0.0000,0.0000,1,0.2500,0.2500,0,0.0000,0.0000,0,0.0000,0.0000,0,0.0000,0.0000,0,0.0000,0.0000,0,0.0000,0.0000,0,0.0000,0.0000,0,0.0000,0.0000,0,0.0000,0.0000,0,0.0000,0.0000,0,0.0000,0.0000,0,0.0000,0.0000,0,0.0000,0.0000,0,0.0000,0.0000,0,0.0000,0.0000,0,0.0000,0.0000,0,0.0000,0.0000,0,0.0000,0.0000,0,0.0000,0.0000,0,0.0000,0.0000
435,0.000345,3,0.0270,0.0270,0,0.0000,0.0000,0,0.0000,0.0000,0,0.0000,0.0000,0,0.0000,0.0000,0,0.0000,0.0000,0,0.0000,0.0000,1,0.3333,0.3333,0,0.0000,0.0000,0,0.0000,0.0000,0,0.0000,0.0000,0,0.0000,0.0000,0,0.0000,0.0000,0,0.0000,0.0000,0,0.0000,0.0000,0,0.0000,0.0000,0,0.0000,0.0000,0,0.0000,0.0000,0,0.0000,0.0000,0,0.0000,0.0000,0,0.0000,0.0000,0,0.0000,0.0000,0,0.0000,0.0000,0,0.0000,0.0000,0,0.0000,0.0000,0,0.0000,0.0000,2,0.6667,0.6667,0,0.0000,0.0000,0,0.0000,0.0000,0,0.0000,0.0000,0,0.0000,0.0000,0,0.0000,0.0000,0,0.0000,0.0000,0,0.0000,0.0000,0,0.0000,0.0000,0,0.0000,0.0000,0,0.0000,0.0000,0,0.0000,0.0000
157,0.000340,2,0.0270,0.0270,0,0.0000,0.0000,0,0.0000,0.0000,0,0.0000,0.0000,0,0.0000,0.0000,0,0.0000,0.0000,0,0.0000,0.0000,0,0.0000,0.0000,0,0.0000,0.0000,0,0.0000,0.0000,0,0.0000,0.0000,0,0.0000,0.0000,0,0.0000,0.0000,0,0.0000,0.0000,0,0.0000,0.0000,0,0.0000,0.0000,0,0.0000,0.0000,0,0.0000,0.0000,0,0.0000,0.0000,0,0.0000,0.0000,0,0.0000,0.0000,0,0.0000,0.0000,0,0.0000,0.0000,0,0.0000,0.0000,0,0.0000,0.0000,0,0.0000,0.0000,0,0.0000,0.0000,0,0.0000,0.0000,0,0.0000,0.0000,0,0.0000,0.0000,0,0.0000,0.0000,0,0.0000,0.0000,0,0.0000,0.0000,0,0.0000,0.0000,0,0.0000,0.0000,2,1.0000,1.0000,0,0.0000,0.0000,0,0.0000,0.0000
167,0.000340,3,0.0270,0.0270,0,0.0000,0.0000,0,0.0000,0.0000,0,0.0000,0.0000,0,0.0000,0.0000,0,0.0000,0.0000,0,0.0000,0.0000,0,0.0000,0.0000,0,0.0000,0.0000,0,0.0000,0.0000,0,0.0000,0.0000,0,0.0000,0.0000,0,0.0000,0.0000,0,0.0000,0.0000,0,0.0000,0.0000,0,0.0000,0.0000,0,0.0000,0.0000,0,0.0000,0.0000,0,0.0000,0.0000,0,0.0000,0.0000,0,0.0000,0.0000,0,0.0000,0.0000,0,0.0000,0.0000,0,0.0000,0.0000,0,0.0000,0.0000,0,0.0000,0.0000,0,0.0000,0.0000,0,0.0000,0.0000,0,0.0000,0.0000,0,0.0000,0.0000,0,0.0000,0.0000,0,0.0000,0.0000,0,0.0000,0.0000,0,0.0000,0.0000,0,0.0000,0.0000,3,1.0000,1.0000,0,0.0000,0.0000,0,0.0000,0.0000
244,0.000340,4,0.0360,0.0180,1,0.3333,0.3333,0,0.0000,0.0000,0,0.0000,0.0000,0,0.0000,0.0000,0,0.0000,0.0000,0,0.0000,0.0000,0,0.0000,0.0000,1,0.3333,0.0000,1,0.3333,0.3333,0,0.0000,0.0000,0,0.0000,0.0000,0,0.0000,0.0000,1,0.3333,0.0000,0,0.0000,0.0000,0,0.0000,0.0000,0,0.0000,0.0000,0,0.0000,0.0000,0,0.0000,0.0000,0,0.0000,0.0000,0,0.0000,0.0000,0,0.0000,0.0000,0,0.0000,0.0000,0,0.0000,0.0000,0,0.0000,0.0000,0,0.0000,0.0000,0,0.0000,0.0000,0,0.0000,0.0000,0,0.0000,0.0000,0,0.0000,0.0000,0,0.0000,0.0000,0,0.0000,0.0000,0,0.0000,0.0000,0,0.0000,0.0000,0,0.0000,0.0000,0,0.0000,0.0000,0,0.0000,0.0000,0,0.0000,0.0000
446,0.000335,2,0.0270,0.0270,0,0.0000,0.0000,0,0.0000,0.0000,0,0.0000,0.0000,0,0.0000,0.0000,0,0.0000,0.0000,0,0.0000,0.0000,0,0.0000,0.0000,0,0.0000,0.0000,0,0.0000,0.0000,0,0.0000,0.0000,0,0.0000,0.0000,0,0.0000,0.0000,0,0.0000,0.0000,0,0.0000,0.0000,0,0.0000,0.0000,0,0.0000,0.0000,0,0.0000,0.0000,0,0.0000,0.0000,2,1.0000,1.0000,0,0.0000,0.0000,0,0.0000,0.0000,0,0.0000,0.0000,0,0.0000,0.0000,0,0.0000,0.0000,0,0.0000,0.0000,0,0.0000,0.0000,0,0.0000,0.0000,0,0.0000,0.0000,0,0.0000,0.0000,0,0.0000,0.0000,0,0.0000,0.0000,0,0.0000,0.0000,0,0.0000,0.0000,0,0.0000,0.0000,0,0.0000,0.0000,0,0.0000,0.0000,0,0.0000,0.0000
80,0.000330,2,0.0270,0.0270,0,0.0000,0.0000,1,0.5000,0.5000,0,0.0000,0.0000,0,0.0000,0.0000,0,0.0000,0.0000,0,0.0000,0.0000,0,0.0000,0.0000,0,0.0000,0.0000,0,0.0000,0.0000,0,0.0000,0.0000,0,0.0000,0.0000,0,0.0000,0.0000,0,0.0000,0.0000,0,0.0000,0.0000,0,0.0000,0.0000,0,0.0000,0.0000,0,0.0000,0.0000,0,0.0000,0.0000,0,0.0000,0.0000,0,0.0000,0.0000,0,0.0000,0.0000,0,0.0000,0.0000,0,0.0000,0.0000,0,0.0000,0.0000,0,0.0000,0.0000,0,0.0000,0.0000,0,0.0000,0.0000,0,0.0000,0.0000,0,0.0000,0.0000,0,0.0000,0.0000,0,0.0000,0.0000,0,0.0000,0.0000,0,0.0000,0.0000,0,0.0000,0.0000,0,0.0000,0.0000,1,0.5000,0.5000,0,0.0000,0.0000
336,0.000330,3,0.0270,0.0270,0,0.0000,0.0000,0,0.0000,0.0000,0,0.0000,0.0000,0,0.0000,0.0000,0,0.0000,0.0000,0,0.0000,0.0000,0,0.0000,0.0000,0,0.0000,0.0000,0,0.0000,0.0000,0,0.0000,0.0000,0,0.0000,0.0000,0,0.0000,0.0000,0,0.0000,0.0000,0,0.0000,0.0000,0,0.0000,0.0000,0,0.0000,0.0000,0,0.0000,0.0000,0,0.0000,0.0000,0,0.0000,0.0000,0,0.0000,0.0000,0,0.0000,0.0000,0,0.0000,0.0000,0,0.0000,0.0000,0,0.0000,0.0000,0,0.0000,0.0000,0,0.0000,0.0000,0,0.0000,0.0000,0,0.0000,0.0000,0,0.0000,0.0000,0,0.0000,0.0000,0,0.0000,0.0000,0,0.0000,0.0000,0,0.0000,0.0000,0,0.0000,0.0000,3,1.0000,1.0000,0,0.0000,0.0000,0,0.0000,0.0000
133,0.000325,3,0.0270,0.0270,0,0.0000,0.0000,0,0.0000,0.0000,0,0.0000,0.0000,0,0.0000,0.0000,0,0.0000,0.0000,0,0.0000,0.0000,0,0.0000,0.0000,0,0.0000,0.0000,0,0.0000,0.0000,0,0.0000,0.0000,0,0.0000,0.0000,0,0.0000,0.0000,0,0.0000,0.0000,0,0.0000,0.0000,0,0.0000,0.0000,0,0.0000,0.0000,0,0.0000,0.0000,0,0.0000,0.0000,0,0.0000,0.0000,0,0.0000,0.0000,0,0.0000,0.0000,0,0.0000,0.0000,0,0.0000,0.0000,0,0.0000,0.0000,0,0.0000,0.0000,0,0.0000,0.0000,0,0.0000,0.0000,0,0.0000,0.0000,0,0.0000,0.0000,0,0.0000,0.0000,0,0.0000,0.0000,0,0.0000,0.0000,0,0.0000,0.0000,0,0.0000,0.0000,3,1.0000,1.0000,0,0.0000,0.0000,0,0.0000,0.0000
420,0.000325,3,0.0270,0.0270,0,0.0000,0.0000,1,0.3333,0.3333,0,0.0000,0.0000,0,0.0000,0.0000,0,0.0000,0.0000,0,0.0000,0.0000,0,0.0000,0.0000,0,0.0000,0.0000,0,0.0000,0.0000,0,0.0000,0.0000,0,0.0000,0.0000,0,0.0000,0.0000,0,0.0000,0.0000,0,0.0000,0.0000,0,0.0000,0.0000,0,0.0000,0.0000,0,0.0000,0.0000,0,0.0000,0.0000,0,0.0000,0.0000,0,0.0000,0.0000,0,0.0000,0.0000,0,0.0000,0.0000,0,0.0000,0.0000,0,0.0000,0.0000,0,0.0000,0.0000,0,0.0000,0.0000,0,0.0000,0.0000,0,0.0000,0.0000,0,0.0000,0.0000,2,0.6667,0.6667,0,0.0000,0.0000,0,0.0000,0.0000,0,0.0000,0.0000,0,0.0000,0.0000,0,0.0000,0.0000,0,0.0000,0.0000,0,0.0000,0.0000
432,0.000320,3,0.0270,0.0270,0,0.0000,0.0000,0,0.0000,0.0000,1,0.3333,0.3333,0,0.0000,0.0000,0,0.0000,0.0000,0,0.0000,0.0000,0,0.0000,0.0000,0,0.0000,0.0000,0,0.0000,0.0000,0,0.0000,0.0000,0,0.0000,0.0000,0,0.0000,0.0000,0,0.0000,0.0000,0,0.0000,0.0000,0,0.0000,0.0000,0,0.0000,0.0000,0,0.0000,0.0000,0,0.0000,0.0000,0,0.0000,0.0000,0,0.0000,0.0000,0,0.0000,0.0000,0,0.0000,0.0000,0,0.0000,0.0000,0,0.0000,0.0000,0,0.0000,0.0000,0,0.0000,0.0000,2,0.6667,0.6667,0,0.0000,0.0000,0,0.0000,0.0000,0,0.0000,0.0000,0,0.0000,0.0000,0,0.0000,0.0000,0,0.0000,0.0000,0,0.0000,0.0000,0,0.0000,0.0000,0,0.0000,0.0000,0,0.0000,0.0000
173,0.000310,2,0.0270,0.0270,0,0.0000,0.0000,0,0.0000,0.0000,0,0.0000,0.0000,0,0.0000,0.0000,2,1.0000,1.0000,0,0.0000,0.0000,0,0.0000,0.0000,0,0.0000,0.0000,0,0.0000,0.0000,0,0.0000,0.0000,0,0.0000,0.0000,0,0.0000,0.0000,0,0.0000,0.0000,0,0.0000,0.0000,0,0.0000,0.0000,0,0.0000,0.0000,0,0.0000,0.0000,0,0.0000,0.0000,0,0.0000,0.0000,0,0.0000,0.0000,0,0.0000,0.0000,0,0.0000,0.0000,0,0.0000,0.0000,0,0.0000,0.0000,0,0.0000,0.0000,0,0.0000,0.0000,0,0.0000,0.0000,0,0.0000,0.0000,0,0.0000,0.0000,0,0.0000,0.0000,0,0.0000,0.0000,0,0.0000,0.0000,0,0.0000,0.0000,0,0.0000,0.0000,0,0.0000,0.0000,0,0.0000,0.0000,0,0.0000,0.0000
401,0.000310,4,0.0270,0.0270,0,0.0000,0.0000,0,0.0000,0.0000,0,0.0000,0.0000,0,0.0000,0.0000,0,0.0000,0.0000,0,0.0000,0.0000,0,0.0000,0.0000,0,0.0000,0.0000,0,0.0000,0.0000,0,0.0000,0.0000,0,0.0000,0.0000,0,0.0000,0.0000,0,0.0000,0.0000,0,0.0000,0.0000,0,0.0000,0.0000,0,0.0000,0.0000,0,0.0000,0.0000,0,0.0000,0.0000,0,0.0000,0.0000,0,0.0000,0.0000,0,0.0000,0.0000,0,0.0000,0.0000,0,0.0000,0.0000,0,0.0000,0.0000,0,0.0000,0.0000,4,1.0000,1.0000,0,0.0000,0.0000,0,0.0000,0.0000,0,0.0000,0.0000,0,0.0000,0.0000,0,0.0000,0.0000,0,0.0000,0.0000,0,0.0000,0.0000,0,0.0000,0.0000,0,0.0000,0.0000,0,0.0000,0.0000,0,0.0000,0.0000
257,0.000300,2,0.0270,0.0270,0,0.0000,0.0000,0,0.0000,0.0000,0,0.0000,0.0000,0,0.0000,0.0000,0,0.0000,0.0000,0,0.0000,0.0000,0,0.0000,0.0000,0,0.0000,0.0000,0,0.0000,0.0000,0,0.0000,0.0000,0,0.0000,0.0000,0,0.0000,0.0000,2,1.0000,1.0000,0,0.0000,0.0000,0,0.0000,0.0000,0,0.0000,0.0000,0,0.0000,0.0000,0,0.0000,0.0000,0,0.0000,0.0000,0,0.0000,0.0000,0,0.0000,0.0000,0,0.0000,0.0000,0,0.0000,0.0000,0,0.0000,0.0000,0,0.0000,0.0000,0,0.0000,0.0000,0,0.0000,0.0000,0,0.0000,0.0000,0,0.0000,0.0000,0,0.0000,0.0000,0,0.0000,0.0000,0,0.0000,0.0000,0,0.0000,0.0000,0,0.0000,0.0000,0,0.0000,0.0000,0,0.0000,0.0000,0,0.0000,0.0000
402,0.000300,3,0.0270,0.0270,0,0.0000,0.0000,1,0.3333,0.3333,2,0.6667,0.6667,0,0.0000,0.0000,0,0.0000,0.0000,0,0.0000,0.0000,0,0.0000,0.0000,0,0.0000,0.0000,0,0.0000,0.0000,0,0.0000,0.0000,0,0.0000,0.0000,0,0.0000,0.0000,0,0.0000,0.0000,0,0.0000,0.0000,0,0.0000,0.0000,0,0.0000,0.0000,0,0.0000,0.0000,0,0.0000,0.0000,0,0.0000,0.0000,0,0.0000,0.0000,0,0.0000,0.0000,0,0.0000,0.0000,0,0.0000,0.0000,0,0.0000,0.0000,0,0.0000,0.0000,0,0.0000,0.0000,0,0.0000,0.0000,0,0.0000,0.0000,0,0.0000,0.0000,0,0.0000,0.0000,0,0.0000,0.0000,0,0.0000,0.0000,0,0.0000,0.0000,0,0.0000,0.0000,0,0.0000,0.0000,0,0.0000,0.0000,0,0.0000,0.0000
407,0.000295,2,0.0270,0.0270,0,0.0000,0.0000,0,0.0000,0.0000,0,0.0000,0.0000,0,0.0000,0.0000,0,0.0000,0.0000,1,0.5000,0.5000,0,0.0000,0.0000,0,0.0000,0.0000,0,0.0000,0.0000,0,0.0000,0.0000,0,0.0000,0.0000,0,0.0000,0.0000,0,0.0000,0.0000,0,0.0000,0.0000,0,0.0000,0.0000,0,0.0000,0.0000,0,0.0000,0.0000,0,0.0000,0.0000,0,0.0000,0.0000,0,0.0000,0.0000,0,0.0000,0.0000,0,0.0000,0.0000,0,0.0000,0.0000,0,0.0000,0.0000,0,0.0000,0.0000,1,0.5000,0.5000,0,0.0000,0.0000,0,0.0000,0.0000,0,0.0000,0.0000,0,0.0000,0.0000,0,0.0000,0.0000,0,0.0000,0.0000,0,0.0000,0.0000,0,0.0000,0.0000,0,0.0000,0.0000,0,0.0000,0.0000,0,0.0000,0.0000
396,0.000290,3,0.0270,0.0270,0,0.0000,0.0000,0,0.0000,0.0000,0,0.0000,0.0000,0,0.0000,0.0000,0,0.0000,0.0000,0,0.0000,0.0000,0,0.0000,0.0000,0,0.0000,0.0000,0,0.0000,0.0000,0,0.0000,0.0000,0,0.0000,0.0000,0,0.0000,0.0000,0,0.0000,0.0000,0,0.0000,0.0000,0,0.0000,0.0000,0,0.0000,0.0000,0,0.0000,0.0000,0,0.0000,0.0000,0,0.0000,0.0000,0,0.0000,0.0000,0,0.0000,0.0000,0,0.0000,0.0000,0,0.0000,0.0000,0,0.0000,0.0000,0,0.0000,0.0000,3,1.0000,1.0000,0,0.0000,0.0000,0,0.0000,0.0000,0,0.0000,0.0000,0,0.0000,0.0000,0,0.0000,0.0000,0,0.0000,0.0000,0,0.0000,0.0000,0,0.0000,0.0000,0,0.0000,0.0000,0,0.0000,0.0000,0,0.0000,0.0000
400,0.000290,2,0.0270,0.0270,0,0.0000,0.0000,2,1.0000,1.0000,0,0.0000,0.0000,0,0.0000,0.0000,0,0.0000,0.0000,0,0.0000,0.0000,0,0.0000,0.0000,0,0.0000,0.0000,0,0.0000,0.0000,0,0.0000,0.0000,0,0.0000,0.0000,0,0.0000,0.0000,0,0.0000,0.0000,0,0.0000,0.0000,0,0.0000,0.0000,0,0.0000,0.0000,0,0.0000,0.0000,0,0.0000,0.0000,0,0.0000,0.0000,0,0.0000,0.0000,0,0.0000,0.0000,0,0.0000,0.0000,0,0.0000,0.0000,0,0.0000,0.0000,0,0.0000,0.0000,0,0.0000,0.0000,0,0.0000,0.0000,0,0.0000,0.0000,0,0.0000,0.0000,0,0.0000,0.0000,0,0.0000,0.0000,0,0.0000,0.0000,0,0.0000,0.0000,0,0.0000,0.0000,0,0.0000,0.0000,0,0.0000,0.0000,0,0.0000,0.0000
390,0.000280,2,0.0270,0.0270,0,0.0000,0.0000,1,0.5000,0.5000,0,0.0000,0.0000,0,0.0000,0.0000,0,0.0000,0.0000,0,0.0000,0.0000,0,0.0000,0.0000,0,0.0000,0.0000,0,0.0000,0.0000,0,0.0000,0.0000,0,0.0000,0.0000,0,0.0000,0.0000,0,0.0000,0.0000,0,0.0000,0.0000,1,0.5000,0.5000,0,0.0000,0.0000,0,0.0000,0.0000,0,0.0000,0.0000,0,0.0000,0.0000,0,0.0000,0.0000,0,0.0000,0.0000,0,0.0000,0.0000,0,0.0000,0.0000,0,0.0000,0.0000,0,0.0000,0.0000,0,0.0000,0.0000,0,0.0000,0.0000,0,0.0000,0.0000,0,0.0000,0.0000,0,0.0000,0.0000,0,0.0000,0.0000,0,0.0000,0.0000,0,0.0000,0.0000,0,0.0000,0.0000,0,0.0000,0.0000,0,0.0000,0.0000,0,0.0000,0.0000
324,0.000275,2,0.0270,0.0270,0,0.0000,0.0000,0,0.0000,0.0000,0,0.0000,0.0000,0,0.0000,0.0000,0,0.0000,0.0000,0,0.0000,0.0000,0,0.0000,0.0000,0,0.0000,0.0000,0,0.0000,0.0000,0,0.0000,0.0000,1,0.5000,0.5000,0,0.0000,0.0000,0,0.0000,0.0000,0,0.0000,0.0000,0,0.0000,0.0000,0,0.0000,0.0000,0,0.0000,0.0000,0,0.0000,0.0000,0,0.0000,0.0000,0,0.0000,0.0000,0,0.0000,0.0000,0,0.0000,0.0000,0,0.0000,0.0000,0,0.0000,0.0000,0,0.0000,0.0000,1,0.5000,0.5000,0,0.0000,0.0000,0,0.0000,0.0000,0,0.0000,0.0000,0,0.0000,0.0000,0,0.0000,0.0000,0,0.0000,0.0000,0,0.0000,0.0000,0,0.0000,0.0000,0,0.0000,0.0000,0,0.0000,0.0000,0,0.0000,0.0000
366,0.000275,2,0.0270,0.0270,0,0.0000,0.0000,0,0.0000,0.0000,0,0.0000,0.0000,0,0.0000,0.0000,0,0.0000,0.0000,0,0.0000,0.0000,0,0.0000,0.0000,0,0.0000,0.0000,0,0.0000,0.0000,0,0.0000,0.0000,0,0.0000,0.0000,0,0.0000,0.0000,0,0.0000,0.0000,0,0.0000,0.0000,0,0.0000,0.0000,0,0.0000,0.0000,0,0.0000,0.0000,0,0.0000,0.0000,0,0.0000,0.0000,0,0.0000,0.0000,0,0.0000,0.0000,0,0.0000,0.0000,0,0.0000,0.0000,0,0.0000,0.0000,0,0.0000,0.0000,0,0.0000,0.0000,0,0.0000,0.0000,0,0.0000,0.0000,0,0.0000,0.0000,0,0.0000,0.0000,0,0.0000,0.0000,0,0.0000,0.0000,0,0.0000,0.0000,0,0.0000,0.0000,2,1.0000,1.0000,0,0.0000,0.0000,0,0.0000,0.0000
378,0.000275,3,0.0270,0.0270,0,0.0000,0.0000,0,0.0000,0.0000,0,0.0000,0.0000,0,0.0000,0.0000,0,0.0000,0.0000,0,0.0000,0.0000,0,0.0000,0.0000,0,0.0000,0.0000,0,0.0000,0.0000,0,0.0000,0.0000,0,0.0000,0.0000,0,0.0000,0.0000,0,0.0000,0.0000,0,0.0000,0.0000,0,0.0000,0.0000,0,0.0000,0.0000,0,0.0000,0.0000,0,0.0000,0.0000,0,0.0000,0.0000,0,0.0000,0.0000,0,0.0000,0.0000,0,0.0000,0.0000,0,0.0000,0.0000,0,0.0000,0.0000,0,0.0000,0.0000,0,0.0000,0.0000,0,0.0000,0.0000,0,0.0000,0.0000,0,0.0000,0.0000,0,0.0000,0.0000,0,0.0000,0.0000,0,0.0000,0.0000,0,0.0000,0.0000,0,0.0000,0.0000,3,1.0000,1.0000,0,0.0000,0.0000,0,0.0000,0.0000
422,0.000275,2,0.0270,0.0270,0,0.0000,0.0000,2,1.0000,1.0000,0,0.0000,0.0000,0,0.0000,0.0000,0,0.0000,0.0000,0,0.0000,0.0000,0,0.0000,0.0000,0,0.0000,0.0000,0,0.0000,0.0000,0,0.0000,0.0000,0,0.0000,0.0000,0,0.0000,0.0000,0,0.0000,0.0000,0,0.0000,0.0000,0,0.0000,0.0000,0,0.0000,0.0000,0,0.0000,0.0000,0,0.0000,0.0000,0,0.0000,0.0000,0,0.0000,0.0000,0,0.0000,0.0000,0,0.0000,0.0000,0,0.0000,0.0000,0,0.0000,0.0000,0,0.0000,0.0000,0,0.0000,0.0000,0,0.0000,0.0000,0,0.0000,0.0000,0,0.0000,0.0000,0,0.0000,0.0000,0,0.0000,0.0000,0,0.0000,0.0000,0,0.0000,0.0000,0,0.0000,0.0000,0,0.0000,0.0000,0,0.0000,0.0000,0,0.0000,0.0000
102,0.000270,2,0.0270,0.0270,0,0.0000,0.0000,0,0.0000,0.0000,0,0.0000,0.0000,0,0.0000,0.0000,0,0.0000,0.0000,0,0.0000,0.0000,0,0.0000,0.0000,0,0.0000,0.0000,0,0.0000,0.0000,0,0.0000,0.0000,0,0.0000,0.0000,0,0.0000,0.0000,0,0.0000,0.0000,0,0.0000,0.0000,0,0.0000,0.0000,0,0.0000,0.0000,0,0.0000,0.0000,0,0.0000,0.0000,1,0.5000,0.5000,0,0.0000,0.0000,0,0.0000,0.0000,0,0.0000,0.0000,0,0.0000,0.0000,0,0.0000,0.0000,0,0.0000,0.0000,0,0.0000,0.0000,0,0.0000,0.0000,0,0.0000,0.0000,0,0.0000,0.0000,0,0.0000,0.0000,0,0.0000,0.0000,0,0.0000,0.0000,0,0.0000,0.0000,0,0.0000,0.0000,0,0.0000,0.0000,0,0.0000,0.0000,1,0.5000,0.5000
394,0.000270,1,0.0270,0.0270,0,0.0000,0.0000,0,0.0000,0.0000,0,0.0000,0.0000,0,0.0000,0.0000,0,0.0000,0.0000,0,0.0000,0.0000,0,0.0000,0.0000,0,0.0000,0.0000,0,0.0000,0.0000,0,0.0000,0.0000,0,0.0000,0.0000,0,0.0000,0.0000,0,0.0000,0.0000,0,0.0000,0.0000,0,0.0000,0.0000,0,0.0000,0.0000,0,0.0000,0.0000,0,0.0000,0.0000,0,0.0000,0.0000,0,0.0000,0.0000,0,0.0000,0.0000,0,0.0000,0.0000,0,0.0000,0.0000,0,0.0000,0.0000,1,1.0000,1.0000,0,0.0000,0.0000,0,0.0000,0.0000,0,0.0000,0.0000,0,0.0000,0.0000,0,0.0000,0.0000,0,0.0000,0.0000,0,0.0000,0.0000,0,0.0000,0.0000,0,0.0000,0.0000,0,0.0000,0.0000,0,0.0000,0.0000,0,0.0000,0.0000
85,0.000260,2,0.0270,0.0270,0,0.0000,0.0000,0,0.0000,0.0000,0,0.0000,0.0000,0,0.0000,0.0000,0,0.0000,0.0000,0,0.0000,0.0000,0,0.0000,0.0000,0,0.0000,0.0000,0,0.0000,0.0000,0,0.0000,0.0000,0,0.0000,0.0000,0,0.0000,0.0000,0,0.0000,0.0000,1,0.5000,0.5000,0,0.0000,0.0000,0,0.0000,0.0000,0,0.0000,0.0000,0,0.0000,0.0000,0,0.0000,0.0000,0,0.0000,0.0000,0,0.0000,0.0000,0,0.0000,0.0000,0,0.0000,0.0000,0,0.0000,0.0000,0,0.0000,0.0000,0,0.0000,0.0000,0,0.0000,0.0000,0,0.0000,0.0000,0,0.0000,0.0000,0,0.0000,0.0000,0,0.0000,0.0000,0,0.0000,0.0000,1,0.5000,0.5000,0,0.0000,0.0000,0,0.0000,0.0000,0,0.0000,0.0000,0,0.0000,0.0000
287,0.000255,2,0.0270,0.0270,0,0.0000,0.0000,1,0.5000,0.5000,0,0.0000,0.0000,0,0.0000,0.0000,0,0.0000,0.0000,0,0.0000,0.0000,0,0.0000,0.0000,0,0.0000,0.0000,0,0.0000,0.0000,0,0.0000,0.0000,0,0.0000,0.0000,0,0.0000,0.0000,0,0.0000,0.0000,0,0.0000,0.0000,0,0.0000,0.0000,0,0.0000,0.0000,0,0.0000,0.0000,0,0.0000,0.0000,0,0.0000,0.0000,1,0.5000,0.5000,0,0.0000,0.0000,0,0.0000,0.0000,0,0.0000,0.0000,0,0.0000,0.0000,0,0.0000,0.0000,0,0.0000,0.0000,0,0.0000,0.0000,0,0.0000,0.0000,0,0.0000,0.0000,0,0.0000,0.0000,0,0.0000,0.0000,0,0.0000,0.0000,0,0.0000,0.0000,0,0.0000,0.0000,0,0.0000,0.0000,0,0.0000,0.0000,0,0.0000,0.0000
413,0.000255,2,0.0270,0.0270,0,0.0000,0.0000,0,0.0000,0.0000,0,0.0000,0.0000,0,0.0000,0.0000,0,0.0000,0.0000,0,0.0000,0.0000,0,0.0000,0.0000,0,0.0000,0.0000,0,0.0000,0.0000,0,0.0000,0.0000,0,0.0000,0.0000,0,0.0000,0.0000,0,0.0000,0.0000,0,0.0000,0.0000,0,0.0000,0.0000,0,0.0000,0.0000,0,0.0000,0.0000,0,0.0000,0.0000,0,0.0000,0.0000,0,0.0000,0.0000,0,0.0000,0.0000,0,0.0000,0.0000,0,0.0000,0.0000,0,0.0000,0.0000,0,0.0000,0.0000,2,1.0000,1.0000,0,0.0000,0.0000,0,0.0000,0.0000,0,0.0000,0.0000,0,0.0000,0.0000,0,0.0000,0.0000,0,0.0000,0.0000,0,0.0000,0.0000,0,0.0000,0.0000,0,0.0000,0.0000,0,0.0000,0.0000,0,0.0000,0.0000
356,0.000250,2,0.0270,0.0270,0,0.0000,0.0000,0,0.0000,0.0000,0,0.0000,0.0000,0,0.0000,0.0000,0,0.0000,0.0000,0,0.0000,0.0000,0,0.0000,0.0000,0,0.0000,0.0000,0,0.0000,0.0000,0,0.0000,0.0000,0,0.0000,0.0000,0,0.0000,0.0000,0,0.0000,0.0000,0,0.0000,0.0000,0,0.0000,0.0000,0,0.0000,0.0000,0,0.0000,0.0000,0,0.0000,0.0000,0,0.0000,0.0000,0,0.0000,0.0000,0,0.0000,0.0000,0,0.0000,0.0000,0,0.0000,0.0000,0,0.0000,0.0000,0,0.0000,0.0000,0,0.0000,0.0000,0,0.0000,0.0000,0,0.0000,0.0000,0,0.0000,0.0000,0,0.0000,0.0000,0,0.0000,0.0000,0,0.0000,0.0000,0,0.0000,0.0000,0,0.0000,0.0000,2,1.0000,1.0000,0,0.0000,0.0000,0,0.0000,0.0000
428,0.000250,2,0.0270,0.0270,0,0.0000,0.0000,0,0.0000,0.0000,0,0.0000,0.0000,0,0.0000,0.0000,0,0.0000,0.0000,0,0.0000,0.0000,0,0.0000,0.0000,0,0.0000,0.0000,0,0.0000,0.0000,0,0.0000,0.0000,0,0.0000,0.0000,0,0.0000,0.0000,0,0.0000,0.0000,1,0.5000,0.5000,0,0.0000,0.0000,0,0.0000,0.0000,0,0.0000,0.0000,0,0.0000,0.0000,0,0.0000,0.0000,0,0.0000,0.0000,0,0.0000,0.0000,0,0.0000,0.0000,0,0.0000,0.0000,0,0.0000,0.0000,0,0.0000,0.0000,0,0.0000,0.0000,0,0.0000,0.0000,0,0.0000,0.0000,0,0.0000,0.0000,0,0.0000,0.0000,0,0.0000,0.0000,0,0.0000,0.0000,1,0.5000,0.5000,0,0.0000,0.0000,0,0.0000,0.0000,0,0.0000,0.0000,0,0.0000,0.0000
262,0.000245,2,0.0270,0.0270,0,0.0000,0.0000,2,1.0000,1.0000,0,0.0000,0.0000,0,0.0000,0.0000,0,0.0000,0.0000,0,0.0000,0.0000,0,0.0000,0.0000,0,0.0000,0.0000,0,0.0000,0.0000,0,0.0000,0.0000,0,0.0000,0.0000,0,0.0000,0.0000,0,0.0000,0.0000,0,0.0000,0.0000,0,0.0000,0.0000,0,0.0000,0.0000,0,0.0000,0.0000,0,0.0000,0.0000,0,0.0000,0.0000,0,0.0000,0.0000,0,0.0000,0.0000,0,0.0000,0.0000,0,0.0000,0.0000,0,0.0000,0.0000,0,0.0000,0.0000,0,0.0000,0.0000,0,0.0000,0.0000,0,0.0000,0.0000,0,0.0000,0.0000,0,0.0000,0.0000,0,0.0000,0.0000,0,0.0000,0.0000,0,0.0000,0.0000,0,0.0000,0.0000,0,0.0000,0.0000,0,0.0000,0.0000,0,0.0000,0.0000
404,0.000245,1,0.0270,0.0270,1,1.0000,1.0000,0,0.0000,0.0000,0,0.0000,0.0000,0,0.0000,0.0000,0,0.0000,0.0000,0,0.0000,0.0000,0,0.0000,0.0000,0,0.0000,0.0000,0,0.0000,0.0000,0,0.0000,0.0000,0,0.0000,0.0000,0,0.0000,0.0000,0,0.0000,0.0000,0,0.0000,0.0000,0,0.0000,0.0000,0,0.0000,0.0000,0,0.0000,0.0000,0,0.0000,0.0000,0,0.0000,0.0000,0,0.0000,0.0000,0,0.0000,0.0000,0,0.0000,0.0000,0,0.0000,0.0000,0,0.0000,0.0000,0,0.0000,0.0000,0,0.0000,0.0000,0,0.0000,0.0000,0,0.0000,0.0000,0,0.0000,0.0000,0,0.0000,0.0000,0,0.0000,0.0000,0,0.0000,0.0000,0,0.0000,0.0000,0,0.0000,0.0000,0,0.0000,0.0000,0,0.0000,0.0000,0,0.0000,0.0000
213,0.000235,2,0.0270,0.0270,0,0.0000,0.0000,0,0.0000,0.0000,0,0.0000,0.0000,0,0.0000,0.0000,0,0.0000,0.0000,0,0.0000,0.0000,0,0.0000,0.0000,0,0.0000,0.0000,0,0.0000,0.0000,0,0.0000,0.0000,0,0.0000,0.0000,0,0.0000,0.0000,0,0.0000,0.0000,0,0.0000,0.0000,0,0.0000,0.0000,0,0.0000,0.0000,0,0.0000,0.0000,0,0.0000,0.0000,0,0.0000,0.0000,0,0.0000,0.0000,0,0.0000,0.0000,0,0.0000,0.0000,0,0.0000,0.0000,0,0.0000,0.0000,0,0.0000,0.0000,0,0.0000,0.0000,0,0.0000,0.0000,0,0.0000,0.0000,0,0.0000,0.0000,0,0.0000,0.0000,0,0.0000,0.0000,0,0.0000,0.0000,0,0.0000,0.0000,0,0.0000,0.0000,2,1.0000,1.0000,0,0.0000,0.0000,0,0.0000,0.0000
393,0.000235,2,0.0270,0.0270,0,0.0000,0.0000,0,0.0000,0.0000,0,0.0000,0.0000,0,0.0000,0.0000,0,0.0000,0.0000,0,0.0000,0.0000,0,0.0000,0.0000,0,0.0000,0.0000,0,0.0000,0.0000,0,0.0000,0.0000,0,0.0000,0.0000,0,0.0000,0.0000,0,0.0000,0.0000,0,0.0000,0.0000,0,0.0000,0.0000,0,0.0000,0.0000,0,0.0000,0.0000,0,0.0000,0.0000,0,0.0000,0.0000,0,0.0000,0.0000,0,0.0000,0.0000,0,0.0000,0.0000,0,0.0000,0.0000,0,0.0000,0.0000,0,0.0000,0.0000,2,1.0000,1.0000,0,0.0000,0.0000,0,0.0000,0.0000,0,0.0000,0.0000,0,0.0000,0.0000,0,0.0000,0.0000,0,0.0000,0.0000,0,0.0000,0.0000,0,0.0000,0.0000,0,0.0000,0.0000,0,0.0000,0.0000,0,0.0000,0.0000
406,0.000235,1,0.0270,0.0270,0,0.0000,0.0000,0,0.0000,0.0000,0,0.0000,0.0000,0,0.0000,0.0000,0,0.0000,0.0000,0,0.0000,0.0000,0,0.0000,0.0000,0,0.0000,0.0000,0,0.0000,0.0000,0,0.0000,0.0000,0,0.0000,0.0000,0,0.0000,0.0000,0,0.0000,0.0000,0,0.0000,0.0000,0,0.0000,0.0000,0,0.0000,0.0000,0,0.0000,0.0000,0,0.0000,0.0000,1,1.0000,1.0000,0,0.0000,0.0000,0,0.0000,0.0000,0,0.0000,0.0000,0,0.0000,0.0000,0,0.0000,0.0000,0,0.0000,0.0000,0,0.0000,0.0000,0,0.0000,0.0000,0,0.0000,0.0000,0,0.0000,0.0000,0,0.0000,0.0000,0,0.0000,0.0000,0,0.0000,0.0000,0,0.0000,0.0000,0,0.0000,0.0000,0,0.0000,0.0000,0,0.0000,0.0000,0,0.0000,0.0000
409,0.000235,2,0.0270,0.0270,0,0.0000,0.0000,0,0.0000,0.0000,0,0.0000,0.0000,0,0.0000,0.0000,0,0.0000,0.0000,0,0.0000,0.0000,0,0.0000,0.0000,0,0.0000,0.0000,0,0.0000,0.0000,0,0.0000,0.0000,0,0.0000,0.0000,0,0.0000,0.0000,0,0.0000,0.0000,0,0.0000,0.0000,0,0.0000,0.0000,0,0.0000,0.0000,0,0.0000,0.0000,0,0.0000,0.0000,0,0.0000,0.0000,0,0.0000,0.0000,0,0.0000,0.0000,0,0.0000,0.0000,0,0.0000,0.0000,0,0.0000,0.0000,0,0.0000,0.0000,0,0.0000,0.0000,0,0.0000,0.0000,0,0.0000,0.0000,0,0.0000,0.0000,2,1.0000,1.0000,0,0.0000,0.0000,0,0.0000,0.0000,0,0.0000,0.0000,0,0.0000,0.0000,0,0.0000,0.0000,0,0.0000,0.0000,0,0.0000,0.0000
242,0.000230,2,0.0270,0.0270,0,0.0000,0.0000,0,0.0000,0.0000,0,0.0000,0.0000,0,0.0000,0.0000,0,0.0000,0.0000,2,1.0000,1.0000,0,0.0000,0.0000,0,0.0000,0.0000,0,0.0000,0.0000,0,0.0000,0.0000,0,0.0000,0.0000,0,0.0000,0.0000,0,0.0000,0.0000,0,0.0000,0.0000,0,0.0000,0.0000,0,0.0000,0.0000,0,0.0000,0.0000,0,0.0000,0.0000,0,0.0000,0.0000,0,0.0000,0.0000,0,0.0000,0.0000,0,0.0000,0.0000,0,0.0000,0.0000,0,0.0000,0.0000,0,0.0000,0.0000,0,0.0000,0.0000,0,0.0000,0.0000,0,0.0000,0.0000,0,0.0000,0.0000,0,0.0000,0.0000,0,0.0000,0.0000,0,0.0000,0.0000,0,0.0000,0.0000,0,0.0000,0.0000,0,0.0000,0.0000,0,0.0000,0.0000,0,0.0000,0.0000
247,0.000230,3,0.0270,0.0270,0,0.0000,0.0000,0,0.0000,0.0000,0,0.0000,0.0000,0,0.0000,0.0000,0,0.0000,0.0000,0,0.0000,0.0000,0,0.0000,0.0000,0,0.0000,0.0000,0,0.0000,0.0000,0,0.0000,0.0000,0,0.0000,0.0000,0,0.0000,0.0000,0,0.0000,0.0000,0,0.0000,0.0000,0,0.0000,0.0000,0,0.0000,0.0000,0,0.0000,0.0000,0,0.0000,0.0000,0,0.0000,0.0000,0,0.0000,0.0000,0,0.0000,0.0000,0,0.0000,0.0000,0,0.0000,0.0000,0,0.0000,0.0000,0,0.0000,0.0000,0,0.0000,0.0000,0,0.0000,0.0000,0,0.0000,0.0000,0,0.0000,0.0000,0,0.0000,0.0000,0,0.0000,0.0000,0,0.0000,0.0000,0,0.0000,0.0000,0,0.0000,0.0000,0,0.0000,0.0000,0,0.0000,0.0000,3,1.0000,1.0000
377,0.000230,2,0.0270,0.0270,0,0.0000,0.0000,0,0.0000,0.0000,0,0.0000,0.0000,0,0.0000,0.0000,0,0.0000,0.0000,1,0.5000,0.5000,0,0.0000,0.0000,0,0.0000,0.0000,0,0.0000,0.0000,0,0.0000,0.0000,0,0.0000,0.0000,0,0.0000,0.0000,0,0.0000,0.0000,0,0.0000,0.0000,0,0.0000,0.0000,0,0.0000,0.0000,1,0.5000,0.5000,0,0.0000,0.0000,0,0.0000,0.0000,0,0.0000,0.0000,0,0.0000,0.0000,0,0.0000,0.0000,0,0.0000,0.0000,0,0.0000,0.0000,0,0.0000,0.0000,0,0.0000,0.0000,0,0.0000,0.0000,0,0.0000,0.0000,0,0.0000,0.0000,0,0.0000,0.0000,0,0.0000,0.0000,0,0.0000,0.0000,0,0.0000,0.0000,0,0.0000,0.0000,0,0.0000,0.0000,0,0.0000,0.0000,0,0.0000,0.0000
431,0.000230,1,0.0270,0.0270,0,0.0000,0.0000,0,0.0000,0.0000,0,0.0000,0.0000,0,0.0000,0.0000,0,0.0000,0.0000,0,0.0000,0.0000,0,0.0000,0.0000,0,0.0000,0.0000,0,0.0000,0.0000,0,0.0000,0.0000,0,0.0000,0.0000,0,0.0000,0.0000,0,0.0000,0.0000,0,0.0000,0.0000,0,0.0000,0.0000,0,0.0000,0.0000,0,0.0000,0.0000,0,0.0000,0.0000,0,0.0000,0.0000,0,0.0000,0.0000,0,0.0000,0.0000,0,0.0000,0.0000,0,0.0000,0.0000,0,0.0000,0.0000,0,0.0000,0.0000,0,0.0000,0.0000,0,0.0000,0.0000,0,0.0000,0.0000,1,1.0000,1.0000,0,0.0000,0.0000,0,0.0000,0.0000,0,0.0000,0.0000,0,0.0000,0.0000,0,0.0000,0.0000,0,0.0000,0.0000,0,0.0000,0.0000,0,0.0000,0.0000
90,0.000225,4,0.0360,0.0180,0,0.0000,0.0000,0,0.0000,0.0000,0,0.0000,0.0000,0,0.0000,0.0000,0,0.0000,0.0000,2,0.6667,0.6667,0,0.0000,0.0000,0,0.0000,0.0000,0,0.0000,0.0000,0,0.0000,0.0000,0,0.0000,0.0000,0,0.0000,0.0000,0,0.0000,0.0000,0,0.0000,0.0000,0,0.0000,0.0000,0,0.0000,0.0000,0,0.0000,0.0000,0,0.0000,0.0000,0,0.0000,0.0000,0,0.0000,0.0000,0,0.0000,0.0000,0,0.0000,0.0000,0,0.0000,0.0000,0,0.0000,0.0000,0,0.0000,0.0000,0,0.0000,0.0000,0,0.0000,0.0000,0,0.0000,0.0000,0,0.0000,0.0000,1,0.3333,0.0000,0,0.0000,0.0000,0,0.0000,0.0000,0,0.0000,0.0000,0,0.0000,0.0000,0,0.0000,0.0000,0,0.0000,0.0000,1,0.3333,0.0000
197,0.000225,2,0.0270,0.0270,0,0.0000,0.0000,0,0.0000,0.0000,0,0.0000,0.0000,0,0.0000,0.0000,0,0.0000,0.0000,0,0.0000,0.0000,0,0.0000,0.0000,0,0.0000,0.0000,0,0.0000,0.0000,0,0.0000,0.0000,0,0.0000,0.0000,0,0.0000,0.0000,0,0.0000,0.0000,0,0.0000,0.0000,0,0.0000,0.0000,0,0.0000,0.0000,0,0.0000,0.0000,0,0.0000,0.0000,0,0.0000,0.0000,0,0.0000,0.0000,0,0.0000,0.0000,0,0.0000,0.0000,0,0.0000,0.0000,0,0.0000,0.0000,0,0.0000,0.0000,0,0.0000,0.0000,0,0.0000,0.0000,0,0.0000,0.0000,0,0.0000,0.0000,0,0.0000,0.0000,0,0.0000,0.0000,0,0.0000,0.0000,0,0.0000,0.0000,0,0.0000,0.0000,2,1.0000,1.0000,0,0.0000,0.0000,0,0.0000,0.0000
330,0.000225,1,0.0270,0.0270,0,0.0000,0.0000,0,0.0000,0.0000,0,0.0000,0.0000,0,0.0000,0.0000,0,0.0000,0.0000,0,0.0000,0.0000,0,0.0000,0.0000,0,0.0000,0.0000,0,0.0000,0.0000,0,0.0000,0.0000,0,0.0000,0.0000,0,0.0000,0.0000,0,0.0000,0.0000,0,0.0000,0.0000,0,0.0000,0.0000,0,0.0000,0.0000,0,0.0000,0.0000,0,0.0000,0.0000,0,0.0000,0.0000,0,0.0000,0.0000,0,0.0000,0.0000,0,0.0000,0.0000,0,0.0000,0.0000,0,0.0000,0.0000,0,0.0000,0.0000,0,0.0000,0.0000,0,0.0000,0.0000,0,0.0000,0.0000,0,0.0000,0.0000,0,0.0000,0.0000,0,0.0000,0.0000,0,0.0000,0.0000,0,0.0000,0.0000,1,1.0000,1.0000,0,0.0000,0.0000,0,0.0000,0.0000,0,0.0000,0.0000
194,0.000215,2,0.0270,0.0270,0,0.0000,0.0000,0,0.0000,0.0000,0,0.0000,0.0000,0,0.0000,0.0000,0,0.0000,0.0000,0,0.0000,0.0000,0,0.0000,0.0000,0,0.0000,0.0000,0,0.0000,0.0000,0,0.0000,0.0000,0,0.0000,0.0000,0,0.0000,0.0000,0,0.0000,0.0000,0,0.0000,0.0000,0,0.0000,0.0000,1,0.5000,0.5000,0,0.0000,0.0000,0,0.0000,0.0000,0,0.0000,0.0000,0,0.0000,0.0000,0,0.0000,0.0000,0,0.0000,0.0000,1,0.5000,0.5000,0,0.0000,0.0000,0,0.0000,0.0000,0,0.0000,0.0000,0,0.0000,0.0000,0,0.0000,0.0000,0,0.0000,0.0000,0,0.0000,0.0000,0,0.0000,0.0000,0,0.0000,0.0000,0,0.0000,0.0000,0,0.0000,0.0000,0,0.0000,0.0000,0,0.0000,0.0000,0,0.0000,0.0000
211,0.000215,1,0.0270,0.0270,0,0.0000,0.0000,0,0.0000,0.0000,0,0.0000,0.0000,0,0.0000,0.0000,1,1.0000,1.0000,0,0.0000,0.0000,0,0.0000,0.0000,0,0.0000,0.0000,0,0.0000,0.0000,0,0.0000,0.0000,0,0.0000,0.0000,0,0.0000,0.0000,0,0.0000,0.0000,0,0.0000,0.0000,0,0.0000,0.0000,0,0.0000,0.0000,0,0.0000,0.0000,0,0.0000,0.0000,0,0.0000,0.0000,0,0.0000,0.0000,0,0.0000,0.0000,0,0.0000,0.0000,0,0.0000,0.0000,0,0.0000,0.0000,0,0.0000,0.0000,0,0.0000,0.0000,0,0.0000,0.0000,0,0.0000,0.0000,0,0.0000,0.0000,0,0.0000,0.0000,0,0.0000,0.0000,0,0.0000,0.0000,0,0.0000,0.0000,0,0.0000,0.0000,0,0.0000,0.0000,0,0.0000,0.0000,0,0.0000,0.0000
426,0.000215,2,0.0270,0.0270,0,0.0000,0.0000,2,1.0000,1.0000,0,0.0000,0.0000,0,0.0000,0.0000,0,0.0000,0.0000,0,0.0000,0.0000,0,0.0000,0.0000,0,0.0000,0.0000,0,0.0000,0.0000,0,0.0000,0.0000,0,0.0000,0.0000,0,0.0000,0.0000,0,0.0000,0.0000,0,0.0000,0.0000,0,0.0000,0.0000,0,0.0000,0.0000,0,0.0000,0.0000,0,0.0000,0.0000,0,0.0000,0.0000,0,0.0000,0.0000,0,0.0000,0.0000,0,0.0000,0.0000,0,0.0000,0.0000,0,0.0000,0.0000,0,0.0000,0.0000,0,0.0000,0.0000,0,0.0000,0.0000,0,0.0000,0.0000,0,0.0000,0.0000,0,0.0000,0.0000,0,0.0000,0.0000,0,0.0000,0.0000,0,0.0000,0.0000,0,0.0000,0.0000,0,0.0000,0.0000,0,0.0000,0.0000,0,0.0000,0.0000
122,0.000210,2,0.0270,0.0270,0,0.0000,0.0000,0,0.0000,0.0000,0,0.0000,0.0000,0,0.0000,0.0000,0,0.0000,0.0000,0,0.0000,0.0000,0,0.0000,0.0000,0,0.0000,0.0000,0,0.0000,0.0000,0,0.0000,0.0000,0,0.0000,0.0000,0,0.0000,0.0000,0,0.0000,0.0000,1,0.5000,0.5000,0,0.0000,0.0000,0,0.0000,0.0000,0,0.0000,0.0000,0,0.0000,0.0000,0,0.0000,0.0000,0,0.0000,0.0000,0,0.0000,0.0000,0,0.0000,0.0000,0,0.0000,0.0000,0,0.0000,0.0000,0,0.0000,0.0000,0,0.0000,0.0000,0,0.0000,0.0000,0,0.0000,0.0000,0,0.0000,0.0000,0,0.0000,0.0000,1,0.5000,0.5000,0,0.0000,0.0000,0,0.0000,0.0000,0,0.0000,0.0000,0,0.0000,0.0000,0,0.0000,0.0000,0,0.0000,0.0000
391,0.000205,2,0.0270,0.0270,0,0.0000,0.0000,0,0.0000,0.0000,0,0.0000,0.0000,0,0.0000,0.0000,0,0.0000,0.0000,0,0.0000,0.0000,0,0.0000,0.0000,0,0.0000,0.0000,0,0.0000,0.0000,0,0.0000,0.0000,0,0.0000,0.0000,0,0.0000,0.0000,0,0.0000,0.0000,0,0.0000,0.0000,0,0.0000,0.0000,0,0.0000,0.0000,0,0.0000,0.0000,0,0.0000,0.0000,0,0.0000,0.0000,0,0.0000,0.0000,0,0.0000,0.0000,0,0.0000,0.0000,0,0.0000,0.0000,0,0.0000,0.0000,0,0.0000,0.0000,2,1.0000,1.0000,0,0.0000,0.0000,0,0.0000,0.0000,0,0.0000,0.0000,0,0.0000,0.0000,0,0.0000,0.0000,0,0.0000,0.0000,0,0.0000,0.0000,0,0.0000,0.0000,0,0.0000,0.0000,0,0.0000,0.0000,0,0.0000,0.0000
323,0.000200,2,0.0270,0.0270,0,0.0000,0.0000,2,1.0000,1.0000,0,0.0000,0.0000,0,0.0000,0.0000,0,0.0000,0.0000,0,0.0000,0.0000,0,0.0000,0.0000,0,0.0000,0.0000,0,0.0000,0.0000,0,0.0000,0.0000,0,0.0000,0.0000,0,0.0000,0.0000,0,0.0000,0.0000,0,0.0000,0.0000,0,0.0000,0.0000,0,0.0000,0.0000,0,0.0000,0.0000,0,0.0000,0.0000,0,0.0000,0.0000,0,0.0000,0.0000,0,0.0000,0.0000,0,0.0000,0.0000,0,0.0000,0.0000,0,0.0000,0.0000,0,0.0000,0.0000,0,0.0000,0.0000,0,0.0000,0.0000,0,0.0000,0.0000,0,0.0000,0.0000,0,0.0000,0.0000,0,0.0000,0.0000,0,0.0000,0.0000,0,0.0000,0.0000,0,0.0000,0.0000,0,0.0000,0.0000,0,0.0000,0.0000,0,0.0000,0.0000
326,0.000200,1,0.0270,0.0270,0,0.0000,0.0000,0,0.0000,0.0000,0,0.0000,0.0000,0,0.0000,0.0000,0,0.0000,0.0000,0,0.0000,0.0000,0,0.0000,0.0000,0,0.0000,0.0000,0,0.0000,0.0000,0,0.0000,0.0000,0,0.0000,0.0000,0,0.0000,0.0000,0,0.0000,0.0000,0,0.0000,0.0000,0,0.0000,0.0000,0,0.0000,0.0000,0,0.0000,0.0000,0,0.0000,0.0000,0,0.0000,0.0000,0,0.0000,0.0000,0,0.0000,0.0000,0,0.0000,0.0000,0,0.0000,0.0000,0,0.0000,0.0000,0,0.0000,0.0000,0,0.0000,0.0000,0,0.0000,0.0000,0,0.0000,0.0000,0,0.0000,0.0000,0,0.0000,0.0000,0,0.0000,0.0000,0,0.0000,0.0000,0,0.0000,0.0000,0,0.0000,0.0000,1,1.0000,1.0000,0,0.0000,0.0000,0,0.0000,0.0000
177,0.000195,1,0.0270,0.0270,0,0.0000,0.0000,0,0.0000,0.0000,0,0.0000,0.0000,0,0.0000,0.0000,0,0.0000,0.0000,0,0.0000,0.0000,0,0.0000,0.0000,0,0.0000,0.0000,0,0.0000,0.0000,0,0.0000,0.0000,0,0.0000,0.0000,0,0.0000,0.0000,0,0.0000,0.0000,0,0.0000,0.0000,0,0.0000,0.0000,0,0.0000,0.0000,0,0.0000,0.0000,0,0.0000,0.0000,1,1.0000,1.0000,0,0.0000,0.0000,0,0.0000,0.0000,0,0.0000,0.0000,0,0.0000,0.0000,0,0.0000,0.0000,0,0.0000,0.0000,0,0.0000,0.0000,0,0.0000,0.0000,0,0.0000,0.0000,0,0.0000,0.0000,0,0.0000,0.0000,0,0.0000,0.0000,0,0.0000,0.0000,0,0.0000,0.0000,0,0.0000,0.0000,0,0.0000,0.0000,0,0.0000,0.0000,0,0.0000,0.0000
110,0.000190,3,0.0405,0.0135,0,0.0000,0.0000,0,0.0000,0.0000,0,0.0000,0.0000,0,0.0000,0.0000,0,0.0000,0.0000,0,0.0000,0.0000,0,0.0000,0.0000,0,0.0000,0.0000,0,0.0000,0.0000,0,0.0000,0.0000,0,0.0000,0.0000,0,0.0000,0.0000,0,0.0000,0.0000,0,0.0000,0.0000,0,0.0000,0.0000,0,0.0000,0.0000,0,0.0000,0.0000,0,0.0000,0.0000,0,0.0000,0.0000,0,0.0000,0.0000,0,0.0000,0.0000,0,0.0000,0.0000,0,0.0000,0.0000,0,0.0000,0.0000,0,0.0000,0.0000,0,0.0000,0.0000,0,0.0000,0.0000,0,0.0000,0.0000,0,0.0000,0.0000,2,1.0000,0.5000,0,0.0000,0.0000,0,0.0000,0.0000,0,0.0000,0.0000,0,0.0000,0.0000,0,0.0000,0.0000,0,0.0000,0.0000,1,0.5000,0.0000
192,0.000190,1,0.0270,0.0270,0,0.0000,0.0000,0,0.0000,0.0000,0,0.0000,0.0000,0,0.0000,0.0000,1,1.0000,1.0000,0,0.0000,0.0000,0,0.0000,0.0000,0,0.0000,0.0000,0,0.0000,0.0000,0,0.0000,0.0000,0,0.0000,0.0000,0,0.0000,0.0000,0,0.0000,0.0000,0,0.0000,0.0000,0,0.0000,0.0000,0,0.0000,0.0000,0,0.0000,0.0000,0,0.0000,0.0000,0,0.0000,0.0000,0,0.0000,0.0000,0,0.0000,0.0000,0,0.0000,0.0000,0,0.0000,0.0000,0,0.0000,0.0000,0,0.0000,0.0000,0,0.0000,0.0000,0,0.0000,0.0000,0,0.0000,0.0000,0,0.0000,0.0000,0,0.0000,0.0000,0,0.0000,0.0000,0,0.0000,0.0000,0,0.0000,0.0000,0,0.0000,0.0000,0,0.0000,0.0000,0,0.0000,0.0000,0,0.0000,0.0000
411,0.000190,1,0.0270,0.0270,0,0.0000,0.0000,0,0.0000,0.0000,0,0.0000,0.0000,0,0.0000,0.0000,0,0.0000,0.0000,0,0.0000,0.0000,0,0.0000,0.0000,0,0.0000,0.0000,0,0.0000,0.0000,0,0.0000,0.0000,0,0.0000,0.0000,0,0.0000,0.0000,0,0.0000,0.0000,0,0.0000,0.0000,1,1.0000,1.0000,0,0.0000,0.0000,0,0.0000,0.0000,0,0.0000,0.0000,0,0.0000,0.0000,0,0.0000,0.0000,0,0.0000,0.0000,0,0.0000,0.0000,0,0.0000,0.0000,0,0.0000,0.0000,0,0.0000,0.0000,0,0.0000,0.0000,0,0.0000,0.0000,0,0.0000,0.0000,0,0.0000,0.0000,0,0.0000,0.0000,0,0.0000,0.0000,0,0.0000,0.0000,0,0.0000,0.0000,0,0.0000,0.0000,0,0.0000,0.0000,0,0.0000,0.0000,0,0.0000,0.0000
175,0.000185,2,0.0270,0.0270,0,0.0000,0.0000,0,0.0000,0.0000,0,0.0000,0.0000,0,0.0000,0.0000,0,0.0000,0.0000,0,0.0000,0.0000,0,0.0000,0.0000,2,1.0000,1.0000,0,0.0000,0.0000,0,0.0000,0.0000,0,0.0000,0.0000,0,0.0000,0.0000,0,0.0000,0.0000,0,0.0000,0.0000,0,0.0000,0.0000,0,0.0000,0.0000,0,0.0000,0.0000,0,0.0000,0.0000,0,0.0000,0.0000,0,0.0000,0.0000,0,0.0000,0.0000,0,0.0000,0.0000,0,0.0000,0.0000,0,0.0000,0.0000,0,0.0000,0.0000,0,0.0000,0.0000,0,0.0000,0.0000,0,0.0000,0.0000,0,0.0000,0.0000,0,0.0000,0.0000,0,0.0000,0.0000,0,0.0000,0.0000,0,0.0000,0.0000,0,0.0000,0.0000,0,0.0000,0.0000,0,0.0000,0.0000,0,0.0000,0.0000
125,0.000180,2,0.0270,0.0270,1,0.5000,0.5000,0,0.0000,0.0000,0,0.0000,0.0000,0,0.0000,0.0000,0,0.0000,0.0000,0,0.0000,0.0000,0,0.0000,0.0000,0,0.0000,0.0000,0,0.0000,0.0000,0,0.0000,0.0000,0,0.0000,0.0000,0,0.0000,0.0000,0,0.0000,0.0000,1,0.5000,0.5000,0,0.0000,0.0000,0,0.0000,0.0000,0,0.0000,0.0000,0,0.0000,0.0000,0,0.0000,0.0000,0,0.0000,0.0000,0,0.0000,0.0000,0,0.0000,0.0000,0,0.0000,0.0000,0,0.0000,0.0000,0,0.0000,0.0000,0,0.0000,0.0000,0,0.0000,0.0000,0,0.0000,0.0000,0,0.0000,0.0000,0,0.0000,0.0000,0,0.0000,0.0000,0,0.0000,0.0000,0,0.0000,0.0000,0,0.0000,0.0000,0,0.0000,0.0000,0,0.0000,0.0000,0,0.0000,0.0000
171,0.000180,2,0.0270,0.0270,1,0.5000,0.5000,0,0.0000,0.0000,0,0.0000,0.0000,0,0.0000,0.0000,0,0.0000,0.0000,0,0.0000,0.0000,0,0.0000,0.0000,0,0.0000,0.0000,0,0.0000,0.0000,0,0.0000,0.0000,0,0.0000,0.0000,0,0.0000,0.0000,0,0.0000,0.0000,0,0.0000,0.0000,0,0.0000,0.0000,0,0.0000,0.0000,0,0.0000,0.0000,0,0.0000,0.0000,0,0.0000,0.0000,0,0.0000,0.0000,0,0.0000,0.0000,0,0.0000,0.0000,0,0.0000,0.0000,1,0.5000,0.5000,0,0.0000,0.0000,0,0.0000,0.0000,0,0.0000,0.0000,0,0.0000,0.0000,0,0.0000,0.0000,0,0.0000,0.0000,0,0.0000,0.0000,0,0.0000,0.0000,0,0.0000,0.0000,0,0.0000,0.0000,0,0.0000,0.0000,0,0.0000,0.0000,0,0.0000,0.0000
430,0.000180,2,0.0270,0.0270,0,0.0000,0.0000,1,0.5000,0.5000,0,0.0000,0.0000,0,0.0000,0.0000,0,0.0000,0.0000,0,0.0000,0.0000,0,0.0000,0.0000,0,0.0000,0.0000,0,0.0000,0.0000,0,0.0000,0.0000,0,0.0000,0.0000,0,0.0000,0.0000,0,0.0000,0.0000,0,0.0000,0.0000,0,0.0000,0.0000,0,0.0000,0.0000,0,0.0000,0.0000,0,0.0000,0.0000,0,0.0000,0.0000,0,0.0000,0.0000,0,0.0000,0.0000,0,0.0000,0.0000,0,0.0000,0.0000,0,0.0000,0.0000,0,0.0000,0.0000,1,0.5000,0.5000,0,0.0000,0.0000,0,0.0000,0.0000,0,0.0000,0.0000,0,0.0000,0.0000,0,0.0000,0.0000,0,0.0000,0.0000,0,0.0000,0.0000,0,0.0000,0.0000,0,0.0000,0.0000,0,0.0000,0.0000,0,0.0000,0.0000
436,0.000180,2,0.0270,0.0270,0,0.0000,0.0000,0,0.0000,0.0000,0,0.0000,0.0000,0,0.0000,0.0000,0,0.0000,0.0000,0,0.0000,0.0000,0,0.0000,0.0000,0,0.0000,0.0000,0,0.0000,0.0000,0,0.0000,0.0000,0,0.0000,0.0000,0,0.0000,0.0000,0,0.0000,0.0000,0,0.0000,0.0000,0,0.0000,0.0000,0,0.0000,0.0000,0,0.0000,0.0000,0,0.0000,0.0000,0,0.0000,0.0000,0,0.0000,0.0000,0,0.0000,0.0000,0,0.0000,0.0000,0,0.0000,0.0000,0,0.0000,0.0000,0,0.0000,0.0000,0,0.0000,0.0000,2,1.0000,1.0000,0,0.0000,0.0000,0,0.0000,0.0000,0,0.0000,0.0000,0,0.0000,0.0000,0,0.0000,0.0000,0,0.0000,0.0000,0,0.0000,0.0000,0,0.0000,0.0000,0,0.0000,0.0000,0,0.0000,0.0000
438,0.000180,1,0.0270,0.0270,0,0.0000,0.0000,0,0.0000,0.0000,0,0.0000,0.0000,0,0.0000,0.0000,0,0.0000,0.0000,0,0.0000,0.0000,0,0.0000,0.0000,0,0.0000,0.0000,0,0.0000,0.0000,0,0.0000,0.0000,0,0.0000,0.0000,0,0.0000,0.0000,0,0.0000,0.0000,0,0.0000,0.0000,0,0.0000,0.0000,0,0.0000,0.0000,0,0.0000,0.0000,0,0.0000,0.0000,0,0.0000,0.0000,0,0.0000,0.0000,0,0.0000,0.0000,0,0.0000,0.0000,0,0.0000,0.0000,1,1.0000,1.0000,0,0.0000,0.0000,0,0.0000,0.0000,0,0.0000,0.0000,0,0.0000,0.0000,0,0.0000,0.0000,0,0.0000,0.0000,0,0.0000,0.0000,0,0.0000,0.0000,0,0.0000,0.0000,0,0.0000,0.0000,0,0.0000,0.0000,0,0.0000,0.0000,0,0.0000,0.0000
150,0.000175,1,0.0270,0.0270,0,0.0000,0.0000,0,0.0000,0.0000,0,0.0000,0.0000,0,0.0000,0.0000,0,0.0000,0.0000,0,0.0000,0.0000,0,0.0000,0.0000,0,0.0000,0.0000,0,0.0000,0.0000,0,0.0000,0.0000,0,0.0000,0.0000,0,0.0000,0.0000,0,0.0000,0.0000,0,0.0000,0.0000,0,0.0000,0.0000,0,0.0000,0.0000,0,0.0000,0.0000,0,0.0000,0.0000,1,1.0000,1.0000,0,0.0000,0.0000,0,0.0000,0.0000,0,0.0000,0.0000,0,0.0000,0.0000,0,0.0000,0.0000,0,0.0000,0.0000,0,0.0000,0.0000,0,0.0000,0.0000,0,0.0000,0.0000,0,0.0000,0.0000,0,0.0000,0.0000,0,0.0000,0.0000,0,0.0000,0.0000,0,0.0000,0.0000,0,0.0000,0.0000,0,0.0000,0.0000,0,0.0000,0.0000,0,0.0000,0.0000
236,0.000175,2,0.0270,0.0270,0,0.0000,0.0000,0,0.0000,0.0000,0,0.0000,0.0000,0,0.0000,0.0000,0,0.0000,0.0000,0,0.0000,0.0000,0,0.0000,0.0000,0,0.0000,0.0000,0,0.0000,0.0000,2,1.0000,1.0000,0,0.0000,0.0000,0,0.0000,0.0000,0,0.0000,0.0000,0,0.0000,0.0000,0,0.0000,0.0000,0,0.0000,0.0000,0,0.0000,0.0000,0,0.0000,0.0000,0,0.0000,0.0000,0,0.0000,0.0000,0,0.0000,0.0000,0,0.0000,0.0000,0,0.0000,0.0000,0,0.0000,0.0000,0,0.0000,0.0000,0,0.0000,0.0000,0,0.0000,0.0000,0,0.0000,0.0000,0,0.0000,0.0000,0,0.0000,0.0000,0,0.0000,0.0000,0,0.0000,0.0000,0,0.0000,0.0000,0,0.0000,0.0000,0,0.0000,0.0000,0,0.0000,0.0000,0,0.0000,0.0000
335,0.000175,2,0.0270,0.0270,0,0.0000,0.0000,0,0.0000,0.0000,0,0.0000,0.0000,0,0.0000,0.0000,0,0.0000,0.0000,0,0.0000,0.0000,0,0.0000,0.0000,1,0.5000,0.5000,0,0.0000,0.0000,0,0.0000,0.0000,0,0.0000,0.0000,0,0.0000,0.0000,0,0.0000,0.0000,0,0.0000,0.0000,0,0.0000,0.0000,0,0.0000,0.0000,0,0.0000,0.0000,0,0.0000,0.0000,0,0.0000,0.0000,0,0.0000,0.0000,0,0.0000,0.0000,0,0.0000,0.0000,0,0.0000,0.0000,0,0.0000,0.0000,0,0.0000,0.0000,0,0.0000,0.0000,0,0.0000,0.0000,0,0.0000,0.0000,0,0.0000,0.0000,0,0.0000,0.0000,0,0.0000,0.0000,0,0.0000,0.0000,0,0.0000,0.0000,0,0.0000,0.0000,0,0.0000,0.0000,0,0.0000,0.0000,1,0.5000,0.5000
161,0.000170,1,0.0270,0.0270,0,0.0000,0.0000,0,0.0000,0.0000,0,0.0000,0.0000,0,0.0000,0.0000,1,1.0000,1.0000,0,0.0000,0.0000,0,0.0000,0.0000,0,0.0000,0.0000,0,0.0000,0.0000,0,0.0000,0.0000,0,0.0000,0.0000,0,0.0000,0.0000,0,0.0000,0.0000,0,0.0000,0.0000,0,0.0000,0.0000,0,0.0000,0.0000,0,0.0000,0.0000,0,0.0000,0.0000,0,0.0000,0.0000,0,0.0000,0.0000,0,0.0000,0.0000,0,0.0000,0.0000,0,0.0000,0.0000,0,0.0000,0.0000,0,0.0000,0.0000,0,0.0000,0.0000,0,0.0000,0.0000,0,0.0000,0.0000,0,0.0000,0.0000,0,0.0000,0.0000,0,0.0000,0.0000,0,0.0000,0.0000,0,0.0000,0.0000,0,0.0000,0.0000,0,0.0000,0.0000,0,0.0000,0.0000,0,0.0000,0.0000
289,0.000170,2,0.0270,0.0270,0,0.0000,0.0000,0,0.0000,0.0000,0,0.0000,0.0000,0,0.0000,0.0000,0,0.0000,0.0000,0,0.0000,0.0000,0,0.0000,0.0000,0,0.0000,0.0000,0,0.0000,0.0000,2,1.0000,1.0000,0,0.0000,0.0000,0,0.0000,0.0000,0,0.0000,0.0000,0,0.0000,0.0000,0,0.0000,0.0000,0,0.0000,0.0000,0,0.0000,0.0000,0,0.0000,0.0000,0,0.0000,0.0000,0,0.0000,0.0000,0,0.0000,0.0000,0,0.0000,0.0000,0,0.0000,0.0000,0,0.0000,0.0000,0,0.0000,0.0000,0,0.0000,0.0000,0,0.0000,0.0000,0,0.0000,0.0000,0,0.0000,0.0000,0,0.0000,0.0000,0,0.0000,0.0000,0,0.0000,0.0000,0,0.0000,0.0000,0,0.0000,0.0000,0,0.0000,0.0000,0,0.0000,0.0000,0,0.0000,0.0000
312,0.000170,3,0.0405,0.0135,0,0.0000,0.0000,0,0.0000,0.0000,0,0.0000,0.0000,0,0.0000,0.0000,0,0.0000,0.0000,0,0.0000,0.0000,0,0.0000,0.0000,0,0.0000,0.0000,0,0.0000,0.0000,0,0.0000,0.0000,0,0.0000,0.0000,1,0.5000,0.0000,0,0.0000,0.0000,0,0.0000,0.0000,0,0.0000,0.0000,0,0.0000,0.0000,0,0.0000,0.0000,0,0.0000,0.0000,0,0.0000,0.0000,0,0.0000,0.0000,1,0.5000,0.5000,1,0.5000,0.0000,0,0.0000,0.0000,0,0.0000,0.0000,0,0.0000,0.0000,0,0.0000,0.0000,0,0.0000,0.0000,0,0.0000,0.0000,0,0.0000,0.0000,0,0.0000,0.0000,0,0.0000,0.0000,0,0.0000,0.0000,0,0.0000,0.0000,0,0.0000,0.0000,0,0.0000,0.0000,0,0.0000,0.0000,0,0.0000,0.0000
169,0.000165,1,0.0270,0.0270,0,0.0000,0.0000,0,0.0000,0.0000,0,0.0000,0.0000,0,0.0000,0.0000,0,0.0000,0.0000,0,0.0000,0.0000,0,0.0000,0.0000,0,0.0000,0.0000,0,0.0000,0.0000,0,0.0000,0.0000,0,0.0000,0.0000,0,0.0000,0.0000,0,0.0000,0.0000,0,0.0000,0.0000,0,0.0000,0.0000,0,0.0000,0.0000,0,0.0000,0.0000,0,0.0000,0.0000,0,0.0000,0.0000,0,0.0000,0.0000,0,0.0000,0.0000,0,0.0000,0.0000,0,0.0000,0.0000,0,0.0000,0.0000,0,0.0000,0.0000,0,0.0000,0.0000,0,0.0000,0.0000,0,0.0000,0.0000,0,0.0000,0.0000,0,0.0000,0.0000,1,1.0000,1.0000,0,0.0000,0.0000,0,0.0000,0.0000,0,0.0000,0.0000,0,0.0000,0.0000,0,0.0000,0.0000,0,0.0000,0.0000
190,0.000160,1,0.0270,0.0270,0,0.0000,0.0000,0,0.0000,0.0000,0,0.0000,0.0000,0,0.0000,0.0000,1,1.0000,1.0000,0,0.0000,0.0000,0,0.0000,0.0000,0,0.0000,0.0000,0,0.0000,0.0000,0,0.0000,0.0000,0,0.0000,0.0000,0,0.0000,0.0000,0,0.0000,0.0000,0,0.0000,0.0000,0,0.0000,0.0000,0,0.0000,0.0000,0,0.0000,0.0000,0,0.0000,0.0000,0,0.0000,0.0000,0,0.0000,0.0000,0,0.0000,0.0000,0,0.0000,0.0000,0,0.0000,0.0000,0,0.0000,0.0000,0,0.0000,0.0000,0,0.0000,0.0000,0,0.0000,0.0000,0,0.0000,0.0000,0,0.0000,0.0000,0,0.0000,0.0000,0,0.0000,0.0000,0,0.0000,0.0000,0,0.0000,0.0000,0,0.0000,0.0000,0,0.0000,0.0000,0,0.0000,0.0000,0,0.0000,0.0000
252,0.000155,1,0.0270,0.0270,0,0.0000,0.0000,0,0.0000,0.0000,0,0.0000,0.0000,0,0.0000,0.0000,1,1.0000,1.0000,0,0.0000,0.0000,0,0.0000,0.0000,0,0.0000,0.0000,0,0.0000,0.0000,0,0.0000,0.0000,0,0.0000,0.0000,0,0.0000,0.0000,0,0.0000,0.0000,0,0.0000,0.0000,0,0.0000,0.0000,0,0.0000,0.0000,0,0.0000,0.0000,0,0.0000,0.0000,0,0.0000,0.0000,0,0.0000,0.0000,0,0.0000,0.0000,0,0.0000,0.0000,0,0.0000,0.0000,0,0.0000,0.0000,0,0.0000,0.0000,0,0.0000,0.0000,0,0.0000,0.0000,0,0.0000,0.0000,0,0.0000,0.0000,0,0.0000,0.0000,0,0.0000,0.0000,0,0.0000,0.0000,0,0.0000,0.0000,0,0.0000,0.0000,0,0.0000,0.0000,0,0.0000,0.0000,0,0.0000,0.0000
397,0.000155,1,0.0270,0.0270,0,0.0000,0.0000,0,0.0000,0.0000,0,0.0000,0.0000,0,0.0000,0.0000,0,0.0000,0.0000,0,0.0000,0.0000,0,0.0000,0.0000,0,0.0000,0.0000,0,0.0000,0.0000,0,0.0000,0.0000,0,0.0000,0.0000,0,0.0000,0.0000,0,0.0000,0.0000,0,0.0000,0.0000,0,0.0000,0.0000,1,1.0000,1.0000,0,0.0000,0.0000,0,0.0000,0.0000,0,0.0000,0.0000,0,0.0000,0.0000,0,0.0000,0.0000,0,0.0000,0.0000,0,0.0000,0.0000,0,0.0000,0.0000,0,0.0000,0.0000,0,0.0000,0.0000,0,0.0000,0.0000,0,0.0000,0.0000,0,0.0000,0.0000,0,0.0000,0.0000,0,0.0000,0.0000,0,0.0000,0.0000,0,0.0000,0.0000,0,0.0000,0.0000,0,0.0000,0.0000,0,0.0000,0.0000,0,0.0000,0.0000
280,0.000150,2,0.0270,0.0270,0,0.0000,0.0000,0,0.0000,0.0000,0,0.0000,0.0000,0,0.0000,0.0000,0,0.0000,0.0000,0,0.0000,0.0000,0,0.0000,0.0000,0,0.0000,0.0000,0,0.0000,0.0000,0,0.0000,0.0000,0,0.0000,0.0000,0,0.0000,0.0000,0,0.0000,0.0000,0,0.0000,0.0000,0,0.0000,0.0000,0,0.0000,0.0000,0,0.0000,0.0000,0,0.0000,0.0000,0,0.0000,0.0000,0,0.0000,0.0000,0,0.0000,0.0000,2,1.0000,1.0000,0,0.0000,0.0000,0,0.0000,0.0000,0,0.0000,0.0000,0,0.0000,0.0000,0,0.0000,0.0000,0,0.0000,0.0000,0,0.0000,0.0000,0,0.0000,0.0000,0,0.0000,0.0000,0,0.0000,0.0000,0,0.0000,0.0000,0,0.0000,0.0000,0,0.0000,0.0000,0,0.0000,0.0000,0,0.0000,0.0000
273,0.000145,2,0.0270,0.0270,0,0.0000,0.0000,0,0.0000,0.0000,0,0.0000,0.0000,0,0.0000,0.0000,0,0.0000,0.0000,0,0.0000,0.0000,0,0.0000,0.0000,0,0.0000,0.0000,0,0.0000,0.0000,0,0.0000,0.0000,0,0.0000,0.0000,0,0.0000,0.0000,0,0.0000,0.0000,0,0.0000,0.0000,0,0.0000,0.0000,0,0.0000,0.0000,0,0.0000,0.0000,0,0.0000,0.0000,0,0.0000,0.0000,0,0.0000,0.0000,0,0.0000,0.0000,2,1.0000,1.0000,0,0.0000,0.0000,0,0.0000,0.0000,0,0.0000,0.0000,0,0.0000,0.0000,0,0.0000,0.0000,0,0.0000,0.0000,0,0.0000,0.0000,0,0.0000,0.0000,0,0.0000,0.0000,0,0.0000,0.0000,0,0.0000,0.0000,0,0.0000,0.0000,0,0.0000,0.0000,0,0.0000,0.0000,0,0.0000,0.0000
379,0.000145,1,0.0270,0.0270,0,0.0000,0.0000,0,0.0000,0.0000,0,0.0000,0.0000,0,0.0000,0.0000,1,1.0000,1.0000,0,0.0000,0.0000,0,0.0000,0.0000,0,0.0000,0.0000,0,0.0000,0.0000,0,0.0000,0.0000,0,0.0000,0.0000,0,0.0000,0.0000,0,0.0000,0.0000,0,0.0000,0.0000,0,0.0000,0.0000,0,0.0000,0.0000,0,0.0000,0.0000,0,0.0000,0.0000,0,0.0000,0.0000,0,0.0000,0.0000,0,0.0000,0.0000,0,0.0000,0.0000,0,0.0000,0.0000,0,0.0000,0.0000,0,0.0000,0.0000,0,0.0000,0.0000,0,0.0000,0.0000,0,0.0000,0.0000,0,0.0000,0.0000,0,0.0000,0.0000,0,0.0000,0.0000,0,0.0000,0.0000,0,0.0000,0.0000,0,0.0000,0.0000,0,0.0000,0.0000,0,0.0000,0.0000,0,0.0000,0.0000
113,0.000140,1,0.0270,0.0270,0,0.0000,0.0000,0,0.0000,0.0000,0,0.0000,0.0000,0,0.0000,0.0000,0,0.0000,0.0000,0,0.0000,0.0000,0,0.0000,0.0000,0,0.0000,0.0000,0,0.0000,0.0000,0,0.0000,0.0000,0,0.0000,0.0000,0,0.0000,0.0000,0,0.0000,0.0000,0,0.0000,0.0000,0,0.0000,0.0000,0,0.0000,0.0000,0,0.0000,0.0000,0,0.0000,0.0000,0,0.0000,0.0000,0,0.0000,0.0000,0,0.0000,0.0000,0,0.0000,0.0000,0,0.0000,0.0000,0,0.0000,0.0000,0,0.0000,0.0000,0,0.0000,0.0000,0,0.0000,0.0000,0,0.0000,0.0000,0,0.0000,0.0000,0,0.0000,0.0000,1,1.0000,1.0000,0,0.0000,0.0000,0,0.0000,0.0000,0,0.0000,0.0000,0,0.0000,0.0000,0,0.0000,0.0000,0,0.0000,0.0000
370,0.000135,1,0.0270,0.0270,0,0.0000,0.0000,0,0.0000,0.0000,0,0.0000,0.0000,0,0.0000,0.0000,0,0.0000,0.0000,0,0.0000,0.0000,0,0.0000,0.0000,1,1.0000,1.0000,0,0.0000,0.0000,0,0.0000,0.0000,0,0.0000,0.0000,0,0.0000,0.0000,0,0.0000,0.0000,0,0.0000,0.0000,0,0.0000,0.0000,0,0.0000,0.0000,0,0.0000,0.0000,0,0.0000,0.0000,0,0.0000,0.0000,0,0.0000,0.0000,0,0.0000,0.0000,0,0.0000,0.0000,0,0.0000,0.0000,0,0.0000,0.0000,0,0.0000,0.0000,0,0.0000,0.0000,0,0.0000,0.0000,0,0.0000,0.0000,0,0.0000,0.0000,0,0.0000,0.0000,0,0.0000,0.0000,0,0.0000,0.0000,0,0.0000,0.0000,0,0.0000,0.0000,0,0.0000,0.0000,0,0.0000,0.0000,0,0.0000,0.0000
124,0.000130,1,0.0270,0.0270,0,0.0000,0.0000,0,0.0000,0.0000,0,0.0000,0.0000,0,0.0000,0.0000,0,0.0000,0.0000,0,0.0000,0.0000,0,0.0000,0.0000,0,0.0000,0.0000,0,0.0000,0.0000,0,0.0000,0.0000,0,0.0000,0.0000,0,0.0000,0.0000,0,0.0000,0.0000,1,1.0000,1.0000,0,0.0000,0.0000,0,0.0000,0.0000,0,0.0000,0.0000,0,0.0000,0.0000,0,0.0000,0.0000,0,0.0000,0.0000,0,0.0000,0.0000,0,0.0000,0.0000,0,0.0000,0.0000,0,0.0000,0.0000,0,0.0000,0.0000,0,0.0000,0.0000,0,0.0000,0.0000,0,0.0000,0.0000,0,0.0000,0.0000,0,0.0000,0.0000,0,0.0000,0.0000,0,0.0000,0.0000,0,0.0000,0.0000,0,0.0000,0.0000,0,0.0000,0.0000,0,0.0000,0.0000,0,0.0000,0.0000
278,0.000130,1,0.0270,0.0270,0,0.0000,0.0000,0,0.0000,0.0000,0,0.0000,0.0000,0,0.0000,0.0000,0,0.0000,0.0000,0,0.0000,0.0000,0,0.0000,0.0000,1,1.0000,1.0000,0,0.0000,0.0000,0,0.0000,0.0000,0,0.0000,0.0000,0,0.0000,0.0000,0,0.0000,0.0000,0,0.0000,0.0000,0,0.0000,0.0000,0,0.0000,0.0000,0,0.0000,0.0000,0,0.0000,0.0000,0,0.0000,0.0000,0,0.0000,0.0000,0,0.0000,0.0000,0,0.0000,0.0000,0,0.0000,0.0000,0,0.0000,0.0000,0,0.0000,0.0000,0,0.0000,0.0000,0,0.0000,0.0000,0,0.0000,0.0000,0,0.0000,0.0000,0,0.0000,0.0000,0,0.0000,0.0000,0,0.0000,0.0000,0,0.0000,0.0000,0,0.0000,0.0000,0,0.0000,0.0000,0,0.0000,0.0000,0,0.0000,0.0000
314,0.000130,1,0.0270,0.0270,0,0.0000,0.0000,0,0.0000,0.0000,0,0.0000,0.0000,0,0.0000,0.0000,0,0.0000,0.0000,0,0.0000,0.0000,0,0.0000,0.0000,0,0.0000,0.0000,0,0.0000,0.0000,0,0.0000,0.0000,0,0.0000,0.0000,0,0.0000,0.0000,1,1.0000,1.0000,0,0.0000,0.0000,0,0.0000,0.0000,0,0.0000,0.0000,0,0.0000,0.0000,0,0.0000,0.0000,0,0.0000,0.0000,0,0.0000,0.0000,0,0.0000,0.0000,0,0.0000,0.0000,0,0.0000,0.0000,0,0.0000,0.0000,0,0.0000,0.0000,0,0.0000,0.0000,0,0.0000,0.0000,0,0.0000,0.0000,0,0.0000,0.0000,0,0.0000,0.0000,0,0.0000,0.0000,0,0.0000,0.0000,0,0.0000,0.0000,0,0.0000,0.0000,0,0.0000,0.0000,0,0.0000,0.0000,0,0.0000,0.0000
320,0.000130,2,0.0270,0.0270,0,0.0000,0.0000,0,0.0000,0.0000,0,0.0000,0.0000,0,0.0000,0.0000,0,0.0000,0.0000,0,0.0000,0.0000,0,0.0000,0.0000,0,0.0000,0.0000,0,0.0000,0.0000,2,1.0000,1.0000,0,0.0000,0.0000,0,0.0000,0.0000,0,0.0000,0.0000,0,0.0000,0.0000,0,0.0000,0.0000,0,0.0000,0.0000,0,0.0000,0.0000,0,0.0000,0.0000,0,0.0000,0.0000,0,0.0000,0.0000,0,0.0000,0.0000,0,0.0000,0.0000,0,0.0000,0.0000,0,0.0000,0.0000,0,0.0000,0.0000,0,0.0000,0.0000,0,0.0000,0.0000,0,0.0000,0.0000,0,0.0000,0.0000,0,0.0000,0.0000,0,0.0000,0.0000,0,0.0000,0.0000,0,0.0000,0.0000,0,0.0000,0.0000,0,0.0000,0.0000,0,0.0000,0.0000,0,0.0000,0.0000
376,0.000130,1,0.0270,0.0270,0,0.0000,0.0000,0,0.0000,0.0000,0,0.0000,0.0000,0,0.0000,0.0000,0,0.0000,0.0000,1,1.0000,1.0000,0,0.0000,0.0000,0,0.0000,0.0000,0,0.0000,0.0000,0,0.0000,0.0000,0,0.0000,0.0000,0,0.0000,0.0000,0,0.0000,0.0000,0,0.0000,0.0000,0,0.0000,0.0000,0,0.0000,0.0000,0,0.0000,0.0000,0,0.0000,0.0000,0,0.0000,0.0000,0,0.0000,0.0000,0,0.0000,0.0000,0,0.0000,0.0000,0,0.0000,0.0000,0,0.0000,0.0000,0,0.0000,0.0000,0,0.0000,0.0000,0,0.0000,0.0000,0,0.0000,0.0000,0,0.0000,0.0000,0,0.0000,0.0000,0,0.0000,0.0000,0,0.0000,0.0000,0,0.0000,0.0000,0,0.0000,0.0000,0,0.0000,0.0000,0,0.0000,0.0000,0,0.0000,0.0000
341,0.000125,1,0.0270,0.0270,0,0.0000,0.0000,0,0.0000,0.0000,0,0.0000,0.0000,0,0.0000,0.0000,0,0.0000,0.0000,0,0.0000,0.0000,0,0.0000,0.0000,0,0.0000,0.0000,0,0.0000,0.0000,0,0.0000,0.0000,0,0.0000,0.0000,0,0.0000,0.0000,0,0.0000,0.0000,0,0.0000,0.0000,0,0.0000,0.0000,0,0.0000,0.0000,0,0.0000,0.0000,0,0.0000,0.0000,0,0.0000,0.0000,0,0.0000,0.0000,0,0.0000,0.0000,0,0.0000,0.0000,0,0.0000,0.0000,0,0.0000,0.0000,0,0.0000,0.0000,0,0.0000,0.0000,0,0.0000,0.0000,1,1.0000,1.0000,0,0.0000,0.0000,0,0.0000,0.0000,0,0.0000,0.0000,0,0.0000,0.0000,0,0.0000,0.0000,0,0.0000,0.0000,0,0.0000,0.0000,0,0.0000,0.0000,0,0.0000,0.0000
365,0.000125,1,0.0270,0.0270,0,0.0000,0.0000,1,1.0000,1.0000,0,0.0000,0.0000,0,0.0000,0.0000,0,0.0000,0.0000,0,0.0000,0.0000,0,0.0000,0.0000,0,0.0000,0.0000,0,0.0000,0.0000,0,0.0000,0.0000,0,0.0000,0.0000,0,0.0000,0.0000,0,0.0000,0.0000,0,0.0000,0.0000,0,0.0000,0.0000,0,0.0000,0.0000,0,0.0000,0.0000,0,0.0000,0.0000,0,0.0000,0.0000,0,0.0000,0.0000,0,0.0000,0.0000,0,0.0000,0.0000,0,0.0000,0.0000,0,0.0000,0.0000,0,0.0000,0.0000,0,0.0000,0.0000,0,0.0000,0.0000,0,0.0000,0.0000,0,0.0000,0.0000,0,0.0000,0.0000,0,0.0000,0.0000,0,0.0000,0.0000,0,0.0000,0.0000,0,0.0000,0.0000,0,0.0000,0.0000,0,0.0000,0.0000,0,0.0000,0.0000
369,0.000125,2,0.0270,0.0270,0,0.0000,0.0000,0,0.0000,0.0000,0,0.0000,0.0000,0,0.0000,0.0000,0,0.0000,0.0000,0,0.0000,0.0000,0,0.0000,0.0000,0,0.0000,0.0000,0,0.0000,0.0000,0,0.0000,0.0000,0,0.0000,0.0000,0,0.0000,0.0000,0,0.0000,0.0000,0,0.0000,0.0000,0,0.0000,0.0000,0,0.0000,0.0000,0,0.0000,0.0000,0,0.0000,0.0000,0,0.0000,0.0000,0,0.0000,0.0000,0,0.0000,0.0000,2,1.0000,1.0000,0,0.0000,0.0000,0,0.0000,0.0000,0,0.0000,0.0000,0,0.0000,0.0000,0,0.0000,0.0000,0,0.0000,0.0000,0,0.0000,0.0000,0,0.0000,0.0000,0,0.0000,0.0000,0,0.0000,0.0000,0,0.0000,0.0000,0,0.0000,0.0000,0,0.0000,0.0000,0,0.0000,0.0000,0,0.0000,0.0000
417,0.000125,1,0.0270,0.0270,0,0.0000,0.0000,0,0.0000,0.0000,0,0.0000,0.0000,0,0.0000,0.0000,0,0.0000,0.0000,0,0.0000,0.0000,0,0.0000,0.0000,1,1.0000,1.0000,0,0.0000,0.0000,0,0.0000,0.0000,0,0.0000,0.0000,0,0.0000,0.0000,0,0.0000,0.0000,0,0.0000,0.0000,0,0.0000,0.0000,0,0.0000,0.0000,0,0.0000,0.0000,0,0.0000,0.0000,0,0.0000,0.0000,0,0.0000,0.0000,0,0.0000,0.0000,0,0.0000,0.0000,0,0.0000,0.0000,0,0.0000,0.0000,0,0.0000,0.0000,0,0.0000,0.0000,0,0.0000,0.0000,0,0.0000,0.0000,0,0.0000,0.0000,0,0.0000,0.0000,0,0.0000,0.0000,0,0.0000,0.0000,0,0.0000,0.0000,0,0.0000,0.0000,0,0.0000,0.0000,0,0.0000,0.0000,0,0.0000,0.0000
437,0.000125,1,0.0270,0.0270,1,1.0000,1.0000,0,0.0000,0.0000,0,0.0000,0.0000,0,0.0000,0.0000,0,0.0000,0.0000,0,0.0000,0.0000,0,0.0000,0.0000,0,0.0000,0.0000,0,0.0000,0.0000,0,0.0000,0.0000,0,0.0000,0.0000,0,0.0000,0.0000,0,0.0000,0.0000,0,0.0000,0.0000,0,0.0000,0.0000,0,0.0000,0.0000,0,0.0000,0.0000,0,0.0000,0.0000,0,0.0000,0.0000,0,0.0000,0.0000,0,0.0000,0.0000,0,0.0000,0.0000,0,0.0000,0.0000,0,0.0000,0.0000,0,0.0000,0.0000,0,0.0000,0.0000,0,0.0000,0.0000,0,0.0000,0.0000,0,0.0000,0.0000,0,0.0000,0.0000,0,0.0000,0.0000,0,0.0000,0.0000,0,0.0000,0.0000,0,0.0000,0.0000,0,0.0000,0.0000,0,0.0000,0.0000,0,0.0000,0.0000
119,0.000120,2,0.0541,0.0000,0,0.0000,0.0000,0,0.0000,0.0000,0,0.0000,0.0000,0,0.0000,0.0000,0,0.0000,0.0000,0,0.0000,0.0000,0,0.0000,0.0000,0,0.0000,0.0000,0,0.0000,0.0000,0,0.0000,0.0000,0,0.0000,0.0000,0,0.0000,0.0000,0,0.0000,0.0000,0,0.0000,0.0000,0,0.0000,0.0000,0,0.0000,0.0000,0,0.0000,0.0000,0,0.0000,0.0000,0,0.0000,0.0000,0,0.0000,0.0000,0,0.0000,0.0000,0,0.0000,0.0000,0,0.0000,0.0000,0,0.0000,0.0000,0,0.0000,0.0000,0,0.0000,0.0000,0,0.0000,0.0000,0,0.0000,0.0000,0,0.0000,0.0000,1,1.0000,0.0000,0,0.0000,0.0000,0,0.0000,0.0000,0,0.0000,0.0000,0,0.0000,0.0000,0,0.0000,0.0000,0,0.0000,0.0000,1,1.0000,0.0000
258,0.000120,1,0.0270,0.0270,0,0.0000,0.0000,0,0.0000,0.0000,0,0.0000,0.0000,0,0.0000,0.0000,0,0.0000,0.0000,0,0.0000,0.0000,0,0.0000,0.0000,0,0.0000,0.0000,0,0.0000,0.0000,0,0.0000,0.0000,0,0.0000,0.0000,0,0.0000,0.0000,0,0.0000,0.0000,0,0.0000,0.0000,0,0.0000,0.0000,0,0.0000,0.0000,0,0.0000,0.0000,0,0.0000,0.0000,0,0.0000,0.0000,0,0.0000,0.0000,0,0.0000,0.0000,0,0.0000,0.0000,0,0.0000,0.0000,0,0.0000,0.0000,0,0.0000,0.0000,0,0.0000,0.0000,0,0.0000,0.0000,0,0.0000,0.0000,0,0.0000,0.0000,0,0.0000,0.0000,0,0.0000,0.0000,1,1.0000,1.0000,0,0.0000,0.0000,0,0.0000,0.0000,0,0.0000,0.0000,0,0.0000,0.0000,0,0.0000,0.0000
265,0.000120,1,0.0270,0.0270,0,0.0000,0.0000,0,0.0000,0.0000,0,0.0000,0.0000,0,0.0000,0.0000,0,0.0000,0.0000,0,0.0000,0.0000,0,0.0000,0.0000,0,0.0000,0.0000,0,0.0000,0.0000,0,0.0000,0.0000,0,0.0000,0.0000,0,0.0000,0.0000,0,0.0000,0.0000,0,0.0000,0.0000,0,0.0000,0.0000,0,0.0000,0.0000,0,0.0000,0.0000,0,0.0000,0.0000,0,0.0000,0.0000,0,0.0000,0.0000,0,0.0000,0.0000,0,0.0000,0.0000,0,0.0000,0.0000,0,0.0000,0.0000,0,0.0000,0.0000,0,0.0000,0.0000,0,0.0000,0.0000,0,0.0000,0.0000,0,0.0000,0.0000,0,0.0000,0.0000,0,0.0000,0.0000,0,0.0000,0.0000,0,0.0000,0.0000,0,0.0000,0.0000,1,1.0000,1.0000,0,0.0000,0.0000,0,0.0000,0.0000
360,0.000120,1,0.0270,0.0270,0,0.0000,0.0000,0,0.0000,0.0000,0,0.0000,0.0000,0,0.0000,0.0000,0,0.0000,0.0000,0,0.0000,0.0000,0,0.0000,0.0000,0,0.0000,0.0000,0,0.0000,0.0000,0,0.0000,0.0000,1,1.0000,1.0000,0,0.0000,0.0000,0,0.0000,0.0000,0,0.0000,0.0000,0,0.0000,0.0000,0,0.0000,0.0000,0,0.0000,0.0000,0,0.0000,0.0000,0,0.0000,0.0000,0,0.0000,0.0000,0,0.0000,0.0000,0,0.0000,0.0000,0,0.0000,0.0000,0,0.0000,0.0000,0,0.0000,0.0000,0,0.0000,0.0000,0,0.0000,0.0000,0,0.0000,0.0000,0,0.0000,0.0000,0,0.0000,0.0000,0,0.0000,0.0000,0,0.0000,0.0000,0,0.0000,0.0000,0,0.0000,0.0000,0,0.0000,0.0000,0,0.0000,0.0000,0,0.0000,0.0000
364,0.000120,1,0.0270,0.0270,0,0.0000,0.0000,1,1.0000,1.0000,0,0.0000,0.0000,0,0.0000,0.0000,0,0.0000,0.0000,0,0.0000,0.0000,0,0.0000,0.0000,0,0.0000,0.0000,0,0.0000,0.0000,0,0.0000,0.0000,0,0.0000,0.0000,0,0.0000,0.0000,0,0.0000,0.0000,0,0.0000,0.0000,0,0.0000,0.0000,0,0.0000,0.0000,0,0.0000,0.0000,0,0.0000,0.0000,0,0.0000,0.0000,0,0.0000,0.0000,0,0.0000,0.0000,0,0.0000,0.0000,0,0.0000,0.0000,0,0.0000,0.0000,0,0.0000,0.0000,0,0.0000,0.0000,0,0.0000,0.0000,0,0.0000,0.0000,0,0.0000,0.0000,0,0.0000,0.0000,0,0.0000,0.0000,0,0.0000,0.0000,0,0.0000,0.0000,0,0.0000,0.0000,0,0.0000,0.0000,0,0.0000,0.0000,0,0.0000,0.0000
408,0.000120,1,0.0270,0.0270,0,0.0000,0.0000,0,0.0000,0.0000,0,0.0000,0.0000,0,0.0000,0.0000,0,0.0000,0.0000,0,0.0000,0.0000,0,0.0000,0.0000,0,0.0000,0.0000,0,0.0000,0.0000,0,0.0000,0.0000,0,0.0000,0.0000,0,0.0000,0.0000,0,0.0000,0.0000,0,0.0000,0.0000,1,1.0000,1.0000,0,0.0000,0.0000,0,0.0000,0.0000,0,0.0000,0.0000,0,0.0000,0.0000,0,0.0000,0.0000,0,0.0000,0.0000,0,0.0000,0.0000,0,0.0000,0.0000,0,0.0000,0.0000,0,0.0000,0.0000,0,0.0000,0.0000,0,0.0000,0.0000,0,0.0000,0.0000,0,0.0000,0.0000,0,0.0000,0.0000,0,0.0000,0.0000,0,0.0000,0.0000,0,0.0000,0.0000,0,0.0000,0.0000,0,0.0000,0.0000,0,0.0000,0.0000,0,0.0000,0.0000
415,0.000120,1,0.0270,0.0270,0,0.0000,0.0000,0,0.0000,0.0000,0,0.0000,0.0000,0,0.0000,0.0000,0,0.0000,0.0000,0,0.0000,0.0000,1,1.0000,1.0000,0,0.0000,0.0000,0,0.0000,0.0000,0,0.0000,0.0000,0,0.0000,0.0000,0,0.0000,0.0000,0,0.0000,0.0000,0,0.0000,0.0000,0,0.0000,0.0000,0,0.0000,0.0000,0,0.0000,0.0000,0,0.0000,0.0000,0,0.0000,0.0000,0,0.0000,0.0000,0,0.0000,0.0000,0,0.0000,0.0000,0,0.0000,0.0000,0,0.0000,0.0000,0,0.0000,0.0000,0,0.0000,0.0000,0,0.0000,0.0000,0,0.0000,0.0000,0,0.0000,0.0000,0,0.0000,0.0000,0,0.0000,0.0000,0,0.0000,0.0000,0,0.0000,0.0000,0,0.0000,0.0000,0,0.0000,0.0000,0,0.0000,0.0000,0,0.0000,0.0000
444,0.000120,1,0.0270,0.0270,0,0.0000,0.0000,0,0.0000,0.0000,0,0.0000,0.0000,0,0.0000,0.0000,0,0.0000,0.0000,0,0.0000,0.0000,0,0.0000,0.0000,0,0.0000,0.0000,0,0.0000,0.0000,0,0.0000,0.0000,0,0.0000,0.0000,0,0.0000,0.0000,0,0.0000,0.0000,0,0.0000,0.0000,0,0.0000,0.0000,0,0.0000,0.0000,0,0.0000,0.0000,0,0.0000,0.0000,0,0.0000,0.0000,0,0.0000,0.0000,0,0.0000,0.0000,0,0.0000,0.0000,0,0.0000,0.0000,0,0.0000,0.0000,0,0.0000,0.0000,1,1.0000,1.0000,0,0.0000,0.0000,0,0.0000,0.0000,0,0.0000,0.0000,0,0.0000,0.0000,0,0.0000,0.0000,0,0.0000,0.0000,0,0.0000,0.0000,0,0.0000,0.0000,0,0.0000,0.0000,0,0.0000,0.0000,0,0.0000,0.0000
101,0.000115,1,0.0270,0.0270,0,0.0000,0.0000,0,0.0000,0.0000,0,0.0000,0.0000,0,0.0000,0.0000,0,0.0000,0.0000,0,0.0000,0.0000,0,0.0000,0.0000,0,0.0000,0.0000,0,0.0000,0.0000,0,0.0000,0.0000,0,0.0000,0.0000,0,0.0000,0.0000,0,0.0000,0.0000,0,0.0000,0.0000,0,0.0000,0.0000,0,0.0000,0.0000,0,0.0000,0.0000,0,0.0000,0.0000,0,0.0000,0.0000,0,0.0000,0.0000,0,0.0000,0.0000,0,0.0000,0.0000,0,0.0000,0.0000,0,0.0000,0.0000,0,0.0000,0.0000,0,0.0000,0.0000,0,0.0000,0.0000,0,0.0000,0.0000,0,0.0000,0.0000,1,1.0000,1.0000,0,0.0000,0.0000,0,0.0000,0.0000,0,0.0000,0.0000,0,0.0000,0.0000,0,0.0000,0.0000,0,0.0000,0.0000,0,0.0000,0.0000
160,0.000115,1,0.0270,0.0270,0,0.0000,0.0000,0,0.0000,0.0000,0,0.0000,0.0000,0,0.0000,0.0000,0,0.0000,0.0000,0,0.0000,0.0000,0,0.0000,0.0000,0,0.0000,0.0000,1,1.0000,1.0000,0,0.0000,0.0000,0,0.0000,0.0000,0,0.0000,0.0000,0,0.0000,0.0000,0,0.0000,0.0000,0,0.0000,0.0000,0,0.0000,0.0000,0,0.0000,0.0000,0,0.0000,0.0000,0,0.0000,0.0000,0,0.0000,0.0000,0,0.0000,0.0000,0,0.0000,0.0000,0,0.0000,0.0000,0,0.0000,0.0000,0,0.0000,0.0000,0,0.0000,0.0000,0,0.0000,0.0000,0,0.0000,0.0000,0,0.0000,0.0000,0,0.0000,0.0000,0,0.0000,0.0000,0,0.0000,0.0000,0,0.0000,0.0000,0,0.0000,0.0000,0,0.0000,0.0000,0,0.0000,0.0000,0,0.0000,0.0000
246,0.000115,1,0.0270,0.0270,0,0.0000,0.0000,0,0.0000,0.0000,0,0.0000,0.0000,0,0.0000,0.0000,0,0.0000,0.0000,0,0.0000,0.0000,0,0.0000,0.0000,1,1.0000,1.0000,0,0.0000,0.0000,0,0.0000,0.0000,0,0.0000,0.0000,0,0.0000,0.0000,0,0.0000,0.0000,0,0.0000,0.0000,0,0.0000,0.0000,0,0.0000,0.0000,0,0.0000,0.0000,0,0.0000,0.0000,0,0.0000,0.0000,0,0.0000,0.0000,0,0.0000,0.0000,0,0.0000,0.0000,0,0.0000,0.0000,0,0.0000,0.0000,0,0.0000,0.0000,0,0.0000,0.0000,0,0.0000,0.0000,0,0.0000,0.0000,0,0.0000,0.0000,0,0.0000,0.0000,0,0.0000,0.0000,0,0.0000,0.0000,0,0.0000,0.0000,0,0.0000,0.0000,0,0.0000,0.0000,0,0.0000,0.0000,0,0.0000,0.0000
300,0.000115,1,0.0270,0.0270,0,0.0000,0.0000,0,0.0000,0.0000,0,0.0000,0.0000,0,0.0000,0.0000,0,0.0000,0.0000,0,0.0000,0.0000,0,0.0000,0.0000,1,1.0000,1.0000,0,0.0000,0.0000,0,0.0000,0.0000,0,0.0000,0.0000,0,0.0000,0.0000,0,0.0000,0.0000,0,0.0000,0.0000,0,0.0000,0.0000,0,0.0000,0.0000,0,0.0000,0.0000,0,0.0000,0.0000,0,0.0000,0.0000,0,0.0000,0.0000,0,0.0000,0.0000,0,0.0000,0.0000,0,0.0000,0.0000,0,0.0000,0.0000,0,0.0000,0.0000,0,0.0000,0.0000,0,0.0000,0.0000,0,0.0000,0.0000,0,0.0000,0.0000,0,0.0000,0.0000,0,0.0000,0.0000,0,0.0000,0.0000,0,0.0000,0.0000,0,0.0000,0.0000,0,0.0000,0.0000,0,0.0000,0.0000,0,0.0000,0.0000
381,0.000115,1,0.0270,0.0270,0,0.0000,0.0000,0,0.0000,0.0000,0,0.0000,0.0000,0,0.0000,0.0000,0,0.0000,0.0000,0,0.0000,0.0000,0,0.0000,0.0000,0,0.0000,0.0000,0,0.0000,0.0000,0,0.0000,0.0000,0,0.0000,0.0000,0,0.0000,0.0000,0,0.0000,0.0000,0,0.0000,0.0000,0,0.0000,0.0000,0,0.0000,0.0000,1,1.0000,1.0000,0,0.0000,0.0000,0,0.0000,0.0000,0,0.0000,0.0000,0,0.0000,0.0000,0,0.0000,0.0000,0,0.0000,0.0000,0,0.0000,0.0000,0,0.0000,0.0000,0,0.0000,0.0000,0,0.0000,0.0000,0,0.0000,0.0000,0,0.0000,0.0000,0,0.0000,0.0000,0,0.0000,0.0000,0,0.0000,0.0000,0,0.0000,0.0000,0,0.0000,0.0000,0,0.0000,0.0000,0,0.0000,0.0000,0,0.0000,0.0000
120,0.000110,1,0.0270,0.0270,0,0.0000,0.0000,0,0.0000,0.0000,0,0.0000,0.0000,0,0.0000,0.0000,0,0.0000,0.0000,0,0.0000,0.0000,0,0.0000,0.0000,0,0.0000,0.0000,1,1.0000,1.0000,0,0.0000,0.0000,0,0.0000,0.0000,0,0.0000,0.0000,0,0.0000,0.0000,0,0.0000,0.0000,0,0.0000,0.0000,0,0.0000,0.0000,0,0.0000,0.0000,0,0.0000,0.0000,0,0.0000,0.0000,0,0.0000,0.0000,0,0.0000,0.0000,0,0.0000,0.0000,0,0.0000,0.0000,0,0.0000,0.0000,0,0.0000,0.0000,0,0.0000,0.0000,0,0.0000,0.0000,0,0.0000,0.0000,0,0.0000,0.0000,0,0.0000,0.0000,0,0.0000,0.0000,0,0.0000,0.0000,0,0.0000,0.0000,0,0.0000,0.0000,0,0.0000,0.0000,0,0.0000,0.0000,0,0.0000,0.0000
259,0.000105,1,0.0270,0.0270,0,0.0000,0.0000,0,0.0000,0.0000,0,0.0000,0.0000,0,0.0000,0.0000,0,0.0000,0.0000,0,0.0000,0.0000,0,0.0000,0.0000,1,1.0000,1.0000,0,0.0000,0.0000,0,0.0000,0.0000,0,0.0000,0.0000,0,0.0000,0.0000,0,0.0000,0.0000,0,0.0000,0.0000,0,0.0000,0.0000,0,0.0000,0.0000,0,0.0000,0.0000,0,0.0000,0.0000,0,0.0000,0.0000,0,0.0000,0.0000,0,0.0000,0.0000,0,0.0000,0.0000,0,0.0000,0.0000,0,0.0000,0.0000,0,0.0000,0.0000,0,0.0000,0.0000,0,0.0000,0.0000,0,0.0000,0.0000,0,0.0000,0.0000,0,0.0000,0.0000,0,0.0000,0.0000,0,0.0000,0.0000,0,0.0000,0.0000,0,0.0000,0.0000,0,0.0000,0.0000,0,0.0000,0.0000,0,0.0000,0.0000
443,0.000105,1,0.0270,0.0270,0,0.0000,0.0000,0,0.0000,0.0000,0,0.0000,0.0000,0,0.0000,0.0000,0,0.0000,0.0000,0,0.0000,0.0000,0,0.0000,0.0000,0,0.0000,0.0000,0,0.0000,0.0000,0,0.0000,0.0000,0,0.0000,0.0000,0,0.0000,0.0000,0,0.0000,0.0000,0,0.0000,0.0000,0,0.0000,0.0000,0,0.0000,0.0000,0,0.0000,0.0000,0,0.0000,0.0000,0,0.0000,0.0000,0,0.0000,0.0000,0,0.0000,0.0000,0,0.0000,0.0000,0,0.0000,0.0000,0,0.0000,0.0000,0,0.0000,0.0000,0,0.0000,0.0000,0,0.0000,0.0000,0,0.0000,0.0000,0,0.0000,0.0000,0,0.0000,0.0000,0,0.0000,0.0000,0,0.0000,0.0000,0,0.0000,0.0000,0,0.0000,0.0000,0,0.0000,0.0000,0,0.0000,0.0000,1,1.0000,1.0000
342,0.000100,1,0.0270,0.0270,0,0.0000,0.0000,0,0.0000,0.0000,0,0.0000,0.0000,0,0.0000,0.0000,0,0.0000,0.0000,0,0.0000,0.0000,0,0.0000,0.0000,0,0.0000,0.0000,0,0.0000,0.0000,0,0.0000,0.0000,0,0.0000,0.0000,0,0.0000,0.0000,0,0.0000,0.0000,0,0.0000,0.0000,0,0.0000,0.0000,0,0.0000,0.0000,0,0.0000,0.0000,0,0.0000,0.0000,0,0.0000,0.0000,0,0.0000,0.0000,0,0.0000,0.0000,0,0.0000,0.0000,0,0.0000,0.0000,0,0.0000,0.0000,0,0.0000,0.0000,0,0.0000,0.0000,0,0.0000,0.0000,0,0.0000,0.0000,0,0.0000,0.0000,0,0.0000,0.0000,0,0.0000,0.0000,0,0.0000,0.0000,0,0.0000,0.0000,0,0.0000,0.0000,0,0.0000,0.0000,0,0.0000,0.0000,1,1.0000,1.0000
129,0.000095,1,0.0270,0.0270,0,0.0000,0.0000,0,0.0000,0.0000,0,0.0000,0.0000,0,0.0000,0.0000,0,0.0000,0.0000,0,0.0000,0.0000,0,0.0000,0.0000,0,0.0000,0.0000,0,0.0000,0.0000,0,0.0000,0.0000,0,0.0000,0.0000,0,0.0000,0.0000,0,0.0000,0.0000,0,0.0000,0.0000,0,0.0000,0.0000,0,0.0000,0.0000,0,0.0000,0.0000,0,0.0000,0.0000,0,0.0000,0.0000,0,0.0000,0.0000,0,0.0000,0.0000,0,0.0000,0.0000,0,0.0000,0.0000,0,0.0000,0.0000,0,0.0000,0.0000,0,0.0000,0.0000,0,0.0000,0.0000,0,0.0000,0.0000,0,0.0000,0.0000,0,0.0000,0.0000,0,0.0000,0.0000,0,0.0000,0.0000,0,0.0000,0.0000,0,0.0000,0.0000,0,0.0000,0.0000,0,0.0000,0.0000,1,1.0000,1.0000
232,0.000095,1,0.0270,0.0270,0,0.0000,0.0000,0,0.0000,0.0000,0,0.0000,0.0000,0,0.0000,0.0000,0,0.0000,0.0000,0,0.0000,0.0000,0,0.0000,0.0000,0,0.0000,0.0000,1,1.0000,1.0000,0,0.0000,0.0000,0,0.0000,0.0000,0,0.0000,0.0000,0,0.0000,0.0000,0,0.0000,0.0000,0,0.0000,0.0000,0,0.0000,0.0000,0,0.0000,0.0000,0,0.0000,0.0000,0,0.0000,0.0000,0,0.0000,0.0000,0,0.0000,0.0000,0,0.0000,0.0000,0,0.0000,0.0000,0,0.0000,0.0000,0,0.0000,0.0000,0,0.0000,0.0000,0,0.0000,0.0000,0,0.0000,0.0000,0,0.0000,0.0000,0,0.0000,0.0000,0,0.0000,0.0000,0,0.0000,0.0000,0,0.0000,0.0000,0,0.0000,0.0000,0,0.0000,0.0000,0,0.0000,0.0000,0,0.0000,0.0000
398,0.000095,1,0.0270,0.0270,0,0.0000,0.0000,0,0.0000,0.0000,0,0.0000,0.0000,0,0.0000,0.0000,0,0.0000,0.0000,0,0.0000,0.0000,0,0.0000,0.0000,0,0.0000,0.0000,0,0.0000,0.0000,0,0.0000,0.0000,0,0.0000,0.0000,0,0.0000,0.0000,0,0.0000,0.0000,1,1.0000,1.0000,0,0.0000,0.0000,0,0.0000,0.0000,0,0.0000,0.0000,0,0.0000,0.0000,0,0.0000,0.0000,0,0.0000,0.0000,0,0.0000,0.0000,0,0.0000,0.0000,0,0.0000,0.0000,0,0.0000,0.0000,0,0.0000,0.0000,0,0.0000,0.0000,0,0.0000,0.0000,0,0.0000,0.0000,0,0.0000,0.0000,0,0.0000,0.0000,0,0.0000,0.0000,0,0.0000,0.0000,0,0.0000,0.0000,0,0.0000,0.0000,0,0.0000,0.0000,0,0.0000,0.0000,0,0.0000,0.0000
425,0.000090,1,0.0270,0.0270,0,0.0000,0.0000,0,0.0000,0.0000,0,0.0000,0.0000,0,0.0000,0.0000,0,0.0000,0.0000,0,0.0000,0.0000,0,0.0000,0.0000,0,0.0000,0.0000,0,0.0000,0.0000,0,0.0000,0.0000,0,0.0000,0.0000,0,0.0000,0.0000,0,0.0000,0.0000,0,0.0000,0.0000,0,0.0000,0.0000,0,0.0000,0.0000,0,0.0000,0.0000,0,0.0000,0.0000,0,0.0000,0.0000,0,0.0000,0.0000,0,0.0000,0.0000,0,0.0000,0.0000,0,0.0000,0.0000,0,0.0000,0.0000,0,0.0000,0.0000,0,0.0000,0.0000,0,0.0000,0.0000,0,0.0000,0.0000,0,0.0000,0.0000,0,0.0000,0.0000,0,0.0000,0.0000,0,0.0000,0.0000,0,0.0000,0.0000,0,0.0000,0.0000,0,0.0000,0.0000,0,0.0000,0.0000,1,1.0000,1.0000
315,0.000085,1,0.0270,0.0270,0,0.0000,0.0000,0,0.0000,0.0000,0,0.0000,0.0000,0,0.0000,0.0000,0,0.0000,0.0000,0,0.0000,0.0000,0,0.0000,0.0000,0,0.0000,0.0000,0,0.0000,0.0000,0,0.0000,0.0000,0,0.0000,0.0000,0,0.0000,0.0000,0,0.0000,0.0000,0,0.0000,0.0000,0,0.0000,0.0000,0,0.0000,0.0000,0,0.0000,0.0000,0,0.0000,0.0000,0,0.0000,0.0000,0,0.0000,0.0000,0,0.0000,0.0000,0,0.0000,0.0000,0,0.0000,0.0000,0,0.0000,0.0000,0,0.0000,0.0000,1,1.0000,1.0000,0,0.0000,0.0000,0,0.0000,0.0000,0,0.0000,0.0000,0,0.0000,0.0000,0,0.0000,0.0000,0,0.0000,0.0000,0,0.0000,0.0000,0,0.0000,0.0000,0,0.0000,0.0000,0,0.0000,0.0000,0,0.0000,0.0000
392,0.000085,1,0.0270,0.0270,0,0.0000,0.0000,0,0.0000,0.0000,0,0.0000,0.0000,0,0.0000,0.0000,0,0.0000,0.0000,0,0.0000,0.0000,0,0.0000,0.0000,0,0.0000,0.0000,0,0.0000,0.0000,0,0.0000,0.0000,0,0.0000,0.0000,0,0.0000,0.0000,0,0.0000,0.0000,0,0.0000,0.0000,0,0.0000,0.0000,0,0.0000,0.0000,0,0.0000,0.0000,0,0.0000,0.0000,0,0.0000,0.0000,0,0.0000,0.0000,0,0.0000,0.0000,0,0.0000,0.0000,0,0.0000,0.0000,0,0.0000,0.0000,0,0.0000,0.0000,0,0.0000,0.0000,0,0.0000,0.0000,0,0.0000,0.0000,0,0.0000,0.0000,0,0.0000,0.0000,0,0.0000,0.0000,0,0.0000,0.0000,0,0.0000,0.0000,0,0.0000,0.0000,0,0.0000,0.0000,0,0.0000,0.0000,1,1.0000,1.0000
449,0.000080,1,0.0270,0.0270,0,0.0000,0.0000,0,0.0000,0.0000,0,0.0000,0.0000,0,0.0000,0.0000,0,0.0000,0.0000,0,0.0000,0.0000,0,0.0000,0.0000,0,0.0000,0.0000,0,0.0000,0.0000,0,0.0000,0.0000,0,0.0000,0.0000,0,0.0000,0.0000,0,0.0000,0.0000,0,0.0000,0.0000,0,0.0000,0.0000,0,0.0000,0.0000,0,0.0000,0.0000,0,0.0000,0.0000,0,0.0000,0.0000,0,0.0000,0.0000,0,0.0000,0.0000,0,0.0000,0.0000,0,0.0000,0.0000,0,0.0000,0.0000,0,0.0000,0.0000,0,0.0000,0.0000,0,0.0000,0.0000,0,0.0000,0.0000,0,0.0000,0.0000,0,0.0000,0.0000,1,1.0000,1.0000,0,0.0000,0.0000,0,0.0000,0.0000,0,0.0000,0.0000,0,0.0000,0.0000,0,0.0000,0.0000,0,0.0000,0.0000
103,0.000070,1,0.0270,0.0270,0,0.0000,0.0000,0,0.0000,0.0000,0,0.0000,0.0000,0,0.0000,0.0000,0,0.0000,0.0000,0,0.0000,0.0000,0,0.0000,0.0000,0,0.0000,0.0000,0,0.0000,0.0000,0,0.0000,0.0000,0,0.0000,0.0000,0,0.0000,0.0000,0,0.0000,0.0000,0,0.0000,0.0000,0,0.0000,0.0000,0,0.0000,0.0000,0,0.0000,0.0000,0,0.0000,0.0000,0,0.0000,0.0000,0,0.0000,0.0000,0,0.0000,0.0000,0,0.0000,0.0000,0,0.0000,0.0000,0,0.0000,0.0000,0,0.0000,0.0000,0,0.0000,0.0000,0,0.0000,0.0000,0,0.0000,0.0000,0,0.0000,0.0000,0,0.0000,0.0000,0,0.0000,0.0000,0,0.0000,0.0000,0,0.0000,0.0000,0,0.0000,0.0000,0,0.0000,0.0000,0,0.0000,0.0000,1,1.0000,1.0000
109,0.000070,2,0.0541,0.0000,0,0.0000,0.0000,0,0.0000,0.0000,0,0.0000,0.0000,0,0.0000,0.0000,0,0.0000,0.0000,0,0.0000,0.0000,0,0.0000,0.0000,0,0.0000,0.0000,0,0.0000,0.0000,0,0.0000,0.0000,0,0.0000,0.0000,0,0.0000,0.0000,0,0.0000,0.0000,0,0.0000,0.0000,0,0.0000,0.0000,0,0.0000,0.0000,0,0.0000,0.0000,0,0.0000,0.0000,0,0.0000,0.0000,0,0.0000,0.0000,0,0.0000,0.0000,0,0.0000,0.0000,0,0.0000,0.0000,0,0.0000,0.0000,0,0.0000,0.0000,0,0.0000,0.0000,0,0.0000,0.0000,0,0.0000,0.0000,0,0.0000,0.0000,1,1.0000,0.0000,0,0.0000,0.0000,0,0.0000,0.0000,0,0.0000,0.0000,0,0.0000,0.0000,0,0.0000,0.0000,0,0.0000,0.0000,1,1.0000,0.0000
321,0.000070,1,0.0270,0.0270,0,0.0000,0.0000,0,0.0000,0.0000,0,0.0000,0.0000,0,0.0000,0.0000,0,0.0000,0.0000,0,0.0000,0.0000,0,0.0000,0.0000,0,0.0000,0.0000,0,0.0000,0.0000,0,0.0000,0.0000,0,0.0000,0.0000,0,0.0000,0.0000,0,0.0000,0.0000,0,0.0000,0.0000,0,0.0000,0.0000,0,0.0000,0.0000,0,0.0000,0.0000,0,0.0000,0.0000,0,0.0000,0.0000,0,0.0000,0.0000,0,0.0000,0.0000,0,0.0000,0.0000,0,0.0000,0.0000,0,0.0000,0.0000,0,0.0000,0.0000,0,0.0000,0.0000,0,0.0000,0.0000,0,0.0000,0.0000,0,0.0000,0.0000,0,0.0000,0.0000,0,0.0000,0.0000,0,0.0000,0.0000,0,0.0000,0.0000,0,0.0000,0.0000,0,0.0000,0.0000,0,0.0000,0.0000,1,1.0000,1.0000
338,0.000070,1,0.0270,0.0270,0,0.0000,0.0000,0,0.0000,0.0000,0,0.0000,0.0000,0,0.0000,0.0000,0,0.0000,0.0000,0,0.0000,0.0000,0,0.0000,0.0000,0,0.0000,0.0000,0,0.0000,0.0000,0,0.0000,0.0000,0,0.0000,0.0000,0,0.0000,0.0000,0,0.0000,0.0000,0,0.0000,0.0000,0,0.0000,0.0000,0,0.0000,0.0000,0,0.0000,0.0000,0,0.0000,0.0000,0,0.0000,0.0000,0,0.0000,0.0000,0,0.0000,0.0000,1,1.0000,1.0000,0,0.0000,0.0000,0,0.0000,0.0000,0,0.0000,0.0000,0,0.0000,0.0000,0,0.0000,0.0000,0,0.0000,0.0000,0,0.0000,0.0000,0,0.0000,0.0000,0,0.0000,0.0000,0,0.0000,0.0000,0,0.0000,0.0000,0,0.0000,0.0000,0,0.0000,0.0000,0,0.0000,0.0000,0,0.0000,0.0000
427,0.000070,1,0.0270,0.0270,0,0.0000,0.0000,0,0.0000,0.0000,0,0.0000,0.0000,0,0.0000,0.0000,0,0.0000,0.0000,0,0.0000,0.0000,0,0.0000,0.0000,0,0.0000,0.0000,0,0.0000,0.0000,0,0.0000,0.0000,0,0.0000,0.0000,0,0.0000,0.0000,0,0.0000,0.0000,0,0.0000,0.0000,0,0.0000,0.0000,0,0.0000,0.0000,0,0.0000,0.0000,0,0.0000,0.0000,0,0.0000,0.0000,0,0.0000,0.0000,0,0.0000,0.0000,0,0.0000,0.0000,0,0.0000,0.0000,0,0.0000,0.0000,0,0.0000,0.0000,0,0.0000,0.0000,0,0.0000,0.0000,0,0.0000,0.0000,0,0.0000,0.0000,0,0.0000,0.0000,0,0.0000,0.0000,0,0.0000,0.0000,0,0.0000,0.0000,0,0.0000,0.0000,0,0.0000,0.0000,0,0.0000,0.0000,1,1.0000,1.0000
434,0.000070,1,0.0270,0.0270,0,0.0000,0.0000,0,0.0000,0.0000,0,0.0000,0.0000,0,0.0000,0.0000,0,0.0000,0.0000,0,0.0000,0.0000,0,0.0000,0.0000,0,0.0000,0.0000,0,0.0000,0.0000,0,0.0000,0.0000,0,0.0000,0.0000,0,0.0000,0.0000,0,0.0000,0.0000,0,0.0000,0.0000,0,0.0000,0.0000,0,0.0000,0.0000,0,0.0000,0.0000,0,0.0000,0.0000,0,0.0000,0.0000,0,0.0000,0.0000,0,0.0000,0.0000,0,0.0000,0.0000,0,0.0000,0.0000,0,0.0000,0.0000,0,0.0000,0.0000,0,0.0000,0.0000,0,0.0000,0.0000,0,0.0000,0.0000,0,0.0000,0.0000,1,1.0000,1.0000,0,0.0000,0.0000,0,0.0000,0.0000,0,0.0000,0.0000,0,0.0000,0.0000,0,0.0000,0.0000,0,0.0000,0.0000,0,0.0000,0.0000
248,0.000065,1,0.0270,0.0270,0,0.0000,0.0000,0,0.0000,0.0000,0,0.0000,0.0000,0,0.0000,0.0000,0,0.0000,0.0000,0,0.0000,0.0000,0,0.0000,0.0000,0,0.0000,0.0000,0,0.0000,0.0000,0,0.0000,0.0000,0,0.0000,0.0000,0,0.0000,0.0000,0,0.0000,0.0000,0,0.0000,0.0000,0,0.0000,0.0000,0,0.0000,0.0000,0,0.0000,0.0000,0,0.0000,0.0000,0,0.0000,0.0000,0,0.0000,0.0000,0,0.0000,0.0000,0,0.0000,0.0000,0,0.0000,0.0000,0,0.0000,0.0000,0,0.0000,0.0000,0,0.0000,0.0000,0,0.0000,0.0000,0,0.0000,0.0000,0,0.0000,0.0000,0,0.0000,0.0000,0,0.0000,0.0000,0,0.0000,0.0000,0,0.0000,0.0000,0,0.0000,0.0000,0,0.0000,0.0000,0,0.0000,0.0000,1,1.0000,1.0000
294,0.000065,1,0.0270,0.0270,0,0.0000,0.0000,0,0.0000,0.0000,0,0.0000,0.0000,0,0.0000,0.0000,0,0.0000,0.0000,0,0.0000,0.0000,0,0.0000,0.0000,1,1.0000,1.0000,0,0.0000,0.0000,0,0.0000,0.0000,0,0.0000,0.0000,0,0.0000,0.0000,0,0.0000,0.0000,0,0.0000,0.0000,0,0.0000,0.0000,0,0.0000,0.0000,0,0.0000,0.0000,0,0.0000,0.0000,0,0.0000,0.0000,0,0.0000,0.0000,0,0.0000,0.0000,0,0.0000,0.0000,0,0.0000,0.0000,0,0.0000,0.0000,0,0.0000,0.0000,0,0.0000,0.0000,0,0.0000,0.0000,0,0.0000,0.0000,0,0.0000,0.0000,0,0.0000,0.0000,0,0.0000,0.0000,0,0.0000,0.0000,0,0.0000,0.0000,0,0.0000,0.0000,0,0.0000,0.0000,0,0.0000,0.0000,0,0.0000,0.0000
403,0.000060,1,0.0270,0.0270,0,0.0000,0.0000,0,0.0000,0.0000,0,0.0000,0.0000,0,0.0000,0.0000,0,0.0000,0.0000,0,0.0000,0.0000,0,0.0000,0.0000,0,0.0000,0.0000,0,0.0000,0.0000,0,0.0000,0.0000,0,0.0000,0.0000,0,0.0000,0.0000,0,0.0000,0.0000,0,0.0000,0.0000,0,0.0000,0.0000,0,0.0000,0.0000,0,0.0000,0.0000,0,0.0000,0.0000,0,0.0000,0.0000,0,0.0000,0.0000,0,0.0000,0.0000,0,0.0000,0.0000,0,0.0000,0.0000,0,0.0000,0.0000,0,0.0000,0.0000,0,0.0000,0.0000,0,0.0000,0.0000,0,0.0000,0.0000,0,0.0000,0.0000,0,0.0000,0.0000,0,0.0000,0.0000,0,0.0000,0.0000,0,0.0000,0.0000,0,0.0000,0.0000,0,0.0000,0.0000,0,0.0000,0.0000,1,1.0000,1.0000
447,0.000060,1,0.0270,0.0270,0,0.0000,0.0000,1,1.0000,1.0000,0,0.0000,0.0000,0,0.0000,0.0000,0,0.0000,0.0000,0,0.0000,0.0000,0,0.0000,0.0000,0,0.0000,0.0000,0,0.0000,0.0000,0,0.0000,0.0000,0,0.0000,0.0000,0,0.0000,0.0000,0,0.0000,0.0000,0,0.0000,0.0000,0,0.0000,0.0000,0,0.0000,0.0000,0,0.0000,0.0000,0,0.0000,0.0000,0,0.0000,0.0000,0,0.0000,0.0000,0,0.0000,0.0000,0,0.0000,0.0000,0,0.0000,0.0000,0,0.0000,0.0000,0,0.0000,0.0000,0,0.0000,0.0000,0,0.0000,0.0000,0,0.0000,0.0000,0,0.0000,0.0000,0,0.0000,0.0000,0,0.0000,0.0000,0,0.0000,0.0000,0,0.0000,0.0000,0,0.0000,0.0000,0,0.0000,0.0000,0,0.0000,0.0000,0,0.0000,0.0000
89,0.000055,1,0.0270,0.0270,0,0.0000,0.0000,0,0.0000,0.0000,0,0.0000,0.0000,0,0.0000,0.0000,0,0.0000,0.0000,0,0.0000,0.0000,0,0.0000,0.0000,0,0.0000,0.0000,0,0.0000,0.0000,0,0.0000,0.0000,0,0.0000,0.0000,0,0.0000,0.0000,0,0.0000,0.0000,0,0.0000,0.0000,0,0.0000,0.0000,0,0.0000,0.0000,0,0.0000,0.0000,0,0.0000,0.0000,0,0.0000,0.0000,0,0.0000,0.0000,0,0.0000,0.0000,0,0.0000,0.0000,0,0.0000,0.0000,0,0.0000,0.0000,0,0.0000,0.0000,0,0.0000,0.0000,0,0.0000,0.0000,0,0.0000,0.0000,0,0.0000,0.0000,0,0.0000,0.0000,0,0.0000,0.0000,0,0.0000,0.0000,0,0.0000,0.0000,0,0.0000,0.0000,0,0.0000,0.0000,0,0.0000,0.0000,1,1.0000,1.0000
429,0.000055,1,0.0270,0.0270,0,0.0000,0.0000,1,1.0000,1.0000,0,0.0000,0.0000,0,0.0000,0.0000,0,0.0000,0.0000,0,0.0000,0.0000,0,0.0000,0.0000,0,0.0000,0.0000,0,0.0000,0.0000,0,0.0000,0.0000,0,0.0000,0.0000,0,0.0000,0.0000,0,0.0000,0.0000,0,0.0000,0.0000,0,0.0000,0.0000,0,0.0000,0.0000,0,0.0000,0.0000,0,0.0000,0.0000,0,0.0000,0.0000,0,0.0000,0.0000,0,0.0000,0.0000,0,0.0000,0.0000,0,0.0000,0.0000,0,0.0000,0.0000,0,0.0000,0.0000,0,0.0000,0.0000,0,0.0000,0.0000,0,0.0000,0.0000,0,0.0000,0.0000,0,0.0000,0.0000,0,0.0000,0.0000,0,0.0000,0.0000,0,0.0000,0.0000,0,0.0000,0.0000,0,0.0000,0.0000,0,0.0000,0.0000,0,0.0000,0.0000
448,0.000055,1,0.0270,0.0270,0,0.0000,0.0000,1,1.0000,1.0000,0,0.0000,0.0000,0,0.0000,0.0000,0,0.0000,0.0000,0,0.0000,0.0000,0,0.0000,0.0000,0,0.0000,0.0000,0,0.0000,0.0000,0,0.0000,0.0000,0,0.0000,0.0000,0,0.0000,0.0000,0,0.0000,0.0000,0,0.0000,0.0000,0,0.0000,0.0000,0,0.0000,0.0000,0,0.0000,0.0000,0,0.0000,0.0000,0,0.0000,0.0000,0,0.0000,0.0000,0,0.0000,0.0000,0,0.0000,0.0000,0,0.0000,0.0000,0,0.0000,0.0000,0,0.0000,0.0000,0,0.0000,0.0000,0,0.0000,0.0000,0,0.0000,0.0000,0,0.0000,0.0000,0,0.0000,0.0000,0,0.0000,0.0000,0,0.0000,0.0000,0,0.0000,0.0000,0,0.0000,0.0000,0,0.0000,0.0000,0,0.0000,0.0000,0,0.0000,0.0000
114,0.000050,1,0.0270,0.0270,0,0.0000,0.0000,0,0.0000,0.0000,0,0.0000,0.0000,0,0.0000,0.0000,0,0.0000,0.0000,0,0.0000,0.0000,0,0.0000,0.0000,0,0.0000,0.0000,0,0.0000,0.0000,0,0.0000,0.0000,0,0.0000,0.0000,0,0.0000,0.0000,0,0.0000,0.0000,0,0.0000,0.0000,0,0.0000,0.0000,0,0.0000,0.0000,0,0.0000,0.0000,0,0.0000,0.0000,0,0.0000,0.0000,0,0.0000,0.0000,0,0.0000,0.0000,0,0.0000,0.0000,0,0.0000,0.0000,0,0.0000,0.0000,0,0.0000,0.0000,0,0.0000,0.0000,0,0.0000,0.0000,0,0.0000,0.0000,0,0.0000,0.0000,0,0.0000,0.0000,0,0.0000,0.0000,0,0.0000,0.0000,0,0.0000,0.0000,0,0.0000,0.0000,0,0.0000,0.0000,0,0.0000,0.0000,1,1.0000,1.0000
331,0.000050,1,0.0270,0.0270,0,0.0000,0.0000,0,0.0000,0.0000,0,0.0000,0.0000,0,0.0000,0.0000,0,0.0000,0.0000,0,0.0000,0.0000,0,0.0000,0.0000,0,0.0000,0.0000,0,0.0000,0.0000,0,0.0000,0.0000,0,0.0000,0.0000,0,0.0000,0.0000,0,0.0000,0.0000,0,0.0000,0.0000,0,0.0000,0.0000,0,0.0000,0.0000,0,0.0000,0.0000,0,0.0000,0.0000,0,0.0000,0.0000,0,0.0000,0.0000,0,0.0000,0.0000,0,0.0000,0.0000,0,0.0000,0.0000,0,0.0000,0.0000,0,0.0000,0.0000,0,0.0000,0.0000,0,0.0000,0.0000,0,0.0000,0.0000,0,0.0000,0.0000,0,0.0000,0.0000,0,0.0000,0.0000,0,0.0000,0.0000,0,0.0000,0.0000,0,0.0000,0.0000,0,0.0000,0.0000,0,0.0000,0.0000,1,1.0000,1.0000
337,0.000050,1,0.0270,0.0270,0,0.0000,0.0000,0,0.0000,0.0000,0,0.0000,0.0000,0,0.0000,0.0000,0,0.0000,0.0000,0,0.0000,0.0000,0,0.0000,0.0000,0,0.0000,0.0000,0,0.0000,0.0000,0,0.0000,0.0000,0,0.0000,0.0000,0,0.0000,0.0000,0,0.0000,0.0000,0,0.0000,0.0000,0,0.0000,0.0000,0,0.0000,0.0000,0,0.0000,0.0000,0,0.0000,0.0000,0,0.0000,0.0000,0,0.0000,0.0000,0,0.0000,0.0000,1,1.0000,1.0000,0,0.0000,0.0000,0,0.0000,0.0000,0,0.0000,0.0000,0,0.0000,0.0000,0,0.0000,0.0000,0,0.0000,0.0000,0,0.0000,0.0000,0,0.0000,0.0000,0,0.0000,0.0000,0,0.0000,0.0000,0,0.0000,0.0000,0,0.0000,0.0000,0,0.0000,0.0000,0,0.0000,0.0000,0,0.0000,0.0000
353,0.000050,1,0.0270,0.0270,0,0.0000,0.0000,0,0.0000,0.0000,0,0.0000,0.0000,0,0.0000,0.0000,0,0.0000,0.0000,0,0.0000,0.0000,0,0.0000,0.0000,0,0.0000,0.0000,0,0.0000,0.0000,0,0.0000,0.0000,0,0.0000,0.0000,0,0.0000,0.0000,0,0.0000,0.0000,0,0.0000,0.0000,0,0.0000,0.0000,0,0.0000,0.0000,0,0.0000,0.0000,0,0.0000,0.0000,0,0.0000,0.0000,0,0.0000,0.0000,0,0.0000,0.0000,0,0.0000,0.0000,0,0.0000,0.0000,0,0.0000,0.0000,0,0.0000,0.0000,0,0.0000,0.0000,0,0.0000,0.0000,0,0.0000,0.0000,0,0.0000,0.0000,0,0.0000,0.0000,0,0.0000,0.0000,0,0.0000,0.0000,0,0.0000,0.0000,0,0.0000,0.0000,0,0.0000,0.0000,0,0.0000,0.0000,1,1.0000,1.0000
440,0.000040,1,0.0270,0.0270,0,0.0000,0.0000,0,0.0000,0.0000,0,0.0000,0.0000,0,0.0000,0.0000,0,0.0000,0.0000,0,0.0000,0.0000,0,0.0000,0.0000,0,0.0000,0.0000,0,0.0000,0.0000,0,0.0000,0.0000,0,0.0000,0.0000,0,0.0000,0.0000,0,0.0000,0.0000,0,0.0000,0.0000,0,0.0000,0.0000,0,0.0000,0.0000,0,0.0000,0.0000,0,0.0000,0.0000,0,0.0000,0.0000,0,0.0000,0.0000,0,0.0000,0.0000,1,1.0000,1.0000,0,0.0000,0.0000,0,0.0000,0.0000,0,0.0000,0.0000,0,0.0000,0.0000,0,0.0000,0.0000,0,0.0000,0.0000,0,0.0000,0.0000,0,0.0000,0.0000,0,0.0000,0.0000,0,0.0000,0.0000,0,0.0000,0.0000,0,0.0000,0.0000,0,0.0000,0.0000,0,0.0000,0.0000,0,0.0000,0.0000
374,0.000020,1,0.0270,0.0270,0,0.0000,0.0000,0,0.0000,0.0000,0,0.0000,0.0000,0,0.0000,0.0000,0,0.0000,0.0000,0,0.0000,0.0000,0,0.0000,0.0000,0,0.0000,0.0000,0,0.0000,0.0000,0,0.0000,0.0000,0,0.0000,0.0000,0,0.0000,0.0000,0,0.0000,0.0000,0,0.0000,0.0000,0,0.0000,0.0000,0,0.0000,0.0000,0,0.0000,0.0000,0,0.0000,0.0000,0,0.0000,0.0000,0,0.0000,0.0000,0,0.0000,0.0000,1,1.0000,1.0000,0,0.0000,0.0000,0,0.0000,0.0000,0,0.0000,0.0000,0,0.0000,0.0000,0,0.0000,0.0000,0,0.0000,0.0000,0,0.0000,0.0000,0,0.0000,0.0000,0,0.0000,0.0000,0,0.0000,0.0000,0,0.0000,0.0000,0,0.0000,0.0000,0,0.0000,0.0000,0,0.0000,0.0000,0,0.0000,0.0000
105,0.000000,0,0.0000,0.0000,0,0.0000,0.0000,0,0.0000,0.0000,0,0.0000,0.0000,0,0.0000,0.0000,0,0.0000,0.0000,0,0.0000,0.0000,0,0.0000,0.0000,0,0.0000,0.0000,0,0.0000,0.0000,0,0.0000,0.0000,0,0.0000,0.0000,0,0.0000,0.0000,0,0.0000,0.0000,0,0.0000,0.0000,0,0.0000,0.0000,0,0.0000,0.0000,0,0.0000,0.0000,0,0.0000,0.0000,0,0.0000,0.0000,0,0.0000,0.0000,0,0.0000,0.0000,0,0.0000,0.0000,0,0.0000,0.0000,0,0.0000,0.0000,0,0.0000,0.0000,0,0.0000,0.0000,0,0.0000,0.0000,0,0.0000,0.0000,0,0.0000,0.0000,0,0.0000,0.0000,0,0.0000,0.0000,0,0.0000,0.0000,0,0.0000,0.0000,0,0.0000,0.0000,0,0.0000,0.0000,0,0.0000,0.0000,0,0.0000,0.0000
112,0.000000,0,0.0000,0.0000,0,0.0000,0.0000,0,0.0000,0.0000,0,0.0000,0.0000,0,0.0000,0.0000,0,0.0000,0.0000,0,0.0000,0.0000,0,0.0000,0.0000,0,0.0000,0.0000,0,0.0000,0.0000,0,0.0000,0.0000,0,0.0000,0.0000,0,0.0000,0.0000,0,0.0000,0.0000,0,0.0000,0.0000,0,0.0000,0.0000,0,0.0000,0.0000,0,0.0000,0.0000,0,0.0000,0.0000,0,0.0000,0.0000,0,0.0000,0.0000,0,0.0000,0.0000,0,0.0000,0.0000,0,0.0000,0.0000,0,0.0000,0.0000,0,0.0000,0.0000,0,0.0000,0.0000,0,0.0000,0.0000,0,0.0000,0.0000,0,0.0000,0.0000,0,0.0000,0.0000,0,0.0000,0.0000,0,0.0000,0.0000,0,0.0000,0.0000,0,0.0000,0.0000,0,0.0000,0.0000,0,0.0000,0.0000,0,0.0000,0.0000
126,0.000000,0,0.0000,0.0000,0,0.0000,0.0000,0,0.0000,0.0000,0,0.0000,0.0000,0,0.0000,0.0000,0,0.0000,0.0000,0,0.0000,0.0000,0,0.0000,0.0000,0,0.0000,0.0000,0,0.0000,0.0000,0,0.0000,0.0000,0,0.0000,0.0000,0,0.0000,0.0000,0,0.0000,0.0000,0,0.0000,0.0000,0,0.0000,0.0000,0,0.0000,0.0000,0,0.0000,0.0000,0,0.0000,0.0000,0,0.0000,0.0000,0,0.0000,0.0000,0,0.0000,0.0000,0,0.0000,0.0000,0,0.0000,0.0000,0,0.0000,0.0000,0,0.0000,0.0000,0,0.0000,0.0000,0,0.0000,0.0000,0,0.0000,0.0000,0,0.0000,0.0000,0,0.0000,0.0000,0,0.0000,0.0000,0,0.0000,0.0000,0,0.0000,0.0000,0,0.0000,0.0000,0,0.0000,0.0000,0,0.0000,0.0000,0,0.0000,0.0000
128,0.000000,0,0.0000,0.0000,0,0.0000,0.0000,0,0.0000,0.0000,0,0.0000,0.0000,0,0.0000,0.0000,0,0.0000,0.0000,0,0.0000,0.0000,0,0.0000,0.0000,0,0.0000,0.0000,0,0.0000,0.0000,0,0.0000,0.0000,0,0.0000,0.0000,0,0.0000,0.0000,0,0.0000,0.0000,0,0.0000,0.0000,0,0.0000,0.0000,0,0.0000,0.0000,0,0.0000,0.0000,0,0.0000,0.0000,0,0.0000,0.0000,0,0.0000,0.0000,0,0.0000,0.0000,0,0.0000,0.0000,0,0.0000,0.0000,0,0.0000,0.0000,0,0.0000,0.0000,0,0.0000,0.0000,0,0.0000,0.0000,0,0.0000,0.0000,0,0.0000,0.0000,0,0.0000,0.0000,0,0.0000,0.0000,0,0.0000,0.0000,0,0.0000,0.0000,0,0.0000,0.0000,0,0.0000,0.0000,0,0.0000,0.0000,0,0.0000,0.0000
131,0.000000,0,0.0000,0.0000,0,0.0000,0.0000,0,0.0000,0.0000,0,0.0000,0.0000,0,0.0000,0.0000,0,0.0000,0.0000,0,0.0000,0.0000,0,0.0000,0.0000,0,0.0000,0.0000,0,0.0000,0.0000,0,0.0000,0.0000,0,0.0000,0.0000,0,0.0000,0.0000,0,0.0000,0.0000,0,0.0000,0.0000,0,0.0000,0.0000,0,0.0000,0.0000,0,0.0000,0.0000,0,0.0000,0.0000,0,0.0000,0.0000,0,0.0000,0.0000,0,0.0000,0.0000,0,0.0000,0.0000,0,0.0000,0.0000,0,0.0000,0.0000,0,0.0000,0.0000,0,0.0000,0.0000,0,0.0000,0.0000,0,0.0000,0.0000,0,0.0000,0.0000,0,0.0000,0.0000,0,0.0000,0.0000,0,0.0000,0.0000,0,0.0000,0.0000,0,0.0000,0.0000,0,0.0000,0.0000,0,0.0000,0.0000,0,0.0000,0.0000
135,0.000000,0,0.0000,0.0000,0,0.0000,0.0000,0,0.0000,0.0000,0,0.0000,0.0000,0,0.0000,0.0000,0,0.0000,0.0000,0,0.0000,0.0000,0,0.0000,0.0000,0,0.0000,0.0000,0,0.0000,0.0000,0,0.0000,0.0000,0,0.0000,0.0000,0,0.0000,0.0000,0,0.0000,0.0000,0,0.0000,0.0000,0,0.0000,0.0000,0,0.0000,0.0000,0,0.0000,0.0000,0,0.0000,0.0000,0,0.0000,0.0000,0,0.0000,0.0000,0,0.0000,0.0000,0,0.0000,0.0000,0,0.0000,0.0000,0,0.0000,0.0000,0,0.0000,0.0000,0,0.0000,0.0000,0,0.0000,0.0000,0,0.0000,0.0000,0,0.0000,0.0000,0,0.0000,0.0000,0,0.0000,0.0000,0,0.0000,0.0000,0,0.0000,0.0000,0,0.0000,0.0000,0,0.0000,0.0000,0,0.0000,0.0000,0,0.0000,0.0000
137,0.000000,0,0.0000,0.0000,0,0.0000,0.0000,0,0.0000,0.0000,0,0.0000,0.0000,0,0.0000,0.0000,0,0.0000,0.0000,0,0.0000,0.0000,0,0.0000,0.0000,0,0.0000,0.0000,0,0.0000,0.0000,0,0.0000,0.0000,0,0.0000,0.0000,0,0.0000,0.0000,0,0.0000,0.0000,0,0.0000,0.0000,0,0.0000,0.0000,0,0.0000,0.0000,0,0.0000,0.0000,0,0.0000,0.0000,0,0.0000,0.0000,0,0.0000,0.0000,0,0.0000,0.0000,0,0.0000,0.0000,0,0.0000,0.0000,0,0.0000,0.0000,0,0.0000,0.0000,0,0.0000,0.0000,0,0.0000,0.0000,0,0.0000,0.0000,0,0.0000,0.0000,0,0.0000,0.0000,0,0.0000,0.0000,0,0.0000,0.0000,0,0.0000,0.0000,0,0.0000,0.0000,0,0.0000,0.0000,0,0.0000,0.0000,0,0.0000,0.0000
140,0.000000,0,0.0000,0.0000,0,0.0000,0.0000,0,0.0000,0.0000,0,0.0000,0.0000,0,0.0000,0.0000,0,0.0000,0.0000,0,0.0000,0.0000,0,0.0000,0.0000,0,0.0000,0.0000,0,0.0000,0.0000,0,0.0000,0.0000,0,0.0000,0.0000,0,0.0000,0.0000,0,0.0000,0.0000,0,0.0000,0.0000,0,0.0000,0.0000,0,0.0000,0.0000,0,0.0000,0.0000,0,0.0000,0.0000,0,0.0000,0.0000,0,0.0000,0.0000,0,0.0000,0.0000,0,0.0000,0.0000,0,0.0000,0.0000,0,0.0000,0.0000,0,0.0000,0.0000,0,0.0000,0.0000,0,0.0000,0.0000,0,0.0000,0.0000,0,0.0000,0.0000,0,0.0000,0.0000,0,0.0000,0.0000,0,0.0000,0.0000,0,0.0000,0.0000,0,0.0000,0.0000,0,0.0000,0.0000,0,0.0000,0.0000,0,0.0000,0.0000
141,0.000000,0,0.0000,0.0000,0,0.0000,0.0000,0,0.0000,0.0000,0,0.0000,0.0000,0,0.0000,0.0000,0,0.0000,0.0000,0,0.0000,0.0000,0,0.0000,0.0000,0,0.0000,0.0000,0,0.0000,0.0000,0,0.0000,0.0000,0,0.0000,0.0000,0,0.0000,0.0000,0,0.0000,0.0000,0,0.0000,0.0000,0,0.0000,0.0000,0,0.0000,0.0000,0,0.0000,0.0000,0,0.0000,0.0000,0,0.0000,0.0000,0,0.0000,0.0000,0,0.0000,0.0000,0,0.0000,0.0000,0,0.0000,0.0000,0,0.0000,0.0000,0,0.0000,0.0000,0,0.0000,0.0000,0,0.0000,0.0000,0,0.0000,0.0000,0,0.0000,0.0000,0,0.0000,0.0000,0,0.0000,0.0000,0,0.0000,0.0000,0,0.0000,0.0000,0,0.0000,0.0000,0,0.0000,0.0000,0,0.0000,0.0000,0,0.0000,0.0000
178,0.000000,0,0.0000,0.0000,0,0.0000,0.0000,0,0.0000,0.0000,0,0.0000,0.0000,0,0.0000,0.0000,0,0.0000,0.0000,0,0.0000,0.0000,0,0.0000,0.0000,0,0.0000,0.0000,0,0.0000,0.0000,0,0.0000,0.0000,0,0.0000,0.0000,0,0.0000,0.0000,0,0.0000,0.0000,0,0.0000,0.0000,0,0.0000,0.0000,0,0.0000,0.0000,0,0.0000,0.0000,0,0.0000,0.0000,0,0.0000,0.0000,0,0.0000,0.0000,0,0.0000,0.0000,0,0.0000,0.0000,0,0.0000,0.0000,0,0.0000,0.0000,0,0.0000,0.0000,0,0.0000,0.0000,0,0.0000,0.0000,0,0.0000,0.0000,0,0.0000,0.0000,0,0.0000,0.0000,0,0.0000,0.0000,0,0.0000,0.0000,0,0.0000,0.0000,0,0.0000,0.0000,0,0.0000,0.0000,0,0.0000,0.0000,0,0.0000,0.0000
179,0.000000,0,0.0000,0.0000,0,0.0000,0.0000,0,0.0000,0.0000,0,0.0000,0.0000,0,0.0000,0.0000,0,0.0000,0.0000,0,0.0000,0.0000,0,0.0000,0.0000,0,0.0000,0.0000,0,0.0000,0.0000,0,0.0000,0.0000,0,0.0000,0.0000,0,0.0000,0.0000,0,0.0000,0.0000,0,0.0000,0.0000,0,0.0000,0.0000,0,0.0000,0.0000,0,0.0000,0.0000,0,0.0000,0.0000,0,0.0000,0.0000,0,0.0000,0.0000,0,0.0000,0.0000,0,0.0000,0.0000,0,0.0000,0.0000,0,0.0000,0.0000,0,0.0000,0.0000,0,0.0000,0.0000,0,0.0000,0.0000,0,0.0000,0.0000,0,0.0000,0.0000,0,0.0000,0.0000,0,0.0000,0.0000,0,0.0000,0.0000,0,0.0000,0.0000,0,0.0000,0.0000,0,0.0000,0.0000,0,0.0000,0.0000,0,0.0000,0.0000
181,0.000000,0,0.0000,0.0000,0,0.0000,0.0000,0,0.0000,0.0000,0,0.0000,0.0000,0,0.0000,0.0000,0,0.0000,0.0000,0,0.0000,0.0000,0,0.0000,0.0000,0,0.0000,0.0000,0,0.0000,0.0000,0,0.0000,0.0000,0,0.0000,0.0000,0,0.0000,0.0000,0,0.0000,0.0000,0,0.0000,0.0000,0,0.0000,0.0000,0,0.0000,0.0000,0,0.0000,0.0000,0,0.0000,0.0000,0,0.0000,0.0000,0,0.0000,0.0000,0,0.0000,0.0000,0,0.0000,0.0000,0,0.0000,0.0000,0,0.0000,0.0000,0,0.0000,0.0000,0,0.0000,0.0000,0,0.0000,0.0000,0,0.0000,0.0000,0,0.0000,0.0000,0,0.0000,0.0000,0,0.0000,0.0000,0,0.0000,0.0000,0,0.0000,0.0000,0,0.0000,0.0000,0,0.0000,0.0000,0,0.0000,0.0000,0,0.0000,0.0000
225,0.000000,0,0.0000,0.0000,0,0.0000,0.0000,0,0.0000,0.0000,0,0.0000,0.0000,0,0.0000,0.0000,0,0.0000,0.0000,0,0.0000,0.0000,0,0.0000,0.0000,0,0.0000,0.0000,0,0.0000,0.0000,0,0.0000,0.0000,0,0.0000,0.0000,0,0.0000,0.0000,0,0.0000,0.0000,0,0.0000,0.0000,0,0.0000,0.0000,0,0.0000,0.0000,0,0.0000,0.0000,0,0.0000,0.0000,0,0.0000,0.0000,0,0.0000,0.0000,0,0.0000,0.0000,0,0.0000,0.0000,0,0.0000,0.0000,0,0.0000,0.0000,0,0.0000,0.0000,0,0.0000,0.0000,0,0.0000,0.0000,0,0.0000,0.0000,0,0.0000,0.0000,0,0.0000,0.0000,0,0.0000,0.0000,0,0.0000,0.0000,0,0.0000,0.0000,0,0.0000,0.0000,0,0.0000,0.0000,0,0.0000,0.0000,0,0.0000,0.0000
235,0.000000,0,0.0000,0.0000,0,0.0000,0.0000,0,0.0000,0.0000,0,0.0000,0.0000,0,0.0000,0.0000,0,0.0000,0.0000,0,0.0000,0.0000,0,0.0000,0.0000,0,0.0000,0.0000,0,0.0000,0.0000,0,0.0000,0.0000,0,0.0000,0.0000,0,0.0000,0.0000,0,0.0000,0.0000,0,0.0000,0.0000,0,0.0000,0.0000,0,0.0000,0.0000,0,0.0000,0.0000,0,0.0000,0.0000,0,0.0000,0.0000,0,0.0000,0.0000,0,0.0000,0.0000,0,0.0000,0.0000,0,0.0000,0.0000,0,0.0000,0.0000,0,0.0000,0.0000,0,0.0000,0.0000,0,0.0000,0.0000,0,0.0000,0.0000,0,0.0000,0.0000,0,0.0000,0.0000,0,0.0000,0.0000,0,0.0000,0.0000,0,0.0000,0.0000,0,0.0000,0.0000,0,0.0000,0.0000,0,0.0000,0.0000,0,0.0000,0.0000
237,0.000000,0,0.0000,0.0000,0,0.0000,0.0000,0,0.0000,0.0000,0,0.0000,0.0000,0,0.0000,0.0000,0,0.0000,0.0000,0,0.0000,0.0000,0,0.0000,0.0000,0,0.0000,0.0000,0,0.0000,0.0000,0,0.0000,0.0000,0,0.0000,0.0000,0,0.0000,0.0000,0,0.0000,0.0000,0,0.0000,0.0000,0,0.0000,0.0000,0,0.0000,0.0000,0,0.0000,0.0000,0,0.0000,0.0000,0,0.0000,0.0000,0,0.0000,0.0000,0,0.0000,0.0000,0,0.0000,0.0000,0,0.0000,0.0000,0,0.0000,0.0000,0,0.0000,0.0000,0,0.0000,0.0000,0,0.0000,0.0000,0,0.0000,0.0000,0,0.0000,0.0000,0,0.0000,0.0000,0,0.0000,0.0000,0,0.0000,0.0000,0,0.0000,0.0000,0,0.0000,0.0000,0,0.0000,0.0000,0,0.0000,0.0000,0,0.0000,0.0000
295,0.000000,0,0.0000,0.0000,0,0.0000,0.0000,0,0.0000,0.0000,0,0.0000,0.0000,0,0.0000,0.0000,0,0.0000,0.0000,0,0.0000,0.0000,0,0.0000,0.0000,0,0.0000,0.0000,0,0.0000,0.0000,0,0.0000,0.0000,0,0.0000,0.0000,0,0.0000,0.0000,0,0.0000,0.0000,0,0.0000,0.0000,0,0.0000,0.0000,0,0.0000,0.0000,0,0.0000,0.0000,0,0.0000,0.0000,0,0.0000,0.0000,0,0.0000,0.0000,0,0.0000,0.0000,0,0.0000,0.0000,0,0.0000,0.0000,0,0.0000,0.0000,0,0.0000,0.0000,0,0.0000,0.0000,0,0.0000,0.0000,0,0.0000,0.0000,0,0.0000,0.0000,0,0.0000,0.0000,0,0.0000,0.0000,0,0.0000,0.0000,0,0.0000,0.0000,0,0.0000,0.0000,0,0.0000,0.0000,0,0.0000,0.0000,0,0.0000,0.0000
296,0.000000,0,0.0000,0.0000,0,0.0000,0.0000,0,0.0000,0.0000,0,0.0000,0.0000,0,0.0000,0.0000,0,0.0000,0.0000,0,0.0000,0.0000,0,0.0000,0.0000,0,0.0000,0.0000,0,0.0000,0.0000,0,0.0000,0.0000,0,0.0000,0.0000,0,0.0000,0.0000,0,0.0000,0.0000,0,0.0000,0.0000,0,0.0000,0.0000,0,0.0000,0.0000,0,0.0000,0.0000,0,0.0000,0.0000,0,0.0000,0.0000,0,0.0000,0.0000,0,0.0000,0.0000,0,0.0000,0.0000,0,0.0000,0.0000,0,0.0000,0.0000,0,0.0000,0.0000,0,0.0000,0.0000,0,0.0000,0.0000,0,0.0000,0.0000,0,0.0000,0.0000,0,0.0000,0.0000,0,0.0000,0.0000,0,0.0000,0.0000,0,0.0000,0.0000,0,0.0000,0.0000,0,0.0000,0.0000,0,0.0000,0.0000,0,0.0000,0.0000
298,0.000000,0,0.0000,0.0000,0,0.0000,0.0000,0,0.0000,0.0000,0,0.0000,0.0000,0,0.0000,0.0000,0,0.0000,0.0000,0,0.0000,0.0000,0,0.0000,0.0000,0,0.0000,0.0000,0,0.0000,0.0000,0,0.0000,0.0000,0,0.0000,0.0000,0,0.0000,0.0000,0,0.0000,0.0000,0,0.0000,0.0000,0,0.0000,0.0000,0,0.0000,0.0000,0,0.0000,0.0000,0,0.0000,0.0000,0,0.0000,0.0000,0,0.0000,0.0000,0,0.0000,0.0000,0,0.0000,0.0000,0,0.0000,0.0000,0,0.0000,0.0000,0,0.0000,0.0000,0,0.0000,0.0000,0,0.0000,0.0000,0,0.0000,0.0000,0,0.0000,0.0000,0,0.0000,0.0000,0,0.0000,0.0000,0,0.0000,0.0000,0,0.0000,0.0000,0,0.0000,0.0000,0,0.0000,0.0000,0,0.0000,0.0000,0,0.0000,0.0000
316,0.000000,0,0.0000,0.0000,0,0.0000,0.0000,0,0.0000,0.0000,0,0.0000,0.0000,0,0.0000,0.0000,0,0.0000,0.0000,0,0.0000,0.0000,0,0.0000,0.0000,0,0.0000,0.0000,0,0.0000,0.0000,0,0.0000,0.0000,0,0.0000,0.0000,0,0.0000,0.0000,0,0.0000,0.0000,0,0.0000,0.0000,0,0.0000,0.0000,0,0.0000,0.0000,0,0.0000,0.0000,0,0.0000,0.0000,0,0.0000,0.0000,0,0.0000,0.0000,0,0.0000,0.0000,0,0.0000,0.0000,0,0.0000,0.0000,0,0.0000,0.0000,0,0.0000,0.0000,0,0.0000,0.0000,0,0.0000,0.0000,0,0.0000,0.0000,0,0.0000,0.0000,0,0.0000,0.0000,0,0.0000,0.0000,0,0.0000,0.0000,0,0.0000,0.0000,0,0.0000,0.0000,0,0.0000,0.0000,0,0.0000,0.0000,0,0.0000,0.0000
322,0.000000,0,0.0000,0.0000,0,0.0000,0.0000,0,0.0000,0.0000,0,0.0000,0.0000,0,0.0000,0.0000,0,0.0000,0.0000,0,0.0000,0.0000,0,0.0000,0.0000,0,0.0000,0.0000,0,0.0000,0.0000,0,0.0000,0.0000,0,0.0000,0.0000,0,0.0000,0.0000,0,0.0000,0.0000,0,0.0000,0.0000,0,0.0000,0.0000,0,0.0000,0.0000,0,0.0000,0.0000,0,0.0000,0.0000,0,0.0000,0.0000,0,0.0000,0.0000,0,0.0000,0.0000,0,0.0000,0.0000,0,0.0000,0.0000,0,0.0000,0.0000,0,0.0000,0.0000,0,0.0000,0.0000,0,0.0000,0.0000,0,0.0000,0.0000,0,0.0000,0.0000,0,0.0000,0.0000,0,0.0000,0.0000,0,0.0000,0.0000,0,0.0000,0.0000,0,0.0000,0.0000,0,0.0000,0.0000,0,0.0000,0.0000,0,0.0000,0.0000
329,0.000000,0,0.0000,0.0000,0,0.0000,0.0000,0,0.0000,0.0000,0,0.0000,0.0000,0,0.0000,0.0000,0,0.0000,0.0000,0,0.0000,0.0000,0,0.0000,0.0000,0,0.0000,0.0000,0,0.0000,0.0000,0,0.0000,0.0000,0,0.0000,0.0000,0,0.0000,0.0000,0,0.0000,0.0000,0,0.0000,0.0000,0,0.0000,0.0000,0,0.0000,0.0000,0,0.0000,0.0000,0,0.0000,0.0000,0,0.0000,0.0000,0,0.0000,0.0000,0,0.0000,0.0000,0,0.0000,0.0000,0,0.0000,0.0000,0,0.0000,0.0000,0,0.0000,0.0000,0,0.0000,0.0000,0,0.0000,0.0000,0,0.0000,0.0000,0,0.0000,0.0000,0,0.0000,0.0000,0,0.0000,0.0000,0,0.0000,0.0000,0,0.0000,0.0000,0,0.0000,0.0000,0,0.0000,0.0000,0,0.0000,0.0000,0,0.0000,0.0000
339,0.000000,0,0.0000,0.0000,0,0.0000,0.0000,0,0.0000,0.0000,0,0.0000,0.0000,0,0.0000,0.0000,0,0.0000,0.0000,0,0.0000,0.0000,0,0.0000,0.0000,0,0.0000,0.0000,0,0.0000,0.0000,0,0.0000,0.0000,0,0.0000,0.0000,0,0.0000,0.0000,0,0.0000,0.0000,0,0.0000,0.0000,0,0.0000,0.0000,0,0.0000,0.0000,0,0.0000,0.0000,0,0.0000,0.0000,0,0.0000,0.0000,0,0.0000,0.0000,0,0.0000,0.0000,0,0.0000,0.0000,0,0.0000,0.0000,0,0.0000,0.0000,0,0.0000,0.0000,0,0.0000,0.0000,0,0.0000,0.0000,0,0.0000,0.0000,0,0.0000,0.0000,0,0.0000,0.0000,0,0.0000,0.0000,0,0.0000,0.0000,0,0.0000,0.0000,0,0.0000,0.0000,0,0.0000,0.0000,0,0.0000,0.0000,0,0.0000,0.0000
362,0.000000,0,0.0000,0.0000,0,0.0000,0.0000,0,0.0000,0.0000,0,0.0000,0.0000,0,0.0000,0.0000,0,0.0000,0.0000,0,0.0000,0.0000,0,0.0000,0.0000,0,0.0000,0.0000,0,0.0000,0.0000,0,0.0000,0.0000,0,0.0000,0.0000,0,0.0000,0.0000,0,0.0000,0.0000,0,0.0000,0.0000,0,0.0000,0.0000,0,0.0000,0.0000,0,0.0000,0.0000,0,0.0000,0.0000,0,0.0000,0.0000,0,0.0000,0.0000,0,0.0000,0.0000,0,0.0000,0.0000,0,0.0000,0.0000,0,0.0000,0.0000,0,0.0000,0.0000,0,0.0000,0.0000,0,0.0000,0.0000,0,0.0000,0.0000,0,0.0000,0.0000,0,0.0000,0.0000,0,0.0000,0.0000,0,0.0000,0.0000,0,0.0000,0.0000,0,0.0000,0.0000,0,0.0000,0.0000,0,0.0000,0.0000,0,0.0000,0.0000
384,0.000000,0,0.0000,0.0000,0,0.0000,0.0000,0,0.0000,0.0000,0,0.0000,0.0000,0,0.0000,0.0000,0,0.0000,0.0000,0,0.0000,0.0000,0,0.0000,0.0000,0,0.0000,0.0000,0,0.0000,0.0000,0,0.0000,0.0000,0,0.0000,0.0000,0,0.0000,0.0000,0,0.0000,0.0000,0,0.0000,0.0000,0,0.0000,0.0000,0,0.0000,0.0000,0,0.0000,0.0000,0,0.0000,0.0000,0,0.0000,0.0000,0,0.0000,0.0000,0,0.0000,0.0000,0,0.0000,0.0000,0,0.0000,0.0000,0,0.0000,0.0000,0,0.0000,0.0000,0,0.0000,0.0000,0,0.0000,0.0000,0,0.0000,0.0000,0,0.0000,0.0000,0,0.0000,0.0000,0,0.0000,0.0000,0,0.0000,0.0000,0,0.0000,0.0000,0,0.0000,0.0000,0,0.0000,0.0000,0,0.0000,0.0000,0,0.0000,0.0000
389,0.000000,0,0.0000,0.0000,0,0.0000,0.0000,0,0.0000,0.0000,0,0.0000,0.0000,0,0.0000,0.0000,0,0.0000,0.0000,0,0.0000,0.0000,0,0.0000,0.0000,0,0.0000,0.0000,0,0.0000,0.0000,0,0.0000,0.0000,0,0.0000,0.0000,0,0.0000,0.0000,0,0.0000,0.0000,0,0.0000,0.0000,0,0.0000,0.0000,0,0.0000,0.0000,0,0.0000,0.0000,0,0.0000,0.0000,0,0.0000,0.0000,0,0.0000,0.0000,0,0.0000,0.0000,0,0.0000,0.0000,0,0.0000,0.0000,0,0.0000,0.0000,0,0.0000,0.0000,0,0.0000,0.0000,0,0.0000,0.0000,0,0.0000,0.0000,0,0.0000,0.0000,0,0.0000,0.0000,0,0.0000,0.0000,0,0.0000,0.0000,0,0.0000,0.0000,0,0.0000,0.0000,0,0.0000,0.0000,0,0.0000,0.0000,0,0.0000,0.0000
405,0.000000,0,0.0000,0.0000,0,0.0000,0.0000,0,0.0000,0.0000,0,0.0000,0.0000,0,0.0000,0.0000,0,0.0000,0.0000,0,0.0000,0.0000,0,0.0000,0.0000,0,0.0000,0.0000,0,0.0000,0.0000,0,0.0000,0.0000,0,0.0000,0.0000,0,0.0000,0.0000,0,0.0000,0.0000,0,0.0000,0.0000,0,0.0000,0.0000,0,0.0000,0.0000,0,0.0000,0.0000,0,0.0000,0.0000,0,0.0000,0.0000,0,0.0000,0.0000,0,0.0000,0.0000,0,0.0000,0.0000,0,0.0000,0.0000,0,0.0000,0.0000,0,0.0000,0.0000,0,0.0000,0.0000,0,0.0000,0.0000,0,0.0000,0.0000,0,0.0000,0.0000,0,0.0000,0.0000,0,0.0000,0.0000,0,0.0000,0.0000,0,0.0000,0.0000,0,0.0000,0.0000,0,0.0000,0.0000,0,0.0000,0.0000,0,0.0000,0.0000
414,0.000000,0,0.0000,0.0000,0,0.0000,0.0000,0,0.0000,0.0000,0,0.0000,0.0000,0,0.0000,0.0000,0,0.0000,0.0000,0,0.0000,0.0000,0,0.0000,0.0000,0,0.0000,0.0000,0,0.0000,0.0000,0,0.0000,0.0000,0,0.0000,0.0000,0,0.0000,0.0000,0,0.0000,0.0000,0,0.0000,0.0000,0,0.0000,0.0000,0,0.0000,0.0000,0,0.0000,0.0000,0,0.0000,0.0000,0,0.0000,0.0000,0,0.0000,0.0000,0,0.0000,0.0000,0,0.0000,0.0000,0,0.0000,0.0000,0,0.0000,0.0000,0,0.0000,0.0000,0,0.0000,0.0000,0,0.0000,0.0000,0,0.0000,0.0000,0,0.0000,0.0000,0,0.0000,0.0000,0,0.0000,0.0000,0,0.0000,0.0000,0,0.0000,0.0000,0,0.0000,0.0000,0,0.0000,0.0000,0,0.0000,0.0000,0,0.0000,0.0000
416,0.000000,0,0.0000,0.0000,0,0.0000,0.0000,0,0.0000,0.0000,0,0.0000,0.0000,0,0.0000,0.0000,0,0.0000,0.0000,0,0.0000,0.0000,0,0.0000,0.0000,0,0.0000,0.0000,0,0.0000,0.0000,0,0.0000,0.0000,0,0.0000,0.0000,0,0.0000,0.0000,0,0.0000,0.0000,0,0.0000,0.0000,0,0.0000,0.0000,0,0.0000,0.0000,0,0.0000,0.0000,0,0.0000,0.0000,0,0.0000,0.0000,0,0.0000,0.0000,0,0.0000,0.0000,0,0.0000,0.0000,0,0.0000,0.0000,0,0.0000,0.0000,0,0.0000,0.0000,0,0.0000,0.0000,0,0.0000,0.0000,0,0.0000,0.0000,0,0.0000,0.0000,0,0.0000,0.0000,0,0.0000,0.0000,0,0.0000,0.0000,0,0.0000,0.0000,0,0.0000,0.0000,0,0.0000,0.0000,0,0.0000,0.0000,0,0.0000,0.0000
418,0.000000,0,0.0000,0.0000,0,0.0000,0.0000,0,0.0000,0.0000,0,0.0000,0.0000,0,0.0000,0.0000,0,0.0000,0.0000,0,0.0000,0.0000,0,0.0000,0.0000,0,0.0000,0.0000,0,0.0000,0.0000,0,0.0000,0.0000,0,0.0000,0.0000,0,0.0000,0.0000,0,0.0000,0.0000,0,0.0000,0.0000,0,0.0000,0.0000,0,0.0000,0.0000,0,0.0000,0.0000,0,0.0000,0.0000,0,0.0000,0.0000,0,0.0000,0.0000,0,0.0000,0.0000,0,0.0000,0.0000,0,0.0000,0.0000,0,0.0000,0.0000,0,0.0000,0.0000,0,0.0000,0.0000,0,0.0000,0.0000,0,0.0000,0.0000,0,0.0000,0.0000,0,0.0000,0.0000,0,0.0000,0.0000,0,0.0000,0.0000,0,0.0000,0.0000,0,0.0000,0.0000,0,0.0000,0.0000,0,0.0000,0.0000,0,0.0000,0.0000
419,0.000000,0,0.0000,0.0000,0,0.0000,0.0000,0,0.0000,0.0000,0,0.0000,0.0000,0,0.0000,0.0000,0,0.0000,0.0000,0,0.0000,0.0000,0,0.0000,0.0000,0,0.0000,0.0000,0,0.0000,0.0000,0,0.0000,0.0000,0,0.0000,0.0000,0,0.0000,0.0000,0,0.0000,0.0000,0,0.0000,0.0000,0,0.0000,0.0000,0,0.0000,0.0000,0,0.0000,0.0000,0,0.0000,0.0000,0,0.0000,0.0000,0,0.0000,0.0000,0,0.0000,0.0000,0,0.0000,0.0000,0,0.0000,0.0000,0,0.0000,0.0000,0,0.0000,0.0000,0,0.0000,0.0000,0,0.0000,0.0000,0,0.0000,0.0000,0,0.0000,0.0000,0,0.0000,0.0000,0,0.0000,0.0000,0,0.0000,0.0000,0,0.0000,0.0000,0,0.0000,0.0000,0,0.0000,0.0000,0,0.0000,0.0000,0,0.0000,0.0000
423,0.000000,0,0.0000,0.0000,0,0.0000,0.0000,0,0.0000,0.0000,0,0.0000,0.0000,0,0.0000,0.0000,0,0.0000,0.0000,0,0.0000,0.0000,0,0.0000,0.0000,0,0.0000,0.0000,0,0.0000,0.0000,0,0.0000,0.0000,0,0.0000,0.0000,0,0.0000,0.0000,0,0.0000,0.0000,0,0.0000,0.0000,0,0.0000,0.0000,0,0.0000,0.0000,0,0.0000,0.0000,0,0.0000,0.0000,0,0.0000,0.0000,0,0.0000,0.0000,0,0.0000,0.0000,0,0.0000,0.0000,0,0.0000,0.0000,0,0.0000,0.0000,0,0.0000,0.0000,0,0.0000,0.0000,0,0.0000,0.0000,0,0.0000,0.0000,0,0.0000,0.0000,0,0.0000,0.0000,0,0.0000,0.0000,0,0.0000,0.0000,0,0.0000,0.0000,0,0.0000,0.0000,0,0.0000,0.0000,0,0.0000,0.0000,0,0.0000,0.0000
424,0.000000,0,0.0000,0.0000,0,0.0000,0.0000,0,0.0000,0.0000,0,0.0000,0.0000,0,0.0000,0.0000,0,0.0000,0.0000,0,0.0000,0.0000,0,0.0000,0.0000,0,0.0000,0.0000,0,0.0000,0.0000,0,0.0000,0.0000,0,0.0000,0.0000,0,0.0000,0.0000,0,0.0000,0.0000,0,0.0000,0.0000,0,0.0000,0.0000,0,0.0000,0.0000,0,0.0000,0.0000,0,0.0000,0.0000,0,0.0000,0.0000,0,0.0000,0.0000,0,0.0000,0.0000,0,0.0000,0.0000,0,0.0000,0.0000,0,0.0000,0.0000,0,0.0000,0.0000,0,0.0000,0.0000,0,0.0000,0.0000,0,0.0000,0.0000,0,0.0000,0.0000,0,0.0000,0.0000,0,0.0000,0.0000,0,0.0000,0.0000,0,0.0000,0.0000,0,0.0000,0.0000,0,0.0000,0.0000,0,0.0000,0.0000,0,0.0000,0.0000
445,0.000000,0,0.0000,0.0000,0,0.0000,0.0000,0,0.0000,0.0000,0,0.0000,0.0000,0,0.0000,0.0000,0,0.0000,0.0000,0,0.0000,0.0000,0,0.0000,0.0000,0,0.0000,0.0000,0,0.0000,0.0000,0,0.0000,0.0000,0,0.0000,0.0000,0,0.0000,0.0000,0,0.0000,0.0000,0,0.0000,0.0000,0,0.0000,0.0000,0,0.0000,0.0000,0,0.0000,0.0000,0,0.0000,0.0000,0,0.0000,0.0000,0,0.0000,0.0000,0,0.0000,0.0000,0,0.0000,0.0000,0,0.0000,0.0000,0,0.0000,0.0000,0,0.0000,0.0000,0,0.0000,0.0000,0,0.0000,0.0000,0,0.0000,0.0000,0,0.0000,0.0000,0,0.0000,0.0000,0,0.0000,0.0000,0,0.0000,0.0000,0,0.0000,0.0000,0,0.0000,0.0000,0,0.0000,0.0000,0,0.0000,0.0000,0,0.0000,0.0000
