UserRank,UserID,MonthIndex,MonthDate,ActivityCount
67,4712,1,2008-09,6
76,385,1,2008-09,1
67,4712,2,2008-10,1
67,4712,3,2008-11,1
14,7764,4,2008-12,1
51,1593,4,2008-12,1
76,385,5,2009-01,1
51,1593,7,2009-03,1
38,59,9,2009-05,3
51,1593,9,2009-05,4
67,4712,9,2009-05,2
76,385,9,2009-05,1
88,578,9,2009-05,1
5,818,10,2009-06,7
86,619,10,2009-06,1
88,578,10,2009-06,1
5,818,11,2009-07,65
16,1368,11,2009-07,5
24,538,11,2009-07,244
31,105,11,2009-07,134
38,59,11,2009-07,72
47,479,11,2009-07,65
52,419,11,2009-07,97
62,740,11,2009-07,43
65,410,11,2009-07,535
69,102,11,2009-07,336
76,385,11,2009-07,43
86,619,11,2009-07,51
88,578,11,2009-07,122
5,818,12,2009-08,26
7,3012,12,2009-08,60
16,1368,12,2009-08,20
18,1733,12,2009-08,323
22,1730,12,2009-08,48
24,538,12,2009-08,499
31,105,12,2009-08,156
38,59,12,2009-08,85
47,479,12,2009-08,92
51,1593,12,2009-08,3
52,419,12,2009-08,17
58,2505,12,2009-08,47
62,740,12,2009-08,52
65,410,12,2009-08,518
69,102,12,2009-08,521
76,385,12,2009-08,51
86,619,12,2009-08,156
88,578,12,2009-08,206
89,2556,12,2009-08,42
5,818,13,2009-09,52
6,3515,13,2009-09,111
7,3012,13,2009-09,680
18,1733,13,2009-09,663
22,1730,13,2009-09,84
24,538,13,2009-09,565
31,105,13,2009-09,362
32,3363,13,2009-09,38
38,59,13,2009-09,159
40,4441,13,2009-09,2
47,479,13,2009-09,54
52,419,13,2009-09,40
58,2505,13,2009-09,195
62,740,13,2009-09,15
65,410,13,2009-09,204
66,3673,13,2009-09,100
69,102,13,2009-09,356
76,385,13,2009-09,56
79,3984,13,2009-09,98
86,619,13,2009-09,129
88,578,13,2009-09,99
89,2556,13,2009-09,127
91,3271,13,2009-09,1
5,818,14,2009-10,57
6,3515,14,2009-10,30
7,3012,14,2009-10,897
16,1368,14,2009-10,5
18,1733,14,2009-10,594
22,1730,14,2009-10,85
24,538,14,2009-10,671
31,105,14,2009-10,464
32,3363,14,2009-10,13
38,59,14,2009-10,152
40,4441,14,2009-10,972
47,479,14,2009-10,57
51,1593,14,2009-10,8
52,419,14,2009-10,46
55,5206,14,2009-10,3
58,2505,14,2009-10,8
62,740,14,2009-10,17
65,410,14,2009-10,108
66,3673,14,2009-10,112
67,4712,14,2009-10,94
69,102,14,2009-10,116
71,5443,14,2009-10,3
76,385,14,2009-10,20
79,3984,14,2009-10,121
86,619,14,2009-10,160
88,578,14,2009-10,140
89,2556,14,2009-10,449
91,3271,14,2009-10,1
5,818,15,2009-11,32
6,3515,15,2009-11,35
7,3012,15,2009-11,721
16,1368,15,2009-11,9
18,1733,15,2009-11,520
22,1730,15,2009-11,149
24,538,15,2009-11,727
31,105,15,2009-11,290
38,59,15,2009-11,138
40,4441,15,2009-11,456
47,479,15,2009-11,17
51,1593,15,2009-11,7
52,419,15,2009-11,26
55,5206,15,2009-11,31
58,2505,15,2009-11,2
62,740,15,2009-11,4
65,410,15,2009-11,26
66,3673,15,2009-11,21
67,4712,15,2009-11,144
69,102,15,2009-11,152
71,5443,15,2009-11,8
76,385,15,2009-11,3
79,3984,15,2009-11,25
86,619,15,2009-11,105
88,578,15,2009-11,79
89,2556,15,2009-11,275
91,3271,15,2009-11,1
1,7355,16,2009-12,24
5,818,16,2009-12,25
6,3515,16,2009-12,85
7,3012,16,2009-12,459
12,7165,16,2009-12,1
16,1368,16,2009-12,18
18,1733,16,2009-12,618
22,1730,16,2009-12,119
24,538,16,2009-12,987
31,105,16,2009-12,29
32,3363,16,2009-12,2
38,59,16,2009-12,162
40,4441,16,2009-12,313
41,6544,16,2009-12,59
43,6515,16,2009-12,7
47,479,16,2009-12,44
51,1593,16,2009-12,5
52,419,16,2009-12,41
55,5206,16,2009-12,49
58,2505,16,2009-12,18
61,6759,16,2009-12,26
62,740,16,2009-12,30
65,410,16,2009-12,60
66,3673,16,2009-12,29
67,4712,16,2009-12,69
69,102,16,2009-12,63
71,5443,16,2009-12,4
79,3984,16,2009-12,22
86,619,16,2009-12,161
88,578,16,2009-12,60
89,2556,16,2009-12,192
1,7355,17,2010-01,176
5,818,17,2010-01,66
6,3515,17,2010-01,119
7,3012,17,2010-01,455
12,7165,17,2010-01,1
14,7764,17,2010-01,3
16,1368,17,2010-01,13
18,1733,17,2010-01,700
22,1730,17,2010-01,81
24,538,17,2010-01,927
31,105,17,2010-01,172
36,7717,17,2010-01,7
38,59,17,2010-01,229
40,4441,17,2010-01,562
41,6544,17,2010-01,2
47,479,17,2010-01,73
51,1593,17,2010-01,5
52,419,17,2010-01,40
55,5206,17,2010-01,71
58,2505,17,2010-01,4
61,6759,17,2010-01,8
62,740,17,2010-01,15
65,410,17,2010-01,164
66,3673,17,2010-01,39
67,4712,17,2010-01,83
69,102,17,2010-01,56
71,5443,17,2010-01,43
76,385,17,2010-01,31
79,3984,17,2010-01,40
86,619,17,2010-01,251
88,578,17,2010-01,54
89,2556,17,2010-01,269
90,7453,17,2010-01,138
1,7355,18,2010-02,73
5,818,18,2010-02,38
6,3515,18,2010-02,57
7,3012,18,2010-02,98
14,7764,18,2010-02,8
16,1368,18,2010-02,8
18,1733,18,2010-02,271
22,1730,18,2010-02,87
24,538,18,2010-02,663
31,105,18,2010-02,152
32,3363,18,2010-02,2
38,59,18,2010-02,252
40,4441,18,2010-02,512
41,6544,18,2010-02,5
47,479,18,2010-02,150
51,1593,18,2010-02,1
52,419,18,2010-02,58
55,5206,18,2010-02,42
58,2505,18,2010-02,2
61,6759,18,2010-02,21
62,740,18,2010-02,75
65,410,18,2010-02,248
66,3673,18,2010-02,29
67,4712,18,2010-02,57
69,102,18,2010-02,46
71,5443,18,2010-02,35
76,385,18,2010-02,10
79,3984,18,2010-02,45
86,619,18,2010-02,189
88,578,18,2010-02,40
89,2556,18,2010-02,126
90,7453,18,2010-02,87
1,7355,19,2010-03,120
5,818,19,2010-03,46
6,3515,19,2010-03,95
7,3012,19,2010-03,158
14,7764,19,2010-03,23
16,1368,19,2010-03,26
18,1733,19,2010-03,129
22,1730,19,2010-03,35
24,538,19,2010-03,178
28,9410,19,2010-03,101
31,105,19,2010-03,131
32,3363,19,2010-03,3
38,59,19,2010-03,174
40,4441,19,2010-03,347
41,6544,19,2010-03,4
47,479,19,2010-03,174
51,1593,19,2010-03,53
52,419,19,2010-03,94
55,5206,19,2010-03,88
58,2505,19,2010-03,1
61,6759,19,2010-03,31
62,740,19,2010-03,125
65,410,19,2010-03,80
66,3673,19,2010-03,96
67,4712,19,2010-03,185
68,9740,19,2010-03,1
69,102,19,2010-03,38
71,5443,19,2010-03,4
76,385,19,2010-03,38
79,3984,19,2010-03,51
86,619,19,2010-03,149
88,578,19,2010-03,147
89,2556,19,2010-03,206
90,7453,19,2010-03,60
1,7355,20,2010-04,42
5,818,20,2010-04,41
6,3515,20,2010-04,41
7,3012,20,2010-04,43
14,7764,20,2010-04,399
16,1368,20,2010-04,30
18,1733,20,2010-04,38
22,1730,20,2010-04,93
24,538,20,2010-04,59
28,9410,20,2010-04,119
31,105,20,2010-04,113
32,3363,20,2010-04,2
38,59,20,2010-04,144
40,4441,20,2010-04,450
41,6544,20,2010-04,34
43,6515,20,2010-04,2
47,479,20,2010-04,118
51,1593,20,2010-04,5
52,419,20,2010-04,155
55,5206,20,2010-04,39
58,2505,20,2010-04,4
61,6759,20,2010-04,47
62,740,20,2010-04,89
65,410,20,2010-04,133
66,3673,20,2010-04,59
67,4712,20,2010-04,144
69,102,20,2010-04,29
71,5443,20,2010-04,60
76,385,20,2010-04,39
79,3984,20,2010-04,38
86,619,20,2010-04,83
88,578,20,2010-04,59
89,2556,20,2010-04,70
90,7453,20,2010-04,97
97,10706,20,2010-04,16
99,10618,20,2010-04,42
1,7355,21,2010-05,42
5,818,21,2010-05,146
6,3515,21,2010-05,29
7,3012,21,2010-05,222
14,7764,21,2010-05,381
16,1368,21,2010-05,12
18,1733,21,2010-05,51
22,1730,21,2010-05,122
24,538,21,2010-05,27
28,9410,21,2010-05,145
31,105,21,2010-05,79
32,3363,21,2010-05,16
34,11360,21,2010-05,19
38,59,21,2010-05,148
40,4441,21,2010-05,372
41,6544,21,2010-05,71
43,6515,21,2010-05,22
47,479,21,2010-05,37
51,1593,21,2010-05,7
52,419,21,2010-05,188
55,5206,21,2010-05,43
61,6759,21,2010-05,54
62,740,21,2010-05,55
65,410,21,2010-05,17
66,3673,21,2010-05,163
67,4712,21,2010-05,123
69,102,21,2010-05,104
71,5443,21,2010-05,585
76,385,21,2010-05,40
79,3984,21,2010-05,24
81,11339,21,2010-05,11
86,619,21,2010-05,73
88,578,21,2010-05,87
89,2556,21,2010-05,37
90,7453,21,2010-05,237
91,3271,21,2010-05,1
97,10706,21,2010-05,172
99,10618,21,2010-05,105
1,7355,22,2010-06,18
3,13231,22,2010-06,147
5,818,22,2010-06,145
6,3515,22,2010-06,18
7,3012,22,2010-06,315
14,7764,22,2010-06,287
16,1368,22,2010-06,2
18,1733,22,2010-06,104
22,1730,22,2010-06,70
24,538,22,2010-06,25
28,9410,22,2010-06,62
31,105,22,2010-06,93
32,3363,22,2010-06,124
34,11360,22,2010-06,1
38,59,22,2010-06,152
40,4441,22,2010-06,425
41,6544,22,2010-06,53
43,6515,22,2010-06,397
47,479,22,2010-06,27
51,1593,22,2010-06,6
52,419,22,2010-06,168
55,5206,22,2010-06,12
58,2505,22,2010-06,1
61,6759,22,2010-06,62
62,740,22,2010-06,64
65,410,22,2010-06,66
66,3673,22,2010-06,244
67,4712,22,2010-06,207
69,102,22,2010-06,101
71,5443,22,2010-06,493
76,385,22,2010-06,54
79,3984,22,2010-06,33
81,11339,22,2010-06,28
86,619,22,2010-06,93
87,13118,22,2010-06,1
88,578,22,2010-06,107
89,2556,22,2010-06,58
90,7453,22,2010-06,114
91,3271,22,2010-06,2
97,10706,22,2010-06,335
99,10618,22,2010-06,21
1,7355,23,2010-07,32
3,13231,23,2010-07,309
5,818,23,2010-07,22
6,3515,23,2010-07,48
7,3012,23,2010-07,366
14,7764,23,2010-07,333
18,1733,23,2010-07,161
19,13975,23,2010-07,37
22,1730,23,2010-07,85
24,538,23,2010-07,63
25,17097,23,2010-07,1
28,9410,23,2010-07,41
31,105,23,2010-07,54
32,3363,23,2010-07,284
38,59,23,2010-07,110
40,4441,23,2010-07,23
41,6544,23,2010-07,43
43,6515,23,2010-07,4
47,479,23,2010-07,15
50,14456,23,2010-07,40
51,1593,23,2010-07,17
52,419,23,2010-07,145
55,5206,23,2010-07,23
61,6759,23,2010-07,125
62,740,23,2010-07,11
65,410,23,2010-07,15
66,3673,23,2010-07,183
67,4712,23,2010-07,125
68,9740,23,2010-07,3
69,102,23,2010-07,32
71,5443,23,2010-07,196
76,385,23,2010-07,72
77,13797,23,2010-07,79
79,3984,23,2010-07,43
81,11339,23,2010-07,185
86,619,23,2010-07,19
88,578,23,2010-07,48
89,2556,23,2010-07,25
90,7453,23,2010-07,5
91,3271,23,2010-07,9
97,10706,23,2010-07,106
99,10618,23,2010-07,7
1,7355,24,2010-08,60
3,13231,24,2010-08,272
5,818,24,2010-08,53
6,3515,24,2010-08,33
7,3012,24,2010-08,314
12,7165,24,2010-08,33
14,7764,24,2010-08,142
16,1368,24,2010-08,12
18,1733,24,2010-08,202
19,13975,24,2010-08,58
22,1730,24,2010-08,151
24,538,24,2010-08,167
28,9410,24,2010-08,57
31,105,24,2010-08,6
32,3363,24,2010-08,308
34,11360,24,2010-08,5
38,59,24,2010-08,81
40,4441,24,2010-08,3
41,6544,24,2010-08,15
43,6515,24,2010-08,1
47,479,24,2010-08,61
50,14456,24,2010-08,151
51,1593,24,2010-08,19
52,419,24,2010-08,178
55,5206,24,2010-08,15
58,2505,24,2010-08,6
59,15578,24,2010-08,3
61,6759,24,2010-08,135
62,740,24,2010-08,127
65,410,24,2010-08,43
66,3673,24,2010-08,21
67,4712,24,2010-08,95
69,102,24,2010-08,79
70,15269,24,2010-08,70
71,5443,24,2010-08,111
76,385,24,2010-08,106
77,13797,24,2010-08,388
79,3984,24,2010-08,71
81,11339,24,2010-08,276
86,619,24,2010-08,81
88,578,24,2010-08,22
89,2556,24,2010-08,4
90,7453,24,2010-08,1
91,3271,24,2010-08,59
92,15981,24,2010-08,171
97,10706,24,2010-08,319
99,10618,24,2010-08,24
1,7355,25,2010-09,8
2,16397,25,2010-09,14
3,13231,25,2010-09,205
5,818,25,2010-09,124
6,3515,25,2010-09,12
7,3012,25,2010-09,740
12,7165,25,2010-09,69
14,7764,25,2010-09,183
16,1368,25,2010-09,3
18,1733,25,2010-09,542
19,13975,25,2010-09,66
22,1730,25,2010-09,370
24,538,25,2010-09,133
25,17097,25,2010-09,14
28,9410,25,2010-09,117
31,105,25,2010-09,158
32,3363,25,2010-09,184
34,11360,25,2010-09,1
38,59,25,2010-09,121
40,4441,25,2010-09,3
41,6544,25,2010-09,15
43,6515,25,2010-09,2
47,479,25,2010-09,85
50,14456,25,2010-09,46
51,1593,25,2010-09,12
52,419,25,2010-09,374
55,5206,25,2010-09,12
58,2505,25,2010-09,4
59,15578,25,2010-09,187
61,6759,25,2010-09,152
62,740,25,2010-09,124
65,410,25,2010-09,10
66,3673,25,2010-09,16
67,4712,25,2010-09,110
68,9740,25,2010-09,4
69,102,25,2010-09,51
70,15269,25,2010-09,276
71,5443,25,2010-09,25
74,17350,25,2010-09,4
76,385,25,2010-09,97
77,13797,25,2010-09,365
79,3984,25,2010-09,83
81,11339,25,2010-09,311
86,619,25,2010-09,73
88,578,25,2010-09,8
89,2556,25,2010-09,6
90,7453,25,2010-09,5
91,3271,25,2010-09,86
92,15981,25,2010-09,299
97,10706,25,2010-09,181
99,10618,25,2010-09,10
1,7355,26,2010-10,7
2,16397,26,2010-10,17
3,13231,26,2010-10,147
5,818,26,2010-10,68
6,3515,26,2010-10,20
7,3012,26,2010-10,536
12,7165,26,2010-10,335
14,7764,26,2010-10,482
18,1733,26,2010-10,117
19,13975,26,2010-10,103
22,1730,26,2010-10,367
24,538,26,2010-10,110
25,17097,26,2010-10,13
28,9410,26,2010-10,6
30,18359,26,2010-10,68
31,105,26,2010-10,112
32,3363,26,2010-10,38
38,59,26,2010-10,81
40,4441,26,2010-10,5
41,6544,26,2010-10,18
43,6515,26,2010-10,137
47,479,26,2010-10,17
50,14456,26,2010-10,180
51,1593,26,2010-10,6
52,419,26,2010-10,164
55,5206,26,2010-10,10
58,2505,26,2010-10,3
59,15578,26,2010-10,159
61,6759,26,2010-10,71
62,740,26,2010-10,172
65,410,26,2010-10,27
66,3673,26,2010-10,67
67,4712,26,2010-10,145
69,102,26,2010-10,26
70,15269,26,2010-10,223
71,5443,26,2010-10,21
76,385,26,2010-10,87
77,13797,26,2010-10,280
79,3984,26,2010-10,89
81,11339,26,2010-10,95
86,619,26,2010-10,12
87,13118,26,2010-10,1
88,578,26,2010-10,6
89,2556,26,2010-10,24
90,7453,26,2010-10,116
91,3271,26,2010-10,45
92,15981,26,2010-10,105
97,10706,26,2010-10,99
99,10618,26,2010-10,9
2,16397,27,2010-11,49
3,13231,27,2010-11,159
5,818,27,2010-11,83
6,3515,27,2010-11,7
7,3012,27,2010-11,514
12,7165,27,2010-11,255
14,7764,27,2010-11,445
16,1368,27,2010-11,12
18,1733,27,2010-11,84
19,13975,27,2010-11,102
22,1730,27,2010-11,274
24,538,27,2010-11,131
25,17097,27,2010-11,40
28,9410,27,2010-11,1
30,18359,27,2010-11,157
31,105,27,2010-11,181
32,3363,27,2010-11,22
34,11360,27,2010-11,12
38,59,27,2010-11,74
40,4441,27,2010-11,1
41,6544,27,2010-11,35
43,6515,27,2010-11,7
47,479,27,2010-11,21
50,14456,27,2010-11,169
51,1593,27,2010-11,6
52,419,27,2010-11,224
55,5206,27,2010-11,59
59,15578,27,2010-11,177
61,6759,27,2010-11,65
62,740,27,2010-11,15
65,410,27,2010-11,29
66,3673,27,2010-11,66
67,4712,27,2010-11,148
68,9740,27,2010-11,2
69,102,27,2010-11,15
70,15269,27,2010-11,221
71,5443,27,2010-11,2
76,385,27,2010-11,60
77,13797,27,2010-11,337
79,3984,27,2010-11,26
81,11339,27,2010-11,63
86,619,27,2010-11,15
88,578,27,2010-11,44
89,2556,27,2010-11,17
90,7453,27,2010-11,16
91,3271,27,2010-11,36
92,15981,27,2010-11,33
97,10706,27,2010-11,54
99,10618,27,2010-11,2
2,16397,28,2010-12,3
3,13231,28,2010-12,537
5,818,28,2010-12,113
6,3515,28,2010-12,20
7,3012,28,2010-12,390
12,7165,28,2010-12,496
14,7764,28,2010-12,318
16,1368,28,2010-12,20
18,1733,28,2010-12,156
19,13975,28,2010-12,115
22,1730,28,2010-12,280
24,538,28,2010-12,148
25,17097,28,2010-12,15
28,9410,28,2010-12,7
30,18359,28,2010-12,108
31,105,28,2010-12,334
32,3363,28,2010-12,15
34,11360,28,2010-12,1
38,59,28,2010-12,67
41,6544,28,2010-12,26
47,479,28,2010-12,7
50,14456,28,2010-12,174
51,1593,28,2010-12,17
52,419,28,2010-12,174
55,5206,28,2010-12,13
59,15578,28,2010-12,20
61,6759,28,2010-12,151
62,740,28,2010-12,94
65,410,28,2010-12,54
66,3673,28,2010-12,88
67,4712,28,2010-12,92
69,102,28,2010-12,13
70,15269,28,2010-12,124
71,5443,28,2010-12,27
74,17350,28,2010-12,4
76,385,28,2010-12,96
77,13797,28,2010-12,224
79,3984,28,2010-12,21
81,11339,28,2010-12,74
87,13118,28,2010-12,2
88,578,28,2010-12,6
89,2556,28,2010-12,25
90,7453,28,2010-12,45
91,3271,28,2010-12,53
92,15981,28,2010-12,63
97,10706,28,2010-12,71
99,10618,28,2010-12,140
1,7355,29,2011-01,9
2,16397,29,2011-01,64
3,13231,29,2011-01,646
5,818,29,2011-01,288
6,3515,29,2011-01,27
7,3012,29,2011-01,531
12,7165,29,2011-01,724
14,7764,29,2011-01,217
16,1368,29,2011-01,20
18,1733,29,2011-01,103
19,13975,29,2011-01,148
22,1730,29,2011-01,163
24,538,29,2011-01,324
25,17097,29,2011-01,7
30,18359,29,2011-01,53
31,105,29,2011-01,89
32,3363,29,2011-01,237
38,59,29,2011-01,86
40,4441,29,2011-01,3
41,6544,29,2011-01,58
43,6515,29,2011-01,3
47,479,29,2011-01,10
50,14456,29,2011-01,136
51,1593,29,2011-01,31
52,419,29,2011-01,286
55,5206,29,2011-01,18
58,2505,29,2011-01,39
59,15578,29,2011-01,6
61,6759,29,2011-01,66
62,740,29,2011-01,138
65,410,29,2011-01,136
66,3673,29,2011-01,181
67,4712,29,2011-01,113
69,102,29,2011-01,15
70,15269,29,2011-01,173
71,5443,29,2011-01,20
74,17350,29,2011-01,3
76,385,29,2011-01,81
77,13797,29,2011-01,22
79,3984,29,2011-01,15
81,11339,29,2011-01,246
86,619,29,2011-01,3
88,578,29,2011-01,12
89,2556,29,2011-01,17
90,7453,29,2011-01,47
91,3271,29,2011-01,55
92,15981,29,2011-01,57
97,10706,29,2011-01,212
99,10618,29,2011-01,48
1,7355,30,2011-02,124
2,16397,30,2011-02,43
3,13231,30,2011-02,582
5,818,30,2011-02,362
6,3515,30,2011-02,58
7,3012,30,2011-02,352
12,7165,30,2011-02,434
14,7764,30,2011-02,205
16,1368,30,2011-02,123
18,1733,30,2011-02,270
19,13975,30,2011-02,143
22,1730,30,2011-02,130
24,538,30,2011-02,149
25,17097,30,2011-02,61
28,9410,30,2011-02,52
30,18359,30,2011-02,85
31,105,30,2011-02,92
32,3363,30,2011-02,323
34,11360,30,2011-02,1
36,7717,30,2011-02,78
38,59,30,2011-02,117
40,4441,30,2011-02,1
41,6544,30,2011-02,20
43,6515,30,2011-02,1
44,25673,30,2011-02,2
47,479,30,2011-02,10
50,14456,30,2011-02,246
51,1593,30,2011-02,10
52,419,30,2011-02,448
55,5206,30,2011-02,36
58,2505,30,2011-02,32
59,15578,30,2011-02,35
61,6759,30,2011-02,106
62,740,30,2011-02,14
65,410,30,2011-02,38
66,3673,30,2011-02,107
67,4712,30,2011-02,109
69,102,30,2011-02,11
70,15269,30,2011-02,55
71,5443,30,2011-02,55
72,25587,30,2011-02,5
76,385,30,2011-02,106
77,13797,30,2011-02,11
79,3984,30,2011-02,5
81,11339,30,2011-02,59
86,619,30,2011-02,2
87,13118,30,2011-02,12
88,578,30,2011-02,10
89,2556,30,2011-02,16
90,7453,30,2011-02,14
91,3271,30,2011-02,44
92,15981,30,2011-02,68
94,25565,30,2011-02,114
97,10706,30,2011-02,147
99,10618,30,2011-02,144
1,7355,31,2011-03,186
2,16397,31,2011-03,121
3,13231,31,2011-03,254
5,818,31,2011-03,573
6,3515,31,2011-03,103
7,3012,31,2011-03,455
12,7165,31,2011-03,467
14,7764,31,2011-03,130
16,1368,31,2011-03,388
18,1733,31,2011-03,146
19,13975,31,2011-03,89
22,1730,31,2011-03,137
24,538,31,2011-03,30
25,17097,31,2011-03,58
28,9410,31,2011-03,94
30,18359,31,2011-03,44
31,105,31,2011-03,32
32,3363,31,2011-03,351
34,11360,31,2011-03,3
36,7717,31,2011-03,35
38,59,31,2011-03,170
40,4441,31,2011-03,1
41,6544,31,2011-03,116
43,6515,31,2011-03,6
47,479,31,2011-03,11
49,27547,31,2011-03,7
50,14456,31,2011-03,201
51,1593,31,2011-03,7
52,419,31,2011-03,310
55,5206,31,2011-03,51
58,2505,31,2011-03,61
59,15578,31,2011-03,219
61,6759,31,2011-03,191
62,740,31,2011-03,24
65,410,31,2011-03,23
66,3673,31,2011-03,28
67,4712,31,2011-03,100
68,9740,31,2011-03,5
69,102,31,2011-03,1
70,15269,31,2011-03,103
71,5443,31,2011-03,28
72,25587,31,2011-03,79
73,27592,31,2011-03,20
74,17350,31,2011-03,2
76,385,31,2011-03,129
77,13797,31,2011-03,6
79,3984,31,2011-03,6
81,11339,31,2011-03,230
86,619,31,2011-03,23
87,13118,31,2011-03,25
88,578,31,2011-03,1
89,2556,31,2011-03,40
90,7453,31,2011-03,23
91,3271,31,2011-03,59
92,15981,31,2011-03,53
94,25565,31,2011-03,1026
97,10706,31,2011-03,129
99,10618,31,2011-03,50
1,7355,32,2011-04,166
2,16397,32,2011-04,169
3,13231,32,2011-04,644
5,818,32,2011-04,498
6,3515,32,2011-04,410
7,3012,32,2011-04,277
12,7165,32,2011-04,423
14,7764,32,2011-04,274
16,1368,32,2011-04,31
18,1733,32,2011-04,100
19,13975,32,2011-04,50
22,1730,32,2011-04,150
24,538,32,2011-04,16
25,17097,32,2011-04,82
28,9410,32,2011-04,48
30,18359,32,2011-04,78
31,105,32,2011-04,30
32,3363,32,2011-04,274
36,7717,32,2011-04,28
38,59,32,2011-04,93
40,4441,32,2011-04,1
41,6544,32,2011-04,60
47,479,32,2011-04,23
49,27547,32,2011-04,109
50,14456,32,2011-04,174
51,1593,32,2011-04,7
52,419,32,2011-04,5
55,5206,32,2011-04,49
57,28308,32,2011-04,11
58,2505,32,2011-04,4
59,15578,32,2011-04,68
61,6759,32,2011-04,165
62,740,32,2011-04,29
65,410,32,2011-04,13
66,3673,32,2011-04,23
67,4712,32,2011-04,124
68,9740,32,2011-04,9
69,102,32,2011-04,26
70,15269,32,2011-04,118
71,5443,32,2011-04,53
72,25587,32,2011-04,75
73,27592,32,2011-04,139
76,385,32,2011-04,37
77,13797,32,2011-04,14
79,3984,32,2011-04,29
81,11339,32,2011-04,76
86,619,32,2011-04,24
88,578,32,2011-04,32
89,2556,32,2011-04,11
90,7453,32,2011-04,49
91,3271,32,2011-04,16
92,15981,32,2011-04,30
94,25565,32,2011-04,731
95,29677,32,2011-04,18
97,10706,32,2011-04,24
99,10618,32,2011-04,68
0,38708,33,2011-05,7
1,7355,33,2011-05,138
2,16397,33,2011-05,740
3,13231,33,2011-05,143
5,818,33,2011-05,321
6,3515,33,2011-05,362
7,3012,33,2011-05,213
12,7165,33,2011-05,551
14,7764,33,2011-05,346
16,1368,33,2011-05,205
18,1733,33,2011-05,199
19,13975,33,2011-05,153
22,1730,33,2011-05,130
24,538,33,2011-05,48
25,17097,33,2011-05,135
28,9410,33,2011-05,86
30,18359,33,2011-05,101
31,105,33,2011-05,3
32,3363,33,2011-05,213
38,59,33,2011-05,67
41,6544,33,2011-05,72
47,479,33,2011-05,3
49,27547,33,2011-05,52
50,14456,33,2011-05,238
51,1593,33,2011-05,12
52,419,33,2011-05,2
53,31423,33,2011-05,141
55,5206,33,2011-05,84
58,2505,33,2011-05,4
59,15578,33,2011-05,72
61,6759,33,2011-05,82
62,740,33,2011-05,12
63,31770,33,2011-05,4
65,410,33,2011-05,19
66,3673,33,2011-05,22
67,4712,33,2011-05,83
68,9740,33,2011-05,6
69,102,33,2011-05,41
70,15269,33,2011-05,174
71,5443,33,2011-05,67
72,25587,33,2011-05,24
73,27592,33,2011-05,136
76,385,33,2011-05,17
77,13797,33,2011-05,22
79,3984,33,2011-05,14
81,11339,33,2011-05,111
83,31889,33,2011-05,5
86,619,33,2011-05,3
87,13118,33,2011-05,36
88,578,33,2011-05,15
89,2556,33,2011-05,57
90,7453,33,2011-05,49
91,3271,33,2011-05,29
92,15981,33,2011-05,89
94,25565,33,2011-05,112
95,29677,33,2011-05,156
97,10706,33,2011-05,53
99,10618,33,2011-05,43
0,38708,34,2011-06,24
1,7355,34,2011-06,146
2,16397,34,2011-06,518
3,13231,34,2011-06,306
5,818,34,2011-06,416
6,3515,34,2011-06,335
7,3012,34,2011-06,358
12,7165,34,2011-06,414
14,7764,34,2011-06,362
16,1368,34,2011-06,221
18,1733,34,2011-06,211
19,13975,34,2011-06,148
22,1730,34,2011-06,161
24,538,34,2011-06,15
25,17097,34,2011-06,49
28,9410,34,2011-06,117
30,18359,34,2011-06,178
31,105,34,2011-06,3
32,3363,34,2011-06,172
34,11360,34,2011-06,3
36,7717,34,2011-06,29
38,59,34,2011-06,64
40,4441,34,2011-06,2
41,6544,34,2011-06,282
43,6515,34,2011-06,252
44,25673,34,2011-06,1
46,31852,34,2011-06,3
47,479,34,2011-06,12
49,27547,34,2011-06,128
50,14456,34,2011-06,181
51,1593,34,2011-06,43
52,419,34,2011-06,10
53,31423,34,2011-06,493
55,5206,34,2011-06,74
57,28308,34,2011-06,19
58,2505,34,2011-06,97
59,15578,34,2011-06,50
61,6759,34,2011-06,59
62,740,34,2011-06,45
63,31770,34,2011-06,69
65,410,34,2011-06,2
66,3673,34,2011-06,6
67,4712,34,2011-06,22
68,9740,34,2011-06,26
69,102,34,2011-06,70
70,15269,34,2011-06,77
71,5443,34,2011-06,16
72,25587,34,2011-06,35
73,27592,34,2011-06,149
74,17350,34,2011-06,1
76,385,34,2011-06,66
77,13797,34,2011-06,21
79,3984,34,2011-06,4
81,11339,34,2011-06,98
83,31889,34,2011-06,1363
84,33261,34,2011-06,12
86,619,34,2011-06,3
87,13118,34,2011-06,245
88,578,34,2011-06,6
89,2556,34,2011-06,27
90,7453,34,2011-06,75
91,3271,34,2011-06,102
92,15981,34,2011-06,37
94,25565,34,2011-06,16
95,29677,34,2011-06,82
97,10706,34,2011-06,15
99,10618,34,2011-06,67
0,38708,35,2011-07,15
1,7355,35,2011-07,164
2,16397,35,2011-07,414
3,13231,35,2011-07,278
5,818,35,2011-07,393
6,3515,35,2011-07,129
7,3012,35,2011-07,116
12,7165,35,2011-07,142
14,7764,35,2011-07,241
16,1368,35,2011-07,177
18,1733,35,2011-07,67
19,13975,35,2011-07,101
20,34217,35,2011-07,9
22,1730,35,2011-07,111
24,538,35,2011-07,96
25,17097,35,2011-07,148
28,9410,35,2011-07,135
30,18359,35,2011-07,44
31,105,35,2011-07,13
32,3363,35,2011-07,18
34,11360,35,2011-07,2
36,7717,35,2011-07,1065
38,59,35,2011-07,46
41,6544,35,2011-07,69
43,6515,35,2011-07,202
44,25673,35,2011-07,4
46,31852,35,2011-07,122
47,479,35,2011-07,3
49,27547,35,2011-07,46
50,14456,35,2011-07,152
51,1593,35,2011-07,57
52,419,35,2011-07,3
53,31423,35,2011-07,376
55,5206,35,2011-07,64
57,28308,35,2011-07,39
58,2505,35,2011-07,334
59,15578,35,2011-07,29
61,6759,35,2011-07,63
62,740,35,2011-07,67
63,31770,35,2011-07,13
65,410,35,2011-07,12
66,3673,35,2011-07,40
67,4712,35,2011-07,99
68,9740,35,2011-07,11
69,102,35,2011-07,15
70,15269,35,2011-07,152
71,5443,35,2011-07,38
72,25587,35,2011-07,49
73,27592,35,2011-07,266
76,385,35,2011-07,63
77,13797,35,2011-07,29
79,3984,35,2011-07,25
81,11339,35,2011-07,14
83,31889,35,2011-07,2036
84,33261,35,2011-07,203
86,619,35,2011-07,1
87,13118,35,2011-07,116
88,578,35,2011-07,13
89,2556,35,2011-07,26
90,7453,35,2011-07,59
91,3271,35,2011-07,9
92,15981,35,2011-07,16
94,25565,35,2011-07,20
95,29677,35,2011-07,137
97,10706,35,2011-07,10
99,10618,35,2011-07,102
0,38708,36,2011-08,11
1,7355,36,2011-08,362
2,16397,36,2011-08,456
3,13231,36,2011-08,388
5,818,36,2011-08,577
6,3515,36,2011-08,254
7,3012,36,2011-08,203
10,36530,36,2011-08,76
12,7165,36,2011-08,110
14,7764,36,2011-08,82
16,1368,36,2011-08,459
18,1733,36,2011-08,413
19,13975,36,2011-08,134
20,34217,36,2011-08,3
22,1730,36,2011-08,99
23,36512,36,2011-08,542
24,538,36,2011-08,69
25,17097,36,2011-08,46
28,9410,36,2011-08,84
30,18359,36,2011-08,183
31,105,36,2011-08,18
32,3363,36,2011-08,380
34,11360,36,2011-08,2
36,7717,36,2011-08,596
38,59,36,2011-08,50
40,4441,36,2011-08,1
41,6544,36,2011-08,141
43,6515,36,2011-08,65
46,31852,36,2011-08,112
47,479,36,2011-08,4
49,27547,36,2011-08,15
50,14456,36,2011-08,143
51,1593,36,2011-08,46
52,419,36,2011-08,13
53,31423,36,2011-08,616
55,5206,36,2011-08,42
57,28308,36,2011-08,82
58,2505,36,2011-08,473
59,15578,36,2011-08,266
61,6759,36,2011-08,68
62,740,36,2011-08,50
63,31770,36,2011-08,81
65,410,36,2011-08,15
66,3673,36,2011-08,101
67,4712,36,2011-08,39
68,9740,36,2011-08,15
69,102,36,2011-08,11
70,15269,36,2011-08,41
71,5443,36,2011-08,33
72,25587,36,2011-08,43
73,27592,36,2011-08,290
76,385,36,2011-08,56
77,13797,36,2011-08,16
79,3984,36,2011-08,17
81,11339,36,2011-08,6
83,31889,36,2011-08,405
84,33261,36,2011-08,40
86,619,36,2011-08,9
87,13118,36,2011-08,155
88,578,36,2011-08,5
89,2556,36,2011-08,19
90,7453,36,2011-08,28
91,3271,36,2011-08,52
92,15981,36,2011-08,20
94,25565,36,2011-08,7
95,29677,36,2011-08,270
97,10706,36,2011-08,36
99,10618,36,2011-08,72
0,38708,37,2011-09,63
1,7355,37,2011-09,342
2,16397,37,2011-09,393
3,13231,37,2011-09,411
5,818,37,2011-09,719
6,3515,37,2011-09,363
7,3012,37,2011-09,324
10,36530,37,2011-09,58
12,7165,37,2011-09,237
14,7764,37,2011-09,101
16,1368,37,2011-09,108
17,38342,37,2011-09,28
18,1733,37,2011-09,211
19,13975,37,2011-09,169
20,34217,37,2011-09,95
22,1730,37,2011-09,71
23,36512,37,2011-09,145
24,538,37,2011-09,43
25,17097,37,2011-09,29
28,9410,37,2011-09,8
30,18359,37,2011-09,290
31,105,37,2011-09,17
32,3363,37,2011-09,252
35,38551,37,2011-09,92
36,7717,37,2011-09,492
38,59,37,2011-09,47
41,6544,37,2011-09,82
43,6515,37,2011-09,2
44,25673,37,2011-09,2
46,31852,37,2011-09,58
47,479,37,2011-09,2
49,27547,37,2011-09,22
50,14456,37,2011-09,129
51,1593,37,2011-09,121
52,419,37,2011-09,1
53,31423,37,2011-09,30
55,5206,37,2011-09,35
57,28308,37,2011-09,21
58,2505,37,2011-09,57
59,15578,37,2011-09,186
61,6759,37,2011-09,46
62,740,37,2011-09,101
63,31770,37,2011-09,68
65,410,37,2011-09,3
66,3673,37,2011-09,58
67,4712,37,2011-09,63
68,9740,37,2011-09,18
69,102,37,2011-09,11
70,15269,37,2011-09,104
71,5443,37,2011-09,38
72,25587,37,2011-09,41
73,27592,37,2011-09,255
76,385,37,2011-09,89
77,13797,37,2011-09,9
79,3984,37,2011-09,30
81,11339,37,2011-09,70
83,31889,37,2011-09,3
84,33261,37,2011-09,24
86,619,37,2011-09,25
87,13118,37,2011-09,86
88,578,37,2011-09,3
89,2556,37,2011-09,2
90,7453,37,2011-09,16
91,3271,37,2011-09,1
92,15981,37,2011-09,45
95,29677,37,2011-09,161
97,10706,37,2011-09,10
99,10618,37,2011-09,38
0,38708,38,2011-10,56
1,7355,38,2011-10,292
2,16397,38,2011-10,413
3,13231,38,2011-10,218
5,818,38,2011-10,345
6,3515,38,2011-10,294
7,3012,38,2011-10,257
10,36530,38,2011-10,227
12,7165,38,2011-10,277
14,7764,38,2011-10,126
16,1368,38,2011-10,33
17,38342,38,2011-10,28
18,1733,38,2011-10,156
19,13975,38,2011-10,110
20,34217,38,2011-10,460
22,1730,38,2011-10,82
23,36512,38,2011-10,1
24,538,38,2011-10,19
25,17097,38,2011-10,28
28,9410,38,2011-10,3
30,18359,38,2011-10,205
31,105,38,2011-10,33
32,3363,38,2011-10,166
35,38551,38,2011-10,411
36,7717,38,2011-10,457
38,59,38,2011-10,55
41,6544,38,2011-10,72
43,6515,38,2011-10,3
44,25673,38,2011-10,6
46,31852,38,2011-10,178
47,479,38,2011-10,9
49,27547,38,2011-10,28
50,14456,38,2011-10,222
51,1593,38,2011-10,60
52,419,38,2011-10,1
53,31423,38,2011-10,5
55,5206,38,2011-10,42
57,28308,38,2011-10,49
58,2505,38,2011-10,38
59,15578,38,2011-10,68
61,6759,38,2011-10,32
62,740,38,2011-10,33
63,31770,38,2011-10,125
65,410,38,2011-10,11
66,3673,38,2011-10,39
67,4712,38,2011-10,24
68,9740,38,2011-10,31
69,102,38,2011-10,3
70,15269,38,2011-10,48
71,5443,38,2011-10,84
72,25587,38,2011-10,98
73,27592,38,2011-10,285
75,40261,38,2011-10,12
76,385,38,2011-10,63
77,13797,38,2011-10,14
79,3984,38,2011-10,39
81,11339,38,2011-10,150
83,31889,38,2011-10,2
84,33261,38,2011-10,191
86,619,38,2011-10,69
87,13118,38,2011-10,87
88,578,38,2011-10,9
89,2556,38,2011-10,4
90,7453,38,2011-10,11
92,15981,38,2011-10,2
93,39581,38,2011-10,2
94,25565,38,2011-10,6
95,29677,38,2011-10,209
97,10706,38,2011-10,3
99,10618,38,2011-10,95
0,38708,39,2011-11,27
1,7355,39,2011-11,482
2,16397,39,2011-11,450
3,13231,39,2011-11,217
5,818,39,2011-11,234
6,3515,39,2011-11,265
7,3012,39,2011-11,260
10,36530,39,2011-11,320
12,7165,39,2011-11,407
14,7764,39,2011-11,125
16,1368,39,2011-11,17
17,38342,39,2011-11,38
18,1733,39,2011-11,95
19,13975,39,2011-11,132
20,34217,39,2011-11,593
22,1730,39,2011-11,76
23,36512,39,2011-11,8
24,538,39,2011-11,5
25,17097,39,2011-11,53
28,9410,39,2011-11,20
30,18359,39,2011-11,246
31,105,39,2011-11,20
32,3363,39,2011-11,169
34,11360,39,2011-11,4
35,38551,39,2011-11,98
36,7717,39,2011-11,395
38,59,39,2011-11,47
40,4441,39,2011-11,2
41,6544,39,2011-11,58
43,6515,39,2011-11,4
44,25673,39,2011-11,24
46,31852,39,2011-11,75
47,479,39,2011-11,5
49,27547,39,2011-11,24
50,14456,39,2011-11,114
51,1593,39,2011-11,19
52,419,39,2011-11,3
53,31423,39,2011-11,148
55,5206,39,2011-11,67
57,28308,39,2011-11,62
58,2505,39,2011-11,35
59,15578,39,2011-11,43
61,6759,39,2011-11,65
62,740,39,2011-11,27
63,31770,39,2011-11,42
65,410,39,2011-11,18
66,3673,39,2011-11,21
67,4712,39,2011-11,26
68,9740,39,2011-11,21
70,15269,39,2011-11,11
71,5443,39,2011-11,50
72,25587,39,2011-11,77
73,27592,39,2011-11,162
75,40261,39,2011-11,118
76,385,39,2011-11,57
77,13797,39,2011-11,41
79,3984,39,2011-11,29
81,11339,39,2011-11,91
83,31889,39,2011-11,6
84,33261,39,2011-11,16
86,619,39,2011-11,122
87,13118,39,2011-11,89
88,578,39,2011-11,9
89,2556,39,2011-11,2
90,7453,39,2011-11,29
91,3271,39,2011-11,16
92,15981,39,2011-11,1
93,39581,39,2011-11,176
94,25565,39,2011-11,2
95,29677,39,2011-11,25
97,10706,39,2011-11,3
99,10618,39,2011-11,60
0,38708,40,2011-12,95
1,7355,40,2011-12,337
2,16397,40,2011-12,232
3,13231,40,2011-12,201
5,818,40,2011-12,326
6,3515,40,2011-12,253
7,3012,40,2011-12,145
10,36530,40,2011-12,183
12,7165,40,2011-12,461
14,7764,40,2011-12,59
16,1368,40,2011-12,131
17,38342,40,2011-12,100
18,1733,40,2011-12,41
19,13975,40,2011-12,25
20,34217,40,2011-12,394
22,1730,40,2011-12,46
23,36512,40,2011-12,1
24,538,40,2011-12,4
25,17097,40,2011-12,43
28,9410,40,2011-12,74
30,18359,40,2011-12,189
31,105,40,2011-12,8
32,3363,40,2011-12,185
34,11360,40,2011-12,7
35,38551,40,2011-12,129
36,7717,40,2011-12,442
38,59,40,2011-12,10
40,4441,40,2011-12,1
41,6544,40,2011-12,76
43,6515,40,2011-12,78
46,31852,40,2011-12,138
47,479,40,2011-12,4
49,27547,40,2011-12,44
50,14456,40,2011-12,143
51,1593,40,2011-12,39
52,419,40,2011-12,2
53,31423,40,2011-12,343
55,5206,40,2011-12,42
57,28308,40,2011-12,58
58,2505,40,2011-12,47
59,15578,40,2011-12,5
61,6759,40,2011-12,39
62,740,40,2011-12,39
63,31770,40,2011-12,43
65,410,40,2011-12,13
66,3673,40,2011-12,29
67,4712,40,2011-12,35
68,9740,40,2011-12,18
69,102,40,2011-12,6
70,15269,40,2011-12,30
71,5443,40,2011-12,33
72,25587,40,2011-12,51
73,27592,40,2011-12,180
75,40261,40,2011-12,182
76,385,40,2011-12,16
77,13797,40,2011-12,13
79,3984,40,2011-12,1
81,11339,40,2011-12,81
83,31889,40,2011-12,11
84,33261,40,2011-12,275
86,619,40,2011-12,66
87,13118,40,2011-12,77
88,578,40,2011-12,2
90,7453,40,2011-12,10
91,3271,40,2011-12,11
93,39581,40,2011-12,216
94,25565,40,2011-12,3
95,29677,40,2011-12,38
97,10706,40,2011-12,6
99,10618,40,2011-12,89
0,38708,41,2012-01,73
1,7355,41,2012-01,182
2,16397,41,2012-01,356
3,13231,41,2012-01,154
5,818,41,2012-01,433
6,3515,41,2012-01,241
7,3012,41,2012-01,220
10,36530,41,2012-01,218
12,7165,41,2012-01,570
14,7764,41,2012-01,89
16,1368,41,2012-01,83
17,38342,41,2012-01,88
18,1733,41,2012-01,55
19,13975,41,2012-01,47
20,34217,41,2012-01,361
22,1730,41,2012-01,69
23,36512,41,2012-01,25
24,538,41,2012-01,7
25,17097,41,2012-01,49
28,9410,41,2012-01,62
30,18359,41,2012-01,363
32,3363,41,2012-01,133
34,11360,41,2012-01,115
35,38551,41,2012-01,296
36,7717,41,2012-01,301
38,59,41,2012-01,41
41,6544,41,2012-01,40
43,6515,41,2012-01,23
44,25673,41,2012-01,40
46,31852,41,2012-01,118
47,479,41,2012-01,1
49,27547,41,2012-01,26
50,14456,41,2012-01,82
51,1593,41,2012-01,43
52,419,41,2012-01,16
53,31423,41,2012-01,189
55,5206,41,2012-01,99
57,28308,41,2012-01,112
58,2505,41,2012-01,32
59,15578,41,2012-01,2
61,6759,41,2012-01,24
62,740,41,2012-01,14
63,31770,41,2012-01,51
65,410,41,2012-01,5
66,3673,41,2012-01,19
67,4712,41,2012-01,17
68,9740,41,2012-01,33
69,102,41,2012-01,3
70,15269,41,2012-01,7
71,5443,41,2012-01,87
72,25587,41,2012-01,22
73,27592,41,2012-01,94
75,40261,41,2012-01,37
76,385,41,2012-01,25
77,13797,41,2012-01,6
79,3984,41,2012-01,40
81,11339,41,2012-01,79
83,31889,41,2012-01,2
84,33261,41,2012-01,151
86,619,41,2012-01,94
87,13118,41,2012-01,193
88,578,41,2012-01,8
89,2556,41,2012-01,3
90,7453,41,2012-01,33
91,3271,41,2012-01,14
92,15981,41,2012-01,1
93,39581,41,2012-01,224
94,25565,41,2012-01,1
95,29677,41,2012-01,94
97,10706,41,2012-01,13
99,10618,41,2012-01,66
0,38708,42,2012-02,56
1,7355,42,2012-02,93
2,16397,42,2012-02,284
3,13231,42,2012-02,442
5,818,42,2012-02,308
6,3515,42,2012-02,236
7,3012,42,2012-02,274
10,36530,42,2012-02,227
12,7165,42,2012-02,306
14,7764,42,2012-02,115
16,1368,42,2012-02,754
17,38342,42,2012-02,103
18,1733,42,2012-02,58
19,13975,42,2012-02,81
20,34217,42,2012-02,126
22,1730,42,2012-02,42
23,36512,42,2012-02,1
24,538,42,2012-02,5
25,17097,42,2012-02,69
26,46394,42,2012-02,3
28,9410,42,2012-02,80
30,18359,42,2012-02,169
31,105,42,2012-02,6
32,3363,42,2012-02,184
33,45646,42,2012-02,533
34,11360,42,2012-02,346
35,38551,42,2012-02,246
36,7717,42,2012-02,97
38,59,42,2012-02,57
40,4441,42,2012-02,3
41,6544,42,2012-02,48
44,25673,42,2012-02,9
46,31852,42,2012-02,20
47,479,42,2012-02,5
49,27547,42,2012-02,29
50,14456,42,2012-02,83
51,1593,42,2012-02,137
52,419,42,2012-02,9
53,31423,42,2012-02,132
55,5206,42,2012-02,149
56,46216,42,2012-02,73
57,28308,42,2012-02,34
58,2505,42,2012-02,17
61,6759,42,2012-02,30
62,740,42,2012-02,31
63,31770,42,2012-02,7
65,410,42,2012-02,4
66,3673,42,2012-02,33
67,4712,42,2012-02,4
68,9740,42,2012-02,33
69,102,42,2012-02,19
70,15269,42,2012-02,25
71,5443,42,2012-02,138
72,25587,42,2012-02,13
73,27592,42,2012-02,304
74,17350,42,2012-02,2
75,40261,42,2012-02,37
76,385,42,2012-02,17
77,13797,42,2012-02,6
79,3984,42,2012-02,6
81,11339,42,2012-02,12
83,31889,42,2012-02,5
84,33261,42,2012-02,18
86,619,42,2012-02,34
87,13118,42,2012-02,55
88,578,42,2012-02,2
89,2556,42,2012-02,1
90,7453,42,2012-02,23
91,3271,42,2012-02,118
92,15981,42,2012-02,5
93,39581,42,2012-02,221
94,25565,42,2012-02,4
95,29677,42,2012-02,20
97,10706,42,2012-02,42
99,10618,42,2012-02,133
0,38708,43,2012-03,141
1,7355,43,2012-03,133
2,16397,43,2012-03,372
3,13231,43,2012-03,177
5,818,43,2012-03,188
6,3515,43,2012-03,178
7,3012,43,2012-03,190
9,47728,43,2012-03,1
10,36530,43,2012-03,297
12,7165,43,2012-03,89
14,7764,43,2012-03,152
16,1368,43,2012-03,250
17,38342,43,2012-03,8
18,1733,43,2012-03,36
19,13975,43,2012-03,102
20,34217,43,2012-03,107
22,1730,43,2012-03,54
23,36512,43,2012-03,7
24,538,43,2012-03,4
25,17097,43,2012-03,201
28,9410,43,2012-03,180
30,18359,43,2012-03,146
31,105,43,2012-03,7
32,3363,43,2012-03,346
33,45646,43,2012-03,202
34,11360,43,2012-03,405
35,38551,43,2012-03,251
36,7717,43,2012-03,113
38,59,43,2012-03,71
40,4441,43,2012-03,1
43,6515,43,2012-03,3
44,25673,43,2012-03,11
46,31852,43,2012-03,52
47,479,43,2012-03,5
49,27547,43,2012-03,53
50,14456,43,2012-03,152
51,1593,43,2012-03,43
52,419,43,2012-03,2
53,31423,43,2012-03,73
55,5206,43,2012-03,103
56,46216,43,2012-03,225
57,28308,43,2012-03,70
58,2505,43,2012-03,83
59,15578,43,2012-03,9
61,6759,43,2012-03,23
62,740,43,2012-03,13
63,31770,43,2012-03,74
65,410,43,2012-03,22
66,3673,43,2012-03,83
67,4712,43,2012-03,20
68,9740,43,2012-03,87
69,102,43,2012-03,3
70,15269,43,2012-03,3
71,5443,43,2012-03,57
72,25587,43,2012-03,38
73,27592,43,2012-03,92
75,40261,43,2012-03,5
76,385,43,2012-03,17
77,13797,43,2012-03,5
79,3984,43,2012-03,15
81,11339,43,2012-03,8
84,33261,43,2012-03,211
86,619,43,2012-03,20
88,578,43,2012-03,3
90,7453,43,2012-03,20
91,3271,43,2012-03,13
92,15981,43,2012-03,36
93,39581,43,2012-03,249
94,25565,43,2012-03,1
95,29677,43,2012-03,3
97,10706,43,2012-03,36
99,10618,43,2012-03,30
0,38708,44,2012-04,106
1,7355,44,2012-04,93
2,16397,44,2012-04,346
3,13231,44,2012-04,331
5,818,44,2012-04,178
6,3515,44,2012-04,192
7,3012,44,2012-04,234
10,36530,44,2012-04,274
12,7165,44,2012-04,136
14,7764,44,2012-04,204
16,1368,44,2012-04,73
17,38342,44,2012-04,56
18,1733,44,2012-04,61
19,13975,44,2012-04,62
20,34217,44,2012-04,221
22,1730,44,2012-04,79
23,36512,44,2012-04,3
24,538,44,2012-04,5
25,17097,44,2012-04,89
28,9410,44,2012-04,61
30,18359,44,2012-04,213
31,105,44,2012-04,6
32,3363,44,2012-04,395
33,45646,44,2012-04,29
34,11360,44,2012-04,290
35,38551,44,2012-04,138
36,7717,44,2012-04,41
38,59,44,2012-04,16
40,4441,44,2012-04,3
41,6544,44,2012-04,29
43,6515,44,2012-04,1
44,25673,44,2012-04,3
46,31852,44,2012-04,48
47,479,44,2012-04,5
49,27547,44,2012-04,52
50,14456,44,2012-04,96
51,1593,44,2012-04,20
52,419,44,2012-04,8
53,31423,44,2012-04,151
55,5206,44,2012-04,121
56,46216,44,2012-04,298
57,28308,44,2012-04,71
58,2505,44,2012-04,46
59,15578,44,2012-04,49
61,6759,44,2012-04,28
62,740,44,2012-04,10
63,31770,44,2012-04,54
65,410,44,2012-04,26
66,3673,44,2012-04,47
67,4712,44,2012-04,27
68,9740,44,2012-04,57
69,102,44,2012-04,51
70,15269,44,2012-04,83
71,5443,44,2012-04,25
72,25587,44,2012-04,29
73,27592,44,2012-04,18
75,40261,44,2012-04,103
76,385,44,2012-04,26
77,13797,44,2012-04,1
79,3984,44,2012-04,18
81,11339,44,2012-04,10
84,33261,44,2012-04,20
86,619,44,2012-04,8
87,13118,44,2012-04,2
88,578,44,2012-04,16
90,7453,44,2012-04,20
91,3271,44,2012-04,7
92,15981,44,2012-04,1
93,39581,44,2012-04,111
95,29677,44,2012-04,12
97,10706,44,2012-04,7
99,10618,44,2012-04,31
0,38708,45,2012-05,152
1,7355,45,2012-05,124
2,16397,45,2012-05,638
3,13231,45,2012-05,405
5,818,45,2012-05,324
6,3515,45,2012-05,171
7,3012,45,2012-05,183
9,47728,45,2012-05,14
10,36530,45,2012-05,255
12,7165,45,2012-05,208
14,7764,45,2012-05,145
16,1368,45,2012-05,92
17,38342,45,2012-05,75
18,1733,45,2012-05,58
19,13975,45,2012-05,45
20,34217,45,2012-05,249
22,1730,45,2012-05,32
23,36512,45,2012-05,5
24,538,45,2012-05,5
25,17097,45,2012-05,122
28,9410,45,2012-05,42
30,18359,45,2012-05,153
31,105,45,2012-05,5
32,3363,45,2012-05,79
33,45646,45,2012-05,3
34,11360,45,2012-05,331
35,38551,45,2012-05,32
36,7717,45,2012-05,39
38,59,45,2012-05,42
40,4441,45,2012-05,4
41,6544,45,2012-05,14
43,6515,45,2012-05,32
44,25673,45,2012-05,9
46,31852,45,2012-05,105
47,479,45,2012-05,7
49,27547,45,2012-05,34
50,14456,45,2012-05,62
51,1593,45,2012-05,37
52,419,45,2012-05,19
53,31423,45,2012-05,51
55,5206,45,2012-05,15
56,46216,45,2012-05,344
57,28308,45,2012-05,51
58,2505,45,2012-05,139
59,15578,45,2012-05,23
61,6759,45,2012-05,22
62,740,45,2012-05,7
63,31770,45,2012-05,57
64,52651,45,2012-05,15
65,410,45,2012-05,7
66,3673,45,2012-05,67
67,4712,45,2012-05,13
68,9740,45,2012-05,66
69,102,45,2012-05,24
70,15269,45,2012-05,63
71,5443,45,2012-05,49
72,25587,45,2012-05,48
73,27592,45,2012-05,12
75,40261,45,2012-05,139
76,385,45,2012-05,8
77,13797,45,2012-05,10
79,3984,45,2012-05,33
81,11339,45,2012-05,1
83,31889,45,2012-05,3
84,33261,45,2012-05,56
86,619,45,2012-05,35
88,578,45,2012-05,5
89,2556,45,2012-05,2
90,7453,45,2012-05,19
91,3271,45,2012-05,57
92,15981,45,2012-05,8
93,39581,45,2012-05,242
94,25565,45,2012-05,1
95,29677,45,2012-05,68
97,10706,45,2012-05,14
99,10618,45,2012-05,18
0,38708,46,2012-06,253
1,7355,46,2012-06,315
2,16397,46,2012-06,595
3,13231,46,2012-06,192
5,818,46,2012-06,217
6,3515,46,2012-06,480
7,3012,46,2012-06,177
8,54102,46,2012-06,8
9,47728,46,2012-06,122
10,36530,46,2012-06,187
12,7165,46,2012-06,139
14,7764,46,2012-06,65
16,1368,46,2012-06,513
17,38342,46,2012-06,109
18,1733,46,2012-06,54
19,13975,46,2012-06,83
20,34217,46,2012-06,146
22,1730,46,2012-06,70
23,36512,46,2012-06,2
24,538,46,2012-06,9
25,17097,46,2012-06,114
28,9410,46,2012-06,36
30,18359,46,2012-06,126
31,105,46,2012-06,4
32,3363,46,2012-06,147
34,11360,46,2012-06,317
35,38551,46,2012-06,1
36,7717,46,2012-06,5
38,59,46,2012-06,18
40,4441,46,2012-06,1
41,6544,46,2012-06,40
43,6515,46,2012-06,206
44,25673,46,2012-06,4
46,31852,46,2012-06,102
47,479,46,2012-06,3
49,27547,46,2012-06,62
50,14456,46,2012-06,37
51,1593,46,2012-06,52
52,419,46,2012-06,41
53,31423,46,2012-06,301
55,5206,46,2012-06,32
56,46216,46,2012-06,175
57,28308,46,2012-06,50
58,2505,46,2012-06,37
59,15578,46,2012-06,18
61,6759,46,2012-06,31
62,740,46,2012-06,34
63,31770,46,2012-06,45
64,52651,46,2012-06,70
65,410,46,2012-06,15
66,3673,46,2012-06,21
67,4712,46,2012-06,47
68,9740,46,2012-06,40
69,102,46,2012-06,14
70,15269,46,2012-06,4
71,5443,46,2012-06,15
72,25587,46,2012-06,30
73,27592,46,2012-06,1
75,40261,46,2012-06,225
76,385,46,2012-06,16
77,13797,46,2012-06,19
79,3984,46,2012-06,19
81,11339,46,2012-06,6
83,31889,46,2012-06,2
84,33261,46,2012-06,5
86,619,46,2012-06,11
88,578,46,2012-06,21
90,7453,46,2012-06,3
91,3271,46,2012-06,30
92,15981,46,2012-06,23
93,39581,46,2012-06,187
94,25565,46,2012-06,1
95,29677,46,2012-06,55
97,10706,46,2012-06,3
99,10618,46,2012-06,14
0,38708,47,2012-07,150
1,7355,47,2012-07,89
2,16397,47,2012-07,277
3,13231,47,2012-07,15
5,818,47,2012-07,78
6,3515,47,2012-07,276
7,3012,47,2012-07,212
9,47728,47,2012-07,402
10,36530,47,2012-07,228
12,7165,47,2012-07,130
14,7764,47,2012-07,144
15,57081,47,2012-07,257
16,1368,47,2012-07,871
17,38342,47,2012-07,42
18,1733,47,2012-07,20
19,13975,47,2012-07,23
20,34217,47,2012-07,100
22,1730,47,2012-07,63
23,36512,47,2012-07,18
24,538,47,2012-07,7
25,17097,47,2012-07,96
28,9410,47,2012-07,172
30,18359,47,2012-07,140
31,105,47,2012-07,3
32,3363,47,2012-07,65
34,11360,47,2012-07,278
35,38551,47,2012-07,1
36,7717,47,2012-07,21
38,59,47,2012-07,29
41,6544,47,2012-07,83
43,6515,47,2012-07,82
44,25673,47,2012-07,21
46,31852,47,2012-07,178
47,479,47,2012-07,6
49,27547,47,2012-07,47
50,14456,47,2012-07,50
51,1593,47,2012-07,41
52,419,47,2012-07,34
53,31423,47,2012-07,293
55,5206,47,2012-07,31
56,46216,47,2012-07,140
57,28308,47,2012-07,58
58,2505,47,2012-07,11
59,15578,47,2012-07,62
61,6759,47,2012-07,17
62,740,47,2012-07,46
63,31770,47,2012-07,35
64,52651,47,2012-07,238
65,410,47,2012-07,50
66,3673,47,2012-07,11
67,4712,47,2012-07,11
68,9740,47,2012-07,68
69,102,47,2012-07,17
70,15269,47,2012-07,10
71,5443,47,2012-07,83
72,25587,47,2012-07,65
73,27592,47,2012-07,4
75,40261,47,2012-07,238
76,385,47,2012-07,26
77,13797,47,2012-07,18
78,56459,47,2012-07,296
79,3984,47,2012-07,11
81,11339,47,2012-07,2
84,33261,47,2012-07,38
86,619,47,2012-07,9
87,13118,47,2012-07,2
88,578,47,2012-07,5
90,7453,47,2012-07,1
91,3271,47,2012-07,37
92,15981,47,2012-07,89
93,39581,47,2012-07,81
94,25565,47,2012-07,1
95,29677,47,2012-07,75
97,10706,47,2012-07,1
99,10618,47,2012-07,41
0,38708,48,2012-08,206
1,7355,48,2012-08,165
2,16397,48,2012-08,200
3,13231,48,2012-08,189
5,818,48,2012-08,146
6,3515,48,2012-08,141
7,3012,48,2012-08,157
8,54102,48,2012-08,34
9,47728,48,2012-08,225
10,36530,48,2012-08,230
12,7165,48,2012-08,239
14,7764,48,2012-08,208
15,57081,48,2012-08,471
16,1368,48,2012-08,403
17,38342,48,2012-08,123
18,1733,48,2012-08,48
19,13975,48,2012-08,25
20,34217,48,2012-08,88
22,1730,48,2012-08,79
23,36512,48,2012-08,204
24,538,48,2012-08,11
25,17097,48,2012-08,103
26,46394,48,2012-08,413
28,9410,48,2012-08,90
30,18359,48,2012-08,393
31,105,48,2012-08,11
32,3363,48,2012-08,161
34,11360,48,2012-08,211
35,38551,48,2012-08,2
36,7717,48,2012-08,9
38,59,48,2012-08,26
39,58821,48,2012-08,42
40,4441,48,2012-08,5
41,6544,48,2012-08,83
43,6515,48,2012-08,228
46,31852,48,2012-08,161
47,479,48,2012-08,2
49,27547,48,2012-08,26
50,14456,48,2012-08,55
51,1593,48,2012-08,18
52,419,48,2012-08,7
53,31423,48,2012-08,149
55,5206,48,2012-08,41
56,46216,48,2012-08,36
57,28308,48,2012-08,61
58,2505,48,2012-08,62
59,15578,48,2012-08,42
61,6759,48,2012-08,23
62,740,48,2012-08,76
63,31770,48,2012-08,107
64,52651,48,2012-08,70
65,410,48,2012-08,9
66,3673,48,2012-08,37
67,4712,48,2012-08,16
68,9740,48,2012-08,90
69,102,48,2012-08,16
70,15269,48,2012-08,20
71,5443,48,2012-08,33
72,25587,48,2012-08,73
73,27592,48,2012-08,14
74,17350,48,2012-08,3
75,40261,48,2012-08,146
76,385,48,2012-08,22
77,13797,48,2012-08,9
78,56459,48,2012-08,317
79,3984,48,2012-08,23
83,31889,48,2012-08,4
84,33261,48,2012-08,48
86,619,48,2012-08,3
88,578,48,2012-08,6
89,2556,48,2012-08,11
90,7453,48,2012-08,14
91,3271,48,2012-08,17
92,15981,48,2012-08,42
93,39581,48,2012-08,12
94,25565,48,2012-08,1
95,29677,48,2012-08,1
99,10618,48,2012-08,24
0,38708,49,2012-09,255
1,7355,49,2012-09,213
2,16397,49,2012-09,219
3,13231,49,2012-09,262
5,818,49,2012-09,220
6,3515,49,2012-09,115
7,3012,49,2012-09,179
8,54102,49,2012-09,319
9,47728,49,2012-09,313
10,36530,49,2012-09,146
12,7165,49,2012-09,98
14,7764,49,2012-09,74
15,57081,49,2012-09,557
16,1368,49,2012-09,441
17,38342,49,2012-09,104
18,1733,49,2012-09,35
19,13975,49,2012-09,25
20,34217,49,2012-09,29
22,1730,49,2012-09,52
23,36512,49,2012-09,392
24,538,49,2012-09,4
25,17097,49,2012-09,96
26,46394,49,2012-09,207
28,9410,49,2012-09,49
30,18359,49,2012-09,246
31,105,49,2012-09,2
32,3363,49,2012-09,115
34,11360,49,2012-09,80
35,38551,49,2012-09,2
36,7717,49,2012-09,18
38,59,49,2012-09,42
39,58821,49,2012-09,131
40,4441,49,2012-09,3
41,6544,49,2012-09,29
43,6515,49,2012-09,81
44,25673,49,2012-09,13
46,31852,49,2012-09,95
47,479,49,2012-09,6
49,27547,49,2012-09,90
50,14456,49,2012-09,37
51,1593,49,2012-09,39
52,419,49,2012-09,3
53,31423,49,2012-09,46
55,5206,49,2012-09,25
56,46216,49,2012-09,18
57,28308,49,2012-09,218
58,2505,49,2012-09,24
59,15578,49,2012-09,23
61,6759,49,2012-09,15
62,740,49,2012-09,28
63,31770,49,2012-09,57
64,52651,49,2012-09,24
65,410,49,2012-09,3
66,3673,49,2012-09,24
67,4712,49,2012-09,3
68,9740,49,2012-09,49
69,102,49,2012-09,9
70,15269,49,2012-09,17
71,5443,49,2012-09,50
72,25587,49,2012-09,62
73,27592,49,2012-09,4
75,40261,49,2012-09,54
76,385,49,2012-09,12
77,13797,49,2012-09,9
78,56459,49,2012-09,188
79,3984,49,2012-09,24
81,11339,49,2012-09,13
84,33261,49,2012-09,12
86,619,49,2012-09,13
87,13118,49,2012-09,1
88,578,49,2012-09,1
89,2556,49,2012-09,3
90,7453,49,2012-09,11
91,3271,49,2012-09,48
92,15981,49,2012-09,34
94,25565,49,2012-09,2
95,29677,49,2012-09,2
97,10706,49,2012-09,7
99,10618,49,2012-09,14
0,38708,50,2012-10,364
1,7355,50,2012-10,147
2,16397,50,2012-10,397
3,13231,50,2012-10,423
5,818,50,2012-10,174
6,3515,50,2012-10,440
7,3012,50,2012-10,166
8,54102,50,2012-10,777
9,47728,50,2012-10,356
10,36530,50,2012-10,182
12,7165,50,2012-10,98
14,7764,50,2012-10,50
15,57081,50,2012-10,157
16,1368,50,2012-10,343
17,38342,50,2012-10,148
18,1733,50,2012-10,41
19,13975,50,2012-10,24
20,34217,50,2012-10,83
22,1730,50,2012-10,143
23,36512,50,2012-10,4
24,538,50,2012-10,7
25,17097,50,2012-10,24
26,46394,50,2012-10,97
28,9410,50,2012-10,5
30,18359,50,2012-10,128
31,105,50,2012-10,2
32,3363,50,2012-10,303
34,11360,50,2012-10,103
35,38551,50,2012-10,6
36,7717,50,2012-10,5
38,59,50,2012-10,74
39,58821,50,2012-10,119
40,4441,50,2012-10,3
41,6544,50,2012-10,8
43,6515,50,2012-10,240
44,25673,50,2012-10,30
46,31852,50,2012-10,101
47,479,50,2012-10,31
49,27547,50,2012-10,97
50,14456,50,2012-10,86
51,1593,50,2012-10,29
52,419,50,2012-10,4
53,31423,50,2012-10,162
55,5206,50,2012-10,62
56,46216,50,2012-10,255
57,28308,50,2012-10,132
58,2505,50,2012-10,38
59,15578,50,2012-10,42
61,6759,50,2012-10,171
62,740,50,2012-10,28
63,31770,50,2012-10,56
64,52651,50,2012-10,92
65,410,50,2012-10,28
66,3673,50,2012-10,51
67,4712,50,2012-10,13
68,9740,50,2012-10,48
69,102,50,2012-10,2
70,15269,50,2012-10,18
71,5443,50,2012-10,15
72,25587,50,2012-10,57
73,27592,50,2012-10,3
75,40261,50,2012-10,75
76,385,50,2012-10,45
77,13797,50,2012-10,18
78,56459,50,2012-10,135
79,3984,50,2012-10,34
81,11339,50,2012-10,2
82,64585,50,2012-10,79
83,31889,50,2012-10,1
84,33261,50,2012-10,79
86,619,50,2012-10,2
88,578,50,2012-10,156
89,2556,50,2012-10,1
90,7453,50,2012-10,6
91,3271,50,2012-10,16
92,15981,50,2012-10,113
93,39581,50,2012-10,2
94,25565,50,2012-10,3
95,29677,50,2012-10,8
97,10706,50,2012-10,1
99,10618,50,2012-10,11
0,38708,51,2012-11,470
1,7355,51,2012-11,276
2,16397,51,2012-11,258
3,13231,51,2012-11,350
5,818,51,2012-11,60
6,3515,51,2012-11,205
7,3012,51,2012-11,162
8,54102,51,2012-11,689
9,47728,51,2012-11,533
10,36530,51,2012-11,286
11,67188,51,2012-11,154
12,7165,51,2012-11,41
14,7764,51,2012-11,7
15,57081,51,2012-11,201
16,1368,51,2012-11,176
17,38342,51,2012-11,105
18,1733,51,2012-11,44
19,13975,51,2012-11,16
20,34217,51,2012-11,110
21,66106,51,2012-11,149
22,1730,51,2012-11,71
23,36512,51,2012-11,2
24,538,51,2012-11,4
25,17097,51,2012-11,4
26,46394,51,2012-11,62
28,9410,51,2012-11,9
30,18359,51,2012-11,178
31,105,51,2012-11,1
32,3363,51,2012-11,30
34,11360,51,2012-11,122
36,7717,51,2012-11,2
38,59,51,2012-11,79
39,58821,51,2012-11,109
40,4441,51,2012-11,1
41,6544,51,2012-11,11
43,6515,51,2012-11,74
44,25673,51,2012-11,11
46,31852,51,2012-11,75
47,479,51,2012-11,22
49,27547,51,2012-11,42
50,14456,51,2012-11,51
51,1593,51,2012-11,60
52,419,51,2012-11,8
53,31423,51,2012-11,12
55,5206,51,2012-11,64
56,46216,51,2012-11,81
57,28308,51,2012-11,50
58,2505,51,2012-11,41
59,15578,51,2012-11,16
61,6759,51,2012-11,69
62,740,51,2012-11,2
63,31770,51,2012-11,54
64,52651,51,2012-11,31
65,410,51,2012-11,8
66,3673,51,2012-11,76
67,4712,51,2012-11,8
68,9740,51,2012-11,32
69,102,51,2012-11,10
70,15269,51,2012-11,11
71,5443,51,2012-11,52
72,25587,51,2012-11,54
73,27592,51,2012-11,5
74,17350,51,2012-11,1
75,40261,51,2012-11,65
76,385,51,2012-11,52
77,13797,51,2012-11,12
78,56459,51,2012-11,90
79,3984,51,2012-11,34
81,11339,51,2012-11,10
82,64585,51,2012-11,403
83,31889,51,2012-11,2
84,33261,51,2012-11,64
86,619,51,2012-11,13
87,13118,51,2012-11,2
88,578,51,2012-11,145
90,7453,51,2012-11,5
91,3271,51,2012-11,13
92,15981,51,2012-11,43
94,25565,51,2012-11,1
95,29677,51,2012-11,4
99,10618,51,2012-11,15
0,38708,52,2012-12,352
1,7355,52,2012-12,173
2,16397,52,2012-12,420
3,13231,52,2012-12,7
5,818,52,2012-12,115
6,3515,52,2012-12,128
7,3012,52,2012-12,211
8,54102,52,2012-12,580
9,47728,52,2012-12,260
10,36530,52,2012-12,236
11,67188,52,2012-12,295
12,7165,52,2012-12,75
14,7764,52,2012-12,67
15,57081,52,2012-12,306
16,1368,52,2012-12,250
17,38342,52,2012-12,101
18,1733,52,2012-12,47
19,13975,52,2012-12,134
20,34217,52,2012-12,134
21,66106,52,2012-12,138
22,1730,52,2012-12,102
23,36512,52,2012-12,4
24,538,52,2012-12,8
25,17097,52,2012-12,10
26,46394,52,2012-12,352
28,9410,52,2012-12,1
30,18359,52,2012-12,58
31,105,52,2012-12,11
32,3363,52,2012-12,44
34,11360,52,2012-12,32
35,38551,52,2012-12,1
36,7717,52,2012-12,11
38,59,52,2012-12,16
39,58821,52,2012-12,160
41,6544,52,2012-12,12
43,6515,52,2012-12,15
44,25673,52,2012-12,31
46,31852,52,2012-12,101
47,479,52,2012-12,25
49,27547,52,2012-12,29
50,14456,52,2012-12,66
51,1593,52,2012-12,38
52,419,52,2012-12,9
53,31423,52,2012-12,20
55,5206,52,2012-12,86
56,46216,52,2012-12,49
57,28308,52,2012-12,105
58,2505,52,2012-12,101
59,15578,52,2012-12,16
61,6759,52,2012-12,29
62,740,52,2012-12,11
63,31770,52,2012-12,43
64,52651,52,2012-12,42
66,3673,52,2012-12,5
67,4712,52,2012-12,8
68,9740,52,2012-12,124
69,102,52,2012-12,8
70,15269,52,2012-12,9
71,5443,52,2012-12,4
72,25587,52,2012-12,56
73,27592,52,2012-12,4
74,17350,52,2012-12,115
75,40261,52,2012-12,129
76,385,52,2012-12,69
77,13797,52,2012-12,19
78,56459,52,2012-12,76
79,3984,52,2012-12,19
81,11339,52,2012-12,1
82,64585,52,2012-12,246
83,31889,52,2012-12,1
84,33261,52,2012-12,9
86,619,52,2012-12,32
87,13118,52,2012-12,2
88,578,52,2012-12,8
89,2556,52,2012-12,4
90,7453,52,2012-12,19
91,3271,52,2012-12,3
92,15981,52,2012-12,5
93,39581,52,2012-12,5
94,25565,52,2012-12,2
95,29677,52,2012-12,1
97,10706,52,2012-12,1
0,38708,53,2013-01,308
1,7355,53,2013-01,116
2,16397,53,2013-01,504
3,13231,53,2013-01,3
5,818,53,2013-01,103
6,3515,53,2013-01,176
7,3012,53,2013-01,232
8,54102,53,2013-01,575
9,47728,53,2013-01,561
10,36530,53,2013-01,318
11,67188,53,2013-01,262
12,7165,53,2013-01,119
14,7764,53,2013-01,115
15,57081,53,2013-01,481
16,1368,53,2013-01,32
17,38342,53,2013-01,97
18,1733,53,2013-01,40
19,13975,53,2013-01,45
20,34217,53,2013-01,89
21,66106,53,2013-01,16
22,1730,53,2013-01,73
23,36512,53,2013-01,274
24,538,53,2013-01,9
25,17097,53,2013-01,32
26,46394,53,2013-01,466
28,9410,53,2013-01,11
30,18359,53,2013-01,29
31,105,53,2013-01,1
32,3363,53,2013-01,69
33,45646,53,2013-01,1
34,11360,53,2013-01,89
35,38551,53,2013-01,1
36,7717,53,2013-01,2
38,59,53,2013-01,48
39,58821,53,2013-01,178
41,6544,53,2013-01,36
43,6515,53,2013-01,55
44,25673,53,2013-01,20
45,97043,53,2013-01,3
46,31852,53,2013-01,95
47,479,53,2013-01,27
49,27547,53,2013-01,31
50,14456,53,2013-01,38
51,1593,53,2013-01,30
52,419,53,2013-01,6
53,31423,53,2013-01,10
55,5206,53,2013-01,114
56,46216,53,2013-01,37
57,28308,53,2013-01,66
58,2505,53,2013-01,28
59,15578,53,2013-01,12
61,6759,53,2013-01,21
62,740,53,2013-01,30
63,31770,53,2013-01,23
64,52651,53,2013-01,210
65,410,53,2013-01,1
66,3673,53,2013-01,6
67,4712,53,2013-01,16
68,9740,53,2013-01,73
69,102,53,2013-01,9
70,15269,53,2013-01,16
71,5443,53,2013-01,7
72,25587,53,2013-01,83
73,27592,53,2013-01,1
74,17350,53,2013-01,224
75,40261,53,2013-01,113
76,385,53,2013-01,52
77,13797,53,2013-01,3
78,56459,53,2013-01,140
79,3984,53,2013-01,24
81,11339,53,2013-01,12
82,64585,53,2013-01,143
83,31889,53,2013-01,1
84,33261,53,2013-01,3
86,619,53,2013-01,29
87,13118,53,2013-01,1
88,578,53,2013-01,2
89,2556,53,2013-01,4
90,7453,53,2013-01,44
91,3271,53,2013-01,6
92,15981,53,2013-01,33
93,39581,53,2013-01,7
94,25565,53,2013-01,3
95,29677,53,2013-01,8
97,10706,53,2013-01,6
0,38708,54,2013-02,512
1,7355,54,2013-02,145
2,16397,54,2013-02,395
3,13231,54,2013-02,3
5,818,54,2013-02,122
6,3515,54,2013-02,137
7,3012,54,2013-02,176
8,54102,54,2013-02,734
9,47728,54,2013-02,409
10,36530,54,2013-02,203
11,67188,54,2013-02,212
12,7165,54,2013-02,116
14,7764,54,2013-02,32
15,57081,54,2013-02,75
16,1368,54,2013-02,64
17,38342,54,2013-02,97
18,1733,54,2013-02,26
19,13975,54,2013-02,85
20,34217,54,2013-02,86
21,66106,54,2013-02,96
22,1730,54,2013-02,24
23,36512,54,2013-02,184
24,538,54,2013-02,11
25,17097,54,2013-02,32
26,46394,54,2013-02,331
28,9410,54,2013-02,18
30,18359,54,2013-02,16
31,105,54,2013-02,7
32,3363,54,2013-02,13
34,11360,54,2013-02,108
35,38551,54,2013-02,1
36,7717,54,2013-02,5
37,73799,54,2013-02,115
38,59,54,2013-02,34
39,58821,54,2013-02,117
40,4441,54,2013-02,4
41,6544,54,2013-02,27
42,73672,54,2013-02,413
43,6515,54,2013-02,20
44,25673,54,2013-02,20
46,31852,54,2013-02,36
47,479,54,2013-02,31
49,27547,54,2013-02,29
50,14456,54,2013-02,63
51,1593,54,2013-02,17
52,419,54,2013-02,1
53,31423,54,2013-02,2
55,5206,54,2013-02,64
56,46216,54,2013-02,34
57,28308,54,2013-02,40
58,2505,54,2013-02,33
59,15578,54,2013-02,8
61,6759,54,2013-02,24
62,740,54,2013-02,7
63,31770,54,2013-02,30
64,52651,54,2013-02,73
65,410,54,2013-02,2
66,3673,54,2013-02,9
67,4712,54,2013-02,9
68,9740,54,2013-02,102
69,102,54,2013-02,3
70,15269,54,2013-02,9
71,5443,54,2013-02,5
72,25587,54,2013-02,47
74,17350,54,2013-02,121
75,40261,54,2013-02,276
76,385,54,2013-02,15
77,13797,54,2013-02,10
78,56459,54,2013-02,82
79,3984,54,2013-02,6
81,11339,54,2013-02,10
82,64585,54,2013-02,62
84,33261,54,2013-02,32
86,619,54,2013-02,7
87,13118,54,2013-02,2
88,578,54,2013-02,2
89,2556,54,2013-02,12
90,7453,54,2013-02,33
91,3271,54,2013-02,21
92,15981,54,2013-02,31
93,39581,54,2013-02,7
94,25565,54,2013-02,3
95,29677,54,2013-02,4
97,10706,54,2013-02,3
99,10618,54,2013-02,17
0,38708,55,2013-03,261
1,7355,55,2013-03,277
2,16397,55,2013-03,272
3,13231,55,2013-03,10
5,818,55,2013-03,164
6,3515,55,2013-03,142
7,3012,55,2013-03,227
8,54102,55,2013-03,582
9,47728,55,2013-03,254
10,36530,55,2013-03,190
11,67188,55,2013-03,291
12,7165,55,2013-03,68
14,7764,55,2013-03,2
15,57081,55,2013-03,209
16,1368,55,2013-03,26
17,38342,55,2013-03,123
18,1733,55,2013-03,29
19,13975,55,2013-03,86
20,34217,55,2013-03,120
21,66106,55,2013-03,101
22,1730,55,2013-03,22
23,36512,55,2013-03,106
24,538,55,2013-03,10
25,17097,55,2013-03,103
26,46394,55,2013-03,536
28,9410,55,2013-03,7
30,18359,55,2013-03,24
31,105,55,2013-03,8
32,3363,55,2013-03,16
34,11360,55,2013-03,101
35,38551,55,2013-03,10
36,7717,55,2013-03,2
37,73799,55,2013-03,168
38,59,55,2013-03,20
39,58821,55,2013-03,175
40,4441,55,2013-03,3
41,6544,55,2013-03,54
42,73672,55,2013-03,297
43,6515,55,2013-03,13
44,25673,55,2013-03,54
45,97043,55,2013-03,1
46,31852,55,2013-03,44
47,479,55,2013-03,24
49,27547,55,2013-03,17
50,14456,55,2013-03,2
51,1593,55,2013-03,35
53,31423,55,2013-03,9
55,5206,55,2013-03,20
56,46216,55,2013-03,73
57,28308,55,2013-03,31
58,2505,55,2013-03,157
59,15578,55,2013-03,5
61,6759,55,2013-03,34
62,740,55,2013-03,2
63,31770,55,2013-03,39
64,52651,55,2013-03,194
65,410,55,2013-03,4
66,3673,55,2013-03,5
67,4712,55,2013-03,4
68,9740,55,2013-03,77
69,102,55,2013-03,2
70,15269,55,2013-03,4
71,5443,55,2013-03,10
72,25587,55,2013-03,58
73,27592,55,2013-03,5
74,17350,55,2013-03,1
75,40261,55,2013-03,382
76,385,55,2013-03,7
77,13797,55,2013-03,4
78,56459,55,2013-03,113
79,3984,55,2013-03,11
81,11339,55,2013-03,2
82,64585,55,2013-03,46
83,31889,55,2013-03,2
84,33261,55,2013-03,33
86,619,55,2013-03,3
87,13118,55,2013-03,2
88,578,55,2013-03,6
90,7453,55,2013-03,25
91,3271,55,2013-03,73
92,15981,55,2013-03,26
93,39581,55,2013-03,3
94,25565,55,2013-03,1
95,29677,55,2013-03,20
96,78033,55,2013-03,193
97,10706,55,2013-03,45
99,10618,55,2013-03,3
0,38708,56,2013-04,395
1,7355,56,2013-04,125
2,16397,56,2013-04,283
3,13231,56,2013-04,7
5,818,56,2013-04,110
6,3515,56,2013-04,146
7,3012,56,2013-04,249
8,54102,56,2013-04,487
9,47728,56,2013-04,360
10,36530,56,2013-04,125
11,67188,56,2013-04,316
12,7165,56,2013-04,106
14,7764,56,2013-04,5
15,57081,56,2013-04,95
16,1368,56,2013-04,31
17,38342,56,2013-04,110
18,1733,56,2013-04,16
19,13975,56,2013-04,69
20,34217,56,2013-04,27
21,66106,56,2013-04,99
22,1730,56,2013-04,36
23,36512,56,2013-04,153
24,538,56,2013-04,5
25,17097,56,2013-04,56
26,46394,56,2013-04,408
28,9410,56,2013-04,3
30,18359,56,2013-04,4
31,105,56,2013-04,23
32,3363,56,2013-04,15
34,11360,56,2013-04,142
35,38551,56,2013-04,104
36,7717,56,2013-04,7
37,73799,56,2013-04,70
38,59,56,2013-04,12
39,58821,56,2013-04,100
40,4441,56,2013-04,2
41,6544,56,2013-04,36
42,73672,56,2013-04,88
43,6515,56,2013-04,73
44,25673,56,2013-04,36
46,31852,56,2013-04,24
47,479,56,2013-04,17
49,27547,56,2013-04,46
50,14456,56,2013-04,1
51,1593,56,2013-04,62
52,419,56,2013-04,2
53,31423,56,2013-04,12
55,5206,56,2013-04,5
56,46216,56,2013-04,33
57,28308,56,2013-04,67
58,2505,56,2013-04,20
59,15578,56,2013-04,28
61,6759,56,2013-04,4
62,740,56,2013-04,2
63,31770,56,2013-04,28
64,52651,56,2013-04,5
65,410,56,2013-04,2
66,3673,56,2013-04,17
67,4712,56,2013-04,5
68,9740,56,2013-04,113
69,102,56,2013-04,13
70,15269,56,2013-04,2
71,5443,56,2013-04,19
72,25587,56,2013-04,62
73,27592,56,2013-04,29
74,17350,56,2013-04,1
75,40261,56,2013-04,102
77,13797,56,2013-04,6
78,56459,56,2013-04,48
79,3984,56,2013-04,24
80,79334,56,2013-04,240
82,64585,56,2013-04,112
84,33261,56,2013-04,4
86,619,56,2013-04,1
88,578,56,2013-04,3
89,2556,56,2013-04,8
90,7453,56,2013-04,57
91,3271,56,2013-04,55
92,15981,56,2013-04,41
93,39581,56,2013-04,11
94,25565,56,2013-04,1
95,29677,56,2013-04,8
96,78033,56,2013-04,239
97,10706,56,2013-04,12
99,10618,56,2013-04,10
0,38708,57,2013-05,524
1,7355,57,2013-05,232
2,16397,57,2013-05,358
3,13231,57,2013-05,4
5,818,57,2013-05,126
6,3515,57,2013-05,75
7,3012,57,2013-05,145
8,54102,57,2013-05,558
9,47728,57,2013-05,122
10,36530,57,2013-05,92
11,67188,57,2013-05,277
12,7165,57,2013-05,101
14,7764,57,2013-05,140
15,57081,57,2013-05,106
16,1368,57,2013-05,74
17,38342,57,2013-05,66
18,1733,57,2013-05,10
19,13975,57,2013-05,125
20,34217,57,2013-05,17
21,66106,57,2013-05,179
22,1730,57,2013-05,22
23,36512,57,2013-05,300
24,538,57,2013-05,4
25,17097,57,2013-05,51
26,46394,57,2013-05,272
28,9410,57,2013-05,34
30,18359,57,2013-05,16
31,105,57,2013-05,25
32,3363,57,2013-05,17
34,11360,57,2013-05,170
35,38551,57,2013-05,1
36,7717,57,2013-05,15
37,73799,57,2013-05,123
38,59,57,2013-05,19
39,58821,57,2013-05,86
40,4441,57,2013-05,4
41,6544,57,2013-05,16
42,73672,57,2013-05,10
43,6515,57,2013-05,236
44,25673,57,2013-05,25
46,31852,57,2013-05,63
47,479,57,2013-05,5
49,27547,57,2013-05,17
50,14456,57,2013-05,6
51,1593,57,2013-05,54
52,419,57,2013-05,11
53,31423,57,2013-05,27
55,5206,57,2013-05,1
56,46216,57,2013-05,55
57,28308,57,2013-05,44
58,2505,57,2013-05,124
59,15578,57,2013-05,4
61,6759,57,2013-05,25
62,740,57,2013-05,14
63,31770,57,2013-05,19
64,52651,57,2013-05,1
65,410,57,2013-05,1
66,3673,57,2013-05,5
67,4712,57,2013-05,1
68,9740,57,2013-05,118
69,102,57,2013-05,14
71,5443,57,2013-05,3
72,25587,57,2013-05,89
73,27592,57,2013-05,8
74,17350,57,2013-05,3
75,40261,57,2013-05,46
76,385,57,2013-05,8
77,13797,57,2013-05,8
78,56459,57,2013-05,74
79,3984,57,2013-05,14
80,79334,57,2013-05,11
81,11339,57,2013-05,2
82,64585,57,2013-05,50
83,31889,57,2013-05,2
84,33261,57,2013-05,12
86,619,57,2013-05,4
87,13118,57,2013-05,2
88,578,57,2013-05,2
89,2556,57,2013-05,1
90,7453,57,2013-05,17
91,3271,57,2013-05,58
92,15981,57,2013-05,23
93,39581,57,2013-05,3
94,25565,57,2013-05,4
95,29677,57,2013-05,7
96,78033,57,2013-05,116
97,10706,57,2013-05,2
99,10618,57,2013-05,9
0,38708,58,2013-06,442
1,7355,58,2013-06,171
2,16397,58,2013-06,100
3,13231,58,2013-06,1
5,818,58,2013-06,52
6,3515,58,2013-06,125
7,3012,58,2013-06,201
8,54102,58,2013-06,874
9,47728,58,2013-06,135
10,36530,58,2013-06,97
11,67188,58,2013-06,236
12,7165,58,2013-06,55
14,7764,58,2013-06,134
15,57081,58,2013-06,77
16,1368,58,2013-06,49
17,38342,58,2013-06,77
18,1733,58,2013-06,5
19,13975,58,2013-06,32
20,34217,58,2013-06,49
21,66106,58,2013-06,127
22,1730,58,2013-06,23
23,36512,58,2013-06,136
24,538,58,2013-06,5
25,17097,58,2013-06,110
26,46394,58,2013-06,519
28,9410,58,2013-06,35
30,18359,58,2013-06,13
31,105,58,2013-06,12
32,3363,58,2013-06,8
33,45646,58,2013-06,3
34,11360,58,2013-06,139
35,38551,58,2013-06,36
36,7717,58,2013-06,5
37,73799,58,2013-06,209
38,59,58,2013-06,3
39,58821,58,2013-06,121
40,4441,58,2013-06,6
41,6544,58,2013-06,31
42,73672,58,2013-06,21
43,6515,58,2013-06,292
44,25673,58,2013-06,6
46,31852,58,2013-06,45
47,479,58,2013-06,6
49,27547,58,2013-06,20
50,14456,58,2013-06,1
51,1593,58,2013-06,9
53,31423,58,2013-06,17
55,5206,58,2013-06,10
56,46216,58,2013-06,34
57,28308,58,2013-06,26
58,2505,58,2013-06,95
59,15578,58,2013-06,4
61,6759,58,2013-06,27
62,740,58,2013-06,10
63,31770,58,2013-06,20
64,52651,58,2013-06,7
65,410,58,2013-06,1
66,3673,58,2013-06,9
68,9740,58,2013-06,101
69,102,58,2013-06,15
70,15269,58,2013-06,1
71,5443,58,2013-06,6
72,25587,58,2013-06,73
74,17350,58,2013-06,49
75,40261,58,2013-06,4
76,385,58,2013-06,1
77,13797,58,2013-06,14
78,56459,58,2013-06,16
79,3984,58,2013-06,11
80,79334,58,2013-06,46
81,11339,58,2013-06,1
82,64585,58,2013-06,46
83,31889,58,2013-06,1
84,33261,58,2013-06,44
86,619,58,2013-06,7
88,578,58,2013-06,6
89,2556,58,2013-06,2
90,7453,58,2013-06,29
91,3271,58,2013-06,24
92,15981,58,2013-06,16
93,39581,58,2013-06,3
95,29677,58,2013-06,66
96,78033,58,2013-06,184
97,10706,58,2013-06,2
99,10618,58,2013-06,15
0,38708,59,2013-07,459
1,7355,59,2013-07,162
2,16397,59,2013-07,334
3,13231,59,2013-07,1
5,818,59,2013-07,212
6,3515,59,2013-07,69
7,3012,59,2013-07,75
8,54102,59,2013-07,561
9,47728,59,2013-07,143
10,36530,59,2013-07,144
11,67188,59,2013-07,277
12,7165,59,2013-07,61
14,7764,59,2013-07,160
15,57081,59,2013-07,21
16,1368,59,2013-07,118
17,38342,59,2013-07,21
18,1733,59,2013-07,7
19,13975,59,2013-07,10
20,34217,59,2013-07,96
21,66106,59,2013-07,141
22,1730,59,2013-07,18
23,36512,59,2013-07,141
24,538,59,2013-07,5
25,17097,59,2013-07,259
26,46394,59,2013-07,384
28,9410,59,2013-07,51
30,18359,59,2013-07,8
31,105,59,2013-07,14
32,3363,59,2013-07,28
33,45646,59,2013-07,380
34,11360,59,2013-07,74
35,38551,59,2013-07,52
37,73799,59,2013-07,141
38,59,59,2013-07,5
39,58821,59,2013-07,82
40,4441,59,2013-07,2
41,6544,59,2013-07,11
42,73672,59,2013-07,40
43,6515,59,2013-07,163
44,25673,59,2013-07,200
46,31852,59,2013-07,84
47,479,59,2013-07,4
49,27547,59,2013-07,8
50,14456,59,2013-07,1
51,1593,59,2013-07,40
52,419,59,2013-07,9
53,31423,59,2013-07,20
55,5206,59,2013-07,10
56,46216,59,2013-07,40
57,28308,59,2013-07,44
58,2505,59,2013-07,35
59,15578,59,2013-07,7
61,6759,59,2013-07,80
62,740,59,2013-07,3
63,31770,59,2013-07,29
65,410,59,2013-07,6
66,3673,59,2013-07,10
67,4712,59,2013-07,2
68,9740,59,2013-07,103
69,102,59,2013-07,3
71,5443,59,2013-07,6
72,25587,59,2013-07,44
74,17350,59,2013-07,219
75,40261,59,2013-07,2
76,385,59,2013-07,4
77,13797,59,2013-07,9
78,56459,59,2013-07,12
79,3984,59,2013-07,13
80,79334,59,2013-07,136
81,11339,59,2013-07,2
82,64585,59,2013-07,155
83,31889,59,2013-07,2
84,33261,59,2013-07,104
86,619,59,2013-07,3
88,578,59,2013-07,3
89,2556,59,2013-07,1
90,7453,59,2013-07,16
91,3271,59,2013-07,20
92,15981,59,2013-07,7
93,39581,59,2013-07,3
94,25565,59,2013-07,1
95,29677,59,2013-07,1
96,78033,59,2013-07,112
99,10618,59,2013-07,18
0,38708,60,2013-08,626
1,7355,60,2013-08,209
2,16397,60,2013-08,283
3,13231,60,2013-08,1
5,818,60,2013-08,130
6,3515,60,2013-08,231
7,3012,60,2013-08,214
8,54102,60,2013-08,3
9,47728,60,2013-08,241
10,36530,60,2013-08,117
11,67188,60,2013-08,405
12,7165,60,2013-08,64
14,7764,60,2013-08,42
15,57081,60,2013-08,258
16,1368,60,2013-08,300
17,38342,60,2013-08,80
18,1733,60,2013-08,10
19,13975,60,2013-08,33
20,34217,60,2013-08,43
21,66106,60,2013-08,75
22,1730,60,2013-08,8
23,36512,60,2013-08,253
24,538,60,2013-08,10
25,17097,60,2013-08,202
26,46394,60,2013-08,227
28,9410,60,2013-08,51
30,18359,60,2013-08,9
31,105,60,2013-08,53
32,3363,60,2013-08,12
33,45646,60,2013-08,80
34,11360,60,2013-08,92
35,38551,60,2013-08,133
36,7717,60,2013-08,2
37,73799,60,2013-08,125
38,59,60,2013-08,22
39,58821,60,2013-08,105
40,4441,60,2013-08,2
41,6544,60,2013-08,71
42,73672,60,2013-08,112
43,6515,60,2013-08,140
44,25673,60,2013-08,130
46,31852,60,2013-08,69
47,479,60,2013-08,45
49,27547,60,2013-08,13
50,14456,60,2013-08,5
51,1593,60,2013-08,27
52,419,60,2013-08,2
53,31423,60,2013-08,30
55,5206,60,2013-08,5
56,46216,60,2013-08,49
57,28308,60,2013-08,54
58,2505,60,2013-08,51
59,15578,60,2013-08,19
61,6759,60,2013-08,51
62,740,60,2013-08,2
63,31770,60,2013-08,35
65,410,60,2013-08,4
66,3673,60,2013-08,4
67,4712,60,2013-08,6
68,9740,60,2013-08,148
69,102,60,2013-08,2
70,15269,60,2013-08,8
71,5443,60,2013-08,5
72,25587,60,2013-08,69
73,27592,60,2013-08,6
74,17350,60,2013-08,228
77,13797,60,2013-08,15
78,56459,60,2013-08,49
79,3984,60,2013-08,4
80,79334,60,2013-08,120
81,11339,60,2013-08,5
82,64585,60,2013-08,109
83,31889,60,2013-08,2
84,33261,60,2013-08,13
86,619,60,2013-08,4
87,13118,60,2013-08,3
88,578,60,2013-08,2
89,2556,60,2013-08,6
90,7453,60,2013-08,24
91,3271,60,2013-08,21
92,15981,60,2013-08,17
94,25565,60,2013-08,4
95,29677,60,2013-08,8
96,78033,60,2013-08,96
97,10706,60,2013-08,6
99,10618,60,2013-08,1
0,38708,61,2013-09,857
1,7355,61,2013-09,416
2,16397,61,2013-09,264
3,13231,61,2013-09,1
5,818,61,2013-09,68
6,3515,61,2013-09,204
7,3012,61,2013-09,277
8,54102,61,2013-09,4
9,47728,61,2013-09,454
10,36530,61,2013-09,129
11,67188,61,2013-09,329
12,7165,61,2013-09,25
14,7764,61,2013-09,36
15,57081,61,2013-09,322
16,1368,61,2013-09,161
17,38342,61,2013-09,21
18,1733,61,2013-09,15
19,13975,61,2013-09,164
20,34217,61,2013-09,34
21,66106,61,2013-09,116
22,1730,61,2013-09,14
23,36512,61,2013-09,181
24,538,61,2013-09,5
25,17097,61,2013-09,84
26,46394,61,2013-09,445
28,9410,61,2013-09,85
29,92571,61,2013-09,59
30,18359,61,2013-09,15
31,105,61,2013-09,18
32,3363,61,2013-09,9
33,45646,61,2013-09,47
34,11360,61,2013-09,47
35,38551,61,2013-09,62
36,7717,61,2013-09,63
37,73799,61,2013-09,65
38,59,61,2013-09,6
39,58821,61,2013-09,59
40,4441,61,2013-09,1
41,6544,61,2013-09,27
42,73672,61,2013-09,158
43,6515,61,2013-09,54
44,25673,61,2013-09,132
46,31852,61,2013-09,56
47,479,61,2013-09,47
49,27547,61,2013-09,24
50,14456,61,2013-09,3
51,1593,61,2013-09,61
52,419,61,2013-09,3
53,31423,61,2013-09,2
55,5206,61,2013-09,24
56,46216,61,2013-09,80
57,28308,61,2013-09,131
58,2505,61,2013-09,10
59,15578,61,2013-09,10
61,6759,61,2013-09,10
63,31770,61,2013-09,61
65,410,61,2013-09,4
66,3673,61,2013-09,9
67,4712,61,2013-09,11
68,9740,61,2013-09,114
69,102,61,2013-09,4
70,15269,61,2013-09,9
71,5443,61,2013-09,3
72,25587,61,2013-09,68
73,27592,61,2013-09,13
74,17350,61,2013-09,98
75,40261,61,2013-09,5
76,385,61,2013-09,2
77,13797,61,2013-09,8
78,56459,61,2013-09,38
79,3984,61,2013-09,8
80,79334,61,2013-09,56
81,11339,61,2013-09,1
82,64585,61,2013-09,110
83,31889,61,2013-09,2
84,33261,61,2013-09,29
86,619,61,2013-09,4
88,578,61,2013-09,2
89,2556,61,2013-09,6
90,7453,61,2013-09,16
91,3271,61,2013-09,4
92,15981,61,2013-09,24
93,39581,61,2013-09,2
94,25565,61,2013-09,1
95,29677,61,2013-09,24
96,78033,61,2013-09,104
99,10618,61,2013-09,2
0,38708,62,2013-10,877
1,7355,62,2013-10,309
2,16397,62,2013-10,171
3,13231,62,2013-10,2
5,818,62,2013-10,103
6,3515,62,2013-10,282
7,3012,62,2013-10,255
8,54102,62,2013-10,2
9,47728,62,2013-10,219
10,36530,62,2013-10,138
11,67188,62,2013-10,409
12,7165,62,2013-10,39
14,7764,62,2013-10,27
15,57081,62,2013-10,199
16,1368,62,2013-10,237
17,38342,62,2013-10,62
18,1733,62,2013-10,6
19,13975,62,2013-10,156
20,34217,62,2013-10,129
21,66106,62,2013-10,136
22,1730,62,2013-10,32
23,36512,62,2013-10,135
24,538,62,2013-10,6
25,17097,62,2013-10,119
26,46394,62,2013-10,204
28,9410,62,2013-10,51
29,92571,62,2013-10,530
30,18359,62,2013-10,32
31,105,62,2013-10,2
32,3363,62,2013-10,12
33,45646,62,2013-10,13
34,11360,62,2013-10,193
35,38551,62,2013-10,23
36,7717,62,2013-10,4
37,73799,62,2013-10,42
38,59,62,2013-10,6
39,58821,62,2013-10,74
40,4441,62,2013-10,1
41,6544,62,2013-10,25
42,73672,62,2013-10,51
43,6515,62,2013-10,88
44,25673,62,2013-10,67
46,31852,62,2013-10,82
47,479,62,2013-10,55
49,27547,62,2013-10,3
51,1593,62,2013-10,52
52,419,62,2013-10,1
53,31423,62,2013-10,23
55,5206,62,2013-10,37
56,46216,62,2013-10,38
57,28308,62,2013-10,36
58,2505,62,2013-10,2
59,15578,62,2013-10,9
61,6759,62,2013-10,25
62,740,62,2013-10,3
63,31770,62,2013-10,35
66,3673,62,2013-10,7
67,4712,62,2013-10,2
68,9740,62,2013-10,51
69,102,62,2013-10,16
70,15269,62,2013-10,2
71,5443,62,2013-10,5
72,25587,62,2013-10,74
73,27592,62,2013-10,5
74,17350,62,2013-10,130
75,40261,62,2013-10,2
76,385,62,2013-10,1
77,13797,62,2013-10,5
78,56459,62,2013-10,52
79,3984,62,2013-10,12
80,79334,62,2013-10,53
81,11339,62,2013-10,3
82,64585,62,2013-10,28
83,31889,62,2013-10,3
84,33261,62,2013-10,83
86,619,62,2013-10,2
88,578,62,2013-10,3
89,2556,62,2013-10,11
90,7453,62,2013-10,13
91,3271,62,2013-10,9
92,15981,62,2013-10,16
93,39581,62,2013-10,7
94,25565,62,2013-10,4
95,29677,62,2013-10,3
96,78033,62,2013-10,96
97,10706,62,2013-10,1
99,10618,62,2013-10,10
0,38708,63,2013-11,534
1,7355,63,2013-11,310
2,16397,63,2013-11,246
3,13231,63,2013-11,1
5,818,63,2013-11,87
6,3515,63,2013-11,260
7,3012,63,2013-11,155
8,54102,63,2013-11,6
9,47728,63,2013-11,148
10,36530,63,2013-11,145
11,67188,63,2013-11,206
12,7165,63,2013-11,24
14,7764,63,2013-11,38
15,57081,63,2013-11,117
16,1368,63,2013-11,246
17,38342,63,2013-11,75
18,1733,63,2013-11,5
19,13975,63,2013-11,185
20,34217,63,2013-11,63
21,66106,63,2013-11,209
22,1730,63,2013-11,16
23,36512,63,2013-11,105
24,538,63,2013-11,7
25,17097,63,2013-11,96
26,46394,63,2013-11,142
28,9410,63,2013-11,76
29,92571,63,2013-11,536
30,18359,63,2013-11,7
32,3363,63,2013-11,3
33,45646,63,2013-11,21
34,11360,63,2013-11,76
35,38551,63,2013-11,25
36,7717,63,2013-11,22
37,73799,63,2013-11,185
38,59,63,2013-11,6
39,58821,63,2013-11,135
40,4441,63,2013-11,1
41,6544,63,2013-11,41
42,73672,63,2013-11,107
43,6515,63,2013-11,21
44,25673,63,2013-11,56
45,97043,63,2013-11,3
46,31852,63,2013-11,48
47,479,63,2013-11,45
49,27547,63,2013-11,15
50,14456,63,2013-11,4
51,1593,63,2013-11,45
52,419,63,2013-11,3
53,31423,63,2013-11,3
55,5206,63,2013-11,26
56,46216,63,2013-11,24
57,28308,63,2013-11,57
58,2505,63,2013-11,11
59,15578,63,2013-11,8
61,6759,63,2013-11,12
62,740,63,2013-11,2
63,31770,63,2013-11,13
65,410,63,2013-11,1
66,3673,63,2013-11,17
67,4712,63,2013-11,4
68,9740,63,2013-11,80
69,102,63,2013-11,1
70,15269,63,2013-11,4
71,5443,63,2013-11,85
72,25587,63,2013-11,79
73,27592,63,2013-11,7
74,17350,63,2013-11,85
75,40261,63,2013-11,8
77,13797,63,2013-11,10
78,56459,63,2013-11,37
79,3984,63,2013-11,12
80,79334,63,2013-11,45
81,11339,63,2013-11,5
82,64585,63,2013-11,140
84,33261,63,2013-11,6
86,619,63,2013-11,1
88,578,63,2013-11,24
89,2556,63,2013-11,7
90,7453,63,2013-11,7
91,3271,63,2013-11,17
92,15981,63,2013-11,1
93,39581,63,2013-11,1
95,29677,63,2013-11,3
96,78033,63,2013-11,105
97,10706,63,2013-11,2
99,10618,63,2013-11,1
0,38708,64,2013-12,461
1,7355,64,2013-12,369
2,16397,64,2013-12,180
3,13231,64,2013-12,1
5,818,64,2013-12,49
6,3515,64,2013-12,110
7,3012,64,2013-12,177
8,54102,64,2013-12,3
9,47728,64,2013-12,219
10,36530,64,2013-12,109
11,67188,64,2013-12,265
12,7165,64,2013-12,39
14,7764,64,2013-12,37
15,57081,64,2013-12,93
16,1368,64,2013-12,572
17,38342,64,2013-12,63
18,1733,64,2013-12,6
19,13975,64,2013-12,72
20,34217,64,2013-12,58
21,66106,64,2013-12,117
22,1730,64,2013-12,8
23,36512,64,2013-12,128
24,538,64,2013-12,4
25,17097,64,2013-12,92
26,46394,64,2013-12,107
28,9410,64,2013-12,41
29,92571,64,2013-12,693
30,18359,64,2013-12,9
31,105,64,2013-12,3
32,3363,64,2013-12,15
33,45646,64,2013-12,140
34,11360,64,2013-12,49
35,38551,64,2013-12,27
36,7717,64,2013-12,10
37,73799,64,2013-12,241
38,59,64,2013-12,8
39,58821,64,2013-12,88
40,4441,64,2013-12,1
41,6544,64,2013-12,17
42,73672,64,2013-12,119
43,6515,64,2013-12,15
44,25673,64,2013-12,116
45,97043,64,2013-12,1
46,31852,64,2013-12,79
47,479,64,2013-12,83
49,27547,64,2013-12,11
50,14456,64,2013-12,6
51,1593,64,2013-12,40
53,31423,64,2013-12,13
55,5206,64,2013-12,9
56,46216,64,2013-12,99
57,28308,64,2013-12,54
58,2505,64,2013-12,8
59,15578,64,2013-12,6
61,6759,64,2013-12,18
62,740,64,2013-12,2
63,31770,64,2013-12,19
64,52651,64,2013-12,4
66,3673,64,2013-12,16
67,4712,64,2013-12,6
68,9740,64,2013-12,32
69,102,64,2013-12,1
70,15269,64,2013-12,3
71,5443,64,2013-12,40
72,25587,64,2013-12,50
73,27592,64,2013-12,7
74,17350,64,2013-12,101
75,40261,64,2013-12,23
76,385,64,2013-12,4
77,13797,64,2013-12,6
78,56459,64,2013-12,72
79,3984,64,2013-12,31
80,79334,64,2013-12,116
81,11339,64,2013-12,12
82,64585,64,2013-12,74
83,31889,64,2013-12,2
84,33261,64,2013-12,20
86,619,64,2013-12,5
87,13118,64,2013-12,42
88,578,64,2013-12,8
89,2556,64,2013-12,1
90,7453,64,2013-12,8
91,3271,64,2013-12,5
92,15981,64,2013-12,1
95,29677,64,2013-12,3
96,78033,64,2013-12,85
97,10706,64,2013-12,3
99,10618,64,2013-12,15
0,38708,65,2014-01,911
1,7355,65,2014-01,332
2,16397,65,2014-01,218
5,818,65,2014-01,75
6,3515,65,2014-01,275
7,3012,65,2014-01,239
8,54102,65,2014-01,7
9,47728,65,2014-01,107
10,36530,65,2014-01,152
11,67188,65,2014-01,184
12,7165,65,2014-01,45
14,7764,65,2014-01,27
15,57081,65,2014-01,136
16,1368,65,2014-01,243
17,38342,65,2014-01,93
18,1733,65,2014-01,38
19,13975,65,2014-01,141
20,34217,65,2014-01,41
21,66106,65,2014-01,80
22,1730,65,2014-01,18
23,36512,65,2014-01,35
24,538,65,2014-01,10
25,17097,65,2014-01,169
26,46394,65,2014-01,347
28,9410,65,2014-01,87
29,92571,65,2014-01,554
30,18359,65,2014-01,12
31,105,65,2014-01,21
32,3363,65,2014-01,3
33,45646,65,2014-01,186
34,11360,65,2014-01,71
35,38551,65,2014-01,7
36,7717,65,2014-01,45
37,73799,65,2014-01,76
38,59,65,2014-01,5
39,58821,65,2014-01,38
40,4441,65,2014-01,1
41,6544,65,2014-01,1
42,73672,65,2014-01,212
43,6515,65,2014-01,12
44,25673,65,2014-01,33
46,31852,65,2014-01,30
47,479,65,2014-01,42
49,27547,65,2014-01,42
51,1593,65,2014-01,47
52,419,65,2014-01,13
55,5206,65,2014-01,8
56,46216,65,2014-01,96
57,28308,65,2014-01,65
58,2505,65,2014-01,7
59,15578,65,2014-01,4
61,6759,65,2014-01,15
62,740,65,2014-01,3
63,31770,65,2014-01,11
64,52651,65,2014-01,149
65,410,65,2014-01,3
66,3673,65,2014-01,12
67,4712,65,2014-01,6
68,9740,65,2014-01,87
69,102,65,2014-01,2
70,15269,65,2014-01,5
71,5443,65,2014-01,3
72,25587,65,2014-01,26
73,27592,65,2014-01,25
74,17350,65,2014-01,32
75,40261,65,2014-01,15
77,13797,65,2014-01,15
78,56459,65,2014-01,105
79,3984,65,2014-01,21
80,79334,65,2014-01,285
81,11339,65,2014-01,1
82,64585,65,2014-01,70
83,31889,65,2014-01,2
84,33261,65,2014-01,32
85,102132,65,2014-01,127
86,619,65,2014-01,6
87,13118,65,2014-01,145
88,578,65,2014-01,21
90,7453,65,2014-01,6
91,3271,65,2014-01,10
92,15981,65,2014-01,4
93,39581,65,2014-01,2
94,25565,65,2014-01,1
95,29677,65,2014-01,9
96,78033,65,2014-01,17
99,10618,65,2014-01,9
0,38708,66,2014-02,602
1,7355,66,2014-02,440
2,16397,66,2014-02,225
3,13231,66,2014-02,4
5,818,66,2014-02,59
6,3515,66,2014-02,126
7,3012,66,2014-02,244
8,54102,66,2014-02,1
9,47728,66,2014-02,59
10,36530,66,2014-02,167
11,67188,66,2014-02,167
12,7165,66,2014-02,25
14,7764,66,2014-02,7
15,57081,66,2014-02,174
16,1368,66,2014-02,38
17,38342,66,2014-02,50
18,1733,66,2014-02,1
19,13975,66,2014-02,112
20,34217,66,2014-02,62
21,66106,66,2014-02,11
22,1730,66,2014-02,19
23,36512,66,2014-02,40
24,538,66,2014-02,6
25,17097,66,2014-02,162
26,46394,66,2014-02,83
27,105260,66,2014-02,196
28,9410,66,2014-02,68
29,92571,66,2014-02,255
30,18359,66,2014-02,4
31,105,66,2014-02,27
32,3363,66,2014-02,9
33,45646,66,2014-02,182
34,11360,66,2014-02,22
35,38551,66,2014-02,81
36,7717,66,2014-02,6
37,73799,66,2014-02,32
38,59,66,2014-02,2
39,58821,66,2014-02,13
40,4441,66,2014-02,1
41,6544,66,2014-02,2
42,73672,66,2014-02,55
43,6515,66,2014-02,35
44,25673,66,2014-02,9
46,31852,66,2014-02,96
47,479,66,2014-02,46
49,27547,66,2014-02,33
50,14456,66,2014-02,3
51,1593,66,2014-02,76
52,419,66,2014-02,4
53,31423,66,2014-02,8
55,5206,66,2014-02,18
56,46216,66,2014-02,56
57,28308,66,2014-02,36
58,2505,66,2014-02,6
59,15578,66,2014-02,27
61,6759,66,2014-02,6
62,740,66,2014-02,6
63,31770,66,2014-02,17
64,52651,66,2014-02,182
65,410,66,2014-02,3
66,3673,66,2014-02,80
67,4712,66,2014-02,3
68,9740,66,2014-02,50
69,102,66,2014-02,3
70,15269,66,2014-02,32
71,5443,66,2014-02,1
72,25587,66,2014-02,31
74,17350,66,2014-02,30
75,40261,66,2014-02,37
76,385,66,2014-02,1
77,13797,66,2014-02,4
78,56459,66,2014-02,27
79,3984,66,2014-02,14
80,79334,66,2014-02,173
81,11339,66,2014-02,1
82,64585,66,2014-02,46
83,31889,66,2014-02,1
84,33261,66,2014-02,71
85,102132,66,2014-02,384
87,13118,66,2014-02,108
88,578,66,2014-02,2
89,2556,66,2014-02,4
90,7453,66,2014-02,12
91,3271,66,2014-02,4
92,15981,66,2014-02,1
93,39581,66,2014-02,5
94,25565,66,2014-02,1
95,29677,66,2014-02,10
96,78033,66,2014-02,43
99,10618,66,2014-02,7
0,38708,67,2014-03,635
1,7355,67,2014-03,512
2,16397,67,2014-03,41
3,13231,67,2014-03,9
5,818,67,2014-03,145
6,3515,67,2014-03,41
7,3012,67,2014-03,184
8,54102,67,2014-03,3
9,47728,67,2014-03,73
10,36530,67,2014-03,144
11,67188,67,2014-03,125
12,7165,67,2014-03,41
14,7764,67,2014-03,7
15,57081,67,2014-03,155
16,1368,67,2014-03,121
17,38342,67,2014-03,154
18,1733,67,2014-03,21
19,13975,67,2014-03,77
20,34217,67,2014-03,24
21,66106,67,2014-03,37
22,1730,67,2014-03,16
23,36512,67,2014-03,153
24,538,67,2014-03,10
25,17097,67,2014-03,150
26,46394,67,2014-03,114
27,105260,67,2014-03,144
28,9410,67,2014-03,155
29,92571,67,2014-03,3
30,18359,67,2014-03,8
31,105,67,2014-03,34
32,3363,67,2014-03,6
33,45646,67,2014-03,123
34,11360,67,2014-03,96
35,38551,67,2014-03,66
36,7717,67,2014-03,16
37,73799,67,2014-03,65
38,59,67,2014-03,4
39,58821,67,2014-03,9
40,4441,67,2014-03,4
42,73672,67,2014-03,215
43,6515,67,2014-03,7
44,25673,67,2014-03,17
46,31852,67,2014-03,96
47,479,67,2014-03,21
49,27547,67,2014-03,8
50,14456,67,2014-03,3
51,1593,67,2014-03,38
52,419,67,2014-03,8
53,31423,67,2014-03,13
55,5206,67,2014-03,13
56,46216,67,2014-03,64
57,28308,67,2014-03,46
58,2505,67,2014-03,10
59,15578,67,2014-03,127
60,108501,67,2014-03,1
61,6759,67,2014-03,9
62,740,67,2014-03,5
63,31770,67,2014-03,10
64,52651,67,2014-03,70
66,3673,67,2014-03,34
67,4712,67,2014-03,3
68,9740,67,2014-03,70
69,102,67,2014-03,2
70,15269,67,2014-03,15
71,5443,67,2014-03,7
72,25587,67,2014-03,35
73,27592,67,2014-03,11
74,17350,67,2014-03,77
75,40261,67,2014-03,47
76,385,67,2014-03,15
77,13797,67,2014-03,26
78,56459,67,2014-03,128
79,3984,67,2014-03,11
80,79334,67,2014-03,35
81,11339,67,2014-03,2
82,64585,67,2014-03,3
84,33261,67,2014-03,60
85,102132,67,2014-03,215
86,619,67,2014-03,21
87,13118,67,2014-03,120
88,578,67,2014-03,5
89,2556,67,2014-03,1
90,7453,67,2014-03,4
91,3271,67,2014-03,23
92,15981,67,2014-03,6
94,25565,67,2014-03,2
95,29677,67,2014-03,2
96,78033,67,2014-03,11
0,38708,68,2014-04,687
1,7355,68,2014-04,412
2,16397,68,2014-04,129
3,13231,68,2014-04,4
5,818,68,2014-04,109
6,3515,68,2014-04,28
7,3012,68,2014-04,185
8,54102,68,2014-04,4
9,47728,68,2014-04,59
10,36530,68,2014-04,138
11,67188,68,2014-04,296
12,7165,68,2014-04,28
14,7764,68,2014-04,2
15,57081,68,2014-04,266
16,1368,68,2014-04,131
17,38342,68,2014-04,127
18,1733,68,2014-04,12
19,13975,68,2014-04,104
20,34217,68,2014-04,55
21,66106,68,2014-04,152
22,1730,68,2014-04,25
23,36512,68,2014-04,99
24,538,68,2014-04,9
25,17097,68,2014-04,69
26,46394,68,2014-04,8
27,105260,68,2014-04,192
28,9410,68,2014-04,134
29,92571,68,2014-04,72
30,18359,68,2014-04,6
31,105,68,2014-04,25
32,3363,68,2014-04,5
33,45646,68,2014-04,140
34,11360,68,2014-04,54
35,38551,68,2014-04,62
37,73799,68,2014-04,31
38,59,68,2014-04,1
39,58821,68,2014-04,13
40,4441,68,2014-04,3
41,6544,68,2014-04,30
42,73672,68,2014-04,93
43,6515,68,2014-04,8
44,25673,68,2014-04,56
45,97043,68,2014-04,1
46,31852,68,2014-04,41
47,479,68,2014-04,31
49,27547,68,2014-04,28
51,1593,68,2014-04,43
52,419,68,2014-04,16
53,31423,68,2014-04,4
55,5206,68,2014-04,5
56,46216,68,2014-04,31
57,28308,68,2014-04,55
58,2505,68,2014-04,2
59,15578,68,2014-04,47
60,108501,68,2014-04,471
61,6759,68,2014-04,6
62,740,68,2014-04,3
63,31770,68,2014-04,5
64,52651,68,2014-04,3
65,410,68,2014-04,2
66,3673,68,2014-04,3
67,4712,68,2014-04,8
68,9740,68,2014-04,23
69,102,68,2014-04,5
70,15269,68,2014-04,8
71,5443,68,2014-04,17
72,25587,68,2014-04,20
74,17350,68,2014-04,26
75,40261,68,2014-04,12
76,385,68,2014-04,18
77,13797,68,2014-04,10
78,56459,68,2014-04,88
79,3984,68,2014-04,9
81,11339,68,2014-04,8
82,64585,68,2014-04,5
83,31889,68,2014-04,1
84,33261,68,2014-04,10
85,102132,68,2014-04,218
86,619,68,2014-04,18
87,13118,68,2014-04,10
88,578,68,2014-04,1
89,2556,68,2014-04,1
90,7453,68,2014-04,2
91,3271,68,2014-04,2
92,15981,68,2014-04,3
93,39581,68,2014-04,4
95,29677,68,2014-04,18
96,78033,68,2014-04,35
97,10706,68,2014-04,4
99,10618,68,2014-04,1
0,38708,69,2014-05,666
1,7355,69,2014-05,400
2,16397,69,2014-05,137
3,13231,69,2014-05,4
5,818,69,2014-05,148
6,3515,69,2014-05,74
7,3012,69,2014-05,180
8,54102,69,2014-05,1
9,47728,69,2014-05,34
10,36530,69,2014-05,57
11,67188,69,2014-05,207
12,7165,69,2014-05,25
14,7764,69,2014-05,5
15,57081,69,2014-05,414
16,1368,69,2014-05,68
17,38342,69,2014-05,108
18,1733,69,2014-05,19
19,13975,69,2014-05,223
20,34217,69,2014-05,36
21,66106,69,2014-05,103
22,1730,69,2014-05,18
23,36512,69,2014-05,108
24,538,69,2014-05,4
25,17097,69,2014-05,96
26,46394,69,2014-05,52
27,105260,69,2014-05,172
28,9410,69,2014-05,111
29,92571,69,2014-05,284
30,18359,69,2014-05,28
31,105,69,2014-05,26
32,3363,69,2014-05,1
33,45646,69,2014-05,131
34,11360,69,2014-05,25
35,38551,69,2014-05,68
36,7717,69,2014-05,1
37,73799,69,2014-05,40
38,59,69,2014-05,7
39,58821,69,2014-05,26
40,4441,69,2014-05,2
41,6544,69,2014-05,26
42,73672,69,2014-05,11
43,6515,69,2014-05,43
44,25673,69,2014-05,117
45,97043,69,2014-05,3
46,31852,69,2014-05,78
47,479,69,2014-05,39
49,27547,69,2014-05,3
50,14456,69,2014-05,1
51,1593,69,2014-05,38
52,419,69,2014-05,9
53,31423,69,2014-05,6
54,112180,69,2014-05,323
55,5206,69,2014-05,5
56,46216,69,2014-05,59
57,28308,69,2014-05,27
58,2505,69,2014-05,21
59,15578,69,2014-05,57
60,108501,69,2014-05,243
61,6759,69,2014-05,5
62,740,69,2014-05,4
63,31770,69,2014-05,20
64,52651,69,2014-05,270
66,3673,69,2014-05,2
67,4712,69,2014-05,3
68,9740,69,2014-05,41
69,102,69,2014-05,2
70,15269,69,2014-05,25
71,5443,69,2014-05,8
72,25587,69,2014-05,6
73,27592,69,2014-05,1
74,17350,69,2014-05,61
75,40261,69,2014-05,4
76,385,69,2014-05,2
78,56459,69,2014-05,22
79,3984,69,2014-05,9
80,79334,69,2014-05,44
82,64585,69,2014-05,19
84,33261,69,2014-05,14
85,102132,69,2014-05,266
86,619,69,2014-05,4
87,13118,69,2014-05,1
88,578,69,2014-05,2
89,2556,69,2014-05,1
90,7453,69,2014-05,3
91,3271,69,2014-05,23
92,15981,69,2014-05,25
93,39581,69,2014-05,19
95,29677,69,2014-05,39
96,78033,69,2014-05,70
97,10706,69,2014-05,3
0,38708,70,2014-06,648
1,7355,70,2014-06,260
2,16397,70,2014-06,161
3,13231,70,2014-06,4
5,818,70,2014-06,132
6,3515,70,2014-06,70
7,3012,70,2014-06,271
8,54102,70,2014-06,10
9,47728,70,2014-06,55
10,36530,70,2014-06,111
11,67188,70,2014-06,166
12,7165,70,2014-06,21
14,7764,70,2014-06,1
15,57081,70,2014-06,194
16,1368,70,2014-06,30
17,38342,70,2014-06,113
18,1733,70,2014-06,9
19,13975,70,2014-06,310
20,34217,70,2014-06,77
21,66106,70,2014-06,152
22,1730,70,2014-06,31
23,36512,70,2014-06,63
24,538,70,2014-06,4
25,17097,70,2014-06,60
26,46394,70,2014-06,34
27,105260,70,2014-06,134
28,9410,70,2014-06,181
29,92571,70,2014-06,229
30,18359,70,2014-06,36
31,105,70,2014-06,9
32,3363,70,2014-06,6
33,45646,70,2014-06,41
34,11360,70,2014-06,103
35,38551,70,2014-06,106
36,7717,70,2014-06,3
37,73799,70,2014-06,70
38,59,70,2014-06,1
39,58821,70,2014-06,76
40,4441,70,2014-06,2
41,6544,70,2014-06,33
42,73672,70,2014-06,5
43,6515,70,2014-06,13
44,25673,70,2014-06,107
46,31852,70,2014-06,42
47,479,70,2014-06,24
49,27547,70,2014-06,14
50,14456,70,2014-06,1
51,1593,70,2014-06,24
52,419,70,2014-06,3
53,31423,70,2014-06,2
54,112180,70,2014-06,322
56,46216,70,2014-06,73
57,28308,70,2014-06,53
58,2505,70,2014-06,14
59,15578,70,2014-06,15
60,108501,70,2014-06,188
61,6759,70,2014-06,5
62,740,70,2014-06,2
63,31770,70,2014-06,9
64,52651,70,2014-06,141
65,410,70,2014-06,2
66,3673,70,2014-06,17
67,4712,70,2014-06,4
68,9740,70,2014-06,17
69,102,70,2014-06,1
70,15269,70,2014-06,3
71,5443,70,2014-06,8
72,25587,70,2014-06,2
74,17350,70,2014-06,22
75,40261,70,2014-06,3
76,385,70,2014-06,1
77,13797,70,2014-06,13
78,56459,70,2014-06,8
79,3984,70,2014-06,4
80,79334,70,2014-06,77
81,11339,70,2014-06,1
82,64585,70,2014-06,6
84,33261,70,2014-06,2
85,102132,70,2014-06,187
86,619,70,2014-06,4
87,13118,70,2014-06,6
88,578,70,2014-06,3
89,2556,70,2014-06,2
90,7453,70,2014-06,3
91,3271,70,2014-06,62
92,15981,70,2014-06,7
93,39581,70,2014-06,5
94,25565,70,2014-06,34
95,29677,70,2014-06,7
96,78033,70,2014-06,16
97,10706,70,2014-06,5
0,38708,71,2014-07,622
1,7355,71,2014-07,305
2,16397,71,2014-07,199
3,13231,71,2014-07,7
4,117315,71,2014-07,9
5,818,71,2014-07,183
6,3515,71,2014-07,63
7,3012,71,2014-07,125
8,54102,71,2014-07,4
9,47728,71,2014-07,83
10,36530,71,2014-07,171
11,67188,71,2014-07,196
12,7165,71,2014-07,17
14,7764,71,2014-07,5
15,57081,71,2014-07,81
16,1368,71,2014-07,10
17,38342,71,2014-07,54
18,1733,71,2014-07,5
19,13975,71,2014-07,212
20,34217,71,2014-07,72
21,66106,71,2014-07,114
22,1730,71,2014-07,28
23,36512,71,2014-07,80
24,538,71,2014-07,5
25,17097,71,2014-07,50
26,46394,71,2014-07,33
27,105260,71,2014-07,218
28,9410,71,2014-07,52
29,92571,71,2014-07,80
30,18359,71,2014-07,11
31,105,71,2014-07,104
32,3363,71,2014-07,4
33,45646,71,2014-07,7
34,11360,71,2014-07,18
35,38551,71,2014-07,105
37,73799,71,2014-07,86
38,59,71,2014-07,11
39,58821,71,2014-07,125
40,4441,71,2014-07,2
41,6544,71,2014-07,21
42,73672,71,2014-07,18
43,6515,71,2014-07,53
44,25673,71,2014-07,29
46,31852,71,2014-07,106
47,479,71,2014-07,86
48,117097,71,2014-07,3
49,27547,71,2014-07,25
50,14456,71,2014-07,1
51,1593,71,2014-07,59
52,419,71,2014-07,9
54,112180,71,2014-07,287
55,5206,71,2014-07,2
56,46216,71,2014-07,97
57,28308,71,2014-07,70
58,2505,71,2014-07,28
59,15578,71,2014-07,9
60,108501,71,2014-07,240
61,6759,71,2014-07,2
62,740,71,2014-07,6
63,31770,71,2014-07,8
65,410,71,2014-07,2
66,3673,71,2014-07,9
67,4712,71,2014-07,2
68,9740,71,2014-07,28
69,102,71,2014-07,1
70,15269,71,2014-07,1
71,5443,71,2014-07,4
72,25587,71,2014-07,7
73,27592,71,2014-07,2
74,17350,71,2014-07,9
75,40261,71,2014-07,3
76,385,71,2014-07,2
77,13797,71,2014-07,10
78,56459,71,2014-07,35
79,3984,71,2014-07,20
80,79334,71,2014-07,86
81,11339,71,2014-07,3
83,31889,71,2014-07,1
84,33261,71,2014-07,4
85,102132,71,2014-07,153
87,13118,71,2014-07,6
88,578,71,2014-07,8
89,2556,71,2014-07,1
90,7453,71,2014-07,1
91,3271,71,2014-07,23
92,15981,71,2014-07,6
93,39581,71,2014-07,1
94,25565,71,2014-07,2
95,29677,71,2014-07,13
96,78033,71,2014-07,13
97,10706,71,2014-07,3
99,10618,71,2014-07,2
0,38708,72,2014-08,556
1,7355,72,2014-08,374
2,16397,72,2014-08,102
3,13231,72,2014-08,1
4,117315,72,2014-08,95
5,818,72,2014-08,128
6,3515,72,2014-08,206
7,3012,72,2014-08,200
8,54102,72,2014-08,1
9,47728,72,2014-08,90
10,36530,72,2014-08,82
11,67188,72,2014-08,148
12,7165,72,2014-08,30
14,7764,72,2014-08,5
15,57081,72,2014-08,172
16,1368,72,2014-08,8
17,38342,72,2014-08,126
18,1733,72,2014-08,11
19,13975,72,2014-08,101
20,34217,72,2014-08,49
21,66106,72,2014-08,80
22,1730,72,2014-08,30
23,36512,72,2014-08,149
24,538,72,2014-08,5
25,17097,72,2014-08,43
26,46394,72,2014-08,1
27,105260,72,2014-08,205
28,9410,72,2014-08,28
29,92571,72,2014-08,59
30,18359,72,2014-08,31
31,105,72,2014-08,55
32,3363,72,2014-08,2
33,45646,72,2014-08,1
34,11360,72,2014-08,23
35,38551,72,2014-08,42
36,7717,72,2014-08,1
37,73799,72,2014-08,260
38,59,72,2014-08,6
39,58821,72,2014-08,48
40,4441,72,2014-08,4
41,6544,72,2014-08,43
42,73672,72,2014-08,4
43,6515,72,2014-08,186
44,25673,72,2014-08,245
46,31852,72,2014-08,57
47,479,72,2014-08,58
48,117097,72,2014-08,112
49,27547,72,2014-08,13
50,14456,72,2014-08,4
51,1593,72,2014-08,63
52,419,72,2014-08,11
53,31423,72,2014-08,2
54,112180,72,2014-08,79
56,46216,72,2014-08,52
57,28308,72,2014-08,79
58,2505,72,2014-08,6
59,15578,72,2014-08,10
60,108501,72,2014-08,136
61,6759,72,2014-08,2
62,740,72,2014-08,3
63,31770,72,2014-08,33
64,52651,72,2014-08,5
65,410,72,2014-08,1
66,3673,72,2014-08,9
67,4712,72,2014-08,6
68,9740,72,2014-08,17
69,102,72,2014-08,6
70,15269,72,2014-08,4
71,5443,72,2014-08,8
72,25587,72,2014-08,5
73,27592,72,2014-08,1
74,17350,72,2014-08,14
75,40261,72,2014-08,3
76,385,72,2014-08,7
77,13797,72,2014-08,7
78,56459,72,2014-08,51
79,3984,72,2014-08,41
80,79334,72,2014-08,102
81,11339,72,2014-08,3
82,64585,72,2014-08,1
84,33261,72,2014-08,2
85,102132,72,2014-08,263
86,619,72,2014-08,4
87,13118,72,2014-08,1
88,578,72,2014-08,2
89,2556,72,2014-08,2
91,3271,72,2014-08,11
92,15981,72,2014-08,6
93,39581,72,2014-08,4
94,25565,72,2014-08,7
95,29677,72,2014-08,7
96,78033,72,2014-08,3
97,10706,72,2014-08,2
99,10618,72,2014-08,5
0,38708,73,2014-09,676
1,7355,73,2014-09,332
2,16397,73,2014-09,61
3,13231,73,2014-09,1
4,117315,73,2014-09,383
5,818,73,2014-09,163
6,3515,73,2014-09,175
7,3012,73,2014-09,149
8,54102,73,2014-09,41
9,47728,73,2014-09,84
10,36530,73,2014-09,109
11,67188,73,2014-09,147
12,7165,73,2014-09,11
13,121907,73,2014-09,178
14,7764,73,2014-09,9
15,57081,73,2014-09,75
16,1368,73,2014-09,2
17,38342,73,2014-09,76
18,1733,73,2014-09,9
19,13975,73,2014-09,160
20,34217,73,2014-09,21
21,66106,73,2014-09,53
22,1730,73,2014-09,21
23,36512,73,2014-09,58
24,538,73,2014-09,6
25,17097,73,2014-09,47
26,46394,73,2014-09,55
27,105260,73,2014-09,140
28,9410,73,2014-09,13
29,92571,73,2014-09,85
30,18359,73,2014-09,36
31,105,73,2014-09,17
32,3363,73,2014-09,9
33,45646,73,2014-09,255
34,11360,73,2014-09,7
35,38551,73,2014-09,16
36,7717,73,2014-09,3
37,73799,73,2014-09,87
38,59,73,2014-09,2
39,58821,73,2014-09,15
40,4441,73,2014-09,3
41,6544,73,2014-09,29
42,73672,73,2014-09,2
43,6515,73,2014-09,70
44,25673,73,2014-09,68
45,97043,73,2014-09,1
46,31852,73,2014-09,37
47,479,73,2014-09,13
48,117097,73,2014-09,218
49,27547,73,2014-09,13
51,1593,73,2014-09,57
52,419,73,2014-09,11
53,31423,73,2014-09,25
54,112180,73,2014-09,145
55,5206,73,2014-09,8
56,46216,73,2014-09,23
57,28308,73,2014-09,40
58,2505,73,2014-09,3
59,15578,73,2014-09,4
60,108501,73,2014-09,109
61,6759,73,2014-09,9
62,740,73,2014-09,4
63,31770,73,2014-09,47
64,52651,73,2014-09,7
65,410,73,2014-09,2
66,3673,73,2014-09,30
67,4712,73,2014-09,3
68,9740,73,2014-09,17
69,102,73,2014-09,3
70,15269,73,2014-09,5
71,5443,73,2014-09,6
72,25587,73,2014-09,4
73,27592,73,2014-09,103
74,17350,73,2014-09,28
75,40261,73,2014-09,8
76,385,73,2014-09,17
77,13797,73,2014-09,10
78,56459,73,2014-09,107
79,3984,73,2014-09,81
80,79334,73,2014-09,5
81,11339,73,2014-09,6
82,64585,73,2014-09,2
83,31889,73,2014-09,1
84,33261,73,2014-09,1
85,102132,73,2014-09,62
86,619,73,2014-09,7
88,578,73,2014-09,5
91,3271,73,2014-09,7
92,15981,73,2014-09,1
93,39581,73,2014-09,1
94,25565,73,2014-09,1
95,29677,73,2014-09,29
96,78033,73,2014-09,26
98,122785,73,2014-09,5
0,38708,74,2014-10,589
1,7355,74,2014-10,606
2,16397,74,2014-10,266
3,13231,74,2014-10,3
4,117315,74,2014-10,419
5,818,74,2014-10,126
6,3515,74,2014-10,141
7,3012,74,2014-10,142
8,54102,74,2014-10,7
9,47728,74,2014-10,165
10,36530,74,2014-10,104
11,67188,74,2014-10,248
12,7165,74,2014-10,7
13,121907,74,2014-10,466
14,7764,74,2014-10,2
15,57081,74,2014-10,36
16,1368,74,2014-10,6
17,38342,74,2014-10,130
18,1733,74,2014-10,7
19,13975,74,2014-10,56
20,34217,74,2014-10,171
21,66106,74,2014-10,66
22,1730,74,2014-10,8
23,36512,74,2014-10,70
24,538,74,2014-10,3
25,17097,74,2014-10,31
26,46394,74,2014-10,27
27,105260,74,2014-10,246
28,9410,74,2014-10,17
29,92571,74,2014-10,32
30,18359,74,2014-10,8
31,105,74,2014-10,11
32,3363,74,2014-10,19
33,45646,74,2014-10,247
34,11360,74,2014-10,8
35,38551,74,2014-10,53
37,73799,74,2014-10,53
38,59,74,2014-10,1
39,58821,74,2014-10,50
40,4441,74,2014-10,3
41,6544,74,2014-10,41
42,73672,74,2014-10,31
43,6515,74,2014-10,40
44,25673,74,2014-10,28
45,97043,74,2014-10,197
46,31852,74,2014-10,59
47,479,74,2014-10,35
48,117097,74,2014-10,247
49,27547,74,2014-10,37
51,1593,74,2014-10,45
52,419,74,2014-10,9
53,31423,74,2014-10,3
54,112180,74,2014-10,195
55,5206,74,2014-10,14
56,46216,74,2014-10,38
57,28308,74,2014-10,38
58,2505,74,2014-10,7
59,15578,74,2014-10,5
60,108501,74,2014-10,95
61,6759,74,2014-10,13
62,740,74,2014-10,9
63,31770,74,2014-10,72
64,52651,74,2014-10,33
66,3673,74,2014-10,85
67,4712,74,2014-10,7
68,9740,74,2014-10,40
69,102,74,2014-10,2
70,15269,74,2014-10,17
71,5443,74,2014-10,5
72,25587,74,2014-10,22
73,27592,74,2014-10,160
74,17350,74,2014-10,23
75,40261,74,2014-10,14
76,385,74,2014-10,14
77,13797,74,2014-10,4
78,56459,74,2014-10,22
79,3984,74,2014-10,21
80,79334,74,2014-10,22
81,11339,74,2014-10,4
82,64585,74,2014-10,4
83,31889,74,2014-10,1
85,102132,74,2014-10,4
86,619,74,2014-10,2
87,13118,74,2014-10,2
88,578,74,2014-10,1
89,2556,74,2014-10,3
90,7453,74,2014-10,1
91,3271,74,2014-10,14
92,15981,74,2014-10,14
93,39581,74,2014-10,1
94,25565,74,2014-10,8
95,29677,74,2014-10,25
96,78033,74,2014-10,6
97,10706,74,2014-10,4
98,122785,74,2014-10,223
99,10618,74,2014-10,2
0,38708,75,2014-11,542
1,7355,75,2014-11,448
2,16397,75,2014-11,201
3,13231,75,2014-11,10
4,117315,75,2014-11,421
5,818,75,2014-11,103
6,3515,75,2014-11,140
7,3012,75,2014-11,172
8,54102,75,2014-11,3
9,47728,75,2014-11,244
10,36530,75,2014-11,65
11,67188,75,2014-11,131
12,7165,75,2014-11,11
13,121907,75,2014-11,466
14,7764,75,2014-11,7
15,57081,75,2014-11,84
16,1368,75,2014-11,6
17,38342,75,2014-11,77
18,1733,75,2014-11,8
19,13975,75,2014-11,192
20,34217,75,2014-11,104
21,66106,75,2014-11,42
22,1730,75,2014-11,19
23,36512,75,2014-11,10
24,538,75,2014-11,3
25,17097,75,2014-11,25
26,46394,75,2014-11,27
27,105260,75,2014-11,105
28,9410,75,2014-11,12
29,92571,75,2014-11,76
30,18359,75,2014-11,13
31,105,75,2014-11,26
32,3363,75,2014-11,9
33,45646,75,2014-11,103
34,11360,75,2014-11,14
35,38551,75,2014-11,55
36,7717,75,2014-11,8
37,73799,75,2014-11,24
38,59,75,2014-11,1
39,58821,75,2014-11,6
40,4441,75,2014-11,2
41,6544,75,2014-11,25
42,73672,75,2014-11,40
43,6515,75,2014-11,10
44,25673,75,2014-11,48
45,97043,75,2014-11,364
46,31852,75,2014-11,41
47,479,75,2014-11,35
48,117097,75,2014-11,224
49,27547,75,2014-11,97
50,14456,75,2014-11,1
51,1593,75,2014-11,46
52,419,75,2014-11,9
54,112180,75,2014-11,93
55,5206,75,2014-11,17
56,46216,75,2014-11,23
57,28308,75,2014-11,30
58,2505,75,2014-11,15
59,15578,75,2014-11,6
60,108501,75,2014-11,120
61,6759,75,2014-11,8
62,740,75,2014-11,15
63,31770,75,2014-11,39
64,52651,75,2014-11,18
65,410,75,2014-11,2
66,3673,75,2014-11,10
67,4712,75,2014-11,3
68,9740,75,2014-11,33
69,102,75,2014-11,2
70,15269,75,2014-11,11
72,25587,75,2014-11,7
73,27592,75,2014-11,28
74,17350,75,2014-11,32
75,40261,75,2014-11,5
76,385,75,2014-11,1
77,13797,75,2014-11,4
78,56459,75,2014-11,3
79,3984,75,2014-11,17
80,79334,75,2014-11,30
81,11339,75,2014-11,3
84,33261,75,2014-11,1
85,102132,75,2014-11,4
86,619,75,2014-11,1
87,13118,75,2014-11,2
88,578,75,2014-11,2
89,2556,75,2014-11,1
90,7453,75,2014-11,1
91,3271,75,2014-11,2
92,15981,75,2014-11,5
93,39581,75,2014-11,1
95,29677,75,2014-11,44
96,78033,75,2014-11,3
97,10706,75,2014-11,3
98,122785,75,2014-11,364
99,10618,75,2014-11,6
0,38708,76,2014-12,412
1,7355,76,2014-12,522
2,16397,76,2014-12,154
3,13231,76,2014-12,33
4,117315,76,2014-12,299
5,818,76,2014-12,110
6,3515,76,2014-12,221
7,3012,76,2014-12,130
8,54102,76,2014-12,4
9,47728,76,2014-12,36
10,36530,76,2014-12,40
11,67188,76,2014-12,184
12,7165,76,2014-12,13
13,121907,76,2014-12,438
14,7764,76,2014-12,3
15,57081,76,2014-12,106
16,1368,76,2014-12,9
17,38342,76,2014-12,89
18,1733,76,2014-12,5
19,13975,76,2014-12,148
20,34217,76,2014-12,61
21,66106,76,2014-12,134
22,1730,76,2014-12,21
23,36512,76,2014-12,42
24,538,76,2014-12,2
25,17097,76,2014-12,45
26,46394,76,2014-12,6
27,105260,76,2014-12,134
28,9410,76,2014-12,45
29,92571,76,2014-12,98
30,18359,76,2014-12,39
31,105,76,2014-12,40
32,3363,76,2014-12,1
33,45646,76,2014-12,43
34,11360,76,2014-12,23
35,38551,76,2014-12,78
37,73799,76,2014-12,25
38,59,76,2014-12,4
39,58821,76,2014-12,1
40,4441,76,2014-12,5
41,6544,76,2014-12,37
42,73672,76,2014-12,126
43,6515,76,2014-12,9
44,25673,76,2014-12,20
45,97043,76,2014-12,226
46,31852,76,2014-12,52
47,479,76,2014-12,62
48,117097,76,2014-12,212
49,27547,76,2014-12,198
50,14456,76,2014-12,1
51,1593,76,2014-12,25
52,419,76,2014-12,4
53,31423,76,2014-12,17
54,112180,76,2014-12,69
55,5206,76,2014-12,15
56,46216,76,2014-12,69
57,28308,76,2014-12,10
58,2505,76,2014-12,9
59,15578,76,2014-12,8
60,108501,76,2014-12,135
61,6759,76,2014-12,6
62,740,76,2014-12,33
63,31770,76,2014-12,43
64,52651,76,2014-12,11
65,410,76,2014-12,3
67,4712,76,2014-12,3
68,9740,76,2014-12,31
69,102,76,2014-12,2
70,15269,76,2014-12,1
71,5443,76,2014-12,8
72,25587,76,2014-12,3
73,27592,76,2014-12,26
74,17350,76,2014-12,111
75,40261,76,2014-12,4
77,13797,76,2014-12,3
78,56459,76,2014-12,6
79,3984,76,2014-12,19
80,79334,76,2014-12,59
81,11339,76,2014-12,1
83,31889,76,2014-12,1
85,102132,76,2014-12,3
86,619,76,2014-12,2
87,13118,76,2014-12,2
88,578,76,2014-12,11
89,2556,76,2014-12,1
90,7453,76,2014-12,2
91,3271,76,2014-12,6
92,15981,76,2014-12,5
93,39581,76,2014-12,2
94,25565,76,2014-12,5
95,29677,76,2014-12,21
96,78033,76,2014-12,21
97,10706,76,2014-12,1
98,122785,76,2014-12,395
0,38708,77,2015-01,679
1,7355,77,2015-01,356
2,16397,77,2015-01,225
3,13231,77,2015-01,97
4,117315,77,2015-01,216
5,818,77,2015-01,91
6,3515,77,2015-01,95
7,3012,77,2015-01,167
8,54102,77,2015-01,11
9,47728,77,2015-01,38
10,36530,77,2015-01,47
11,67188,77,2015-01,224
12,7165,77,2015-01,7
13,121907,77,2015-01,271
14,7764,77,2015-01,3
15,57081,77,2015-01,108
16,1368,77,2015-01,25
17,38342,77,2015-01,134
18,1733,77,2015-01,75
19,13975,77,2015-01,130
20,34217,77,2015-01,58
21,66106,77,2015-01,62
22,1730,77,2015-01,14
23,36512,77,2015-01,118
24,538,77,2015-01,5
25,17097,77,2015-01,55
26,46394,77,2015-01,6
27,105260,77,2015-01,186
28,9410,77,2015-01,60
29,92571,77,2015-01,2
30,18359,77,2015-01,29
31,105,77,2015-01,18
32,3363,77,2015-01,43
33,45646,77,2015-01,32
34,11360,77,2015-01,17
35,38551,77,2015-01,48
36,7717,77,2015-01,12
37,73799,77,2015-01,71
38,59,77,2015-01,2
39,58821,77,2015-01,8
40,4441,77,2015-01,4
41,6544,77,2015-01,35
42,73672,77,2015-01,176
43,6515,77,2015-01,19
44,25673,77,2015-01,51
45,97043,77,2015-01,133
46,31852,77,2015-01,39
47,479,77,2015-01,133
48,117097,77,2015-01,227
49,27547,77,2015-01,141
50,14456,77,2015-01,1
51,1593,77,2015-01,11
52,419,77,2015-01,2
53,31423,77,2015-01,10
54,112180,77,2015-01,122
55,5206,77,2015-01,17
56,46216,77,2015-01,22
57,28308,77,2015-01,27
58,2505,77,2015-01,5
59,15578,77,2015-01,56
60,108501,77,2015-01,151
61,6759,77,2015-01,10
62,740,77,2015-01,30
63,31770,77,2015-01,47
66,3673,77,2015-01,13
67,4712,77,2015-01,3
68,9740,77,2015-01,23
69,102,77,2015-01,2
70,15269,77,2015-01,4
71,5443,77,2015-01,10
72,25587,77,2015-01,7
73,27592,77,2015-01,9
74,17350,77,2015-01,13
75,40261,77,2015-01,3
76,385,77,2015-01,2
77,13797,77,2015-01,8
78,56459,77,2015-01,21
79,3984,77,2015-01,25
80,79334,77,2015-01,24
81,11339,77,2015-01,1
82,64585,77,2015-01,1
83,31889,77,2015-01,1
85,102132,77,2015-01,2
86,619,77,2015-01,2
87,13118,77,2015-01,25
88,578,77,2015-01,1
90,7453,77,2015-01,1
91,3271,77,2015-01,6
92,15981,77,2015-01,4
94,25565,77,2015-01,15
95,29677,77,2015-01,39
97,10706,77,2015-01,1
98,122785,77,2015-01,96
99,10618,77,2015-01,1
0,38708,78,2015-02,699
1,7355,78,2015-02,215
2,16397,78,2015-02,151
3,13231,78,2015-02,63
4,117315,78,2015-02,422
5,818,78,2015-02,105
6,3515,78,2015-02,66
7,3012,78,2015-02,138
8,54102,78,2015-02,2
9,47728,78,2015-02,36
10,36530,78,2015-02,62
11,67188,78,2015-02,211
12,7165,78,2015-02,7
13,121907,78,2015-02,291
14,7764,78,2015-02,3
15,57081,78,2015-02,85
16,1368,78,2015-02,8
17,38342,78,2015-02,133
18,1733,78,2015-02,3
19,13975,78,2015-02,55
20,34217,78,2015-02,38
21,66106,78,2015-02,130
22,1730,78,2015-02,9
23,36512,78,2015-02,108
24,538,78,2015-02,8
25,17097,78,2015-02,22
26,46394,78,2015-02,11
27,105260,78,2015-02,143
28,9410,78,2015-02,63
30,18359,78,2015-02,20
31,105,78,2015-02,11
32,3363,78,2015-02,5
33,45646,78,2015-02,202
34,11360,78,2015-02,8
35,38551,78,2015-02,16
37,73799,78,2015-02,124
38,59,78,2015-02,4
39,58821,78,2015-02,22
41,6544,78,2015-02,35
42,73672,78,2015-02,64
44,25673,78,2015-02,46
45,97043,78,2015-02,324
46,31852,78,2015-02,23
47,479,78,2015-02,81
48,117097,78,2015-02,188
49,27547,78,2015-02,48
50,14456,78,2015-02,1
51,1593,78,2015-02,25
52,419,78,2015-02,5
53,31423,78,2015-02,1
54,112180,78,2015-02,69
55,5206,78,2015-02,1
56,46216,78,2015-02,12
57,28308,78,2015-02,17
58,2505,78,2015-02,17
59,15578,78,2015-02,12
60,108501,78,2015-02,109
61,6759,78,2015-02,9
62,740,78,2015-02,10
63,31770,78,2015-02,16
64,52651,78,2015-02,3
66,3673,78,2015-02,13
67,4712,78,2015-02,1
68,9740,78,2015-02,8
69,102,78,2015-02,1
71,5443,78,2015-02,3
72,25587,78,2015-02,5
73,27592,78,2015-02,2
74,17350,78,2015-02,4
75,40261,78,2015-02,1
77,13797,78,2015-02,7
78,56459,78,2015-02,20
79,3984,78,2015-02,74
80,79334,78,2015-02,3
82,64585,78,2015-02,1
83,31889,78,2015-02,2
84,33261,78,2015-02,5
86,619,78,2015-02,9
87,13118,78,2015-02,24
91,3271,78,2015-02,10
92,15981,78,2015-02,4
93,39581,78,2015-02,3
94,25565,78,2015-02,21
95,29677,78,2015-02,35
98,122785,78,2015-02,56
0,38708,79,2015-03,744
1,7355,79,2015-03,292
2,16397,79,2015-03,146
3,13231,79,2015-03,48
4,117315,79,2015-03,490
5,818,79,2015-03,98
6,3515,79,2015-03,121
7,3012,79,2015-03,166
8,54102,79,2015-03,2
9,47728,79,2015-03,23
10,36530,79,2015-03,114
11,67188,79,2015-03,187
12,7165,79,2015-03,13
13,121907,79,2015-03,295
15,57081,79,2015-03,47
16,1368,79,2015-03,9
17,38342,79,2015-03,183
18,1733,79,2015-03,20
19,13975,79,2015-03,171
20,34217,79,2015-03,49
21,66106,79,2015-03,105
22,1730,79,2015-03,15
23,36512,79,2015-03,17
24,538,79,2015-03,6
25,17097,79,2015-03,59
26,46394,79,2015-03,64
27,105260,79,2015-03,217
28,9410,79,2015-03,105
29,92571,79,2015-03,3
30,18359,79,2015-03,29
31,105,79,2015-03,15
32,3363,79,2015-03,6
33,45646,79,2015-03,102
34,11360,79,2015-03,25
35,38551,79,2015-03,58
36,7717,79,2015-03,1
37,73799,79,2015-03,52
39,58821,79,2015-03,96
41,6544,79,2015-03,45
42,73672,79,2015-03,16
43,6515,79,2015-03,2
44,25673,79,2015-03,66
45,97043,79,2015-03,483
46,31852,79,2015-03,23
47,479,79,2015-03,46
48,117097,79,2015-03,212
49,27547,79,2015-03,69
50,14456,79,2015-03,1
51,1593,79,2015-03,45
52,419,79,2015-03,2
53,31423,79,2015-03,2
54,112180,79,2015-03,120
55,5206,79,2015-03,15
56,46216,79,2015-03,33
57,28308,79,2015-03,3
58,2505,79,2015-03,4
59,15578,79,2015-03,12
60,108501,79,2015-03,94
61,6759,79,2015-03,11
62,740,79,2015-03,7
63,31770,79,2015-03,43
64,52651,79,2015-03,158
66,3673,79,2015-03,2
67,4712,79,2015-03,7
68,9740,79,2015-03,19
69,102,79,2015-03,1
70,15269,79,2015-03,9
72,25587,79,2015-03,7
73,27592,79,2015-03,1
74,17350,79,2015-03,4
75,40261,79,2015-03,8
77,13797,79,2015-03,10
78,56459,79,2015-03,10
79,3984,79,2015-03,20
80,79334,79,2015-03,2
81,11339,79,2015-03,2
84,33261,79,2015-03,2
85,102132,79,2015-03,1
86,619,79,2015-03,2
87,13118,79,2015-03,25
88,578,79,2015-03,17
90,7453,79,2015-03,4
91,3271,79,2015-03,6
92,15981,79,2015-03,50
94,25565,79,2015-03,3
95,29677,79,2015-03,45
96,78033,79,2015-03,8
97,10706,79,2015-03,1
98,122785,79,2015-03,38
99,10618,79,2015-03,4
0,38708,80,2015-04,607
1,7355,80,2015-04,167
2,16397,80,2015-04,91
3,13231,80,2015-04,69
4,117315,80,2015-04,240
5,818,80,2015-04,157
6,3515,80,2015-04,107
7,3012,80,2015-04,125
8,54102,80,2015-04,655
9,47728,80,2015-04,114
10,36530,80,2015-04,96
11,67188,80,2015-04,230
12,7165,80,2015-04,16
13,121907,80,2015-04,265
14,7764,80,2015-04,4
15,57081,80,2015-04,38
16,1368,80,2015-04,5
17,38342,80,2015-04,145
18,1733,80,2015-04,3
19,13975,80,2015-04,167
20,34217,80,2015-04,41
21,66106,80,2015-04,76
22,1730,80,2015-04,5
23,36512,80,2015-04,44
24,538,80,2015-04,2
25,17097,80,2015-04,38
26,46394,80,2015-04,29
27,105260,80,2015-04,152
28,9410,80,2015-04,69
29,92571,80,2015-04,4
30,18359,80,2015-04,15
31,105,80,2015-04,43
32,3363,80,2015-04,24
33,45646,80,2015-04,115
34,11360,80,2015-04,31
35,38551,80,2015-04,74
36,7717,80,2015-04,1
37,73799,80,2015-04,20
38,59,80,2015-04,1
39,58821,80,2015-04,84
40,4441,80,2015-04,1
41,6544,80,2015-04,72
42,73672,80,2015-04,2
43,6515,80,2015-04,7
44,25673,80,2015-04,60
45,97043,80,2015-04,222
46,31852,80,2015-04,19
47,479,80,2015-04,56
48,117097,80,2015-04,221
49,27547,80,2015-04,50
51,1593,80,2015-04,10
52,419,80,2015-04,5
53,31423,80,2015-04,3
54,112180,80,2015-04,57
55,5206,80,2015-04,41
56,46216,80,2015-04,10
57,28308,80,2015-04,5
59,15578,80,2015-04,2
60,108501,80,2015-04,100
61,6759,80,2015-04,34
62,740,80,2015-04,9
63,31770,80,2015-04,36
64,52651,80,2015-04,279
65,410,80,2015-04,1
66,3673,80,2015-04,8
67,4712,80,2015-04,6
68,9740,80,2015-04,11
69,102,80,2015-04,1
70,15269,80,2015-04,13
71,5443,80,2015-04,1
72,25587,80,2015-04,2
73,27592,80,2015-04,3
74,17350,80,2015-04,6
75,40261,80,2015-04,12
76,385,80,2015-04,11
77,13797,80,2015-04,6
78,56459,80,2015-04,4
79,3984,80,2015-04,11
81,11339,80,2015-04,1
82,64585,80,2015-04,2
83,31889,80,2015-04,1
84,33261,80,2015-04,1
85,102132,80,2015-04,2
86,619,80,2015-04,2
87,13118,80,2015-04,16
88,578,80,2015-04,9
90,7453,80,2015-04,2
91,3271,80,2015-04,10
92,15981,80,2015-04,20
93,39581,80,2015-04,2
95,29677,80,2015-04,125
96,78033,80,2015-04,40
97,10706,80,2015-04,2
98,122785,80,2015-04,31
99,10618,80,2015-04,4
0,38708,81,2015-05,896
1,7355,81,2015-05,188
2,16397,81,2015-05,115
3,13231,81,2015-05,141
4,117315,81,2015-05,124
5,818,81,2015-05,123
6,3515,81,2015-05,34
7,3012,81,2015-05,128
8,54102,81,2015-05,1115
9,47728,81,2015-05,106
10,36530,81,2015-05,115
11,67188,81,2015-05,222
12,7165,81,2015-05,15
13,121907,81,2015-05,144
14,7764,81,2015-05,8
15,57081,81,2015-05,110
16,1368,81,2015-05,7
17,38342,81,2015-05,72
18,1733,81,2015-05,5
19,13975,81,2015-05,240
20,34217,81,2015-05,104
21,66106,81,2015-05,88
22,1730,81,2015-05,4
23,36512,81,2015-05,41
24,538,81,2015-05,6
25,17097,81,2015-05,60
26,46394,81,2015-05,15
27,105260,81,2015-05,153
28,9410,81,2015-05,135
29,92571,81,2015-05,70
30,18359,81,2015-05,22
31,105,81,2015-05,92
32,3363,81,2015-05,6
33,45646,81,2015-05,54
34,11360,81,2015-05,10
35,38551,81,2015-05,73
36,7717,81,2015-05,1
37,73799,81,2015-05,22
38,59,81,2015-05,1
39,58821,81,2015-05,68
40,4441,81,2015-05,1
41,6544,81,2015-05,66
42,73672,81,2015-05,26
43,6515,81,2015-05,46
44,25673,81,2015-05,147
45,97043,81,2015-05,29
46,31852,81,2015-05,32
47,479,81,2015-05,66
48,117097,81,2015-05,118
49,27547,81,2015-05,93
51,1593,81,2015-05,4
52,419,81,2015-05,9
53,31423,81,2015-05,1
54,112180,81,2015-05,87
55,5206,81,2015-05,3
56,46216,81,2015-05,19
57,28308,81,2015-05,10
58,2505,81,2015-05,4
59,15578,81,2015-05,13
60,108501,81,2015-05,86
61,6759,81,2015-05,29
62,740,81,2015-05,7
63,31770,81,2015-05,36
64,52651,81,2015-05,337
66,3673,81,2015-05,12
67,4712,81,2015-05,1
68,9740,81,2015-05,1
69,102,81,2015-05,3
70,15269,81,2015-05,50
72,25587,81,2015-05,1
73,27592,81,2015-05,19
74,17350,81,2015-05,20
75,40261,81,2015-05,10
76,385,81,2015-05,9
77,13797,81,2015-05,12
78,56459,81,2015-05,13
79,3984,81,2015-05,14
80,79334,81,2015-05,14
81,11339,81,2015-05,3
82,64585,81,2015-05,1
83,31889,81,2015-05,2
84,33261,81,2015-05,3
85,102132,81,2015-05,1
86,619,81,2015-05,3
87,13118,81,2015-05,7
88,578,81,2015-05,2
91,3271,81,2015-05,4
92,15981,81,2015-05,7
94,25565,81,2015-05,4
95,29677,81,2015-05,86
96,78033,81,2015-05,19
98,122785,81,2015-05,34
99,10618,81,2015-05,4
0,38708,82,2015-06,595
1,7355,82,2015-06,104
2,16397,82,2015-06,46
3,13231,82,2015-06,207
4,117315,82,2015-06,859
5,818,82,2015-06,86
6,3515,82,2015-06,104
7,3012,82,2015-06,194
8,54102,82,2015-06,713
9,47728,82,2015-06,135
10,36530,82,2015-06,111
11,67188,82,2015-06,192
12,7165,82,2015-06,11
13,121907,82,2015-06,218
14,7764,82,2015-06,9
15,57081,82,2015-06,155
16,1368,82,2015-06,6
17,38342,82,2015-06,94
18,1733,82,2015-06,5
19,13975,82,2015-06,189
20,34217,82,2015-06,77
21,66106,82,2015-06,214
22,1730,82,2015-06,20
23,36512,82,2015-06,36
24,538,82,2015-06,4
25,17097,82,2015-06,37
26,46394,82,2015-06,14
27,105260,82,2015-06,172
28,9410,82,2015-06,123
29,92571,82,2015-06,434
30,18359,82,2015-06,6
31,105,82,2015-06,28
32,3363,82,2015-06,2
33,45646,82,2015-06,122
34,11360,82,2015-06,4
35,38551,82,2015-06,89
36,7717,82,2015-06,4
37,73799,82,2015-06,74
38,59,82,2015-06,18
39,58821,82,2015-06,115
40,4441,82,2015-06,1
41,6544,82,2015-06,106
42,73672,82,2015-06,37
43,6515,82,2015-06,34
44,25673,82,2015-06,117
45,97043,82,2015-06,9
46,31852,82,2015-06,40
47,479,82,2015-06,19
48,117097,82,2015-06,91
49,27547,82,2015-06,10
50,14456,82,2015-06,2
51,1593,82,2015-06,16
52,419,82,2015-06,3
53,31423,82,2015-06,1
54,112180,82,2015-06,53
55,5206,82,2015-06,3
56,46216,82,2015-06,12
57,28308,82,2015-06,3
58,2505,82,2015-06,39
59,15578,82,2015-06,1
60,108501,82,2015-06,99
61,6759,82,2015-06,2
62,740,82,2015-06,2
63,31770,82,2015-06,62
64,52651,82,2015-06,454
65,410,82,2015-06,1
66,3673,82,2015-06,3
67,4712,82,2015-06,7
68,9740,82,2015-06,6
69,102,82,2015-06,2
70,15269,82,2015-06,11
71,5443,82,2015-06,1
72,25587,82,2015-06,5
73,27592,82,2015-06,24
74,17350,82,2015-06,13
75,40261,82,2015-06,10
76,385,82,2015-06,10
77,13797,82,2015-06,5
78,56459,82,2015-06,2
79,3984,82,2015-06,17
80,79334,82,2015-06,7
81,11339,82,2015-06,1
83,31889,82,2015-06,1
84,33261,82,2015-06,3
85,102132,82,2015-06,1
86,619,82,2015-06,13
87,13118,82,2015-06,10
88,578,82,2015-06,6
89,2556,82,2015-06,1
90,7453,82,2015-06,1
91,3271,82,2015-06,5
92,15981,82,2015-06,1
93,39581,82,2015-06,2
94,25565,82,2015-06,1
95,29677,82,2015-06,97
96,78033,82,2015-06,3
98,122785,82,2015-06,33
0,38708,83,2015-07,921
1,7355,83,2015-07,73
2,16397,83,2015-07,39
3,13231,83,2015-07,289
4,117315,83,2015-07,1116
5,818,83,2015-07,115
6,3515,83,2015-07,122
7,3012,83,2015-07,71
8,54102,83,2015-07,15
9,47728,83,2015-07,117
10,36530,83,2015-07,86
11,67188,83,2015-07,289
12,7165,83,2015-07,9
13,121907,83,2015-07,228
14,7764,83,2015-07,10
15,57081,83,2015-07,216
16,1368,83,2015-07,13
17,38342,83,2015-07,78
18,1733,83,2015-07,9
19,13975,83,2015-07,360
20,34217,83,2015-07,69
21,66106,83,2015-07,194
22,1730,83,2015-07,11
23,36512,83,2015-07,78
24,538,83,2015-07,5
25,17097,83,2015-07,33
26,46394,83,2015-07,7
27,105260,83,2015-07,139
28,9410,83,2015-07,61
29,92571,83,2015-07,227
30,18359,83,2015-07,13
31,105,83,2015-07,67
32,3363,83,2015-07,7
33,45646,83,2015-07,68
34,11360,83,2015-07,5
35,38551,83,2015-07,97
36,7717,83,2015-07,2
37,73799,83,2015-07,116
38,59,83,2015-07,6
39,58821,83,2015-07,71
40,4441,83,2015-07,2
41,6544,83,2015-07,51
42,73672,83,2015-07,33
43,6515,83,2015-07,17
44,25673,83,2015-07,41
45,97043,83,2015-07,4
46,31852,83,2015-07,38
47,479,83,2015-07,63
48,117097,83,2015-07,113
49,27547,83,2015-07,68
50,14456,83,2015-07,2
51,1593,83,2015-07,1
52,419,83,2015-07,16
53,31423,83,2015-07,4
54,112180,83,2015-07,100
55,5206,83,2015-07,4
56,46216,83,2015-07,30
57,28308,83,2015-07,5
58,2505,83,2015-07,17
59,15578,83,2015-07,3
60,108501,83,2015-07,224
61,6759,83,2015-07,3
62,740,83,2015-07,1
63,31770,83,2015-07,30
64,52651,83,2015-07,20
65,410,83,2015-07,2
66,3673,83,2015-07,4
67,4712,83,2015-07,4
68,9740,83,2015-07,15
69,102,83,2015-07,2
70,15269,83,2015-07,14
71,5443,83,2015-07,1
72,25587,83,2015-07,6
73,27592,83,2015-07,7
74,17350,83,2015-07,29
75,40261,83,2015-07,2
76,385,83,2015-07,7
77,13797,83,2015-07,3
78,56459,83,2015-07,11
79,3984,83,2015-07,25
80,79334,83,2015-07,59
81,11339,83,2015-07,1
84,33261,83,2015-07,1
85,102132,83,2015-07,6
86,619,83,2015-07,1
88,578,83,2015-07,3
90,7453,83,2015-07,2
91,3271,83,2015-07,4
92,15981,83,2015-07,8
93,39581,83,2015-07,1
94,25565,83,2015-07,6
95,29677,83,2015-07,41
96,78033,83,2015-07,15
97,10706,83,2015-07,17
98,122785,83,2015-07,2
99,10618,83,2015-07,3
0,38708,84,2015-08,678
1,7355,84,2015-08,207
2,16397,84,2015-08,42
3,13231,84,2015-08,331
4,117315,84,2015-08,806
5,818,84,2015-08,150
6,3515,84,2015-08,145
7,3012,84,2015-08,182
8,54102,84,2015-08,10
9,47728,84,2015-08,82
10,36530,84,2015-08,46
11,67188,84,2015-08,377
12,7165,84,2015-08,9
13,121907,84,2015-08,252
14,7764,84,2015-08,3
15,57081,84,2015-08,43
16,1368,84,2015-08,19
17,38342,84,2015-08,83
18,1733,84,2015-08,5
19,13975,84,2015-08,308
20,34217,84,2015-08,60
21,66106,84,2015-08,69
22,1730,84,2015-08,9
23,36512,84,2015-08,99
24,538,84,2015-08,13
25,17097,84,2015-08,25
26,46394,84,2015-08,3
27,105260,84,2015-08,251
28,9410,84,2015-08,177
29,92571,84,2015-08,16
30,18359,84,2015-08,12
31,105,84,2015-08,178
32,3363,84,2015-08,4
33,45646,84,2015-08,175
34,11360,84,2015-08,8
35,38551,84,2015-08,135
36,7717,84,2015-08,3
37,73799,84,2015-08,84
38,59,84,2015-08,3
39,58821,84,2015-08,123
41,6544,84,2015-08,73
42,73672,84,2015-08,67
43,6515,84,2015-08,9
44,25673,84,2015-08,145
45,97043,84,2015-08,146
46,31852,84,2015-08,13
47,479,84,2015-08,38
48,117097,84,2015-08,205
49,27547,84,2015-08,138
50,14456,84,2015-08,3
51,1593,84,2015-08,5
52,419,84,2015-08,17
53,31423,84,2015-08,1
54,112180,84,2015-08,176
55,5206,84,2015-08,7
56,46216,84,2015-08,25
57,28308,84,2015-08,6
58,2505,84,2015-08,20
59,15578,84,2015-08,2
60,108501,84,2015-08,167
61,6759,84,2015-08,7
62,740,84,2015-08,7
63,31770,84,2015-08,19
64,52651,84,2015-08,4
66,3673,84,2015-08,3
67,4712,84,2015-08,2
68,9740,84,2015-08,17
69,102,84,2015-08,2
70,15269,84,2015-08,5
71,5443,84,2015-08,1
72,25587,84,2015-08,4
73,27592,84,2015-08,1
74,17350,84,2015-08,79
75,40261,84,2015-08,2
76,385,84,2015-08,35
77,13797,84,2015-08,15
79,3984,84,2015-08,23
80,79334,84,2015-08,185
81,11339,84,2015-08,12
82,64585,84,2015-08,2
85,102132,84,2015-08,2
86,619,84,2015-08,8
87,13118,84,2015-08,3
88,578,84,2015-08,2
90,7453,84,2015-08,1
91,3271,84,2015-08,2
92,15981,84,2015-08,8
93,39581,84,2015-08,1
94,25565,84,2015-08,1
95,29677,84,2015-08,36
96,78033,84,2015-08,10
97,10706,84,2015-08,27
98,122785,84,2015-08,17
0,38708,85,2015-09,672
1,7355,85,2015-09,258
2,16397,85,2015-09,21
3,13231,85,2015-09,285
4,117315,85,2015-09,903
5,818,85,2015-09,124
6,3515,85,2015-09,97
7,3012,85,2015-09,155
8,54102,85,2015-09,3
9,47728,85,2015-09,130
10,36530,85,2015-09,207
11,67188,85,2015-09,313
12,7165,85,2015-09,6
13,121907,85,2015-09,315
14,7764,85,2015-09,5
15,57081,85,2015-09,53
16,1368,85,2015-09,10
17,38342,85,2015-09,136
18,1733,85,2015-09,11
19,13975,85,2015-09,165
20,34217,85,2015-09,59
21,66106,85,2015-09,148
22,1730,85,2015-09,14
23,36512,85,2015-09,69
24,538,85,2015-09,7
25,17097,85,2015-09,23
26,46394,85,2015-09,33
27,105260,85,2015-09,110
28,9410,85,2015-09,162
29,92571,85,2015-09,240
30,18359,85,2015-09,12
31,105,85,2015-09,53
32,3363,85,2015-09,7
33,45646,85,2015-09,69
34,11360,85,2015-09,17
35,38551,85,2015-09,25
36,7717,85,2015-09,3
37,73799,85,2015-09,26
39,58821,85,2015-09,148
40,4441,85,2015-09,4
41,6544,85,2015-09,42
42,73672,85,2015-09,200
43,6515,85,2015-09,6
44,25673,85,2015-09,103
45,97043,85,2015-09,657
46,31852,85,2015-09,16
47,479,85,2015-09,50
48,117097,85,2015-09,87
49,27547,85,2015-09,80
51,1593,85,2015-09,25
53,31423,85,2015-09,4
54,112180,85,2015-09,98
55,5206,85,2015-09,6
56,46216,85,2015-09,13
57,28308,85,2015-09,1
58,2505,85,2015-09,31
60,108501,85,2015-09,105
61,6759,85,2015-09,4
62,740,85,2015-09,8
63,31770,85,2015-09,65
64,52651,85,2015-09,12
65,410,85,2015-09,5
66,3673,85,2015-09,8
67,4712,85,2015-09,7
68,9740,85,2015-09,18
69,102,85,2015-09,1
70,15269,85,2015-09,12
71,5443,85,2015-09,2
72,25587,85,2015-09,4
73,27592,85,2015-09,1
74,17350,85,2015-09,48
75,40261,85,2015-09,4
76,385,85,2015-09,2
77,13797,85,2015-09,4
78,56459,85,2015-09,11
79,3984,85,2015-09,31
80,79334,85,2015-09,65
81,11339,85,2015-09,5
82,64585,85,2015-09,2
83,31889,85,2015-09,2
84,33261,85,2015-09,1
85,102132,85,2015-09,1
86,619,85,2015-09,7
87,13118,85,2015-09,2
88,578,85,2015-09,2
91,3271,85,2015-09,2
92,15981,85,2015-09,13
93,39581,85,2015-09,3
94,25565,85,2015-09,7
95,29677,85,2015-09,12
98,122785,85,2015-09,1
99,10618,85,2015-09,1
0,38708,86,2015-10,880
1,7355,86,2015-10,432
2,16397,86,2015-10,19
3,13231,86,2015-10,253
4,117315,86,2015-10,932
5,818,86,2015-10,226
6,3515,86,2015-10,440
7,3012,86,2015-10,241
8,54102,86,2015-10,6
9,47728,86,2015-10,109
10,36530,86,2015-10,146
11,67188,86,2015-10,312
12,7165,86,2015-10,9
13,121907,86,2015-10,311
14,7764,86,2015-10,12
15,57081,86,2015-10,31
16,1368,86,2015-10,7
17,38342,86,2015-10,92
18,1733,86,2015-10,10
19,13975,86,2015-10,134
20,34217,86,2015-10,87
21,66106,86,2015-10,158
22,1730,86,2015-10,12
23,36512,86,2015-10,47
24,538,86,2015-10,4
25,17097,86,2015-10,59
26,46394,86,2015-10,36
27,105260,86,2015-10,107
28,9410,86,2015-10,79
29,92571,86,2015-10,269
30,18359,86,2015-10,15
31,105,86,2015-10,58
32,3363,86,2015-10,6
33,45646,86,2015-10,2
34,11360,86,2015-10,9
35,38551,86,2015-10,6
36,7717,86,2015-10,2
37,73799,86,2015-10,18
38,59,86,2015-10,10
39,58821,86,2015-10,66
40,4441,86,2015-10,1
41,6544,86,2015-10,48
42,73672,86,2015-10,168
43,6515,86,2015-10,4
44,25673,86,2015-10,123
45,97043,86,2015-10,358
46,31852,86,2015-10,32
47,479,86,2015-10,46
48,117097,86,2015-10,112
49,27547,86,2015-10,124
51,1593,86,2015-10,14
52,419,86,2015-10,11
54,112180,86,2015-10,70
55,5206,86,2015-10,9
56,46216,86,2015-10,22
58,2505,86,2015-10,12
59,15578,86,2015-10,1
60,108501,86,2015-10,90
61,6759,86,2015-10,5
62,740,86,2015-10,1
63,31770,86,2015-10,48
64,52651,86,2015-10,9
65,410,86,2015-10,3
66,3673,86,2015-10,11
67,4712,86,2015-10,16
68,9740,86,2015-10,15
69,102,86,2015-10,1
70,15269,86,2015-10,24
71,5443,86,2015-10,3
72,25587,86,2015-10,5
73,27592,86,2015-10,2
74,17350,86,2015-10,33
75,40261,86,2015-10,1
76,385,86,2015-10,1
77,13797,86,2015-10,6
78,56459,86,2015-10,8
79,3984,86,2015-10,18
80,79334,86,2015-10,25
81,11339,86,2015-10,4
82,64585,86,2015-10,29
84,33261,86,2015-10,1
86,619,86,2015-10,52
87,13118,86,2015-10,2
88,578,86,2015-10,3
90,7453,86,2015-10,2
91,3271,86,2015-10,1
92,15981,86,2015-10,6
93,39581,86,2015-10,2
94,25565,86,2015-10,6
95,29677,86,2015-10,43
96,78033,86,2015-10,7
98,122785,86,2015-10,2
99,10618,86,2015-10,9
0,38708,87,2015-11,794
1,7355,87,2015-11,315
2,16397,87,2015-11,40
3,13231,87,2015-11,41
4,117315,87,2015-11,708
5,818,87,2015-11,177
6,3515,87,2015-11,175
7,3012,87,2015-11,172
8,54102,87,2015-11,4
9,47728,87,2015-11,118
10,36530,87,2015-11,168
11,67188,87,2015-11,466
12,7165,87,2015-11,9
13,121907,87,2015-11,175
14,7764,87,2015-11,1
15,57081,87,2015-11,20
16,1368,87,2015-11,21
17,38342,87,2015-11,51
18,1733,87,2015-11,17
19,13975,87,2015-11,127
20,34217,87,2015-11,67
21,66106,87,2015-11,149
22,1730,87,2015-11,5
23,36512,87,2015-11,140
24,538,87,2015-11,3
25,17097,87,2015-11,38
26,46394,87,2015-11,13
27,105260,87,2015-11,110
28,9410,87,2015-11,103
29,92571,87,2015-11,253
30,18359,87,2015-11,11
31,105,87,2015-11,12
32,3363,87,2015-11,18
33,45646,87,2015-11,99
34,11360,87,2015-11,5
35,38551,87,2015-11,106
36,7717,87,2015-11,44
37,73799,87,2015-11,13
38,59,87,2015-11,1
39,58821,87,2015-11,92
40,4441,87,2015-11,3
41,6544,87,2015-11,44
42,73672,87,2015-11,121
43,6515,87,2015-11,1
44,25673,87,2015-11,116
45,97043,87,2015-11,89
46,31852,87,2015-11,25
47,479,87,2015-11,38
48,117097,87,2015-11,133
49,27547,87,2015-11,31
51,1593,87,2015-11,10
52,419,87,2015-11,6
53,31423,87,2015-11,2
54,112180,87,2015-11,30
55,5206,87,2015-11,8
56,46216,87,2015-11,14
57,28308,87,2015-11,1
58,2505,87,2015-11,2
59,15578,87,2015-11,4
60,108501,87,2015-11,126
63,31770,87,2015-11,22
64,52651,87,2015-11,10
66,3673,87,2015-11,4
68,9740,87,2015-11,27
69,102,87,2015-11,9
70,15269,87,2015-11,11
71,5443,87,2015-11,8
72,25587,87,2015-11,5
73,27592,87,2015-11,1
74,17350,87,2015-11,5
75,40261,87,2015-11,1
76,385,87,2015-11,8
77,13797,87,2015-11,7
78,56459,87,2015-11,14
79,3984,87,2015-11,15
80,79334,87,2015-11,7
81,11339,87,2015-11,2
82,64585,87,2015-11,6
83,31889,87,2015-11,1
84,33261,87,2015-11,3
85,102132,87,2015-11,4
86,619,87,2015-11,1
87,13118,87,2015-11,4
88,578,87,2015-11,4
89,2556,87,2015-11,1
91,3271,87,2015-11,3
92,15981,87,2015-11,2
93,39581,87,2015-11,2
94,25565,87,2015-11,1
95,29677,87,2015-11,50
96,78033,87,2015-11,1
98,122785,87,2015-11,1
99,10618,87,2015-11,2
0,38708,88,2015-12,551
1,7355,88,2015-12,177
2,16397,88,2015-12,45
3,13231,88,2015-12,145
4,117315,88,2015-12,615
5,818,88,2015-12,198
6,3515,88,2015-12,76
7,3012,88,2015-12,181
8,54102,88,2015-12,4
9,47728,88,2015-12,306
10,36530,88,2015-12,151
11,67188,88,2015-12,419
12,7165,88,2015-12,5
13,121907,88,2015-12,261
14,7764,88,2015-12,4
15,57081,88,2015-12,17
16,1368,88,2015-12,4
17,38342,88,2015-12,69
18,1733,88,2015-12,4
19,13975,88,2015-12,176
20,34217,88,2015-12,31
21,66106,88,2015-12,253
22,1730,88,2015-12,18
23,36512,88,2015-12,41
24,538,88,2015-12,4
25,17097,88,2015-12,94
26,46394,88,2015-12,10
27,105260,88,2015-12,128
28,9410,88,2015-12,61
29,92571,88,2015-12,289
30,18359,88,2015-12,10
31,105,88,2015-12,32
32,3363,88,2015-12,6
33,45646,88,2015-12,145
34,11360,88,2015-12,3
35,38551,88,2015-12,28
36,7717,88,2015-12,1
37,73799,88,2015-12,17
38,59,88,2015-12,1
39,58821,88,2015-12,42
41,6544,88,2015-12,29
42,73672,88,2015-12,142
43,6515,88,2015-12,4
44,25673,88,2015-12,52
45,97043,88,2015-12,110
46,31852,88,2015-12,22
47,479,88,2015-12,61
48,117097,88,2015-12,194
49,27547,88,2015-12,24
51,1593,88,2015-12,22
52,419,88,2015-12,2
53,31423,88,2015-12,1
54,112180,88,2015-12,99
55,5206,88,2015-12,13
56,46216,88,2015-12,6
57,28308,88,2015-12,5
58,2505,88,2015-12,3
60,108501,88,2015-12,90
61,6759,88,2015-12,4
63,31770,88,2015-12,51
64,52651,88,2015-12,3
65,410,88,2015-12,1
66,3673,88,2015-12,6
67,4712,88,2015-12,3
68,9740,88,2015-12,18
69,102,88,2015-12,2
70,15269,88,2015-12,13
71,5443,88,2015-12,7
72,25587,88,2015-12,2
73,27592,88,2015-12,1
74,17350,88,2015-12,14
75,40261,88,2015-12,1
76,385,88,2015-12,2
77,13797,88,2015-12,3
78,56459,88,2015-12,5
79,3984,88,2015-12,25
80,79334,88,2015-12,30
81,11339,88,2015-12,5
82,64585,88,2015-12,3
83,31889,88,2015-12,1
84,33261,88,2015-12,2
86,619,88,2015-12,3
87,13118,88,2015-12,10
88,578,88,2015-12,1
90,7453,88,2015-12,2
91,3271,88,2015-12,5
92,15981,88,2015-12,3
94,25565,88,2015-12,4
95,29677,88,2015-12,7
96,78033,88,2015-12,4
97,10706,88,2015-12,1
99,10618,88,2015-12,3
0,38708,89,2016-01,1174
1,7355,89,2016-01,283
2,16397,89,2016-01,38
3,13231,89,2016-01,571
4,117315,89,2016-01,873
5,818,89,2016-01,154
6,3515,89,2016-01,112
7,3012,89,2016-01,154
8,54102,89,2016-01,6
9,47728,89,2016-01,158
10,36530,89,2016-01,75
11,67188,89,2016-01,263
12,7165,89,2016-01,6
13,121907,89,2016-01,198
14,7764,89,2016-01,7
15,57081,89,2016-01,77
16,1368,89,2016-01,7
17,38342,89,2016-01,90
18,1733,89,2016-01,11
19,13975,89,2016-01,88
20,34217,89,2016-01,21
21,66106,89,2016-01,229
22,1730,89,2016-01,5
23,36512,89,2016-01,76
24,538,89,2016-01,2
25,17097,89,2016-01,37
26,46394,89,2016-01,6
27,105260,89,2016-01,216
28,9410,89,2016-01,82
29,92571,89,2016-01,126
30,18359,89,2016-01,39
31,105,89,2016-01,27
32,3363,89,2016-01,19
33,45646,89,2016-01,114
34,11360,89,2016-01,15
35,38551,89,2016-01,2
36,7717,89,2016-01,4
37,73799,89,2016-01,40
39,58821,89,2016-01,33
40,4441,89,2016-01,2
41,6544,89,2016-01,44
42,73672,89,2016-01,232
43,6515,89,2016-01,2
44,25673,89,2016-01,41
45,97043,89,2016-01,55
46,31852,89,2016-01,14
47,479,89,2016-01,24
48,117097,89,2016-01,92
49,27547,89,2016-01,33
51,1593,89,2016-01,13
52,419,89,2016-01,9
53,31423,89,2016-01,28
54,112180,89,2016-01,64
55,5206,89,2016-01,1
56,46216,89,2016-01,24
57,28308,89,2016-01,2
58,2505,89,2016-01,3
60,108501,89,2016-01,74
61,6759,89,2016-01,8
62,740,89,2016-01,14
63,31770,89,2016-01,51
64,52651,89,2016-01,14
65,410,89,2016-01,6
66,3673,89,2016-01,4
67,4712,89,2016-01,9
68,9740,89,2016-01,13
69,102,89,2016-01,4
70,15269,89,2016-01,7
71,5443,89,2016-01,9
72,25587,89,2016-01,5
74,17350,89,2016-01,10
76,385,89,2016-01,6
77,13797,89,2016-01,10
78,56459,89,2016-01,10
79,3984,89,2016-01,24
80,79334,89,2016-01,47
81,11339,89,2016-01,12
82,64585,89,2016-01,1
83,31889,89,2016-01,3
84,33261,89,2016-01,1
85,102132,89,2016-01,2
86,619,89,2016-01,21
87,13118,89,2016-01,2
88,578,89,2016-01,7
89,2556,89,2016-01,1
91,3271,89,2016-01,1
92,15981,89,2016-01,3
93,39581,89,2016-01,1
94,25565,89,2016-01,2
95,29677,89,2016-01,35
96,78033,89,2016-01,1
97,10706,89,2016-01,2
98,122785,89,2016-01,9
99,10618,89,2016-01,1
0,38708,90,2016-02,784
1,7355,90,2016-02,172
2,16397,90,2016-02,41
3,13231,90,2016-02,299
4,117315,90,2016-02,778
5,818,90,2016-02,196
6,3515,90,2016-02,170
7,3012,90,2016-02,189
8,54102,90,2016-02,4
9,47728,90,2016-02,297
10,36530,90,2016-02,134
11,67188,90,2016-02,242
12,7165,90,2016-02,9
13,121907,90,2016-02,299
14,7764,90,2016-02,4
15,57081,90,2016-02,108
16,1368,90,2016-02,19
17,38342,90,2016-02,127
18,1733,90,2016-02,14
19,13975,90,2016-02,54
20,34217,90,2016-02,74
21,66106,90,2016-02,188
22,1730,90,2016-02,5
23,36512,90,2016-02,81
24,538,90,2016-02,6
25,17097,90,2016-02,35
26,46394,90,2016-02,13
27,105260,90,2016-02,161
28,9410,90,2016-02,49
29,92571,90,2016-02,219
30,18359,90,2016-02,31
31,105,90,2016-02,8
32,3363,90,2016-02,6
33,45646,90,2016-02,93
34,11360,90,2016-02,3
35,38551,90,2016-02,8
36,7717,90,2016-02,1
37,73799,90,2016-02,43
38,59,90,2016-02,1
39,58821,90,2016-02,25
40,4441,90,2016-02,3
41,6544,90,2016-02,80
42,73672,90,2016-02,265
43,6515,90,2016-02,31
44,25673,90,2016-02,25
45,97043,90,2016-02,56
46,31852,90,2016-02,40
47,479,90,2016-02,36
48,117097,90,2016-02,73
49,27547,90,2016-02,45
50,14456,90,2016-02,2
51,1593,90,2016-02,7
52,419,90,2016-02,5
53,31423,90,2016-02,36
54,112180,90,2016-02,67
55,5206,90,2016-02,4
56,46216,90,2016-02,38
57,28308,90,2016-02,2
58,2505,90,2016-02,2
59,15578,90,2016-02,4
60,108501,90,2016-02,94
62,740,90,2016-02,3
63,31770,90,2016-02,24
64,52651,90,2016-02,1
65,410,90,2016-02,3
66,3673,90,2016-02,3
68,9740,90,2016-02,13
69,102,90,2016-02,1
70,15269,90,2016-02,9
71,5443,90,2016-02,1
72,25587,90,2016-02,3
73,27592,90,2016-02,1
74,17350,90,2016-02,1
75,40261,90,2016-02,5
76,385,90,2016-02,7
77,13797,90,2016-02,10
78,56459,90,2016-02,6
79,3984,90,2016-02,21
80,79334,90,2016-02,61
81,11339,90,2016-02,16
85,102132,90,2016-02,1
87,13118,90,2016-02,1
88,578,90,2016-02,2
89,2556,90,2016-02,3
91,3271,90,2016-02,1
92,15981,90,2016-02,1
93,39581,90,2016-02,3
94,25565,90,2016-02,1
95,29677,90,2016-02,6
97,10706,90,2016-02,1
98,122785,90,2016-02,39
99,10618,90,2016-02,2
0,38708,91,2016-03,285
1,7355,91,2016-03,32
3,13231,91,2016-03,49
4,117315,91,2016-03,217
5,818,91,2016-03,24
6,3515,91,2016-03,7
7,3012,91,2016-03,36
8,54102,91,2016-03,1
9,47728,91,2016-03,54
10,36530,91,2016-03,12
11,67188,91,2016-03,30
12,7165,91,2016-03,3
13,121907,91,2016-03,63
14,7764,91,2016-03,1
15,57081,91,2016-03,27
16,1368,91,2016-03,1
17,38342,91,2016-03,31
19,13975,91,2016-03,5
20,34217,91,2016-03,6
21,66106,91,2016-03,21
22,1730,91,2016-03,1
23,36512,91,2016-03,9
24,538,91,2016-03,3
25,17097,91,2016-03,10
27,105260,91,2016-03,21
28,9410,91,2016-03,8
29,92571,91,2016-03,59
30,18359,91,2016-03,20
31,105,91,2016-03,4
33,45646,91,2016-03,39
34,11360,91,2016-03,1
35,38551,91,2016-03,4
41,6544,91,2016-03,7
42,73672,91,2016-03,27
43,6515,91,2016-03,9
44,25673,91,2016-03,6
45,97043,91,2016-03,3
46,31852,91,2016-03,3
47,479,91,2016-03,8
48,117097,91,2016-03,27
49,27547,91,2016-03,29
51,1593,91,2016-03,4
54,112180,91,2016-03,2
55,5206,91,2016-03,1
56,46216,91,2016-03,3
60,108501,91,2016-03,40
62,740,91,2016-03,2
63,31770,91,2016-03,6
64,52651,91,2016-03,2
65,410,91,2016-03,1
66,3673,91,2016-03,1
68,9740,91,2016-03,3
69,102,91,2016-03,1
70,15269,91,2016-03,5
72,25587,91,2016-03,1
74,17350,91,2016-03,3
78,56459,91,2016-03,4
79,3984,91,2016-03,2
80,79334,91,2016-03,9
84,33261,91,2016-03,14
86,619,91,2016-03,1
88,578,91,2016-03,1
89,2556,91,2016-03,1
