Node,AggregateDegree,MultiplexDegree,AvgClustering,Deg_L0,Clust_L0,Deg_L1,Clust_L1,Deg_L2,Clust_L2,Deg_L3,Clust_L3,Deg_L4,Clust_L4,Deg_L5,Clust_L5,Deg_L6,Clust_L6,Deg_L7,Clust_L7,Deg_L8,Clust_L8,Deg_L9,Clust_L9,Deg_L10,Clust_L10,Deg_L11,Clust_L11,Deg_L12,Clust_L12,Deg_L13,Clust_L13,Deg_L14,Clust_L14,Deg_L15,Clust_L15,Deg_L16,Clust_L16,Deg_L17,Clust_L17,Deg_L18,Clust_L18,Deg_L19,Clust_L19,Deg_L20,Clust_L20,Deg_L21,Clust_L21,Deg_L22,Clust_L22,Deg_L23,Clust_L23,Deg_L24,Clust_L24,Deg_L25,Clust_L25,Deg_L26,Clust_L26,Deg_L27,Clust_L27,Deg_L28,Clust_L28,Deg_L29,Clust_L29,Deg_L30,Clust_L30,Deg_L31,Clust_L31,Deg_L32,Clust_L32,Deg_L33,Clust_L33,Deg_L34,Clust_L34,Deg_L35,Clust_L35,Deg_L36,Clust_L36,Deg_L37,Clust_L37,Deg_L38,Clust_L38,Deg_L39,Clust_L39,Deg_L40,Clust_L40,Deg_L41,Clust_L41,Deg_L42,Clust_L42
0,22,15,0.000000,0,0.000000,0,0.000000,0,0.000000,0,0.000000,0,0.000000,0,0.000000,0,0.000000,1,0.000000,1,0.000000,2,0.000000,1,0.000000,1,0.000000,4,0.000000,0,0.000000,1,0.000000,0,0.000000,1,0.000000,0,0.000000,0,0.000000,0,0.000000,1,0.000000,0,0.000000,1,0.000000,0,0.000000,1,0.000000,0,0.000000,0,0.000000,0,0.000000,0,0.000000,0,0.000000,0,0.000000,1,0.000000,0,0.000000,0,0.000000,0,0.000000,0,0.000000,2,0.000000,0,0.000000,3,0.000000,1,0.000000,0,0.000000,0,0.000000,0,0.000000
1,6,5,0.000000,0,0.000000,0,0.000000,0,0.000000,0,0.000000,0,0.000000,0,0.000000,0,0.000000,1,0.000000,1,0.000000,0,0.000000,0,0.000000,1,0.000000,2,0.000000,0,0.000000,1,0.000000,0,0.000000,0,0.000000,0,0.000000,0,0.000000,0,0.000000,0,0.000000,0,0.000000,0,0.000000,0,0.000000,0,0.000000,0,0.000000,0,0.000000,0,0.000000,0,0.000000,0,0.000000,0,0.000000,0,0.000000,0,0.000000,0,0.000000,0,0.000000,0,0.000000,0,0.000000,0,0.000000,0,0.000000,0,0.000000,0,0.000000,0,0.000000,0,0.000000
2,8,8,0.000000,1,0.000000,1,0.000000,1,0.000000,0,0.000000,0,0.000000,0,0.000000,0,0.000000,0,0.000000,0,0.000000,0,0.000000,0,0.000000,1,0.000000,0,0.000000,0,0.000000,1,0.000000,1,0.000000,0,0.000000,0,0.000000,0,0.000000,0,0.000000,0,0.000000,1,0.000000,1,0.000000,0,0.000000,0,0.000000,0,0.000000,0,0.000000,0,0.000000,0,0.000000,0,0.000000,0,0.000000,0,0.000000,0,0.000000,0,0.000000,0,0.000000,0,0.000000,0,0.000000,0,0.000000,0,0.000000,0,0.000000,0,0.000000,0,0.000000,0,0.000000
3,5,5,0.000000,0,0.000000,0,0.000000,0,0.000000,0,0.000000,0,0.000000,0,0.000000,0,0.000000,0,0.000000,0,0.000000,0,0.000000,0,0.000000,1,0.000000,0,0.000000,0,0.000000,1,0.000000,0,0.000000,0,0.000000,0,0.000000,0,0.000000,0,0.000000,0,0.000000,0,0.000000,1,0.000000,0,0.000000,0,0.000000,0,0.000000,0,0.000000,0,0.000000,0,0.000000,0,0.000000,0,0.000000,0,0.000000,0,0.000000,0,0.000000,0,0.000000,1,0.000000,0,0.000000,1,0.000000,0,0.000000,0,0.000000,0,0.000000,0,0.000000,0,0.000000
4,7,3,0.000000,0,0.000000,0,0.000000,0,0.000000,0,0.000000,0,0.000000,0,0.000000,0,0.000000,0,0.000000,0,0.000000,2,0.000000,0,0.000000,3,0.000000,0,0.000000,0,0.000000,2,0.000000,0,0.000000,0,0.000000,0,0.000000,0,0.000000,0,0.000000,0,0.000000,0,0.000000,0,0.000000,0,0.000000,0,0.000000,0,0.000000,0,0.000000,0,0.000000,0,0.000000,0,0.000000,0,0.000000,0,0.000000,0,0.000000,0,0.000000,0,0.000000,0,0.000000,0,0.000000,0,0.000000,0,0.000000,0,0.000000,0,0.000000,0,0.000000,0,0.000000
5,4,3,0.000000,0,0.000000,0,0.000000,0,0.000000,0,0.000000,0,0.000000,1,0.000000,0,0.000000,0,0.000000,0,0.000000,0,0.000000,0,0.000000,0,0.000000,1,0.000000,0,0.000000,2,0.000000,0,0.000000,0,0.000000,0,0.000000,0,0.000000,0,0.000000,0,0.000000,0,0.000000,0,0.000000,0,0.000000,0,0.000000,0,0.000000,0,0.000000,0,0.000000,0,0.000000,0,0.000000,0,0.000000,0,0.000000,0,0.000000,0,0.000000,0,0.000000,0,0.000000,0,0.000000,0,0.000000,0,0.000000,0,0.000000,0,0.000000,0,0.000000,0,0.000000
6,3,3,0.000000,0,0.000000,0,0.000000,0,0.000000,0,0.000000,0,0.000000,0,0.000000,1,0.000000,0,0.000000,0,0.000000,0,0.000000,0,0.000000,1,0.000000,1,0.000000,0,0.000000,0,0.000000,0,0.000000,0,0.000000,0,0.000000,0,0.000000,0,0.000000,0,0.000000,0,0.000000,0,0.000000,0,0.000000,0,0.000000,0,0.000000,0,0.000000,0,0.000000,0,0.000000,0,0.000000,0,0.000000,0,0.000000,0,0.000000,0,0.000000,0,0.000000,0,0.000000,0,0.000000,0,0.000000,0,0.000000,0,0.000000,0,0.000000,0,0.000000,0,0.000000
7,4,3,0.000000,0,0.000000,0,0.000000,2,0.000000,0,0.000000,0,0.000000,1,0.000000,0,0.000000,0,0.000000,0,0.000000,0,0.000000,0,0.000000,0,0.000000,0,0.000000,0,0.000000,0,0.000000,0,0.000000,0,0.000000,0,0.000000,0,0.000000,0,0.000000,0,0.000000,1,0.000000,0,0.000000,0,0.000000,0,0.000000,0,0.000000,0,0.000000,0,0.000000,0,0.000000,0,0.000000,0,0.000000,0,0.000000,0,0.000000,0,0.000000,0,0.000000,0,0.000000,0,0.000000,0,0.000000,0,0.000000,0,0.000000,0,0.000000,0,0.000000,0,0.000000
8,14,9,0.000000,0,0.000000,0,0.000000,1,0.000000,0,0.000000,0,0.000000,0,0.000000,0,0.000000,0,0.000000,1,0.000000,3,0.000000,1,0.000000,1,0.000000,4,0.000000,0,0.000000,1,0.000000,0,0.000000,0,0.000000,0,0.000000,1,0.000000,0,0.000000,1,0.000000,0,0.000000,0,0.000000,0,0.000000,0,0.000000,0,0.000000,0,0.000000,0,0.000000,0,0.000000,0,0.000000,0,0.000000,0,0.000000,0,0.000000,0,0.000000,0,0.000000,0,0.000000,0,0.000000,0,0.000000,0,0.000000,0,0.000000,0,0.000000,0,0.000000,0,0.000000
9,3,3,0.000000,0,0.000000,0,0.000000,0,0.000000,0,0.000000,0,0.000000,0,0.000000,0,0.000000,0,0.000000,0,0.000000,0,0.000000,0,0.000000,0,0.000000,1,0.000000,0,0.000000,0,0.000000,0,0.000000,1,0.000000,0,0.000000,0,0.000000,0,0.000000,0,0.000000,0,0.000000,0,0.000000,0,0.000000,0,0.000000,0,0.000000,0,0.000000,0,0.000000,0,0.000000,0,0.000000,0,0.000000,0,0.000000,1,0.000000,0,0.000000,0,0.000000,0,0.000000,0,0.000000,0,0.000000,0,0.000000,0,0.000000,0,0.000000,0,0.000000,0,0.000000
10,7,5,0.000000,0,0.000000,0,0.000000,0,0.000000,0,0.000000,0,0.000000,0,0.000000,0,0.000000,0,0.000000,0,0.000000,2,0.000000,1,0.000000,0,0.000000,2,0.000000,0,0.000000,0,0.000000,0,0.000000,0,0.000000,0,0.000000,0,0.000000,0,0.000000,0,0.000000,1,0.000000,0,0.000000,0,0.000000,1,0.000000,0,0.000000,0,0.000000,0,0.000000,0,0.000000,0,0.000000,0,0.000000,0,0.000000,0,0.000000,0,0.000000,0,0.000000,0,0.000000,0,0.000000,0,0.000000,0,0.000000,0,0.000000,0,0.000000,0,0.000000,0,0.000000
11,13,7,0.042636,0,0.000000,0,0.000000,0,0.000000,0,0.000000,0,0.000000,0,0.000000,0,0.000000,0,0.000000,0,0.000000,2,1.000000,0,0.000000,3,0.000000,1,0.000000,1,0.000000,0,0.000000,0,0.000000,1,0.000000,0,0.000000,0,0.000000,0,0.000000,1,0.000000,0,0.000000,0,0.000000,0,0.000000,0,0.000000,0,0.000000,0,0.000000,0,0.000000,4,0.833333,0,0.000000,0,0.000000,0,0.000000,0,0.000000,0,0.000000,0,0.000000,0,0.000000,0,0.000000,0,0.000000,0,0.000000,0,0.000000,0,0.000000,0,0.000000,0,0.000000
12,4,3,0.000000,0,0.000000,0,0.000000,0,0.000000,0,0.000000,1,0.000000,0,0.000000,0,0.000000,0,0.000000,0,0.000000,0,0.000000,0,0.000000,0,0.000000,2,0.000000,0,0.000000,0,0.000000,0,0.000000,0,0.000000,0,0.000000,0,0.000000,0,0.000000,0,0.000000,0,0.000000,0,0.000000,0,0.000000,1,0.000000,0,0.000000,0,0.000000,0,0.000000,0,0.000000,0,0.000000,0,0.000000,0,0.000000,0,0.000000,0,0.000000,0,0.000000,0,0.000000,0,0.000000,0,0.000000,0,0.000000,0,0.000000,0,0.000000,0,0.000000,0,0.000000
13,6,5,0.000000,0,0.000000,0,0.000000,0,0.000000,0,0.000000,0,0.000000,0,0.000000,0,0.000000,0,0.000000,0,0.000000,2,0.000000,0,0.000000,1,0.000000,1,0.000000,0,0.000000,0,0.000000,0,0.000000,1,0.000000,0,0.000000,0,0.000000,0,0.000000,0,0.000000,1,0.000000,0,0.000000,0,0.000000,0,0.000000,0,0.000000,0,0.000000,0,0.000000,0,0.000000,0,0.000000,0,0.000000,0,0.000000,0,0.000000,0,0.000000,0,0.000000,0,0.000000,0,0.000000,0,0.000000,0,0.000000,0,0.000000,0,0.000000,0,0.000000,0,0.000000
14,6,6,0.000000,0,0.000000,0,0.000000,0,0.000000,1,0.000000,0,0.000000,0,0.000000,0,0.000000,0,0.000000,0,0.000000,0,0.000000,0,0.000000,1,0.000000,0,0.000000,0,0.000000,0,0.000000,1,0.000000,0,0.000000,0,0.000000,0,0.000000,0,0.000000,1,0.000000,0,0.000000,1,0.000000,0,0.000000,0,0.000000,0,0.000000,0,0.000000,0,0.000000,0,0.000000,0,0.000000,0,0.000000,1,0.000000,0,0.000000,0,0.000000,0,0.000000,0,0.000000,0,0.000000,0,0.000000,0,0.000000,0,0.000000,0,0.000000,0,0.000000,0,0.000000
15,8,5,0.000000,0,0.000000,0,0.000000,0,0.000000,0,0.000000,0,0.000000,0,0.000000,1,0.000000,0,0.000000,0,0.000000,2,0.000000,0,0.000000,1,0.000000,3,0.000000,0,0.000000,1,0.000000,0,0.000000,0,0.000000,0,0.000000,0,0.000000,0,0.000000,0,0.000000,0,0.000000,0,0.000000,0,0.000000,0,0.000000,0,0.000000,0,0.000000,0,0.000000,0,0.000000,0,0.000000,0,0.000000,0,0.000000,0,0.000000,0,0.000000,0,0.000000,0,0.000000,0,0.000000,0,0.000000,0,0.000000,0,0.000000,0,0.000000,0,0.000000,0,0.000000
16,6,5,0.000000,0,0.000000,0,0.000000,0,0.000000,0,0.000000,0,0.000000,0,0.000000,0,0.000000,0,0.000000,0,0.000000,2,0.000000,0,0.000000,1,0.000000,1,0.000000,0,0.000000,1,0.000000,0,0.000000,0,0.000000,0,0.000000,1,0.000000,0,0.000000,0,0.000000,0,0.000000,0,0.000000,0,0.000000,0,0.000000,0,0.000000,0,0.000000,0,0.000000,0,0.000000,0,0.000000,0,0.000000,0,0.000000,0,0.000000,0,0.000000,0,0.000000,0,0.000000,0,0.000000,0,0.000000,0,0.000000,0,0.000000,0,0.000000,0,0.000000,0,0.000000
17,5,5,0.000000,0,0.000000,0,0.000000,0,0.000000,0,0.000000,0,0.000000,0,0.000000,1,0.000000,0,0.000000,0,0.000000,1,0.000000,0,0.000000,1,0.000000,1,0.000000,0,0.000000,0,0.000000,0,0.000000,0,0.000000,0,0.000000,0,0.000000,0,0.000000,0,0.000000,1,0.000000,0,0.000000,0,0.000000,0,0.000000,0,0.000000,0,0.000000,0,0.000000,0,0.000000,0,0.000000,0,0.000000,0,0.000000,0,0.000000,0,0.000000,0,0.000000,0,0.000000,0,0.000000,0,0.000000,0,0.000000,0,0.000000,0,0.000000,0,0.000000,0,0.000000
18,4,4,0.000000,0,0.000000,0,0.000000,0,0.000000,0,0.000000,0,0.000000,0,0.000000,0,0.000000,0,0.000000,1,0.000000,1,0.000000,0,0.000000,0,0.000000,1,0.000000,0,0.000000,0,0.000000,0,0.000000,0,0.000000,0,0.000000,1,0.000000,0,0.000000,0,0.000000,0,0.000000,0,0.000000,0,0.000000,0,0.000000,0,0.000000,0,0.000000,0,0.000000,0,0.000000,0,0.000000,0,0.000000,0,0.000000,0,0.000000,0,0.000000,0,0.000000,0,0.000000,0,0.000000,0,0.000000,0,0.000000,0,0.000000,0,0.000000,0,0.000000,0,0.000000
19,6,6,0.000000,0,0.000000,0,0.000000,0,0.000000,0,0.000000,0,0.000000,0,0.000000,0,0.000000,0,0.000000,0,0.000000,1,0.000000,1,0.000000,1,0.000000,1,0.000000,0,0.000000,0,0.000000,0,0.000000,0,0.000000,0,0.000000,0,0.000000,0,0.000000,0,0.000000,0,0.000000,0,0.000000,0,0.000000,0,0.000000,0,0.000000,0,0.000000,0,0.000000,1,0.000000,0,0.000000,0,0.000000,1,0.000000,0,0.000000,0,0.000000,0,0.000000,0,0.000000,0,0.000000,0,0.000000,0,0.000000,0,0.000000,0,0.000000,0,0.000000,0,0.000000
20,7,7,0.000000,0,0.000000,0,0.000000,1,0.000000,0,0.000000,0,0.000000,0,0.000000,0,0.000000,0,0.000000,1,0.000000,0,0.000000,0,0.000000,1,0.000000,1,0.000000,0,0.000000,1,0.000000,0,0.000000,0,0.000000,0,0.000000,0,0.000000,0,0.000000,0,0.000000,0,0.000000,0,0.000000,0,0.000000,0,0.000000,0,0.000000,0,0.000000,0,0.000000,1,0.000000,0,0.000000,0,0.000000,1,0.000000,0,0.000000,0,0.000000,0,0.000000,0,0.000000,0,0.000000,0,0.000000,0,0.000000,0,0.000000,0,0.000000,0,0.000000,0,0.000000
21,12,8,0.000000,0,0.000000,0,0.000000,0,0.000000,0,0.000000,0,0.000000,0,0.000000,0,0.000000,0,0.000000,0,0.000000,2,0.000000,0,0.000000,0,0.000000,3,0.000000,0,0.000000,1,0.000000,1,0.000000,1,0.000000,2,0.000000,0,0.000000,0,0.000000,1,0.000000,0,0.000000,1,0.000000,0,0.000000,0,0.000000,0,0.000000,0,0.000000,0,0.000000,0,0.000000,0,0.000000,0,0.000000,0,0.000000,0,0.000000,0,0.000000,0,0.000000,0,0.000000,0,0.000000,0,0.000000,0,0.000000,0,0.000000,0,0.000000,0,0.000000,0,0.000000
22,12,11,0.000000,0,0.000000,0,0.000000,1,0.000000,0,0.000000,0,0.000000,0,0.000000,0,0.000000,0,0.000000,0,0.000000,1,0.000000,0,0.000000,1,0.000000,2,0.000000,0,0.000000,1,0.000000,1,0.000000,0,0.000000,1,0.000000,1,0.000000,0,0.000000,1,0.000000,0,0.000000,1,0.000000,0,0.000000,1,0.000000,0,0.000000,0,0.000000,0,0.000000,0,0.000000,0,0.000000,0,0.000000,0,0.000000,0,0.000000,0,0.000000,0,0.000000,0,0.000000,0,0.000000,0,0.000000,0,0.000000,0,0.000000,0,0.000000,0,0.000000,0,0.000000
23,13,7,0.007752,0,0.000000,0,0.000000,1,0.000000,0,0.000000,0,0.000000,0,0.000000,0,0.000000,0,0.000000,1,0.000000,3,0.333333,0,0.000000,3,0.000000,3,0.000000,0,0.000000,0,0.000000,0,0.000000,0,0.000000,0,0.000000,0,0.000000,0,0.000000,0,0.000000,0,0.000000,0,0.000000,0,0.000000,0,0.000000,0,0.000000,0,0.000000,0,0.000000,0,0.000000,0,0.000000,1,0.000000,0,0.000000,0,0.000000,1,0.000000,0,0.000000,0,0.000000,0,0.000000,0,0.000000,0,0.000000,0,0.000000,0,0.000000,0,0.000000,0,0.000000
24,3,3,0.000000,0,0.000000,0,0.000000,0,0.000000,0,0.000000,0,0.000000,0,0.000000,1,0.000000,0,0.000000,1,0.000000,0,0.000000,0,0.000000,0,0.000000,1,0.000000,0,0.000000,0,0.000000,0,0.000000,0,0.000000,0,0.000000,0,0.000000,0,0.000000,0,0.000000,0,0.000000,0,0.000000,0,0.000000,0,0.000000,0,0.000000,0,0.000000,0,0.000000,0,0.000000,0,0.000000,0,0.000000,0,0.000000,0,0.000000,0,0.000000,0,0.000000,0,0.000000,0,0.000000,0,0.000000,0,0.000000,0,0.000000,0,0.000000,0,0.000000,0,0.000000
25,3,3,0.000000,0,0.000000,0,0.000000,0,0.000000,0,0.000000,0,0.000000,0,0.000000,1,0.000000,0,0.000000,1,0.000000,0,0.000000,0,0.000000,0,0.000000,1,0.000000,0,0.000000,0,0.000000,0,0.000000,0,0.000000,0,0.000000,0,0.000000,0,0.000000,0,0.000000,0,0.000000,0,0.000000,0,0.000000,0,0.000000,0,0.000000,0,0.000000,0,0.000000,0,0.000000,0,0.000000,0,0.000000,0,0.000000,0,0.000000,0,0.000000,0,0.000000,0,0.000000,0,0.000000,0,0.000000,0,0.000000,0,0.000000,0,0.000000,0,0.000000,0,0.000000
26,15,9,0.023256,0,0.000000,0,0.000000,0,0.000000,0,0.000000,0,0.000000,0,0.000000,1,0.000000,0,0.000000,0,0.000000,2,0.000000,1,0.000000,1,0.000000,5,0.000000,0,0.000000,1,0.000000,0,0.000000,2,1.000000,0,0.000000,0,0.000000,0,0.000000,1,0.000000,0,0.000000,0,0.000000,0,0.000000,0,0.000000,0,0.000000,0,0.000000,1,0.000000,0,0.000000,0,0.000000,0,0.000000,0,0.000000,0,0.000000,0,0.000000,0,0.000000,0,0.000000,0,0.000000,0,0.000000,0,0.000000,0,0.000000,0,0.000000,0,0.000000,0,0.000000
27,3,3,0.000000,0,0.000000,0,0.000000,0,0.000000,0,0.000000,0,0.000000,1,0.000000,1,0.000000,0,0.000000,1,0.000000,0,0.000000,0,0.000000,0,0.000000,0,0.000000,0,0.000000,0,0.000000,0,0.000000,0,0.000000,0,0.000000,0,0.000000,0,0.000000,0,0.000000,0,0.000000,0,0.000000,0,0.000000,0,0.000000,0,0.000000,0,0.000000,0,0.000000,0,0.000000,0,0.000000,0,0.000000,0,0.000000,0,0.000000,0,0.000000,0,0.000000,0,0.000000,0,0.000000,0,0.000000,0,0.000000,0,0.000000,0,0.000000,0,0.000000,0,0.000000
28,7,7,0.000000,0,0.000000,0,0.000000,0,0.000000,0,0.000000,0,0.000000,1,0.000000,0,0.000000,0,0.000000,0,0.000000,0,0.000000,1,0.000000,1,0.000000,0,0.000000,0,0.000000,1,0.000000,0,0.000000,0,0.000000,0,0.000000,0,0.000000,0,0.000000,1,0.000000,0,0.000000,0,0.000000,0,0.000000,0,0.000000,0,0.000000,0,0.000000,0,0.000000,1,0.000000,0,0.000000,0,0.000000,1,0.000000,0,0.000000,0,0.000000,0,0.000000,0,0.000000,0,0.000000,0,0.000000,0,0.000000,0,0.000000,0,0.000000,0,0.000000,0,0.000000
29,3,3,0.000000,0,0.000000,0,0.000000,0,0.000000,0,0.000000,0,0.000000,0,0.000000,1,0.000000,0,0.000000,0,0.000000,0,0.000000,1,0.000000,0,0.000000,1,0.000000,0,0.000000,0,0.000000,0,0.000000,0,0.000000,0,0.000000,0,0.000000,0,0.000000,0,0.000000,0,0.000000,0,0.000000,0,0.000000,0,0.000000,0,0.000000,0,0.000000,0,0.000000,0,0.000000,0,0.000000,0,0.000000,0,0.000000,0,0.000000,0,0.000000,0,0.000000,0,0.000000,0,0.000000,0,0.000000,0,0.000000,0,0.000000,0,0.000000,0,0.000000,0,0.000000
30,3,3,0.000000,0,0.000000,0,0.000000,1,0.000000,0,0.000000,0,0.000000,1,0.000000,0,0.000000,0,0.000000,0,0.000000,0,0.000000,0,0.000000,0,0.000000,0,0.000000,0,0.000000,0,0.000000,0,0.000000,1,0.000000,0,0.000000,0,0.000000,0,0.000000,0,0.000000,0,0.000000,0,0.000000,0,0.000000,0,0.000000,0,0.000000,0,0.000000,0,0.000000,0,0.000000,0,0.000000,0,0.000000,0,0.000000,0,0.000000,0,0.000000,0,0.000000,0,0.000000,0,0.000000,0,0.000000,0,0.000000,0,0.000000,0,0.000000,0,0.000000,0,0.000000
31,6,6,0.000000,0,0.000000,0,0.000000,0,0.000000,0,0.000000,1,0.000000,0,0.000000,1,0.000000,0,0.000000,0,0.000000,0,0.000000,0,0.000000,0,0.000000,1,0.000000,0,0.000000,0,0.000000,0,0.000000,1,0.000000,0,0.000000,0,0.000000,0,0.000000,0,0.000000,1,0.000000,0,0.000000,1,0.000000,0,0.000000,0,0.000000,0,0.000000,0,0.000000,0,0.000000,0,0.000000,0,0.000000,0,0.000000,0,0.000000,0,0.000000,0,0.000000,0,0.000000,0,0.000000,0,0.000000,0,0.000000,0,0.000000,0,0.000000,0,0.000000,0,0.000000
32,5,5,0.000000,0,0.000000,0,0.000000,0,0.000000,0,0.000000,0,0.000000,1,0.000000,0,0.000000,0,0.000000,1,0.000000,0,0.000000,0,0.000000,1,0.000000,1,0.000000,0,0.000000,1,0.000000,0,0.000000,0,0.000000,0,0.000000,0,0.000000,0,0.000000,0,0.000000,0,0.000000,0,0.000000,0,0.000000,0,0.000000,0,0.000000,0,0.000000,0,0.000000,0,0.000000,0,0.000000,0,0.000000,0,0.000000,0,0.000000,0,0.000000,0,0.000000,0,0.000000,0,0.000000,0,0.000000,0,0.000000,0,0.000000,0,0.000000,0,0.000000,0,0.000000
33,4,4,0.000000,0,0.000000,0,0.000000,0,0.000000,0,0.000000,0,0.000000,0,0.000000,0,0.000000,0,0.000000,1,0.000000,1,0.000000,0,0.000000,1,0.000000,0,0.000000,0,0.000000,0,0.000000,0,0.000000,0,0.000000,0,0.000000,0,0.000000,0,0.000000,1,0.000000,0,0.000000,0,0.000000,0,0.000000,0,0.000000,0,0.000000,0,0.000000,0,0.000000,0,0.000000,0,0.000000,0,0.000000,0,0.000000,0,0.000000,0,0.000000,0,0.000000,0,0.000000,0,0.000000,0,0.000000,0,0.000000,0,0.000000,0,0.000000,0,0.000000,0,0.000000
34,3,3,0.000000,0,0.000000,0,0.000000,0,0.000000,0,0.000000,1,0.000000,1,0.000000,1,0.000000,0,0.000000,0,0.000000,0,0.000000,0,0.000000,0,0.000000,0,0.000000,0,0.000000,0,0.000000,0,0.000000,0,0.000000,0,0.000000,0,0.000000,0,0.000000,0,0.000000,0,0.000000,0,0.000000,0,0.000000,0,0.000000,0,0.000000,0,0.000000,0,0.000000,0,0.000000,0,0.000000,0,0.000000,0,0.000000,0,0.000000,0,0.000000,0,0.000000,0,0.000000,0,0.000000,0,0.000000,0,0.000000,0,0.000000,0,0.000000,0,0.000000,0,0.000000
35,4,4,0.000000,0,0.000000,0,0.000000,1,0.000000,0,0.000000,0,0.000000,1,0.000000,1,0.000000,0,0.000000,0,0.000000,0,0.000000,0,0.000000,0,0.000000,0,0.000000,0,0.000000,0,0.000000,0,0.000000,1,0.000000,0,0.000000,0,0.000000,0,0.000000,0,0.000000,0,0.000000,0,0.000000,0,0.000000,0,0.000000,0,0.000000,0,0.000000,0,0.000000,0,0.000000,0,0.000000,0,0.000000,0,0.000000,0,0.000000,0,0.000000,0,0.000000,0,0.000000,0,0.000000,0,0.000000,0,0.000000,0,0.000000,0,0.000000,0,0.000000,0,0.000000
36,15,13,0.000000,0,0.000000,0,0.000000,1,0.000000,1,0.000000,0,0.000000,0,0.000000,1,0.000000,0,0.000000,0,0.000000,1,0.000000,0,0.000000,0,0.000000,1,0.000000,0,0.000000,0,0.000000,1,0.000000,2,0.000000,0,0.000000,2,0.000000,0,0.000000,1,0.000000,1,0.000000,0,0.000000,0,0.000000,1,0.000000,0,0.000000,1,0.000000,1,0.000000,0,0.000000,0,0.000000,0,0.000000,0,0.000000,0,0.000000,0,0.000000,0,0.000000,0,0.000000,0,0.000000,0,0.000000,0,0.000000,0,0.000000,0,0.000000,0,0.000000,0,0.000000
37,3,3,0.000000,0,0.000000,0,0.000000,0,0.000000,0,0.000000,0,0.000000,0,0.000000,1,0.000000,0,0.000000,0,0.000000,0,0.000000,0,0.000000,0,0.000000,1,0.000000,0,0.000000,0,0.000000,0,0.000000,0,0.000000,0,0.000000,0,0.000000,0,0.000000,0,0.000000,1,0.000000,0,0.000000,0,0.000000,0,0.000000,0,0.000000,0,0.000000,0,0.000000,0,0.000000,0,0.000000,0,0.000000,0,0.000000,0,0.000000,0,0.000000,0,0.000000,0,0.000000,0,0.000000,0,0.000000,0,0.000000,0,0.000000,0,0.000000,0,0.000000,0,0.000000
38,9,6,0.000000,0,0.000000,0,0.000000,0,0.000000,0,0.000000,0,0.000000,0,0.000000,1,0.000000,0,0.000000,0,0.000000,1,0.000000,0,0.000000,2,0.000000,1,0.000000,0,0.000000,0,0.000000,0,0.000000,0,0.000000,1,0.000000,0,0.000000,0,0.000000,3,0.000000,0,0.000000,0,0.000000,0,0.000000,0,0.000000,0,0.000000,0,0.000000,0,0.000000,0,0.000000,0,0.000000,0,0.000000,0,0.000000,0,0.000000,0,0.000000,0,0.000000,0,0.000000,0,0.000000,0,0.000000,0,0.000000,0,0.000000,0,0.000000,0,0.000000,0,0.000000
39,45,21,0.052713,0,0.000000,1,0.000000,0,0.000000,0,0.000000,1,0.000000,0,0.000000,2,0.000000,3,0.000000,0,0.000000,3,0.000000,0,0.000000,3,0.666667,6,0.200000,3,0.000000,2,0.000000,0,0.000000,0,0.000000,1,0.000000,1,0.000000,0,0.000000,1,0.000000,0,0.000000,4,0.333333,1,0.000000,0,0.000000,1,0.000000,0,0.000000,0,0.000000,5,0.400000,3,0.666667,1,0.000000,0,0.000000,0,0.000000,1,0.000000,1,0.000000,1,0.000000,0,0.000000,0,0.000000,0,0.000000,0,0.000000,0,0.000000,0,0.000000,0,0.000000
40,9,8,0.023256,1,0.000000,1,0.000000,0,0.000000,0,0.000000,0,0.000000,0,0.000000,1,0.000000,0,0.000000,0,0.000000,0,0.000000,0,0.000000,0,0.000000,0,0.000000,0,0.000000,0,0.000000,0,0.000000,0,0.000000,1,0.000000,1,0.000000,0,0.000000,1,0.000000,0,0.000000,2,1.000000,0,0.000000,0,0.000000,0,0.000000,0,0.000000,0,0.000000,1,0.000000,0,0.000000,0,0.000000,0,0.000000,0,0.000000,0,0.000000,0,0.000000,0,0.000000,0,0.000000,0,0.000000,0,0.000000,0,0.000000,0,0.000000,0,0.000000,0,0.000000
41,158,30,0.106233,1,0.000000,2,0.000000,1,0.000000,9,0.000000,1,0.000000,0,0.000000,2,0.000000,4,0.000000,1,0.000000,3,0.000000,1,0.000000,17,0.147059,10,0.177778,6,0.066667,11,0.054545,1,0.000000,0,0.000000,4,0.166667,7,0.142857,2,0.000000,3,0.666667,0,0.000000,9,0.222222,9,0.111111,8,0.214286,2,0.000000,1,0.000000,0,0.000000,2,1.000000,2,1.000000,0,0.000000,0,0.000000,0,0.000000,19,0.134503,5,0.300000,4,0.000000,11,0.163636,0,0.000000,0,0.000000,0,0.000000,0,0.000000,0,0.000000,0,0.000000
42,44,17,0.046124,0,0.000000,0,0.000000,0,0.000000,1,0.000000,2,0.000000,2,0.000000,1,0.000000,0,0.000000,1,0.000000,3,0.000000,0,0.000000,8,0.250000,3,0.000000,0,0.000000,5,0.400000,0,0.000000,0,0.000000,2,0.000000,2,0.000000,0,0.000000,2,0.000000,2,0.000000,3,0.333333,0,0.000000,0,0.000000,0,0.000000,1,0.000000,0,0.000000,0,0.000000,0,0.000000,0,0.000000,0,0.000000,0,0.000000,3,0.666667,0,0.000000,0,0.000000,3,0.333333,0,0.000000,0,0.000000,0,0.000000,0,0.000000,0,0.000000,0,0.000000
43,53,23,0.071318,2,0.000000,2,0.000000,0,0.000000,0,0.000000,0,0.000000,0,0.000000,0,0.000000,3,0.000000,2,0.000000,3,0.000000,0,0.000000,1,0.000000,2,1.000000,0,0.000000,2,0.000000,0,0.000000,1,0.000000,4,0.000000,2,0.000000,2,0.000000,5,0.200000,0,0.000000,4,0.500000,4,0.166667,5,0.200000,1,0.000000,2,1.000000,1,0.000000,1,0.000000,0,0.000000,0,0.000000,2,0.000000,0,0.000000,0,0.000000,0,0.000000,0,0.000000,1,0.000000,0,0.000000,0,0.000000,0,0.000000,0,0.000000,0,0.000000,1,0.000000
44,23,14,0.023256,0,0.000000,0,0.000000,0,0.000000,2,0.000000,0,0.000000,0,0.000000,2,1.000000,0,0.000000,1,0.000000,3,0.000000,0,0.000000,2,0.000000,1,0.000000,1,0.000000,2,0.000000,0,0.000000,0,0.000000,0,0.000000,1,0.000000,0,0.000000,2,0.000000,0,0.000000,1,0.000000,0,0.000000,0,0.000000,0,0.000000,0,0.000000,0,0.000000,0,0.000000,0,0.000000,0,0.000000,0,0.000000,0,0.000000,1,0.000000,0,0.000000,0,0.000000,2,0.000000,0,0.000000,2,0.000000,0,0.000000,0,0.000000,0,0.000000,0,0.000000
45,14,10,0.015504,0,0.000000,0,0.000000,0,0.000000,0,0.000000,1,0.000000,1,0.000000,1,0.000000,0,0.000000,1,0.000000,3,0.000000,1,0.000000,0,0.000000,0,0.000000,0,0.000000,0,0.000000,0,0.000000,0,0.000000,0,0.000000,3,0.666667,0,0.000000,0,0.000000,0,0.000000,1,0.000000,0,0.000000,0,0.000000,0,0.000000,0,0.000000,0,0.000000,0,0.000000,0,0.000000,0,0.000000,0,0.000000,0,0.000000,0,0.000000,0,0.000000,1,0.000000,0,0.000000,0,0.000000,1,0.000000,0,0.000000,0,0.000000,0,0.000000,0,0.000000
46,34,19,0.054264,0,0.000000,0,0.000000,0,0.000000,2,0.000000,2,0.000000,1,0.000000,3,0.333333,1,0.000000,1,0.000000,3,0.000000,0,0.000000,2,1.000000,1,0.000000,1,0.000000,2,1.000000,0,0.000000,0,0.000000,3,0.000000,3,0.000000,0,0.000000,0,0.000000,0,0.000000,2,0.000000,1,0.000000,0,0.000000,0,0.000000,1,0.000000,0,0.000000,2,0.000000,0,0.000000,0,0.000000,2,0.000000,0,0.000000,1,0.000000,0,0.000000,0,0.000000,0,0.000000,0,0.000000,0,0.000000,0,0.000000,0,0.000000,0,0.000000,0,0.000000
47,10,9,0.000000,0,0.000000,0,0.000000,2,0.000000,0,0.000000,0,0.000000,1,0.000000,0,0.000000,0,0.000000,0,0.000000,0,0.000000,0,0.000000,1,0.000000,0,0.000000,0,0.000000,0,0.000000,0,0.000000,1,0.000000,0,0.000000,1,0.000000,0,0.000000,0,0.000000,0,0.000000,1,0.000000,0,0.000000,1,0.000000,0,0.000000,0,0.000000,0,0.000000,0,0.000000,0,0.000000,0,0.000000,1,0.000000,0,0.000000,1,0.000000,0,0.000000,0,0.000000,0,0.000000,0,0.000000,0,0.000000,0,0.000000,0,0.000000,0,0.000000,0,0.000000
48,61,23,0.046585,1,0.000000,1,0.000000,0,0.000000,3,0.000000,1,0.000000,0,0.000000,1,0.000000,3,0.000000,0,0.000000,3,0.000000,0,0.000000,9,0.388889,5,0.400000,3,0.333333,7,0.047619,0,0.000000,1,0.000000,2,0.000000,4,0.166667,0,0.000000,0,0.000000,0,0.000000,3,0.000000,1,0.000000,1,0.000000,0,0.000000,1,0.000000,0,0.000000,1,0.000000,2,0.000000,0,0.000000,0,0.000000,0,0.000000,3,0.333333,2,0.000000,0,0.000000,3,0.333333,0,0.000000,0,0.000000,0,0.000000,0,0.000000,0,0.000000,0,0.000000
49,38,18,0.046512,0,0.000000,0,0.000000,0,0.000000,1,0.000000,1,0.000000,0,0.000000,1,0.000000,1,0.000000,1,0.000000,3,0.000000,0,0.000000,1,0.000000,3,0.000000,1,0.000000,0,0.000000,0,0.000000,1,0.000000,0,0.000000,0,0.000000,0,0.000000,0,0.000000,0,0.000000,7,0.238095,1,0.000000,1,0.000000,1,0.000000,0,0.000000,0,0.000000,7,0.095238,2,1.000000,0,0.000000,0,0.000000,0,0.000000,3,0.666667,0,0.000000,2,0.000000,0,0.000000,0,0.000000,0,0.000000,0,0.000000,0,0.000000,0,0.000000,0,0.000000
50,18,12,0.031008,0,0.000000,0,0.000000,0,0.000000,1,0.000000,1,0.000000,0,0.000000,2,0.000000,0,0.000000,0,0.000000,1,0.000000,0,0.000000,0,0.000000,0,0.000000,0,0.000000,0,0.000000,0,0.000000,3,0.333333,0,0.000000,2,1.000000,0,0.000000,0,0.000000,0,0.000000,1,0.000000,1,0.000000,1,0.000000,1,0.000000,0,0.000000,0,0.000000,0,0.000000,0,0.000000,2,0.000000,0,0.000000,0,0.000000,2,0.000000,0,0.000000,0,0.000000,0,0.000000,0,0.000000,0,0.000000,0,0.000000,0,0.000000,0,0.000000,0,0.000000
51,15,13,0.000000,0,0.000000,0,0.000000,0,0.000000,0,0.000000,1,0.000000,0,0.000000,1,0.000000,0,0.000000,0,0.000000,3,0.000000,0,0.000000,0,0.000000,1,0.000000,0,0.000000,1,0.000000,1,0.000000,0,0.000000,0,0.000000,0,0.000000,0,0.000000,0,0.000000,1,0.000000,1,0.000000,0,0.000000,1,0.000000,0,0.000000,1,0.000000,0,0.000000,0,0.000000,0,0.000000,1,0.000000,0,0.000000,0,0.000000,1,0.000000,0,0.000000,0,0.000000,1,0.000000,0,0.000000,0,0.000000,0,0.000000,0,0.000000,0,0.000000,0,0.000000
52,99,27,0.070155,0,0.000000,1,0.000000,2,0.000000,3,0.333333,0,0.000000,3,0.000000,2,0.000000,4,0.500000,0,0.000000,9,0.138889,4,0.166667,9,0.027778,16,0.050000,0,0.000000,5,0.200000,1,0.000000,5,0.000000,2,0.000000,3,0.333333,1,0.000000,5,0.100000,0,0.000000,4,0.166667,0,0.000000,0,0.000000,0,0.000000,2,0.000000,2,0.000000,0,0.000000,1,0.000000,0,0.000000,1,0.000000,1,0.000000,2,1.000000,8,0.000000,1,0.000000,2,0.000000,0,0.000000,0,0.000000,0,0.000000,0,0.000000,0,0.000000,0,0.000000
53,44,25,0.081395,0,0.000000,1,0.000000,0,0.000000,2,0.000000,4,0.666667,1,0.000000,1,0.000000,3,0.666667,1,0.000000,3,0.000000,0,0.000000,4,0.166667,1,0.000000,1,0.000000,2,0.000000,1,0.000000,1,0.000000,1,0.000000,0,0.000000,0,0.000000,1,0.000000,0,0.000000,2,1.000000,1,0.000000,2,1.000000,0,0.000000,3,0.000000,1,0.000000,1,0.000000,0,0.000000,0,0.000000,2,0.000000,0,0.000000,2,0.000000,0,0.000000,0,0.000000,2,0.000000,0,0.000000,0,0.000000,0,0.000000,0,0.000000,0,0.000000,0,0.000000
54,133,33,0.088944,1,0.000000,1,0.000000,1,0.000000,2,0.000000,3,0.333333,3,0.000000,3,0.333333,4,0.500000,1,0.000000,8,0.071429,4,0.166667,8,0.071429,10,0.155556,1,0.000000,7,0.047619,0,0.000000,3,0.333333,1,0.000000,7,0.095238,1,0.000000,14,0.000000,0,0.000000,4,0.500000,0,0.000000,3,0.000000,0,0.000000,9,0.083333,3,0.000000,7,0.333333,6,0.066667,6,0.066667,2,0.000000,1,0.000000,3,0.666667,3,0.000000,1,0.000000,2,0.000000,0,0.000000,0,0.000000,0,0.000000,0,0.000000,0,0.000000,0,0.000000
55,50,24,0.046512,1,0.000000,1,0.000000,0,0.000000,0,0.000000,3,0.333333,1,0.000000,0,0.000000,3,0.666667,2,0.000000,3,0.000000,1,0.000000,4,0.000000,2,1.000000,0,0.000000,2,0.000000,1,0.000000,0,0.000000,2,0.000000,4,0.000000,0,0.000000,4,0.000000,1,0.000000,2,0.000000,1,0.000000,5,0.000000,0,0.000000,3,0.000000,0,0.000000,0,0.000000,1,0.000000,0,0.000000,1,0.000000,0,0.000000,0,0.000000,1,0.000000,0,0.000000,1,0.000000,0,0.000000,0,0.000000,0,0.000000,0,0.000000,0,0.000000,0,0.000000
56,80,28,0.129457,1,0.000000,3,1.000000,0,0.000000,3,0.000000,4,0.333333,0,0.000000,1,0.000000,5,0.500000,0,0.000000,4,0.666667,2,1.000000,4,0.000000,5,0.000000,2,0.000000,3,0.000000,4,0.166667,3,0.000000,1,0.000000,4,0.000000,0,0.000000,1,0.000000,4,0.166667,6,0.200000,0,0.000000,3,0.000000,1,0.000000,6,0.200000,2,1.000000,1,0.000000,1,0.000000,0,0.000000,1,0.000000,0,0.000000,0,0.000000,3,0.333333,2,0.000000,0,0.000000,0,0.000000,0,0.000000,0,0.000000,0,0.000000,0,0.000000,0,0.000000
57,38,19,0.065891,0,0.000000,0,0.000000,3,0.333333,2,0.000000,2,0.000000,0,0.000000,1,0.000000,2,0.000000,1,0.000000,2,1.000000,0,0.000000,2,0.000000,5,0.000000,0,0.000000,1,0.000000,2,0.000000,0,0.000000,0,0.000000,2,0.000000,1,0.000000,0,0.000000,0,0.000000,2,1.000000,0,0.000000,1,0.000000,1,0.000000,0,0.000000,0,0.000000,5,0.500000,0,0.000000,0,0.000000,0,0.000000,0,0.000000,1,0.000000,2,0.000000,0,0.000000,0,0.000000,0,0.000000,0,0.000000,0,0.000000,0,0.000000,0,0.000000,0,0.000000
58,55,26,0.033333,0,0.000000,3,0.333333,2,0.000000,1,0.000000,2,0.000000,2,0.000000,0,0.000000,2,0.000000,0,0.000000,3,0.000000,3,0.000000,1,0.000000,3,0.000000,1,0.000000,2,0.000000,1,0.000000,0,0.000000,1,0.000000,4,0.000000,0,0.000000,5,0.100000,2,0.000000,1,0.000000,1,0.000000,3,0.000000,0,0.000000,4,0.000000,0,0.000000,0,0.000000,2,0.000000,0,0.000000,2,0.000000,1,0.000000,0,0.000000,2,1.000000,0,0.000000,1,0.000000,0,0.000000,0,0.000000,0,0.000000,0,0.000000,0,0.000000,0,0.000000
59,115,29,0.117227,0,0.000000,1,0.000000,1,0.000000,4,0.000000,3,0.666667,3,0.666667,0,0.000000,5,0.500000,0,0.000000,2,0.000000,0,0.000000,7,0.619048,6,0.133333,3,0.333333,5,0.100000,1,0.000000,3,0.000000,3,0.000000,12,0.060606,0,0.000000,2,0.000000,1,0.000000,6,0.200000,5,0.000000,9,0.027778,0,0.000000,6,0.066667,2,0.000000,3,0.333333,4,0.000000,0,0.000000,2,0.000000,0,0.000000,4,0.666667,6,0.000000,2,0.000000,4,0.666667,0,0.000000,0,0.000000,0,0.000000,0,0.000000,0,0.000000,0,0.000000
60,72,27,0.153599,0,0.000000,1,0.000000,2,1.000000,3,0.000000,2,0.000000,0,0.000000,2,0.000000,5,0.500000,1,0.000000,6,0.400000,0,0.000000,7,0.571429,1,0.000000,5,0.200000,2,1.000000,0,0.000000,0,0.000000,2,0.000000,2,0.000000,0,0.000000,2,0.000000,0,0.000000,3,0.666667,1,0.000000,2,0.000000,0,0.000000,5,0.100000,0,0.000000,4,0.500000,3,0.000000,2,0.000000,2,0.000000,0,0.000000,3,0.666667,1,0.000000,1,0.000000,2,1.000000,0,0.000000,0,0.000000,0,0.000000,0,0.000000,0,0.000000,0,0.000000
61,41,18,0.027132,0,0.000000,1,0.000000,1,0.000000,0,0.000000,2,0.000000,2,0.000000,0,0.000000,2,0.000000,2,1.000000,2,0.000000,5,0.000000,0,0.000000,0,0.000000,0,0.000000,3,0.000000,1,0.000000,1,0.000000,0,0.000000,0,0.000000,0,0.000000,6,0.000000,1,0.000000,1,0.000000,0,0.000000,0,0.000000,0,0.000000,4,0.166667,3,0.000000,1,0.000000,3,0.000000,0,0.000000,0,0.000000,0,0.000000,0,0.000000,0,0.000000,0,0.000000,0,0.000000,0,0.000000,0,0.000000,0,0.000000,0,0.000000,0,0.000000,0,0.000000
62,71,29,0.050388,0,0.000000,1,0.000000,1,0.000000,2,0.000000,2,0.000000,0,0.000000,1,0.000000,5,0.500000,0,0.000000,5,0.100000,0,0.000000,5,0.500000,6,0.000000,2,0.000000,4,0.166667,1,0.000000,1,0.000000,3,0.000000,3,0.000000,1,0.000000,2,0.000000,1,0.000000,5,0.400000,1,0.000000,4,0.000000,0,0.000000,1,0.000000,0,0.000000,4,0.333333,1,0.000000,0,0.000000,2,0.000000,4,0.166667,1,0.000000,0,0.000000,0,0.000000,1,0.000000,0,0.000000,0,0.000000,0,0.000000,0,0.000000,0,0.000000,1,0.000000
63,49,24,0.021071,1,0.000000,1,0.000000,1,0.000000,2,0.000000,2,0.000000,0,0.000000,0,0.000000,2,0.000000,0,0.000000,2,0.000000,3,0.333333,4,0.166667,2,0.000000,1,0.000000,11,0.072727,1,0.000000,1,0.000000,0,0.000000,1,0.000000,0,0.000000,3,0.333333,0,0.000000,1,0.000000,0,0.000000,1,0.000000,0,0.000000,3,0.000000,1,0.000000,0,0.000000,0,0.000000,0,0.000000,0,0.000000,1,0.000000,0,0.000000,0,0.000000,2,0.000000,1,0.000000,0,0.000000,0,0.000000,1,0.000000,0,0.000000,0,0.000000,0,0.000000
64,20,12,0.000000,0,0.000000,0,0.000000,0,0.000000,1,0.000000,0,0.000000,0,0.000000,0,0.000000,0,0.000000,1,0.000000,3,0.000000,1,0.000000,3,0.000000,1,0.000000,1,0.000000,2,0.000000,0,0.000000,0,0.000000,0,0.000000,1,0.000000,0,0.000000,4,0.000000,0,0.000000,1,0.000000,0,0.000000,0,0.000000,0,0.000000,0,0.000000,0,0.000000,0,0.000000,0,0.000000,0,0.000000,0,0.000000,0,0.000000,0,0.000000,0,0.000000,0,0.000000,0,0.000000,0,0.000000,0,0.000000,0,0.000000,0,0.000000,0,0.000000,1,0.000000
65,52,22,0.017054,0,0.000000,1,0.000000,2,0.000000,1,0.000000,2,0.000000,0,0.000000,0,0.000000,2,0.000000,2,0.000000,6,0.066667,2,0.000000,6,0.000000,1,0.000000,0,0.000000,4,0.000000,0,0.000000,1,0.000000,2,0.000000,1,0.000000,0,0.000000,2,0.000000,1,0.000000,0,0.000000,0,0.000000,3,0.000000,0,0.000000,2,0.000000,3,0.333333,0,0.000000,2,0.000000,0,0.000000,0,0.000000,3,0.333333,0,0.000000,3,0.000000,0,0.000000,0,0.000000,0,0.000000,0,0.000000,0,0.000000,0,0.000000,0,0.000000,0,0.000000
66,54,22,0.081395,1,0.000000,3,1.000000,2,0.000000,1,0.000000,3,0.666667,2,0.000000,1,0.000000,5,0.500000,0,0.000000,3,0.000000,1,0.000000,8,0.000000,2,0.000000,0,0.000000,6,0.000000,1,0.000000,0,0.000000,2,0.000000,3,0.000000,0,0.000000,1,0.000000,0,0.000000,2,1.000000,0,0.000000,3,0.333333,0,0.000000,2,0.000000,0,0.000000,1,0.000000,0,0.000000,0,0.000000,1,0.000000,0,0.000000,0,0.000000,0,0.000000,0,0.000000,0,0.000000,0,0.000000,0,0.000000,0,0.000000,0,0.000000,0,0.000000,0,0.000000
67,76,25,0.107143,0,0.000000,1,0.000000,1,0.000000,0,0.000000,3,0.666667,4,0.333333,0,0.000000,0,0.000000,0,0.000000,3,0.000000,3,0.666667,6,0.000000,5,0.000000,0,0.000000,4,0.000000,4,0.333333,1,0.000000,0,0.000000,3,0.000000,0,0.000000,1,0.000000,5,0.300000,5,0.200000,1,0.000000,3,0.000000,0,0.000000,8,0.107143,2,1.000000,3,0.000000,5,0.000000,0,0.000000,1,0.000000,1,0.000000,0,0.000000,2,1.000000,0,0.000000,1,0.000000,0,0.000000,0,0.000000,0,0.000000,0,0.000000,0,0.000000,0,0.000000
68,60,27,0.081672,1,0.000000,2,0.000000,0,0.000000,1,0.000000,2,1.000000,2,0.000000,2,0.000000,0,0.000000,0,0.000000,8,0.178571,1,0.000000,6,0.133333,3,0.000000,1,0.000000,1,0.000000,0,0.000000,0,0.000000,2,1.000000,5,0.200000,1,0.000000,0,0.000000,0,0.000000,2,0.000000,2,0.000000,2,0.000000,1,0.000000,4,0.000000,0,0.000000,0,0.000000,2,0.000000,2,0.000000,1,0.000000,0,0.000000,2,1.000000,2,0.000000,1,0.000000,1,0.000000,0,0.000000,0,0.000000,0,0.000000,0,0.000000,0,0.000000,0,0.000000
69,38,20,0.025581,0,0.000000,1,0.000000,0,0.000000,1,0.000000,3,0.666667,1,0.000000,1,0.000000,2,0.000000,0,0.000000,4,0.000000,3,0.333333,2,0.000000,1,0.000000,0,0.000000,4,0.000000,1,0.000000,0,0.000000,0,0.000000,0,0.000000,0,0.000000,2,0.000000,1,0.000000,1,0.000000,0,0.000000,1,0.000000,0,0.000000,5,0.100000,0,0.000000,0,0.000000,1,0.000000,0,0.000000,0,0.000000,2,0.000000,0,0.000000,0,0.000000,0,0.000000,1,0.000000,0,0.000000,0,0.000000,0,0.000000,0,0.000000,0,0.000000,0,0.000000
70,70,30,0.111849,1,0.000000,1,0.000000,1,0.000000,1,0.000000,3,0.666667,3,0.666667,1,0.000000,5,0.500000,1,0.000000,7,0.142857,2,0.000000,3,1.000000,6,0.000000,0,0.000000,3,0.333333,1,0.000000,4,1.000000,2,0.000000,2,0.000000,0,0.000000,4,0.166667,0,0.000000,2,0.000000,0,0.000000,1,0.000000,0,0.000000,3,0.333333,1,0.000000,0,0.000000,4,0.000000,0,0.000000,1,0.000000,1,0.000000,1,0.000000,2,0.000000,2,0.000000,1,0.000000,0,0.000000,0,0.000000,0,0.000000,0,0.000000,0,0.000000,0,0.000000
71,43,23,0.065891,1,0.000000,3,0.666667,0,0.000000,1,0.000000,2,0.000000,0,0.000000,0,0.000000,2,0.000000,0,0.000000,2,1.000000,0,0.000000,1,0.000000,7,0.000000,1,0.000000,2,0.000000,0,0.000000,0,0.000000,2,0.000000,1,0.000000,1,0.000000,1,0.000000,0,0.000000,2,1.000000,1,0.000000,2,0.000000,0,0.000000,2,0.000000,0,0.000000,1,0.000000,1,0.000000,2,0.000000,0,0.000000,0,0.000000,1,0.000000,4,0.166667,0,0.000000,0,0.000000,0,0.000000,0,0.000000,0,0.000000,0,0.000000,0,0.000000,0,0.000000
72,39,22,0.007752,0,0.000000,1,0.000000,0,0.000000,2,0.000000,2,0.000000,0,0.000000,0,0.000000,2,0.000000,0,0.000000,1,0.000000,0,0.000000,4,0.166667,4,0.166667,2,0.000000,2,0.000000,1,0.000000,1,0.000000,1,0.000000,4,0.000000,0,0.000000,0,0.000000,1,0.000000,1,0.000000,0,0.000000,1,0.000000,0,0.000000,1,0.000000,0,0.000000,0,0.000000,1,0.000000,0,0.000000,1,0.000000,0,0.000000,2,0.000000,2,0.000000,0,0.000000,2,0.000000,0,0.000000,0,0.000000,0,0.000000,0,0.000000,0,0.000000,0,0.000000
73,53,22,0.110078,2,0.000000,2,1.000000,1,0.000000,0,0.000000,2,0.000000,2,0.000000,0,0.000000,1,0.000000,0,0.000000,6,0.066667,2,0.000000,2,1.000000,6,0.000000,0,0.000000,0,0.000000,2,1.000000,2,1.000000,0,0.000000,1,0.000000,0,0.000000,4,0.000000,3,0.333333,1,0.000000,0,0.000000,3,0.000000,0,0.000000,3,0.000000,3,0.333333,0,0.000000,2,0.000000,0,0.000000,0,0.000000,0,0.000000,2,0.000000,1,0.000000,0,0.000000,0,0.000000,0,0.000000,0,0.000000,0,0.000000,0,0.000000,0,0.000000,0,0.000000
74,16,13,0.023256,0,0.000000,0,0.000000,1,0.000000,0,0.000000,2,0.000000,0,0.000000,0,0.000000,1,0.000000,2,1.000000,0,0.000000,0,0.000000,0,0.000000,2,0.000000,0,0.000000,1,0.000000,1,0.000000,0,0.000000,0,0.000000,0,0.000000,0,0.000000,1,0.000000,0,0.000000,1,0.000000,0,0.000000,1,0.000000,0,0.000000,0,0.000000,0,0.000000,0,0.000000,0,0.000000,0,0.000000,0,0.000000,0,0.000000,0,0.000000,1,0.000000,1,0.000000,0,0.000000,0,0.000000,1,0.000000,0,0.000000,0,0.000000,0,0.000000,0,0.000000
75,43,19,0.073643,2,0.000000,2,1.000000,0,0.000000,0,0.000000,3,0.666667,1,0.000000,2,1.000000,2,0.000000,0,0.000000,3,0.000000,4,0.166667,0,0.000000,0,0.000000,0,0.000000,2,0.000000,0,0.000000,0,0.000000,0,0.000000,0,0.000000,0,0.000000,4,0.333333,0,0.000000,1,0.000000,0,0.000000,0,0.000000,0,0.000000,3,0.000000,3,0.000000,6,0.000000,1,0.000000,1,0.000000,0,0.000000,0,0.000000,0,0.000000,1,0.000000,0,0.000000,1,0.000000,0,0.000000,1,0.000000,0,0.000000,0,0.000000,0,0.000000,0,0.000000
76,34,15,0.047287,0,0.000000,0,0.000000,0,0.000000,0,0.000000,1,0.000000,0,0.000000,2,0.000000,5,0.500000,0,0.000000,4,0.000000,0,0.000000,3,0.333333,3,0.000000,1,0.000000,0,0.000000,0,0.000000,1,0.000000,2,0.000000,6,0.200000,0,0.000000,0,0.000000,0,0.000000,2,1.000000,0,0.000000,0,0.000000,0,0.000000,1,0.000000,0,0.000000,0,0.000000,0,0.000000,0,0.000000,0,0.000000,0,0.000000,1,0.000000,0,0.000000,1,0.000000,0,0.000000,0,0.000000,1,0.000000,0,0.000000,0,0.000000,0,0.000000,0,0.000000
77,93,34,0.058140,1,0.000000,5,0.300000,0,0.000000,1,0.000000,6,0.600000,4,0.333333,1,0.000000,2,0.000000,2,0.000000,6,0.266667,6,0.200000,6,0.066667,4,0.333333,1,0.000000,2,0.000000,0,0.000000,3,0.333333,1,0.000000,3,0.000000,1,0.000000,4,0.000000,1,0.000000,2,0.000000,1,0.000000,2,0.000000,0,0.000000,6,0.066667,1,0.000000,6,0.000000,1,0.000000,2,0.000000,5,0.000000,1,0.000000,1,0.000000,2,0.000000,0,0.000000,1,0.000000,0,0.000000,2,0.000000,0,0.000000,0,0.000000,0,0.000000,0,0.000000
78,49,20,0.062016,0,0.000000,1,0.000000,0,0.000000,1,0.000000,2,0.000000,0,0.000000,3,0.666667,2,0.000000,0,0.000000,5,0.600000,4,0.333333,1,0.000000,6,0.066667,0,0.000000,4,0.333333,0,0.000000,1,0.000000,0,0.000000,2,0.000000,0,0.000000,4,0.000000,0,0.000000,0,0.000000,0,0.000000,1,0.000000,0,0.000000,3,0.666667,1,0.000000,0,0.000000,4,0.000000,0,0.000000,0,0.000000,0,0.000000,0,0.000000,2,0.000000,0,0.000000,1,0.000000,0,0.000000,1,0.000000,0,0.000000,0,0.000000,0,0.000000,0,0.000000
79,15,12,0.046512,0,0.000000,2,1.000000,2,1.000000,1,0.000000,1,0.000000,0,0.000000,0,0.000000,0,0.000000,0,0.000000,2,0.000000,1,0.000000,0,0.000000,0,0.000000,1,0.000000,1,0.000000,0,0.000000,0,0.000000,0,0.000000,0,0.000000,0,0.000000,1,0.000000,0,0.000000,1,0.000000,0,0.000000,1,0.000000,0,0.000000,1,0.000000,0,0.000000,0,0.000000,0,0.000000,0,0.000000,0,0.000000,0,0.000000,0,0.000000,0,0.000000,0,0.000000,0,0.000000,0,0.000000,0,0.000000,0,0.000000,0,0.000000,0,0.000000,0,0.000000
80,22,18,0.023256,0,0.000000,1,0.000000,1,0.000000,1,0.000000,2,0.000000,0,0.000000,0,0.000000,0,0.000000,0,0.000000,2,1.000000,1,0.000000,0,0.000000,1,0.000000,0,0.000000,2,0.000000,1,0.000000,0,0.000000,0,0.000000,2,0.000000,0,0.000000,1,0.000000,1,0.000000,0,0.000000,0,0.000000,1,0.000000,0,0.000000,1,0.000000,1,0.000000,0,0.000000,0,0.000000,0,0.000000,1,0.000000,0,0.000000,0,0.000000,1,0.000000,0,0.000000,0,0.000000,0,0.000000,0,0.000000,1,0.000000,0,0.000000,0,0.000000,0,0.000000
81,40,22,0.062016,1,0.000000,1,0.000000,2,0.000000,3,0.000000,2,0.000000,0,0.000000,0,0.000000,3,0.000000,0,0.000000,3,0.333333,3,0.000000,1,0.000000,2,0.000000,0,0.000000,1,0.000000,0,0.000000,0,0.000000,2,1.000000,2,1.000000,0,0.000000,3,0.333333,1,0.000000,3,0.000000,0,0.000000,1,0.000000,0,0.000000,2,0.000000,1,0.000000,0,0.000000,0,0.000000,0,0.000000,1,0.000000,0,0.000000,0,0.000000,1,0.000000,0,0.000000,0,0.000000,0,0.000000,1,0.000000,0,0.000000,0,0.000000,0,0.000000,0,0.000000
82,60,29,0.033333,1,0.000000,1,0.000000,1,0.000000,1,0.000000,3,0.000000,2,0.000000,1,0.000000,3,0.000000,0,0.000000,5,0.400000,1,0.000000,2,0.000000,5,0.200000,0,0.000000,1,0.000000,2,0.000000,2,0.000000,1,0.000000,2,0.000000,0,0.000000,4,0.166667,2,0.000000,2,0.000000,1,0.000000,2,0.000000,0,0.000000,1,0.000000,0,0.000000,4,0.333333,3,0.333333,0,0.000000,2,0.000000,1,0.000000,0,0.000000,3,0.000000,0,0.000000,0,0.000000,0,0.000000,1,0.000000,0,0.000000,0,0.000000,0,0.000000,0,0.000000
83,41,24,0.023256,1,0.000000,1,0.000000,3,0.000000,2,0.000000,3,0.666667,0,0.000000,0,0.000000,2,0.000000,0,0.000000,2,0.000000,2,0.000000,1,0.000000,4,0.166667,1,0.000000,0,0.000000,0,0.000000,0,0.000000,0,0.000000,1,0.000000,0,0.000000,2,0.000000,1,0.000000,4,0.166667,1,0.000000,2,0.000000,1,0.000000,2,0.000000,0,0.000000,1,0.000000,1,0.000000,1,0.000000,1,0.000000,0,0.000000,0,0.000000,1,0.000000,0,0.000000,0,0.000000,0,0.000000,0,0.000000,0,0.000000,0,0.000000,0,0.000000,0,0.000000
84,106,33,0.199301,1,0.000000,4,0.333333,3,0.000000,10,0.000000,3,0.666667,1,0.000000,0,0.000000,3,0.666667,2,1.000000,4,0.000000,0,0.000000,5,0.300000,7,0.238095,1,0.000000,6,0.000000,2,1.000000,3,0.333333,2,0.000000,2,0.000000,1,0.000000,6,0.066667,2,1.000000,14,0.131868,3,0.666667,3,0.333333,1,0.000000,4,0.166667,0,0.000000,2,0.000000,0,0.000000,0,0.000000,2,0.000000,0,0.000000,3,0.666667,2,1.000000,1,0.000000,1,0.000000,0,0.000000,1,0.000000,1,0.000000,0,0.000000,0,0.000000,0,0.000000
85,48,24,0.106977,0,0.000000,1,0.000000,1,0.000000,0,0.000000,2,1.000000,2,0.000000,2,1.000000,2,0.000000,0,0.000000,4,0.000000,1,0.000000,2,1.000000,1,0.000000,3,0.000000,1,0.000000,0,0.000000,5,0.100000,2,0.000000,1,0.000000,1,0.000000,1,0.000000,0,0.000000,0,0.000000,0,0.000000,2,0.000000,0,0.000000,2,0.000000,0,0.000000,4,1.000000,4,0.500000,0,0.000000,0,0.000000,0,0.000000,0,0.000000,2,0.000000,0,0.000000,1,0.000000,0,0.000000,1,0.000000,0,0.000000,0,0.000000,0,0.000000,0,0.000000
86,24,15,0.077519,1,0.000000,2,1.000000,1,0.000000,1,0.000000,1,0.000000,0,0.000000,1,0.000000,0,0.000000,1,0.000000,4,0.000000,0,0.000000,0,0.000000,3,0.333333,0,0.000000,0,0.000000,0,0.000000,0,0.000000,0,0.000000,2,0.000000,0,0.000000,1,0.000000,0,0.000000,0,0.000000,0,0.000000,0,0.000000,0,0.000000,0,0.000000,0,0.000000,2,1.000000,2,1.000000,0,0.000000,0,0.000000,0,0.000000,0,0.000000,0,0.000000,0,0.000000,1,0.000000,0,0.000000,1,0.000000,0,0.000000,0,0.000000,0,0.000000,0,0.000000
87,80,26,0.046992,1,0.000000,1,0.000000,1,0.000000,8,0.000000,1,0.000000,0,0.000000,1,0.000000,3,0.000000,0,0.000000,4,0.166667,1,0.000000,10,0.244444,7,0.238095,4,0.000000,10,0.133333,1,0.000000,2,1.000000,1,0.000000,1,0.000000,0,0.000000,3,0.000000,0,0.000000,7,0.238095,0,0.000000,1,0.000000,0,0.000000,3,0.000000,3,0.000000,0,0.000000,3,0.000000,1,0.000000,0,0.000000,0,0.000000,0,0.000000,0,0.000000,0,0.000000,1,0.000000,0,0.000000,1,0.000000,0,0.000000,0,0.000000,0,0.000000,0,0.000000
88,79,27,0.107346,0,0.000000,1,0.000000,0,0.000000,1,0.000000,5,0.600000,4,0.333333,1,0.000000,3,0.666667,2,0.000000,3,0.000000,0,0.000000,4,0.333333,6,0.066667,1,0.000000,4,0.500000,3,0.333333,0,0.000000,1,0.000000,2,0.000000,0,0.000000,3,0.000000,3,0.333333,3,0.333333,3,0.000000,8,0.071429,0,0.000000,10,0.044444,0,0.000000,0,0.000000,2,1.000000,0,0.000000,2,0.000000,0,0.000000,1,0.000000,0,0.000000,1,0.000000,1,0.000000,0,0.000000,1,0.000000,0,0.000000,0,0.000000,0,0.000000,0,0.000000
89,124,28,0.069365,1,0.000000,1,0.000000,1,0.000000,1,0.000000,4,0.666667,5,0.600000,1,0.000000,2,0.000000,1,0.000000,17,0.139706,14,0.131868,8,0.071429,10,0.111111,0,0.000000,4,0.166667,10,0.133333,5,0.600000,0,0.000000,1,0.000000,0,0.000000,7,0.095238,2,0.000000,4,0.166667,0,0.000000,0,0.000000,0,0.000000,8,0.000000,5,0.100000,2,0.000000,3,0.000000,1,0.000000,2,0.000000,3,0.000000,0,0.000000,1,0.000000,0,0.000000,0,0.000000,0,0.000000,0,0.000000,0,0.000000,0,0.000000,0,0.000000,0,0.000000
90,50,22,0.052049,0,0.000000,1,0.000000,2,0.000000,4,0.000000,0,0.000000,0,0.000000,1,0.000000,5,0.500000,0,0.000000,8,0.071429,2,0.000000,1,0.000000,0,0.000000,4,0.000000,3,0.333333,0,0.000000,1,0.000000,1,0.000000,1,0.000000,0,0.000000,2,0.000000,0,0.000000,2,1.000000,0,0.000000,0,0.000000,0,0.000000,2,0.000000,0,0.000000,1,0.000000,0,0.000000,0,0.000000,1,0.000000,0,0.000000,3,0.333333,0,0.000000,1,0.000000,2,0.000000,0,0.000000,2,0.000000,0,0.000000,0,0.000000,0,0.000000,0,0.000000
91,35,21,0.046512,0,0.000000,1,0.000000,3,0.000000,2,0.000000,2,0.000000,2,0.000000,0,0.000000,2,0.000000,0,0.000000,0,0.000000,0,0.000000,2,1.000000,2,0.000000,0,0.000000,0,0.000000,0,0.000000,1,0.000000,0,0.000000,3,0.333333,0,0.000000,1,0.000000,0,0.000000,4,0.666667,1,0.000000,2,0.000000,0,0.000000,0,0.000000,0,0.000000,0,0.000000,1,0.000000,0,0.000000,1,0.000000,1,0.000000,1,0.000000,1,0.000000,0,0.000000,1,0.000000,0,0.000000,1,0.000000,0,0.000000,0,0.000000,0,0.000000,0,0.000000
92,212,34,0.108470,0,0.000000,1,0.000000,2,0.000000,2,0.000000,2,1.000000,2,0.000000,1,0.000000,5,0.500000,0,0.000000,5,0.000000,1,0.000000,19,0.157895,5,0.400000,8,0.071429,15,0.104762,1,0.000000,10,0.133333,10,0.022222,11,0.163636,2,1.000000,9,0.055556,3,0.000000,14,0.098901,4,0.166667,4,0.000000,2,0.000000,7,0.000000,0,0.000000,11,0.309091,1,0.000000,1,0.000000,5,0.000000,1,0.000000,20,0.084211,4,0.333333,4,0.000000,20,0.063158,0,0.000000,0,0.000000,0,0.000000,0,0.000000,0,0.000000,0,0.000000
93,66,28,0.060465,0,0.000000,1,0.000000,1,0.000000,2,0.000000,3,0.000000,0,0.000000,1,0.000000,4,0.500000,0,0.000000,4,0.000000,1,0.000000,6,0.133333,2,0.000000,2,0.000000,4,0.166667,0,0.000000,1,0.000000,2,0.000000,0,0.000000,0,0.000000,3,0.000000,2,0.000000,2,1.000000,4,0.166667,1,0.000000,1,0.000000,0,0.000000,1,0.000000,3,0.333333,0,0.000000,1,0.000000,0,0.000000,2,0.000000,5,0.300000,0,0.000000,3,0.000000,1,0.000000,0,0.000000,3,0.000000,0,0.000000,0,0.000000,0,0.000000,0,0.000000
94,47,24,0.093023,1,0.000000,1,0.000000,1,0.000000,1,0.000000,1,0.000000,0,0.000000,1,0.000000,3,0.000000,0,0.000000,3,0.000000,0,0.000000,5,0.500000,4,0.166667,2,0.000000,4,0.333333,0,0.000000,0,0.000000,1,0.000000,3,0.000000,0,0.000000,1,0.000000,0,0.000000,3,1.000000,0,0.000000,3,0.000000,0,0.000000,1,0.000000,0,0.000000,0,0.000000,0,0.000000,0,0.000000,1,0.000000,0,0.000000,2,1.000000,1,0.000000,1,0.000000,2,1.000000,1,0.000000,0,0.000000,0,0.000000,0,0.000000,0,0.000000,0,0.000000
95,61,27,0.074677,0,0.000000,1,0.000000,1,0.000000,0,0.000000,2,1.000000,3,0.000000,0,0.000000,2,0.000000,1,0.000000,9,0.277778,4,0.833333,6,0.000000,3,0.000000,0,0.000000,2,0.000000,1,0.000000,0,0.000000,1,0.000000,0,0.000000,0,0.000000,5,0.100000,0,0.000000,3,0.000000,1,0.000000,0,0.000000,1,0.000000,4,0.000000,2,0.000000,0,0.000000,1,0.000000,1,0.000000,1,0.000000,1,0.000000,2,1.000000,0,0.000000,1,0.000000,1,0.000000,0,0.000000,0,0.000000,1,0.000000,0,0.000000,0,0.000000,0,0.000000
96,44,24,0.019380,1,0.000000,1,0.000000,1,0.000000,0,0.000000,2,0.000000,2,0.000000,1,0.000000,2,0.000000,2,0.000000,4,0.166667,3,0.000000,3,0.333333,4,0.000000,0,0.000000,0,0.000000,0,0.000000,0,0.000000,1,0.000000,2,0.000000,0,0.000000,3,0.333333,0,0.000000,2,0.000000,0,0.000000,1,0.000000,0,0.000000,0,0.000000,1,0.000000,0,0.000000,3,0.000000,0,0.000000,1,0.000000,0,0.000000,1,0.000000,1,0.000000,1,0.000000,0,0.000000,0,0.000000,0,0.000000,1,0.000000,0,0.000000,0,0.000000,0,0.000000
97,44,22,0.050388,0,0.000000,1,0.000000,0,0.000000,0,0.000000,1,0.000000,1,0.000000,0,0.000000,2,0.000000,0,0.000000,4,0.500000,3,0.333333,1,0.000000,4,0.000000,0,0.000000,0,0.000000,2,0.000000,3,0.333333,1,0.000000,4,0.000000,0,0.000000,2,1.000000,1,0.000000,0,0.000000,1,0.000000,2,0.000000,0,0.000000,3,0.000000,2,0.000000,1,0.000000,0,0.000000,1,0.000000,0,0.000000,1,0.000000,0,0.000000,3,0.000000,0,0.000000,0,0.000000,0,0.000000,0,0.000000,0,0.000000,0,0.000000,0,0.000000,0,0.000000
98,94,28,0.105980,0,0.000000,0,0.000000,2,0.000000,0,0.000000,1,0.000000,2,0.000000,2,0.000000,4,0.333333,1,0.000000,3,0.000000,1,0.000000,8,0.178571,8,0.107143,1,0.000000,3,0.333333,1,0.000000,6,0.466667,1,0.000000,2,0.000000,0,0.000000,4,0.166667,0,0.000000,6,0.400000,6,0.400000,6,0.400000,1,0.000000,2,0.000000,1,0.000000,8,0.571429,0,0.000000,3,0.000000,2,0.000000,0,0.000000,4,1.000000,0,0.000000,0,0.000000,5,0.200000,0,0.000000,0,0.000000,0,0.000000,0,0.000000,0,0.000000,0,0.000000
99,65,29,0.082226,0,0.000000,1,0.000000,1,0.000000,1,0.000000,4,0.166667,2,0.000000,1,0.000000,2,0.000000,1,0.000000,5,0.000000,1,0.000000,3,0.333333,4,0.166667,0,0.000000,3,0.000000,1,0.000000,4,0.000000,1,0.000000,2,0.000000,0,0.000000,2,0.000000,2,0.000000,1,0.000000,0,0.000000,3,0.000000,0,0.000000,2,1.000000,0,0.000000,8,0.535714,1,0.000000,1,0.000000,1,0.000000,0,0.000000,3,0.333333,2,0.000000,0,0.000000,2,1.000000,0,0.000000,0,0.000000,0,0.000000,0,0.000000,0,0.000000,0,0.000000
100,128,31,0.175355,1,0.000000,2,1.000000,0,0.000000,0,0.000000,4,0.666667,0,0.000000,3,0.000000,2,0.000000,2,0.000000,3,0.000000,0,0.000000,11,0.254545,8,0.071429,5,0.100000,9,0.166667,0,0.000000,3,0.333333,4,0.333333,10,0.066667,2,1.000000,3,0.333333,0,0.000000,8,0.285714,6,0.266667,3,0.333333,3,0.333333,3,0.000000,1,0.000000,7,0.428571,3,0.000000,1,0.000000,3,0.333333,1,0.000000,6,0.533333,5,0.200000,2,0.000000,4,0.500000,0,0.000000,0,0.000000,0,0.000000,0,0.000000,0,0.000000,0,0.000000
101,123,33,0.215116,2,0.000000,3,1.000000,2,0.000000,6,0.000000,4,0.666667,0,0.000000,2,0.000000,3,0.000000,1,0.000000,5,0.000000,2,0.000000,7,0.380952,8,0.178571,2,1.000000,6,0.266667,0,0.000000,3,0.000000,3,0.333333,6,0.133333,2,0.000000,4,0.166667,0,0.000000,4,0.833333,4,0.666667,7,0.285714,3,0.333333,5,0.100000,1,0.000000,7,0.571429,4,0.500000,1,0.000000,2,0.000000,0,0.000000,6,0.533333,2,1.000000,1,0.000000,5,0.300000,0,0.000000,0,0.000000,0,0.000000,0,0.000000,0,0.000000,0,0.000000
102,250,34,0.123266,1,0.000000,1,0.000000,2,0.000000,7,0.000000,1,0.000000,0,0.000000,1,0.000000,5,0.500000,0,0.000000,4,0.500000,3,0.000000,27,0.105413,14,0.076923,7,0.095238,23,0.031621,2,0.000000,1,0.000000,6,0.266667,10,0.155556,2,1.000000,5,0.100000,6,0.000000,17,0.117647,8,0.142857,7,0.285714,4,0.166667,7,0.047619,0,0.000000,13,0.346154,3,1.000000,2,0.000000,7,0.047619,4,0.000000,19,0.128655,8,0.107143,3,0.000000,20,0.078947,0,0.000000,0,0.000000,0,0.000000,0,0.000000,0,0.000000,0,0.000000
103,92,27,0.147609,1,0.000000,0,0.000000,0,0.000000,1,0.000000,1,0.000000,0,0.000000,1,0.000000,3,0.000000,3,0.000000,4,0.000000,1,0.000000,7,0.238095,5,0.100000,0,0.000000,11,0.000000,0,0.000000,0,0.000000,3,0.666667,3,0.666667,1,0.000000,3,0.000000,0,0.000000,6,0.266667,3,0.666667,3,1.000000,1,0.000000,2,0.000000,1,0.000000,12,0.409091,3,1.000000,2,0.000000,4,0.166667,0,0.000000,4,0.500000,0,0.000000,0,0.000000,3,0.666667,0,0.000000,0,0.000000,0,0.000000,0,0.000000,0,0.000000,0,0.000000
104,85,23,0.034813,0,0.000000,0,0.000000,1,0.000000,2,0.000000,1,0.000000,0,0.000000,2,0.000000,0,0.000000,7,0.000000,6,0.133333,2,0.000000,11,0.090909,3,0.000000,2,0.000000,11,0.072727,0,0.000000,0,0.000000,6,0.133333,0,0.000000,0,0.000000,6,0.066667,0,0.000000,0,0.000000,4,0.166667,1,0.000000,0,0.000000,4,0.000000,0,0.000000,3,0.000000,0,0.000000,0,0.000000,3,0.000000,0,0.000000,3,0.666667,1,0.000000,1,0.000000,4,0.166667,0,0.000000,0,0.000000,1,0.000000,0,0.000000,0,0.000000,0,0.000000
105,10,8,0.000000,0,0.000000,0,0.000000,1,0.000000,0,0.000000,0,0.000000,0,0.000000,0,0.000000,0,0.000000,0,0.000000,0,0.000000,0,0.000000,2,0.000000,0,0.000000,1,0.000000,2,0.000000,0,0.000000,0,0.000000,0,0.000000,1,0.000000,0,0.000000,0,0.000000,0,0.000000,1,0.000000,0,0.000000,0,0.000000,0,0.000000,0,0.000000,0,0.000000,0,0.000000,0,0.000000,0,0.000000,0,0.000000,0,0.000000,0,0.000000,0,0.000000,0,0.000000,0,0.000000,0,0.000000,0,0.000000,0,0.000000,1,0.000000,1,0.000000,0,0.000000
106,18,14,0.000000,0,0.000000,0,0.000000,0,0.000000,0,0.000000,0,0.000000,0,0.000000,0,0.000000,0,0.000000,0,0.000000,1,0.000000,0,0.000000,2,0.000000,1,0.000000,1,0.000000,1,0.000000,0,0.000000,0,0.000000,0,0.000000,0,0.000000,0,0.000000,3,0.000000,0,0.000000,0,0.000000,0,0.000000,0,0.000000,0,0.000000,0,0.000000,0,0.000000,0,0.000000,0,0.000000,0,0.000000,1,0.000000,1,0.000000,1,0.000000,1,0.000000,1,0.000000,2,0.000000,0,0.000000,0,0.000000,0,0.000000,1,0.000000,0,0.000000,1,0.000000
107,56,27,0.078073,0,0.000000,1,0.000000,2,0.000000,1,0.000000,3,0.666667,1,0.000000,2,1.000000,2,0.000000,0,0.000000,7,0.190476,3,0.666667,3,0.000000,4,0.333333,0,0.000000,3,0.000000,0,0.000000,1,0.000000,3,0.000000,4,0.500000,1,0.000000,1,0.000000,0,0.000000,0,0.000000,0,0.000000,1,0.000000,0,0.000000,3,0.000000,1,0.000000,0,0.000000,1,0.000000,0,0.000000,1,0.000000,0,0.000000,0,0.000000,2,0.000000,1,0.000000,2,0.000000,0,0.000000,0,0.000000,0,0.000000,1,0.000000,0,0.000000,1,0.000000
108,90,32,0.104873,3,0.333333,3,0.333333,2,0.000000,3,0.000000,3,0.000000,0,0.000000,1,0.000000,3,0.000000,2,0.000000,3,0.000000,3,0.000000,4,0.166667,4,0.500000,2,0.000000,5,0.000000,1,0.000000,2,0.000000,0,0.000000,4,0.333333,0,0.000000,1,0.000000,1,0.000000,7,0.190476,2,0.000000,0,0.000000,1,0.000000,1,0.000000,2,1.000000,8,0.285714,5,0.200000,1,0.000000,2,0.000000,4,0.166667,3,0.666667,0,0.000000,1,0.000000,3,0.333333,0,0.000000,0,0.000000,0,0.000000,0,0.000000,0,0.000000,0,0.000000
109,96,30,0.045681,1,0.000000,1,0.000000,3,0.666667,3,0.000000,3,0.000000,2,0.000000,3,0.000000,4,0.500000,1,0.000000,7,0.190476,2,0.000000,3,0.000000,4,0.000000,0,0.000000,5,0.100000,2,0.000000,6,0.000000,0,0.000000,3,0.000000,0,0.000000,8,0.107143,5,0.000000,2,0.000000,3,0.000000,0,0.000000,0,0.000000,6,0.066667,0,0.000000,4,0.333333,3,0.000000,0,0.000000,4,0.000000,1,0.000000,2,0.000000,1,0.000000,0,0.000000,3,0.000000,0,0.000000,1,0.000000,0,0.000000,0,0.000000,0,0.000000,0,0.000000
110,51,22,0.062348,0,0.000000,3,0.666667,0,0.000000,1,0.000000,2,0.000000,0,0.000000,1,0.000000,1,0.000000,0,0.000000,5,0.200000,7,0.047619,2,1.000000,5,0.100000,0,0.000000,0,0.000000,0,0.000000,3,0.333333,0,0.000000,0,0.000000,0,0.000000,3,0.000000,2,0.000000,2,0.000000,1,0.000000,1,0.000000,0,0.000000,3,0.333333,3,0.000000,2,0.000000,0,0.000000,0,0.000000,1,0.000000,1,0.000000,0,0.000000,0,0.000000,1,0.000000,0,0.000000,0,0.000000,1,0.000000,0,0.000000,0,0.000000,0,0.000000,0,0.000000
111,44,23,0.112403,0,0.000000,1,0.000000,1,0.000000,1,0.000000,3,0.666667,0,0.000000,1,0.000000,4,0.500000,1,0.000000,3,0.000000,0,0.000000,3,1.000000,0,0.000000,1,0.000000,4,0.333333,0,0.000000,1,0.000000,0,0.000000,0,0.000000,0,0.000000,2,0.000000,1,0.000000,3,0.333333,2,0.000000,1,0.000000,0,0.000000,2,0.000000,0,0.000000,1,0.000000,0,0.000000,1,0.000000,1,0.000000,0,0.000000,3,1.000000,0,0.000000,0,0.000000,3,1.000000,0,0.000000,0,0.000000,0,0.000000,0,0.000000,0,0.000000,0,0.000000
112,121,31,0.061886,0,0.000000,1,0.000000,2,0.000000,5,0.000000,3,0.666667,6,0.066667,1,0.000000,4,0.333333,3,0.000000,6,0.000000,5,0.100000,6,0.266667,7,0.047619,2,0.000000,2,0.000000,0,0.000000,0,0.000000,2,0.000000,6,0.133333,0,0.000000,5,0.000000,3,0.333333,4,0.333333,1,0.000000,8,0.035714,0,0.000000,6,0.066667,3,0.000000,4,0.166667,2,0.000000,3,0.000000,3,0.000000,2,0.000000,10,0.111111,0,0.000000,3,0.000000,0,0.000000,0,0.000000,3,0.000000,0,0.000000,0,0.000000,0,0.000000,0,0.000000
113,69,25,0.077590,2,0.000000,2,1.000000,3,0.000000,0,0.000000,3,0.666667,11,0.036364,0,0.000000,2,0.000000,0,0.000000,2,0.000000,2,0.000000,1,0.000000,3,0.000000,0,0.000000,3,0.333333,1,0.000000,5,0.600000,0,0.000000,0,0.000000,0,0.000000,3,0.000000,0,0.000000,1,0.000000,0,0.000000,4,0.000000,0,0.000000,0,0.000000,2,0.000000,0,0.000000,4,0.166667,3,0.333333,0,0.000000,0,0.000000,5,0.200000,3,0.000000,1,0.000000,0,0.000000,0,0.000000,1,0.000000,0,0.000000,1,0.000000,0,0.000000,1,0.000000
114,7,7,0.000000,0,0.000000,0,0.000000,1,0.000000,0,0.000000,1,0.000000,0,0.000000,1,0.000000,0,0.000000,0,0.000000,0,0.000000,0,0.000000,0,0.000000,0,0.000000,0,0.000000,0,0.000000,0,0.000000,0,0.000000,0,0.000000,0,0.000000,0,0.000000,1,0.000000,0,0.000000,0,0.000000,1,0.000000,1,0.000000,0,0.000000,0,0.000000,0,0.000000,0,0.000000,0,0.000000,0,0.000000,0,0.000000,0,0.000000,0,0.000000,0,0.000000,1,0.000000,0,0.000000,0,0.000000,0,0.000000,0,0.000000,0,0.000000,0,0.000000,0,0.000000
115,22,11,0.029457,0,0.000000,2,1.000000,2,0.000000,0,0.000000,2,0.000000,0,0.000000,0,0.000000,2,0.000000,0,0.000000,0,0.000000,1,0.000000,0,0.000000,5,0.100000,0,0.000000,0,0.000000,0,0.000000,0,0.000000,0,0.000000,1,0.000000,0,0.000000,1,0.000000,0,0.000000,4,0.166667,0,0.000000,0,0.000000,0,0.000000,1,0.000000,0,0.000000,0,0.000000,1,0.000000,0,0.000000,0,0.000000,0,0.000000,0,0.000000,0,0.000000,0,0.000000,0,0.000000,0,0.000000,0,0.000000,0,0.000000,0,0.000000,0,0.000000,0,0.000000
116,108,31,0.084699,3,0.000000,4,0.333333,2,1.000000,2,0.000000,2,0.000000,4,0.000000,0,0.000000,6,0.333333,8,0.000000,9,0.027778,3,0.333333,0,0.000000,15,0.047619,0,0.000000,1,0.000000,2,1.000000,2,0.000000,1,0.000000,1,0.000000,0,0.000000,3,0.333333,1,0.000000,1,0.000000,1,0.000000,2,0.000000,0,0.000000,1,0.000000,0,0.000000,0,0.000000,4,0.000000,5,0.100000,1,0.000000,4,0.000000,6,0.133333,0,0.000000,0,0.000000,0,0.000000,0,0.000000,3,0.000000,2,0.000000,4,0.000000,0,0.000000,5,0.000000
117,63,26,0.031783,0,0.000000,1,0.000000,0,0.000000,5,0.300000,5,0.400000,4,0.000000,0,0.000000,0,0.000000,2,0.000000,4,0.166667,0,0.000000,2,0.000000,4,0.000000,0,0.000000,2,0.000000,1,0.000000,4,0.000000,1,0.000000,1,0.000000,0,0.000000,1,0.000000,0,0.000000,0,0.000000,0,0.000000,1,0.000000,0,0.000000,1,0.000000,1,0.000000,0,0.000000,2,0.000000,4,0.333333,0,0.000000,4,0.166667,4,0.000000,1,0.000000,3,0.000000,1,0.000000,1,0.000000,3,0.000000,0,0.000000,0,0.000000,0,0.000000,0,0.000000
118,30,17,0.023256,0,0.000000,0,0.000000,0,0.000000,2,0.000000,0,0.000000,0,0.000000,0,0.000000,0,0.000000,0,0.000000,1,0.000000,1,0.000000,0,0.000000,1,0.000000,0,0.000000,1,0.000000,0,0.000000,1,0.000000,0,0.000000,0,0.000000,0,0.000000,2,0.000000,2,0.000000,3,0.000000,2,0.000000,0,0.000000,0,0.000000,0,0.000000,0,0.000000,0,0.000000,3,0.000000,1,0.000000,3,0.333333,0,0.000000,3,0.666667,0,0.000000,2,0.000000,0,0.000000,0,0.000000,1,0.000000,1,0.000000,0,0.000000,0,0.000000,0,0.000000
119,80,19,0.007831,0,0.000000,1,0.000000,1,0.000000,4,0.333333,2,0.000000,1,0.000000,49,0.003401,3,0.000000,2,0.000000,2,0.000000,0,0.000000,1,0.000000,2,0.000000,0,0.000000,1,0.000000,0,0.000000,0,0.000000,0,0.000000,0,0.000000,0,0.000000,2,0.000000,1,0.000000,0,0.000000,0,0.000000,3,0.000000,0,0.000000,0,0.000000,0,0.000000,0,0.000000,0,0.000000,0,0.000000,1,0.000000,0,0.000000,2,0.000000,1,0.000000,0,0.000000,0,0.000000,0,0.000000,1,0.000000,0,0.000000,0,0.000000,0,0.000000,0,0.000000
120,48,21,0.015504,0,0.000000,1,0.000000,2,0.000000,1,0.000000,1,0.000000,1,0.000000,0,0.000000,0,0.000000,0,0.000000,1,0.000000,0,0.000000,0,0.000000,7,0.000000,0,0.000000,2,0.000000,3,0.000000,1,0.000000,1,0.000000,4,0.000000,0,0.000000,4,0.000000,4,0.000000,1,0.000000,1,0.000000,5,0.000000,0,0.000000,2,0.000000,2,0.000000,0,0.000000,0,0.000000,1,0.000000,0,0.000000,0,0.000000,3,0.666667,0,0.000000,0,0.000000,0,0.000000,0,0.000000,0,0.000000,0,0.000000,0,0.000000,0,0.000000,0,0.000000
121,89,30,0.027187,1,0.000000,1,0.000000,3,0.000000,3,0.000000,1,0.000000,0,0.000000,1,0.000000,2,0.000000,0,0.000000,8,0.000000,8,0.035714,2,0.000000,5,0.000000,1,0.000000,5,0.100000,2,0.000000,6,0.000000,0,0.000000,2,0.000000,0,0.000000,3,0.333333,2,0.000000,3,0.000000,0,0.000000,5,0.200000,0,0.000000,2,0.000000,2,0.000000,0,0.000000,1,0.000000,3,0.000000,3,0.333333,0,0.000000,4,0.000000,4,0.000000,0,0.000000,4,0.166667,0,0.000000,1,0.000000,1,0.000000,0,0.000000,0,0.000000,0,0.000000
122,65,28,0.037984,1,0.000000,1,0.000000,2,0.000000,0,0.000000,2,0.000000,4,0.333333,0,0.000000,2,0.000000,0,0.000000,4,0.000000,4,0.166667,2,0.000000,6,0.133333,0,0.000000,4,0.000000,1,0.000000,2,1.000000,0,0.000000,1,0.000000,0,0.000000,1,0.000000,1,0.000000,1,0.000000,0,0.000000,1,0.000000,0,0.000000,2,0.000000,1,0.000000,0,0.000000,3,0.000000,3,0.000000,0,0.000000,3,0.000000,3,0.000000,0,0.000000,1,0.000000,7,0.000000,0,0.000000,1,0.000000,1,0.000000,0,0.000000,0,0.000000,0,0.000000
123,74,32,0.047730,0,0.000000,1,0.000000,1,0.000000,0,0.000000,2,0.000000,3,0.666667,0,0.000000,2,0.000000,0,0.000000,7,0.142857,2,1.000000,2,0.000000,7,0.142857,1,0.000000,1,0.000000,1,0.000000,1,0.000000,0,0.000000,1,0.000000,1,0.000000,5,0.000000,4,0.000000,5,0.100000,2,0.000000,4,0.000000,1,0.000000,4,0.000000,2,0.000000,1,0.000000,2,0.000000,1,0.000000,1,0.000000,0,0.000000,2,0.000000,3,0.000000,1,0.000000,0,0.000000,0,0.000000,2,0.000000,1,0.000000,0,0.000000,0,0.000000,0,0.000000
124,60,21,0.069767,18,0.000000,0,0.000000,2,0.000000,3,0.333333,2,0.000000,2,0.000000,0,0.000000,1,0.000000,0,0.000000,2,0.000000,2,0.000000,0,0.000000,4,0.166667,0,0.000000,0,0.000000,3,0.333333,1,0.000000,0,0.000000,0,0.000000,0,0.000000,2,0.000000,4,0.166667,2,0.000000,1,0.000000,0,0.000000,0,0.000000,2,0.000000,1,0.000000,0,0.000000,0,0.000000,2,1.000000,0,0.000000,1,0.000000,2,1.000000,0,0.000000,0,0.000000,0,0.000000,0,0.000000,3,0.000000,0,0.000000,0,0.000000,0,0.000000,0,0.000000
125,68,20,0.017266,0,0.000000,0,0.000000,0,0.000000,5,0.300000,11,0.000000,3,0.000000,0,0.000000,0,0.000000,0,0.000000,4,0.000000,0,0.000000,2,0.000000,4,0.166667,1,0.000000,1,0.000000,1,0.000000,0,0.000000,1,0.000000,1,0.000000,0,0.000000,4,0.166667,2,0.000000,0,0.000000,1,0.000000,4,0.000000,0,0.000000,0,0.000000,0,0.000000,0,0.000000,4,0.000000,3,0.000000,0,0.000000,1,0.000000,11,0.109091,0,0.000000,0,0.000000,0,0.000000,0,0.000000,4,0.000000,0,0.000000,0,0.000000,0,0.000000,0,0.000000
126,157,29,0.072970,0,0.000000,2,1.000000,1,0.000000,2,0.000000,4,0.500000,3,0.000000,2,0.000000,30,0.034483,2,0.000000,53,0.007983,3,0.000000,1,0.000000,4,0.000000,1,0.000000,0,0.000000,0,0.000000,5,0.000000,0,0.000000,2,0.000000,0,0.000000,2,0.000000,3,0.000000,6,0.066667,2,0.000000,3,0.000000,0,0.000000,1,0.000000,2,0.000000,0,0.000000,1,0.000000,6,0.266667,4,0.833333,3,0.333333,7,0.095238,1,0.000000,0,0.000000,0,0.000000,0,0.000000,1,0.000000,0,0.000000,0,0.000000,0,0.000000,0,0.000000
127,162,28,0.025383,0,0.000000,1,0.000000,1,0.000000,1,0.000000,18,0.104575,7,0.142857,0,0.000000,31,0.058065,1,0.000000,59,0.008182,9,0.277778,2,0.000000,6,0.000000,1,0.000000,1,0.000000,1,0.000000,1,0.000000,0,0.000000,1,0.000000,0,0.000000,4,0.500000,1,0.000000,2,0.000000,0,0.000000,1,0.000000,0,0.000000,1,0.000000,0,0.000000,0,0.000000,1,0.000000,2,0.000000,0,0.000000,1,0.000000,4,0.000000,2,0.000000,1,0.000000,0,0.000000,0,0.000000,0,0.000000,1,0.000000,0,0.000000,0,0.000000,0,0.000000
128,167,33,0.066611,1,0.000000,1,0.000000,5,0.100000,4,0.000000,23,0.098814,5,0.400000,2,0.000000,2,0.000000,0,0.000000,6,0.066667,7,0.047619,1,0.000000,9,0.083333,1,0.000000,1,0.000000,16,0.025000,6,0.266667,2,0.000000,6,0.000000,0,0.000000,11,0.000000,2,1.000000,7,0.142857,0,0.000000,6,0.066667,0,0.000000,5,0.200000,6,0.000000,1,0.000000,6,0.133333,6,0.066667,4,0.166667,3,0.000000,8,0.000000,0,0.000000,0,0.000000,1,0.000000,0,0.000000,2,0.000000,1,0.000000,0,0.000000,0,0.000000,0,0.000000
129,133,23,0.046380,1,0.000000,1,0.000000,2,1.000000,1,0.000000,7,0.476190,7,0.142857,2,0.000000,33,0.062500,0,0.000000,55,0.012795,1,0.000000,1,0.000000,5,0.100000,0,0.000000,1,0.000000,0,0.000000,1,0.000000,0,0.000000,1,0.000000,0,0.000000,5,0.200000,0,0.000000,1,0.000000,0,0.000000,1,0.000000,0,0.000000,1,0.000000,0,0.000000,0,0.000000,3,0.000000,1,0.000000,0,0.000000,1,0.000000,0,0.000000,0,0.000000,0,0.000000,0,0.000000,0,0.000000,1,0.000000,0,0.000000,0,0.000000,0,0.000000,0,0.000000
130,30,17,0.007752,0,0.000000,0,0.000000,1,0.000000,0,0.000000,1,0.000000,2,0.000000,0,0.000000,0,0.000000,0,0.000000,2,0.000000,3,0.000000,0,0.000000,4,0.000000,0,0.000000,1,0.000000,1,0.000000,1,0.000000,0,0.000000,3,0.333333,0,0.000000,1,0.000000,0,0.000000,2,0.000000,0,0.000000,1,0.000000,0,0.000000,1,0.000000,0,0.000000,0,0.000000,3,0.000000,0,0.000000,0,0.000000,0,0.000000,1,0.000000,0,0.000000,0,0.000000,0,0.000000,0,0.000000,2,0.000000,0,0.000000,0,0.000000,0,0.000000,0,0.000000
131,29,21,0.000000,0,0.000000,1,0.000000,0,0.000000,1,0.000000,1,0.000000,1,0.000000,1,0.000000,0,0.000000,0,0.000000,4,0.000000,0,0.000000,1,0.000000,2,0.000000,0,0.000000,0,0.000000,0,0.000000,3,0.000000,0,0.000000,0,0.000000,0,0.000000,1,0.000000,1,0.000000,2,0.000000,1,0.000000,2,0.000000,0,0.000000,1,0.000000,0,0.000000,0,0.000000,1,0.000000,0,0.000000,0,0.000000,1,0.000000,1,0.000000,0,0.000000,1,0.000000,1,0.000000,0,0.000000,1,0.000000,0,0.000000,0,0.000000,0,0.000000,0,0.000000
132,77,32,0.045293,1,0.000000,1,0.000000,3,0.000000,2,0.000000,2,0.000000,2,0.000000,0,0.000000,2,0.000000,1,0.000000,6,0.066667,3,0.000000,2,0.000000,4,0.000000,0,0.000000,1,0.000000,3,0.333333,7,0.047619,1,0.000000,3,0.000000,0,0.000000,3,0.000000,2,0.000000,3,0.000000,0,0.000000,3,0.000000,0,0.000000,4,0.000000,4,0.166667,1,0.000000,1,0.000000,4,0.333333,0,0.000000,2,0.000000,2,1.000000,1,0.000000,1,0.000000,1,0.000000,0,0.000000,1,0.000000,0,0.000000,0,0.000000,0,0.000000,0,0.000000
133,36,24,0.000000,1,0.000000,1,0.000000,1,0.000000,0,0.000000,2,0.000000,2,0.000000,0,0.000000,2,0.000000,0,0.000000,2,0.000000,1,0.000000,2,0.000000,3,0.000000,0,0.000000,0,0.000000,0,0.000000,1,0.000000,1,0.000000,0,0.000000,0,0.000000,2,0.000000,1,0.000000,0,0.000000,1,0.000000,1,0.000000,0,0.000000,1,0.000000,1,0.000000,0,0.000000,1,0.000000,1,0.000000,0,0.000000,0,0.000000,3,0.000000,1,0.000000,3,0.000000,0,0.000000,0,0.000000,1,0.000000,0,0.000000,0,0.000000,0,0.000000,0,0.000000
134,66,24,0.020709,1,0.000000,1,0.000000,0,0.000000,0,0.000000,2,0.000000,2,0.000000,1,0.000000,2,0.000000,0,0.000000,2,0.000000,3,0.000000,2,0.000000,5,0.000000,0,0.000000,0,0.000000,1,0.000000,2,0.000000,0,0.000000,2,0.000000,0,0.000000,3,0.000000,1,0.000000,2,0.000000,0,0.000000,3,0.000000,0,0.000000,1,0.000000,6,0.066667,0,0.000000,0,0.000000,4,0.500000,7,0.190476,3,0.000000,6,0.133333,4,0.000000,0,0.000000,0,0.000000,0,0.000000,0,0.000000,0,0.000000,0,0.000000,0,0.000000,0,0.000000
135,135,31,0.018545,0,0.000000,1,0.000000,4,0.000000,1,0.000000,2,0.000000,6,0.200000,4,0.000000,2,0.000000,1,0.000000,9,0.027778,0,0.000000,5,0.000000,9,0.055556,0,0.000000,1,0.000000,4,0.000000,1,0.000000,1,0.000000,4,0.166667,0,0.000000,3,0.000000,5,0.000000,0,0.000000,1,0.000000,4,0.000000,0,0.000000,8,0.107143,0,0.000000,0,0.000000,7,0.142857,13,0.064103,1,0.000000,4,0.000000,16,0.033333,0,0.000000,4,0.000000,1,0.000000,2,0.000000,10,0.000000,0,0.000000,0,0.000000,0,0.000000,1,0.000000
136,63,27,0.097010,0,0.000000,1,0.000000,1,0.000000,1,0.000000,2,0.000000,1,0.000000,1,0.000000,1,0.000000,0,0.000000,3,0.333333,7,0.238095,2,0.000000,3,0.666667,0,0.000000,0,0.000000,4,0.333333,1,0.000000,0,0.000000,0,0.000000,1,0.000000,2,0.000000,6,0.200000,2,0.000000,2,0.000000,2,0.000000,0,0.000000,3,0.666667,1,0.000000,0,0.000000,3,0.000000,3,0.333333,5,0.400000,2,0.000000,2,1.000000,0,0.000000,0,0.000000,0,0.000000,0,0.000000,1,0.000000,0,0.000000,0,0.000000,0,0.000000,0,0.000000
137,125,25,0.007843,0,0.000000,1,0.000000,5,0.100000,3,0.000000,2,0.000000,2,0.000000,5,0.000000,2,0.000000,0,0.000000,24,0.003623,11,0.145455,3,0.000000,31,0.021505,2,0.000000,0,0.000000,0,0.000000,3,0.000000,1,0.000000,6,0.066667,0,0.000000,3,0.000000,0,0.000000,2,0.000000,0,0.000000,4,0.000000,1,0.000000,1,0.000000,0,0.000000,0,0.000000,4,0.000000,0,0.000000,1,0.000000,0,0.000000,2,0.000000,5,0.000000,0,0.000000,0,0.000000,0,0.000000,1,0.000000,0,0.000000,0,0.000000,0,0.000000,0,0.000000
138,65,31,0.086047,0,0.000000,1,0.000000,0,0.000000,1,0.000000,2,0.000000,2,0.000000,2,0.000000,2,0.000000,0,0.000000,6,0.066667,3,0.333333,2,1.000000,3,0.000000,0,0.000000,2,0.000000,2,0.000000,2,1.000000,1,0.000000,1,0.000000,0,0.000000,2,0.000000,3,0.000000,2,0.000000,3,0.000000,2,0.000000,0,0.000000,5,0.300000,2,0.000000,2,0.000000,2,1.000000,1,0.000000,1,0.000000,3,0.000000,2,0.000000,1,0.000000,1,0.000000,0,0.000000,0,0.000000,1,0.000000,0,0.000000,0,0.000000,0,0.000000,0,0.000000
139,55,29,0.040365,0,0.000000,1,0.000000,1,0.000000,4,0.166667,2,0.000000,1,0.000000,2,0.000000,2,0.000000,0,0.000000,1,0.000000,2,0.000000,1,0.000000,8,0.035714,0,0.000000,2,0.000000,1,0.000000,2,1.000000,0,0.000000,1,0.000000,0,0.000000,1,0.000000,1,0.000000,5,0.200000,1,0.000000,0,0.000000,0,0.000000,3,0.000000,1,0.000000,1,0.000000,1,0.000000,3,0.333333,3,0.000000,0,0.000000,1,0.000000,1,0.000000,1,0.000000,1,0.000000,0,0.000000,0,0.000000,0,0.000000,0,0.000000,0,0.000000,0,0.000000
140,93,27,0.060022,3,0.333333,4,0.333333,2,0.000000,0,0.000000,2,0.000000,3,0.666667,1,0.000000,1,0.000000,0,0.000000,2,0.000000,4,0.000000,0,0.000000,5,0.200000,0,0.000000,0,0.000000,3,0.000000,7,0.285714,1,0.000000,4,0.000000,0,0.000000,4,0.000000,4,0.333333,3,0.000000,2,0.000000,5,0.000000,0,0.000000,3,0.000000,7,0.095238,0,0.000000,8,0.000000,3,0.000000,3,0.000000,1,0.000000,6,0.333333,0,0.000000,0,0.000000,0,0.000000,0,0.000000,2,0.000000,0,0.000000,0,0.000000,0,0.000000,0,0.000000
141,44,19,0.046512,0,0.000000,1,0.000000,1,0.000000,0,0.000000,2,0.000000,0,0.000000,2,0.000000,2,0.000000,0,0.000000,7,0.000000,0,0.000000,2,0.000000,5,0.000000,0,0.000000,0,0.000000,2,1.000000,2,1.000000,0,0.000000,0,0.000000,0,0.000000,1,0.000000,1,0.000000,0,0.000000,0,0.000000,4,0.000000,0,0.000000,4,0.000000,0,0.000000,0,0.000000,4,0.000000,0,0.000000,0,0.000000,1,0.000000,1,0.000000,1,0.000000,0,0.000000,1,0.000000,0,0.000000,0,0.000000,0,0.000000,0,0.000000,0,0.000000,0,0.000000
142,76,26,0.079679,1,0.000000,1,0.000000,3,0.333333,3,0.333333,2,0.000000,4,0.166667,0,0.000000,2,0.000000,0,0.000000,4,0.000000,3,0.666667,1,0.000000,8,0.035714,0,0.000000,2,0.000000,4,0.333333,7,0.190476,0,0.000000,1,0.000000,0,0.000000,2,0.000000,4,0.166667,4,0.333333,1,0.000000,2,0.000000,0,0.000000,5,0.200000,3,0.333333,1,0.000000,4,0.000000,0,0.000000,0,0.000000,0,0.000000,0,0.000000,3,0.333333,0,0.000000,0,0.000000,0,0.000000,1,0.000000,0,0.000000,0,0.000000,0,0.000000,0,0.000000
143,103,26,0.069823,0,0.000000,2,1.000000,4,0.166667,5,0.200000,2,0.000000,4,0.166667,1,0.000000,2,0.000000,0,0.000000,5,0.400000,4,0.166667,3,0.000000,8,0.071429,0,0.000000,4,0.000000,4,0.000000,6,0.000000,0,0.000000,0,0.000000,0,0.000000,15,0.057143,3,0.000000,4,0.000000,0,0.000000,4,0.000000,1,0.000000,1,0.000000,0,0.000000,0,0.000000,1,0.000000,4,0.666667,0,0.000000,1,0.000000,8,0.107143,0,0.000000,2,0.000000,0,0.000000,0,0.000000,5,0.000000,0,0.000000,0,0.000000,0,0.000000,0,0.000000
144,29,15,0.000000,0,0.000000,1,0.000000,2,0.000000,2,0.000000,2,0.000000,1,0.000000,0,0.000000,0,0.000000,0,0.000000,3,0.000000,0,0.000000,1,0.000000,4,0.000000,0,0.000000,0,0.000000,0,0.000000,0,0.000000,0,0.000000,2,0.000000,0,0.000000,2,0.000000,0,0.000000,0,0.000000,0,0.000000,1,0.000000,0,0.000000,0,0.000000,0,0.000000,0,0.000000,1,0.000000,2,0.000000,0,0.000000,0,0.000000,3,0.000000,0,0.000000,0,0.000000,0,0.000000,0,0.000000,2,0.000000,0,0.000000,0,0.000000,0,0.000000,0,0.000000
145,54,27,0.054264,1,0.000000,2,1.000000,2,0.000000,2,0.000000,2,0.000000,1,0.000000,1,0.000000,0,0.000000,2,0.000000,2,0.000000,2,0.000000,0,0.000000,4,0.000000,0,0.000000,2,1.000000,3,0.000000,2,0.000000,0,0.000000,2,0.000000,0,0.000000,3,0.000000,3,0.000000,1,0.000000,0,0.000000,3,0.000000,0,0.000000,2,0.000000,3,0.000000,0,0.000000,3,0.333333,0,0.000000,1,0.000000,0,0.000000,1,0.000000,1,0.000000,0,0.000000,0,0.000000,0,0.000000,1,0.000000,0,0.000000,0,0.000000,0,0.000000,2,0.000000
146,121,33,0.051414,1,0.000000,1,0.000000,3,0.000000,4,0.166667,2,0.000000,4,0.333333,0,0.000000,3,0.666667,1,0.000000,5,0.100000,4,0.166667,1,0.000000,9,0.000000,0,0.000000,0,0.000000,0,0.000000,2,0.000000,1,0.000000,3,0.000000,0,0.000000,7,0.095238,4,0.000000,4,0.000000,2,0.000000,5,0.000000,0,0.000000,2,0.000000,2,0.000000,1,0.000000,2,0.000000,15,0.076190,4,0.333333,5,0.200000,11,0.072727,0,0.000000,5,0.000000,2,0.000000,0,0.000000,3,0.000000,2,0.000000,0,0.000000,0,0.000000,1,0.000000
147,40,21,0.023256,0,0.000000,1,0.000000,1,0.000000,1,0.000000,2,0.000000,1,0.000000,0,0.000000,0,0.000000,0,0.000000,2,0.000000,0,0.000000,1,0.000000,4,0.166667,1,0.000000,0,0.000000,0,0.000000,0,0.000000,0,0.000000,1,0.000000,0,0.000000,3,0.000000,0,0.000000,0,0.000000,0,0.000000,1,0.000000,0,0.000000,0,0.000000,0,0.000000,0,0.000000,3,0.000000,3,0.333333,3,0.333333,1,0.000000,2,0.000000,0,0.000000,3,0.000000,4,0.166667,1,0.000000,1,0.000000,0,0.000000,0,0.000000,0,0.000000,0,0.000000
148,61,30,0.038317,1,0.000000,1,0.000000,1,0.000000,1,0.000000,2,0.000000,3,0.666667,1,0.000000,2,0.000000,0,0.000000,2,0.000000,3,0.000000,1,0.000000,4,0.000000,1,0.000000,0,0.000000,1,0.000000,5,0.600000,1,0.000000,1,0.000000,0,0.000000,7,0.047619,3,0.333333,2,0.000000,1,0.000000,1,0.000000,0,0.000000,2,0.000000,5,0.000000,0,0.000000,2,0.000000,1,0.000000,1,0.000000,1,0.000000,0,0.000000,3,0.000000,0,0.000000,0,0.000000,0,0.000000,1,0.000000,0,0.000000,0,0.000000,0,0.000000,0,0.000000
149,76,30,0.058140,2,0.000000,2,1.000000,1,0.000000,1,0.000000,2,0.000000,2,0.000000,0,0.000000,2,1.000000,1,0.000000,4,0.333333,2,0.000000,0,0.000000,4,0.000000,0,0.000000,0,0.000000,3,0.000000,1,0.000000,1,0.000000,1,0.000000,0,0.000000,3,0.000000,3,0.000000,2,0.000000,1,0.000000,6,0.000000,1,0.000000,0,0.000000,0,0.000000,2,0.000000,1,0.000000,8,0.071429,0,0.000000,0,0.000000,7,0.095238,6,0.000000,3,0.000000,0,0.000000,1,0.000000,0,0.000000,0,0.000000,1,0.000000,0,0.000000,2,0.000000
150,90,28,0.032189,1,0.000000,1,0.000000,2,0.000000,9,0.055556,1,0.000000,1,0.000000,1,0.000000,0,0.000000,0,0.000000,5,0.200000,4,0.000000,0,0.000000,4,0.000000,0,0.000000,2,0.000000,3,0.000000,2,0.000000,1,0.000000,3,0.000000,0,0.000000,4,0.000000,2,0.000000,6,0.200000,2,0.000000,4,0.000000,0,0.000000,4,0.166667,4,0.333333,2,0.000000,7,0.095238,3,0.333333,3,0.000000,0,0.000000,7,0.000000,0,0.000000,0,0.000000,0,0.000000,0,0.000000,2,0.000000,0,0.000000,0,0.000000,0,0.000000,0,0.000000
151,34,22,0.000000,0,0.000000,1,0.000000,0,0.000000,0,0.000000,2,0.000000,0,0.000000,0,0.000000,2,0.000000,0,0.000000,0,0.000000,1,0.000000,0,0.000000,4,0.000000,0,0.000000,0,0.000000,1,0.000000,1,0.000000,0,0.000000,0,0.000000,1,0.000000,2,0.000000,2,0.000000,1,0.000000,1,0.000000,3,0.000000,0,0.000000,1,0.000000,1,0.000000,1,0.000000,0,0.000000,1,0.000000,2,0.000000,1,0.000000,0,0.000000,3,0.000000,1,0.000000,0,0.000000,0,0.000000,1,0.000000,0,0.000000,0,0.000000,0,0.000000,0,0.000000
152,57,25,0.029623,0,0.000000,2,1.000000,1,0.000000,4,0.000000,2,0.000000,1,0.000000,0,0.000000,2,0.000000,0,0.000000,8,0.035714,2,0.000000,3,0.000000,8,0.071429,3,0.000000,1,0.000000,0,0.000000,1,0.000000,0,0.000000,2,0.000000,0,0.000000,4,0.166667,0,0.000000,1,0.000000,0,0.000000,2,0.000000,0,0.000000,1,0.000000,0,0.000000,1,0.000000,1,0.000000,2,0.000000,1,0.000000,0,0.000000,2,0.000000,1,0.000000,0,0.000000,0,0.000000,0,0.000000,1,0.000000,0,0.000000,0,0.000000,0,0.000000,0,0.000000
153,63,26,0.055869,0,0.000000,2,1.000000,1,0.000000,2,0.000000,1,0.000000,1,0.000000,1,0.000000,0,0.000000,0,0.000000,2,0.000000,2,0.000000,0,0.000000,3,0.333333,0,0.000000,1,0.000000,2,0.000000,0,0.000000,0,0.000000,1,0.000000,0,0.000000,5,0.000000,3,0.000000,2,0.000000,1,0.000000,3,0.666667,0,0.000000,8,0.035714,2,0.000000,1,0.000000,4,0.166667,6,0.000000,0,0.000000,1,0.000000,6,0.200000,0,0.000000,1,0.000000,0,0.000000,0,0.000000,1,0.000000,0,0.000000,0,0.000000,0,0.000000,0,0.000000
154,34,19,0.073643,0,0.000000,2,1.000000,1,0.000000,0,0.000000,2,0.000000,2,0.000000,1,0.000000,0,0.000000,0,0.000000,1,0.000000,0,0.000000,0,0.000000,3,0.000000,0,0.000000,0,0.000000,2,0.000000,2,0.000000,0,0.000000,0,0.000000,0,0.000000,0,0.000000,0,0.000000,0,0.000000,0,0.000000,1,0.000000,0,0.000000,2,0.000000,1,0.000000,2,0.000000,1,0.000000,4,0.500000,3,0.666667,1,0.000000,2,1.000000,1,0.000000,0,0.000000,0,0.000000,0,0.000000,0,0.000000,0,0.000000,0,0.000000,0,0.000000,0,0.000000
155,38,20,0.054264,1,0.000000,1,0.000000,1,0.000000,0,0.000000,2,0.000000,3,0.666667,0,0.000000,2,0.000000,0,0.000000,3,0.333333,3,0.000000,3,0.333333,1,0.000000,1,0.000000,1,0.000000,0,0.000000,5,0.000000,0,0.000000,0,0.000000,0,0.000000,2,0.000000,0,0.000000,0,0.000000,0,0.000000,2,0.000000,0,0.000000,0,0.000000,0,0.000000,0,0.000000,0,0.000000,2,0.000000,2,1.000000,0,0.000000,1,0.000000,1,0.000000,0,0.000000,1,0.000000,0,0.000000,0,0.000000,0,0.000000,0,0.000000,0,0.000000,0,0.000000
156,48,24,0.033333,1,0.000000,1,0.000000,1,0.000000,3,0.000000,2,0.000000,0,0.000000,2,0.000000,2,0.000000,0,0.000000,5,0.100000,4,0.000000,2,0.000000,4,0.000000,0,0.000000,0,0.000000,0,0.000000,1,0.000000,0,0.000000,1,0.000000,0,0.000000,3,0.333333,0,0.000000,2,0.000000,0,0.000000,4,0.000000,0,0.000000,1,0.000000,2,1.000000,0,0.000000,0,0.000000,1,0.000000,1,0.000000,1,0.000000,1,0.000000,2,0.000000,0,0.000000,0,0.000000,0,0.000000,1,0.000000,0,0.000000,0,0.000000,0,0.000000,0,0.000000
157,35,25,0.027132,0,0.000000,1,0.000000,1,0.000000,0,0.000000,2,0.000000,2,0.000000,1,0.000000,1,0.000000,0,0.000000,3,0.000000,0,0.000000,1,0.000000,2,0.000000,0,0.000000,4,0.166667,2,1.000000,1,0.000000,1,0.000000,1,0.000000,0,0.000000,1,0.000000,0,0.000000,0,0.000000,0,0.000000,0,0.000000,0,0.000000,1,0.000000,1,0.000000,1,0.000000,1,0.000000,0,0.000000,2,0.000000,0,0.000000,1,0.000000,1,0.000000,1,0.000000,1,0.000000,1,0.000000,0,0.000000,0,0.000000,0,0.000000,0,0.000000,0,0.000000
158,56,32,0.024806,0,0.000000,1,0.000000,2,0.000000,2,0.000000,2,0.000000,1,0.000000,2,0.000000,2,0.000000,1,0.000000,5,0.300000,1,0.000000,2,0.000000,3,0.666667,0,0.000000,2,0.000000,1,0.000000,0,0.000000,0,0.000000,1,0.000000,0,0.000000,5,0.100000,1,0.000000,1,0.000000,1,0.000000,2,0.000000,0,0.000000,1,0.000000,1,0.000000,0,0.000000,1,0.000000,1,0.000000,2,0.000000,2,0.000000,2,0.000000,1,0.000000,3,0.000000,0,0.000000,1,0.000000,2,0.000000,0,0.000000,0,0.000000,0,0.000000,1,0.000000
159,91,30,0.091639,1,0.000000,1,0.000000,1,0.000000,0,0.000000,2,0.000000,3,0.000000,1,0.000000,2,0.000000,0,0.000000,4,0.000000,6,0.333333,3,0.333333,5,0.000000,0,0.000000,2,0.000000,2,1.000000,10,0.266667,1,0.000000,2,0.000000,0,0.000000,5,0.200000,2,0.000000,2,1.000000,0,0.000000,3,0.000000,0,0.000000,2,0.000000,3,0.000000,0,0.000000,3,0.000000,6,0.200000,4,0.166667,0,0.000000,8,0.107143,1,0.000000,1,0.000000,3,0.333333,0,0.000000,2,0.000000,0,0.000000,0,0.000000,0,0.000000,0,0.000000
160,84,33,0.095349,0,0.000000,2,1.000000,1,0.000000,2,0.000000,2,1.000000,2,0.000000,1,0.000000,1,0.000000,0,0.000000,6,0.200000,3,0.000000,4,0.166667,6,0.000000,0,0.000000,2,0.000000,3,0.000000,1,0.000000,1,0.000000,3,0.000000,0,0.000000,4,0.000000,2,0.000000,3,0.000000,1,0.000000,4,0.000000,0,0.000000,2,0.000000,2,1.000000,1,0.000000,1,0.000000,5,0.300000,0,0.000000,4,0.333333,5,0.100000,2,0.000000,2,0.000000,3,0.000000,1,0.000000,2,0.000000,0,0.000000,0,0.000000,0,0.000000,0,0.000000
161,29,17,0.010078,0,0.000000,1,0.000000,0,0.000000,1,0.000000,2,0.000000,0,0.000000,1,0.000000,2,0.000000,2,0.000000,1,0.000000,0,0.000000,0,0.000000,2,0.000000,0,0.000000,3,0.333333,0,0.000000,0,0.000000,0,0.000000,0,0.000000,0,0.000000,5,0.100000,1,0.000000,1,0.000000,0,0.000000,1,0.000000,0,0.000000,2,0.000000,1,0.000000,0,0.000000,2,0.000000,0,0.000000,0,0.000000,0,0.000000,0,0.000000,1,0.000000,0,0.000000,0,0.000000,0,0.000000,0,0.000000,0,0.000000,0,0.000000,0,0.000000,0,0.000000
162,98,33,0.054264,1,0.000000,1,0.000000,1,0.000000,2,1.000000,2,0.000000,1,0.000000,2,0.000000,2,0.000000,0,0.000000,5,0.000000,5,0.100000,1,0.000000,7,0.000000,1,0.000000,4,0.166667,3,0.000000,1,0.000000,1,0.000000,5,0.000000,0,0.000000,6,0.066667,4,0.166667,1,0.000000,2,0.000000,4,0.000000,0,0.000000,3,0.000000,4,0.000000,0,0.000000,5,0.100000,2,0.000000,6,0.333333,1,0.000000,6,0.400000,2,0.000000,4,0.000000,0,0.000000,0,0.000000,3,0.000000,0,0.000000,0,0.000000,0,0.000000,0,0.000000
163,20,18,0.000000,0,0.000000,1,0.000000,1,0.000000,0,0.000000,2,0.000000,0,0.000000,0,0.000000,2,0.000000,0,0.000000,1,0.000000,0,0.000000,1,0.000000,1,0.000000,0,0.000000,0,0.000000,1,0.000000,1,0.000000,0,0.000000,1,0.000000,0,0.000000,1,0.000000,1,0.000000,0,0.000000,0,0.000000,1,0.000000,0,0.000000,1,0.000000,0,0.000000,1,0.000000,0,0.000000,0,0.000000,1,0.000000,0,0.000000,1,0.000000,1,0.000000,0,0.000000,0,0.000000,0,0.000000,0,0.000000,0,0.000000,0,0.000000,0,0.000000,0,0.000000
164,45,23,0.010078,1,0.000000,1,0.000000,0,0.000000,0,0.000000,0,0.000000,2,0.000000,1,0.000000,0,0.000000,0,0.000000,3,0.333333,2,0.000000,0,0.000000,5,0.100000,0,0.000000,0,0.000000,0,0.000000,1,0.000000,0,0.000000,1,0.000000,0,0.000000,3,0.000000,0,0.000000,2,0.000000,0,0.000000,3,0.000000,0,0.000000,1,0.000000,1,0.000000,0,0.000000,2,0.000000,2,0.000000,1,0.000000,2,0.000000,2,0.000000,3,0.000000,3,0.000000,2,0.000000,0,0.000000,0,0.000000,1,0.000000,0,0.000000,0,0.000000,0,0.000000
165,35,19,0.010078,1,0.000000,1,0.000000,1,0.000000,1,0.000000,2,0.000000,2,0.000000,0,0.000000,2,0.000000,1,0.000000,5,0.100000,1,0.000000,1,0.000000,5,0.000000,0,0.000000,3,0.000000,0,0.000000,0,0.000000,0,0.000000,0,0.000000,0,0.000000,4,0.333333,0,0.000000,1,0.000000,0,0.000000,1,0.000000,0,0.000000,0,0.000000,0,0.000000,0,0.000000,0,0.000000,1,0.000000,0,0.000000,0,0.000000,1,0.000000,0,0.000000,0,0.000000,0,0.000000,0,0.000000,1,0.000000,0,0.000000,0,0.000000,0,0.000000,0,0.000000
166,44,23,0.023256,0,0.000000,1,0.000000,3,0.333333,2,0.000000,2,0.000000,4,0.333333,1,0.000000,1,0.000000,0,0.000000,1,0.000000,3,0.000000,1,0.000000,4,0.333333,0,0.000000,1,0.000000,3,0.000000,0,0.000000,1,0.000000,1,0.000000,0,0.000000,2,0.000000,0,0.000000,0,0.000000,0,0.000000,2,0.000000,0,0.000000,0,0.000000,0,0.000000,0,0.000000,2,0.000000,0,0.000000,2,0.000000,1,0.000000,3,0.000000,1,0.000000,0,0.000000,0,0.000000,0,0.000000,2,0.000000,0,0.000000,0,0.000000,0,0.000000,0,0.000000
167,41,21,0.054264,0,0.000000,0,0.000000,0,0.000000,1,0.000000,1,0.000000,0,0.000000,0,0.000000,0,0.000000,0,0.000000,1,0.000000,3,0.666667,1,0.000000,3,0.000000,0,0.000000,0,0.000000,1,0.000000,0,0.000000,0,0.000000,2,0.000000,0,0.000000,3,0.000000,1,0.000000,0,0.000000,0,0.000000,2,0.000000,0,0.000000,3,0.333333,1,0.000000,0,0.000000,0,0.000000,2,0.000000,2,1.000000,0,0.000000,5,0.000000,1,0.000000,2,0.000000,3,0.333333,1,0.000000,2,0.000000,0,0.000000,0,0.000000,0,0.000000,0,0.000000
168,78,30,0.035025,0,0.000000,1,0.000000,1,0.000000,1,0.000000,2,0.000000,4,0.166667,0,0.000000,1,0.000000,0,0.000000,2,0.000000,5,0.100000,0,0.000000,3,0.000000,0,0.000000,3,0.000000,1,0.000000,5,0.500000,0,0.000000,1,0.000000,0,0.000000,5,0.000000,1,0.000000,11,0.072727,1,0.000000,2,0.000000,0,0.000000,3,0.000000,4,0.166667,0,0.000000,1,0.000000,4,0.000000,5,0.500000,2,0.000000,4,0.000000,1,0.000000,1,0.000000,1,0.000000,1,0.000000,1,0.000000,0,0.000000,0,0.000000,0,0.000000,0,0.000000
169,39,24,0.038760,0,0.000000,1,0.000000,1,0.000000,0,0.000000,2,0.000000,2,0.000000,2,0.000000,2,0.000000,0,0.000000,3,0.000000,0,0.000000,1,0.000000,3,0.000000,0,0.000000,2,0.000000,1,0.000000,0,0.000000,0,0.000000,2,0.000000,0,0.000000,3,0.666667,1,0.000000,1,0.000000,1,0.000000,3,0.000000,0,0.000000,2,1.000000,0,0.000000,1,0.000000,1,0.000000,1,0.000000,1,0.000000,1,0.000000,1,0.000000,0,0.000000,0,0.000000,0,0.000000,0,0.000000,0,0.000000,0,0.000000,0,0.000000,0,0.000000,0,0.000000
170,32,17,0.048837,0,0.000000,0,0.000000,1,0.000000,0,0.000000,2,0.000000,0,0.000000,1,0.000000,1,0.000000,0,0.000000,4,0.000000,0,0.000000,1,0.000000,5,0.100000,0,0.000000,0,0.000000,0,0.000000,5,0.000000,0,0.000000,1,0.000000,0,0.000000,2,1.000000,1,0.000000,0,0.000000,0,0.000000,1,0.000000,0,0.000000,1,0.000000,2,0.000000,0,0.000000,0,0.000000,1,0.000000,0,0.000000,0,0.000000,2,1.000000,0,0.000000,0,0.000000,0,0.000000,0,0.000000,1,0.000000,0,0.000000,0,0.000000,0,0.000000,0,0.000000
171,42,20,0.000000,0,0.000000,0,0.000000,2,0.000000,1,0.000000,2,0.000000,2,0.000000,0,0.000000,2,0.000000,0,0.000000,1,0.000000,2,0.000000,1,0.000000,3,0.000000,0,0.000000,0,0.000000,1,0.000000,2,0.000000,0,0.000000,2,0.000000,0,0.000000,1,0.000000,0,0.000000,6,0.000000,0,0.000000,1,0.000000,0,0.000000,1,0.000000,0,0.000000,0,0.000000,2,0.000000,4,0.000000,0,0.000000,1,0.000000,5,0.000000,0,0.000000,0,0.000000,0,0.000000,0,0.000000,0,0.000000,0,0.000000,0,0.000000,0,0.000000,0,0.000000
172,52,21,0.039112,0,0.000000,1,0.000000,2,0.000000,0,0.000000,2,0.000000,2,0.000000,1,0.000000,1,0.000000,0,0.000000,4,0.166667,12,0.181818,1,0.000000,3,0.000000,0,0.000000,0,0.000000,2,1.000000,4,0.333333,1,0.000000,1,0.000000,0,0.000000,3,0.000000,0,0.000000,6,0.000000,0,0.000000,2,0.000000,0,0.000000,0,0.000000,0,0.000000,0,0.000000,1,0.000000,1,0.000000,0,0.000000,1,0.000000,0,0.000000,1,0.000000,0,0.000000,0,0.000000,0,0.000000,0,0.000000,0,0.000000,0,0.000000,0,0.000000,0,0.000000
173,81,26,0.023719,0,0.000000,1,0.000000,0,0.000000,1,0.000000,2,0.000000,2,0.000000,1,0.000000,0,0.000000,0,0.000000,7,0.000000,1,0.000000,5,0.000000,8,0.071429,0,0.000000,0,0.000000,0,0.000000,2,0.000000,0,0.000000,5,0.100000,0,0.000000,0,0.000000,1,0.000000,2,0.000000,1,0.000000,5,0.000000,0,0.000000,2,0.000000,1,0.000000,1,0.000000,5,0.200000,6,0.133333,3,0.333333,5,0.000000,11,0.181818,1,0.000000,1,0.000000,0,0.000000,0,0.000000,1,0.000000,0,0.000000,0,0.000000,0,0.000000,0,0.000000
174,23,14,0.046512,0,0.000000,0,0.000000,0,0.000000,0,0.000000,2,0.000000,2,1.000000,0,0.000000,0,0.000000,0,0.000000,1,0.000000,0,0.000000,0,0.000000,1,0.000000,0,0.000000,1,0.000000,0,0.000000,0,0.000000,0,0.000000,0,0.000000,0,0.000000,2,1.000000,0,0.000000,0,0.000000,0,0.000000,1,0.000000,0,0.000000,2,0.000000,1,0.000000,0,0.000000,2,0.000000,1,0.000000,1,0.000000,0,0.000000,3,0.000000,0,0.000000,0,0.000000,0,0.000000,0,0.000000,3,0.000000,0,0.000000,0,0.000000,0,0.000000,0,0.000000
175,88,30,0.055039,0,0.000000,2,0.000000,1,0.000000,5,0.000000,0,0.000000,3,0.333333,0,0.000000,2,0.000000,1,0.000000,5,0.000000,2,0.000000,2,0.000000,6,0.200000,0,0.000000,0,0.000000,3,0.000000,4,0.166667,0,0.000000,2,1.000000,0,0.000000,4,0.000000,6,0.000000,4,0.000000,3,0.000000,2,0.000000,0,0.000000,2,0.000000,1,0.000000,0,0.000000,3,0.333333,7,0.000000,2,0.000000,2,0.000000,3,0.333333,1,0.000000,3,0.000000,3,0.000000,0,0.000000,3,0.000000,0,0.000000,0,0.000000,0,0.000000,1,0.000000
176,36,19,0.047158,1,0.000000,1,0.000000,1,0.000000,0,0.000000,2,0.000000,2,0.000000,1,0.000000,2,0.000000,0,0.000000,0,0.000000,2,1.000000,0,0.000000,2,0.000000,0,0.000000,2,1.000000,1,0.000000,9,0.027778,0,0.000000,0,0.000000,0,0.000000,3,0.000000,0,0.000000,0,0.000000,0,0.000000,1,0.000000,0,0.000000,1,0.000000,1,0.000000,0,0.000000,1,0.000000,1,0.000000,0,0.000000,0,0.000000,2,0.000000,0,0.000000,0,0.000000,0,0.000000,0,0.000000,0,0.000000,0,0.000000,0,0.000000,0,0.000000,0,0.000000
177,69,33,0.031008,2,0.000000,2,0.000000,2,0.000000,2,0.000000,4,0.666667,0,0.000000,0,0.000000,3,0.000000,1,0.000000,1,0.000000,3,0.333333,1,0.000000,4,0.000000,0,0.000000,0,0.000000,3,0.000000,1,0.000000,0,0.000000,1,0.000000,0,0.000000,3,0.000000,4,0.000000,3,0.000000,1,0.000000,1,0.000000,0,0.000000,5,0.000000,3,0.333333,2,0.000000,3,0.000000,3,0.000000,1,0.000000,1,0.000000,2,0.000000,0,0.000000,1,0.000000,1,0.000000,1,0.000000,0,0.000000,0,0.000000,2,0.000000,1,0.000000,1,0.000000
178,28,20,0.003876,0,0.000000,1,0.000000,0,0.000000,0,0.000000,2,0.000000,0,0.000000,0,0.000000,2,0.000000,1,0.000000,1,0.000000,1,0.000000,1,0.000000,1,0.000000,0,0.000000,2,0.000000,1,0.000000,1,0.000000,0,0.000000,1,0.000000,0,0.000000,3,0.000000,1,0.000000,0,0.000000,1,0.000000,0,0.000000,0,0.000000,0,0.000000,1,0.000000,0,0.000000,4,0.166667,0,0.000000,0,0.000000,0,0.000000,0,0.000000,1,0.000000,1,0.000000,0,0.000000,1,0.000000,0,0.000000,0,0.000000,0,0.000000,0,0.000000,0,0.000000
179,30,19,0.054264,0,0.000000,0,0.000000,1,0.000000,0,0.000000,1,0.000000,1,0.000000,0,0.000000,2,0.000000,0,0.000000,1,0.000000,0,0.000000,0,0.000000,3,0.333333,0,0.000000,0,0.000000,3,0.000000,1,0.000000,0,0.000000,2,1.000000,0,0.000000,1,0.000000,3,0.666667,0,0.000000,1,0.000000,0,0.000000,0,0.000000,0,0.000000,1,0.000000,0,0.000000,0,0.000000,1,0.000000,1,0.000000,1,0.000000,3,0.333333,2,0.000000,0,0.000000,0,0.000000,0,0.000000,1,0.000000,0,0.000000,0,0.000000,0,0.000000,0,0.000000
180,51,25,0.027021,0,0.000000,1,0.000000,1,0.000000,0,0.000000,2,0.000000,1,0.000000,0,0.000000,2,0.000000,0,0.000000,6,0.066667,2,1.000000,2,0.000000,7,0.095238,0,0.000000,1,0.000000,2,0.000000,1,0.000000,2,0.000000,1,0.000000,0,0.000000,0,0.000000,3,0.000000,1,0.000000,2,0.000000,0,0.000000,0,0.000000,1,0.000000,4,0.000000,0,0.000000,2,0.000000,1,0.000000,0,0.000000,1,0.000000,1,0.000000,2,0.000000,0,0.000000,0,0.000000,0,0.000000,2,0.000000,0,0.000000,0,0.000000,0,0.000000,0,0.000000
181,46,23,0.068217,0,0.000000,0,0.000000,2,0.000000,4,0.166667,3,0.666667,3,0.666667,0,0.000000,2,0.000000,0,0.000000,3,0.000000,1,0.000000,1,0.000000,0,0.000000,0,0.000000,0,0.000000,1,0.000000,0,0.000000,0,0.000000,0,0.000000,0,0.000000,2,0.000000,2,0.000000,1,0.000000,1,0.000000,0,0.000000,0,0.000000,3,0.333333,1,0.000000,1,0.000000,0,0.000000,5,0.100000,2,0.000000,3,0.000000,2,1.000000,0,0.000000,1,0.000000,0,0.000000,0,0.000000,0,0.000000,0,0.000000,1,0.000000,0,0.000000,1,0.000000
182,89,27,0.051064,0,0.000000,1,0.000000,4,0.000000,4,0.333333,1,0.000000,11,0.072727,0,0.000000,1,0.000000,0,0.000000,7,0.047619,4,0.000000,4,0.000000,7,0.047619,0,0.000000,0,0.000000,3,0.333333,1,0.000000,1,0.000000,3,0.000000,0,0.000000,5,0.000000,1,0.000000,4,0.000000,0,0.000000,4,0.000000,0,0.000000,3,0.333333,2,0.000000,0,0.000000,9,0.027778,1,0.000000,1,0.000000,1,0.000000,2,0.000000,0,0.000000,2,0.000000,2,1.000000,0,0.000000,0,0.000000,0,0.000000,0,0.000000,0,0.000000,0,0.000000
183,71,23,0.056072,0,0.000000,2,1.000000,0,0.000000,0,0.000000,2,0.000000,2,1.000000,1,0.000000,1,0.000000,0,0.000000,10,0.044444,2,0.000000,6,0.000000,6,0.066667,0,0.000000,1,0.000000,1,0.000000,0,0.000000,0,0.000000,1,0.000000,0,0.000000,3,0.000000,2,0.000000,0,0.000000,0,0.000000,3,0.000000,0,0.000000,4,0.000000,0,0.000000,0,0.000000,3,0.000000,4,0.166667,0,0.000000,4,0.000000,6,0.133333,0,0.000000,2,0.000000,0,0.000000,0,0.000000,4,0.000000,0,0.000000,0,0.000000,0,0.000000,1,0.000000
184,40,21,0.032558,1,0.000000,1,0.000000,3,0.000000,1,0.000000,2,0.000000,2,0.000000,0,0.000000,1,0.000000,0,0.000000,0,0.000000,3,1.000000,0,0.000000,3,0.000000,0,0.000000,0,0.000000,2,0.000000,5,0.400000,0,0.000000,0,0.000000,0,0.000000,1,0.000000,1,0.000000,2,0.000000,1,0.000000,3,0.000000,0,0.000000,1,0.000000,2,0.000000,0,0.000000,0,0.000000,0,0.000000,0,0.000000,2,0.000000,0,0.000000,2,0.000000,1,0.000000,0,0.000000,0,0.000000,0,0.000000,0,0.000000,0,0.000000,0,0.000000,0,0.000000
185,39,19,0.070543,1,0.000000,1,0.000000,1,0.000000,2,1.000000,2,0.000000,0,0.000000,0,0.000000,0,0.000000,0,0.000000,2,0.000000,3,0.000000,0,0.000000,5,0.200000,0,0.000000,0,0.000000,1,0.000000,0,0.000000,0,0.000000,1,0.000000,0,0.000000,2,0.000000,0,0.000000,0,0.000000,0,0.000000,3,0.000000,0,0.000000,1,0.000000,3,0.333333,0,0.000000,1,0.000000,0,0.000000,3,0.333333,0,0.000000,4,0.166667,0,0.000000,0,0.000000,2,1.000000,0,0.000000,1,0.000000,0,0.000000,0,0.000000,0,0.000000,0,0.000000
186,140,30,0.052048,0,0.000000,2,1.000000,3,0.333333,4,0.166667,2,0.000000,14,0.021978,1,0.000000,2,0.000000,1,0.000000,6,0.000000,6,0.066667,0,0.000000,12,0.045455,0,0.000000,1,0.000000,9,0.027778,4,0.000000,7,0.000000,6,0.000000,0,0.000000,5,0.000000,3,0.000000,5,0.100000,1,0.000000,4,0.000000,0,0.000000,0,0.000000,4,0.333333,0,0.000000,7,0.000000,7,0.142857,3,0.000000,5,0.000000,11,0.000000,3,0.000000,0,0.000000,0,0.000000,0,0.000000,1,0.000000,0,0.000000,0,0.000000,0,0.000000,1,0.000000
187,38,23,0.003876,1,0.000000,1,0.000000,2,0.000000,1,0.000000,2,0.000000,0,0.000000,2,0.000000,2,0.000000,0,0.000000,3,0.000000,4,0.166667,1,0.000000,4,0.000000,0,0.000000,0,0.000000,0,0.000000,1,0.000000,0,0.000000,2,0.000000,0,0.000000,1,0.000000,1,0.000000,0,0.000000,0,0.000000,1,0.000000,1,0.000000,1,0.000000,1,0.000000,0,0.000000,1,0.000000,0,0.000000,0,0.000000,0,0.000000,2,0.000000,0,0.000000,0,0.000000,1,0.000000,0,0.000000,2,0.000000,0,0.000000,0,0.000000,0,0.000000,0,0.000000
188,173,33,0.048766,1,0.000000,1,0.000000,9,0.027778,8,0.000000,3,0.333333,3,0.666667,3,0.000000,1,0.000000,1,0.000000,9,0.027778,15,0.095238,2,0.000000,7,0.000000,3,0.333333,0,0.000000,13,0.064103,6,0.266667,0,0.000000,2,0.000000,0,0.000000,6,0.133333,15,0.009524,14,0.043956,1,0.000000,4,0.000000,1,0.000000,5,0.000000,4,0.000000,0,0.000000,4,0.000000,5,0.000000,0,0.000000,0,0.000000,7,0.095238,2,0.000000,4,0.000000,0,0.000000,0,0.000000,11,0.000000,2,0.000000,0,0.000000,0,0.000000,1,0.000000
189,18,14,0.000000,0,0.000000,0,0.000000,0,0.000000,0,0.000000,0,0.000000,0,0.000000,1,0.000000,0,0.000000,0,0.000000,3,0.000000,0,0.000000,0,0.000000,3,0.000000,0,0.000000,0,0.000000,1,0.000000,0,0.000000,0,0.000000,1,0.000000,0,0.000000,0,0.000000,1,0.000000,0,0.000000,0,0.000000,1,0.000000,0,0.000000,1,0.000000,1,0.000000,0,0.000000,1,0.000000,1,0.000000,0,0.000000,0,0.000000,1,0.000000,0,0.000000,1,0.000000,0,0.000000,0,0.000000,1,0.000000,0,0.000000,0,0.000000,0,0.000000,0,0.000000
190,16,10,0.007752,0,0.000000,0,0.000000,0,0.000000,0,0.000000,2,0.000000,0,0.000000,0,0.000000,0,0.000000,0,0.000000,1,0.000000,0,0.000000,0,0.000000,2,0.000000,0,0.000000,3,0.333333,0,0.000000,0,0.000000,0,0.000000,0,0.000000,0,0.000000,1,0.000000,2,0.000000,0,0.000000,0,0.000000,2,0.000000,0,0.000000,1,0.000000,0,0.000000,0,0.000000,1,0.000000,0,0.000000,0,0.000000,0,0.000000,1,0.000000,0,0.000000,0,0.000000,0,0.000000,0,0.000000,0,0.000000,0,0.000000,0,0.000000,0,0.000000,0,0.000000
191,36,17,0.015504,0,0.000000,0,0.000000,2,0.000000,0,0.000000,1,0.000000,2,0.000000,0,0.000000,0,0.000000,0,0.000000,4,0.000000,0,0.000000,3,0.000000,4,0.333333,0,0.000000,0,0.000000,0,0.000000,0,0.000000,0,0.000000,2,0.000000,0,0.000000,1,0.000000,2,0.000000,0,0.000000,1,0.000000,1,0.000000,0,0.000000,0,0.000000,0,0.000000,0,0.000000,1,0.000000,0,0.000000,1,0.000000,0,0.000000,4,0.333333,2,0.000000,1,0.000000,0,0.000000,0,0.000000,4,0.000000,0,0.000000,0,0.000000,0,0.000000,0,0.000000
192,34,16,0.023256,0,0.000000,1,0.000000,2,0.000000,4,0.000000,2,0.000000,0,0.000000,0,0.000000,2,0.000000,0,0.000000,2,0.000000,0,0.000000,0,0.000000,2,0.000000,0,0.000000,1,0.000000,1,0.000000,0,0.000000,0,0.000000,0,0.000000,0,0.000000,0,0.000000,0,0.000000,0,0.000000,0,0.000000,0,0.000000,0,0.000000,0,0.000000,3,0.333333,0,0.000000,0,0.000000,4,0.333333,0,0.000000,1,0.000000,4,0.333333,0,0.000000,0,0.000000,1,0.000000,0,0.000000,0,0.000000,0,0.000000,2,0.000000,0,0.000000,2,0.000000
193,2,2,0.000000,0,0.000000,0,0.000000,0,0.000000,0,0.000000,0,0.000000,1,0.000000,0,0.000000,0,0.000000,0,0.000000,1,0.000000,0,0.000000,0,0.000000,0,0.000000,0,0.000000,0,0.000000,0,0.000000,0,0.000000,0,0.000000,0,0.000000,0,0.000000,0,0.000000,0,0.000000,0,0.000000,0,0.000000,0,0.000000,0,0.000000,0,0.000000,0,0.000000,0,0.000000,0,0.000000,0,0.000000,0,0.000000,0,0.000000,0,0.000000,0,0.000000,0,0.000000,0,0.000000,0,0.000000,0,0.000000,0,0.000000,0,0.000000,0,0.000000,0,0.000000
194,162,3,0.000090,42,0.001161,119,0.002706,0,0.000000,0,0.000000,0,0.000000,0,0.000000,0,0.000000,0,0.000000,0,0.000000,0,0.000000,0,0.000000,0,0.000000,0,0.000000,0,0.000000,0,0.000000,0,0.000000,0,0.000000,0,0.000000,0,0.000000,0,0.000000,0,0.000000,0,0.000000,0,0.000000,0,0.000000,0,0.000000,0,0.000000,0,0.000000,0,0.000000,0,0.000000,0,0.000000,0,0.000000,1,0.000000,0,0.000000,0,0.000000,0,0.000000,0,0.000000,0,0.000000,0,0.000000,0,0.000000,0,0.000000,0,0.000000,0,0.000000,0,0.000000
195,293,8,0.001199,0,0.000000,0,0.000000,30,0.002299,10,0.022222,105,0.005128,53,0.009434,1,0.000000,91,0.012454,0,0.000000,0,0.000000,0,0.000000,0,0.000000,1,0.000000,0,0.000000,0,0.000000,0,0.000000,0,0.000000,0,0.000000,0,0.000000,0,0.000000,0,0.000000,0,0.000000,0,0.000000,0,0.000000,0,0.000000,0,0.000000,0,0.000000,0,0.000000,0,0.000000,0,0.000000,0,0.000000,0,0.000000,0,0.000000,2,0.000000,0,0.000000,0,0.000000,0,0.000000,0,0.000000,0,0.000000,0,0.000000,0,0.000000,0,0.000000,0,0.000000
196,324,9,0.000524,0,0.000000,0,0.000000,36,0.003175,18,0.000000,126,0.004317,48,0.007979,2,0.000000,91,0.007082,0,0.000000,0,0.000000,0,0.000000,0,0.000000,1,0.000000,0,0.000000,0,0.000000,0,0.000000,0,0.000000,0,0.000000,0,0.000000,0,0.000000,0,0.000000,0,0.000000,0,0.000000,0,0.000000,0,0.000000,0,0.000000,0,0.000000,0,0.000000,0,0.000000,0,0.000000,0,0.000000,0,0.000000,0,0.000000,1,0.000000,0,0.000000,0,0.000000,0,0.000000,0,0.000000,1,0.000000,0,0.000000,0,0.000000,0,0.000000,0,0.000000
197,31,12,0.000221,0,0.000000,0,0.000000,15,0.009524,1,0.000000,0,0.000000,1,0.000000,0,0.000000,0,0.000000,0,0.000000,2,0.000000,0,0.000000,0,0.000000,2,0.000000,0,0.000000,0,0.000000,1,0.000000,0,0.000000,0,0.000000,1,0.000000,0,0.000000,2,0.000000,0,0.000000,0,0.000000,0,0.000000,0,0.000000,0,0.000000,0,0.000000,0,0.000000,0,0.000000,1,0.000000,2,0.000000,0,0.000000,0,0.000000,2,0.000000,0,0.000000,0,0.000000,0,0.000000,0,0.000000,1,0.000000,0,0.000000,0,0.000000,0,0.000000,0,0.000000
198,21,9,0.000705,0,0.000000,0,0.000000,12,0.030303,1,0.000000,0,0.000000,1,0.000000,0,0.000000,0,0.000000,0,0.000000,1,0.000000,0,0.000000,0,0.000000,1,0.000000,0,0.000000,0,0.000000,0,0.000000,0,0.000000,0,0.000000,0,0.000000,0,0.000000,0,0.000000,0,0.000000,0,0.000000,0,0.000000,0,0.000000,0,0.000000,0,0.000000,0,0.000000,0,0.000000,0,0.000000,1,0.000000,0,0.000000,0,0.000000,2,0.000000,0,0.000000,1,0.000000,0,0.000000,0,0.000000,1,0.000000,0,0.000000,0,0.000000,0,0.000000,0,0.000000
199,13,3,0.000000,0,0.000000,0,0.000000,10,0.000000,1,0.000000,0,0.000000,0,0.000000,0,0.000000,0,0.000000,0,0.000000,0,0.000000,0,0.000000,0,0.000000,0,0.000000,0,0.000000,0,0.000000,0,0.000000,0,0.000000,0,0.000000,0,0.000000,0,0.000000,2,0.000000,0,0.000000,0,0.000000,0,0.000000,0,0.000000,0,0.000000,0,0.000000,0,0.000000,0,0.000000,0,0.000000,0,0.000000,0,0.000000,0,0.000000,0,0.000000,0,0.000000,0,0.000000,0,0.000000,0,0.000000,0,0.000000,0,0.000000,0,0.000000,0,0.000000,0,0.000000
200,5,5,0.000000,0,0.000000,0,0.000000,1,0.000000,0,0.000000,0,0.000000,1,0.000000,0,0.000000,0,0.000000,0,0.000000,0,0.000000,0,0.000000,0,0.000000,0,0.000000,0,0.000000,0,0.000000,0,0.000000,0,0.000000,0,0.000000,0,0.000000,0,0.000000,0,0.000000,0,0.000000,0,0.000000,0,0.000000,0,0.000000,0,0.000000,0,0.000000,0,0.000000,0,0.000000,1,0.000000,1,0.000000,0,0.000000,0,0.000000,1,0.000000,0,0.000000,0,0.000000,0,0.000000,0,0.000000,0,0.000000,0,0.000000,0,0.000000,0,0.000000,0,0.000000
201,6,6,0.000000,0,0.000000,0,0.000000,1,0.000000,0,0.000000,0,0.000000,0,0.000000,0,0.000000,0,0.000000,0,0.000000,1,0.000000,0,0.000000,0,0.000000,1,0.000000,0,0.000000,0,0.000000,0,0.000000,0,0.000000,0,0.000000,1,0.000000,0,0.000000,0,0.000000,0,0.000000,0,0.000000,0,0.000000,1,0.000000,0,0.000000,0,0.000000,0,0.000000,0,0.000000,0,0.000000,0,0.000000,0,0.000000,0,0.000000,1,0.000000,0,0.000000,0,0.000000,0,0.000000,0,0.000000,0,0.000000,0,0.000000,0,0.000000,0,0.000000,0,0.000000
202,13,11,0.000000,0,0.000000,0,0.000000,1,0.000000,0,0.000000,0,0.000000,1,0.000000,0,0.000000,0,0.000000,0,0.000000,1,0.000000,0,0.000000,0,0.000000,1,0.000000,0,0.000000,0,0.000000,1,0.000000,0,0.000000,0,0.000000,1,0.000000,0,0.000000,0,0.000000,1,0.000000,0,0.000000,0,0.000000,1,0.000000,0,0.000000,0,0.000000,0,0.000000,0,0.000000,0,0.000000,2,0.000000,0,0.000000,0,0.000000,2,0.000000,0,0.000000,0,0.000000,0,0.000000,0,0.000000,1,0.000000,0,0.000000,0,0.000000,0,0.000000,0,0.000000
203,3,2,0.000000,0,0.000000,0,0.000000,2,0.000000,0,0.000000,0,0.000000,0,0.000000,0,0.000000,0,0.000000,0,0.000000,0,0.000000,0,0.000000,0,0.000000,0,0.000000,0,0.000000,0,0.000000,0,0.000000,0,0.000000,0,0.000000,0,0.000000,0,0.000000,1,0.000000,0,0.000000,0,0.000000,0,0.000000,0,0.000000,0,0.000000,0,0.000000,0,0.000000,0,0.000000,0,0.000000,0,0.000000,0,0.000000,0,0.000000,0,0.000000,0,0.000000,0,0.000000,0,0.000000,0,0.000000,0,0.000000,0,0.000000,0,0.000000,0,0.000000,0,0.000000
204,3,2,0.000000,0,0.000000,0,0.000000,2,0.000000,0,0.000000,0,0.000000,0,0.000000,0,0.000000,0,0.000000,0,0.000000,0,0.000000,0,0.000000,0,0.000000,0,0.000000,0,0.000000,0,0.000000,0,0.000000,0,0.000000,0,0.000000,0,0.000000,0,0.000000,1,0.000000,0,0.000000,0,0.000000,0,0.000000,0,0.000000,0,0.000000,0,0.000000,0,0.000000,0,0.000000,0,0.000000,0,0.000000,0,0.000000,0,0.000000,0,0.000000,0,0.000000,0,0.000000,0,0.000000,0,0.000000,0,0.000000,0,0.000000,0,0.000000,0,0.000000,0,0.000000
205,10,1,0.000000,0,0.000000,0,0.000000,10,0.000000,0,0.000000,0,0.000000,0,0.000000,0,0.000000,0,0.000000,0,0.000000,0,0.000000,0,0.000000,0,0.000000,0,0.000000,0,0.000000,0,0.000000,0,0.000000,0,0.000000,0,0.000000,0,0.000000,0,0.000000,0,0.000000,0,0.000000,0,0.000000,0,0.000000,0,0.000000,0,0.000000,0,0.000000,0,0.000000,0,0.000000,0,0.000000,0,0.000000,0,0.000000,0,0.000000,0,0.000000,0,0.000000,0,0.000000,0,0.000000,0,0.000000,0,0.000000,0,0.000000,0,0.000000,0,0.000000,0,0.000000
206,18,1,0.000152,0,0.000000,0,0.000000,18,0.006536,0,0.000000,0,0.000000,0,0.000000,0,0.000000,0,0.000000,0,0.000000,0,0.000000,0,0.000000,0,0.000000,0,0.000000,0,0.000000,0,0.000000,0,0.000000,0,0.000000,0,0.000000,0,0.000000,0,0.000000,0,0.000000,0,0.000000,0,0.000000,0,0.000000,0,0.000000,0,0.000000,0,0.000000,0,0.000000,0,0.000000,0,0.000000,0,0.000000,0,0.000000,0,0.000000,0,0.000000,0,0.000000,0,0.000000,0,0.000000,0,0.000000,0,0.000000,0,0.000000,0,0.000000,0,0.000000,0,0.000000
207,10,1,0.000000,0,0.000000,0,0.000000,10,0.000000,0,0.000000,0,0.000000,0,0.000000,0,0.000000,0,0.000000,0,0.000000,0,0.000000,0,0.000000,0,0.000000,0,0.000000,0,0.000000,0,0.000000,0,0.000000,0,0.000000,0,0.000000,0,0.000000,0,0.000000,0,0.000000,0,0.000000,0,0.000000,0,0.000000,0,0.000000,0,0.000000,0,0.000000,0,0.000000,0,0.000000,0,0.000000,0,0.000000,0,0.000000,0,0.000000,0,0.000000,0,0.000000,0,0.000000,0,0.000000,0,0.000000,0,0.000000,0,0.000000,0,0.000000,0,0.000000,0,0.000000
208,17,10,0.023256,0,0.000000,1,0.000000,0,0.000000,0,0.000000,1,0.000000,0,0.000000,0,0.000000,0,0.000000,0,0.000000,0,0.000000,2,1.000000,0,0.000000,4,0.000000,0,0.000000,1,0.000000,0,0.000000,0,0.000000,0,0.000000,3,0.000000,0,0.000000,2,0.000000,0,0.000000,0,0.000000,0,0.000000,1,0.000000,0,0.000000,0,0.000000,0,0.000000,0,0.000000,1,0.000000,0,0.000000,0,0.000000,0,0.000000,0,0.000000,1,0.000000,0,0.000000,0,0.000000,0,0.000000,0,0.000000,0,0.000000,0,0.000000,0,0.000000,0,0.000000
209,13,9,0.023256,0,0.000000,1,0.000000,0,0.000000,0,0.000000,1,0.000000,0,0.000000,0,0.000000,0,0.000000,0,0.000000,0,0.000000,0,0.000000,0,0.000000,2,0.000000,0,0.000000,0,0.000000,0,0.000000,0,0.000000,0,0.000000,2,0.000000,0,0.000000,1,0.000000,0,0.000000,0,0.000000,0,0.000000,2,0.000000,0,0.000000,1,0.000000,0,0.000000,0,0.000000,1,0.000000,0,0.000000,0,0.000000,0,0.000000,0,0.000000,2,1.000000,0,0.000000,0,0.000000,0,0.000000,0,0.000000,0,0.000000,0,0.000000,0,0.000000,0,0.000000
210,5,5,0.000000,0,0.000000,1,0.000000,0,0.000000,0,0.000000,0,0.000000,0,0.000000,1,0.000000,0,0.000000,0,0.000000,0,0.000000,0,0.000000,0,0.000000,1,0.000000,0,0.000000,0,0.000000,0,0.000000,0,0.000000,0,0.000000,0,0.000000,0,0.000000,0,0.000000,0,0.000000,0,0.000000,0,0.000000,1,0.000000,0,0.000000,0,0.000000,0,0.000000,0,0.000000,0,0.000000,0,0.000000,0,0.000000,0,0.000000,0,0.000000,1,0.000000,0,0.000000,0,0.000000,0,0.000000,0,0.000000,0,0.000000,0,0.000000,0,0.000000,0,0.000000
211,9,6,0.007752,0,0.000000,0,0.000000,0,0.000000,0,0.000000,0,0.000000,0,0.000000,1,0.000000,0,0.000000,0,0.000000,2,0.000000,0,0.000000,0,0.000000,3,0.333333,0,0.000000,0,0.000000,0,0.000000,0,0.000000,0,0.000000,0,0.000000,0,0.000000,1,0.000000,0,0.000000,0,0.000000,0,0.000000,0,0.000000,0,0.000000,0,0.000000,0,0.000000,0,0.000000,0,0.000000,0,0.000000,1,0.000000,0,0.000000,0,0.000000,1,0.000000,0,0.000000,0,0.000000,0,0.000000,0,0.000000,0,0.000000,0,0.000000,0,0.000000,0,0.000000
212,5,4,0.000000,0,0.000000,0,0.000000,0,0.000000,0,0.000000,0,0.000000,0,0.000000,1,0.000000,0,0.000000,0,0.000000,1,0.000000,0,0.000000,0,0.000000,1,0.000000,0,0.000000,0,0.000000,0,0.000000,0,0.000000,0,0.000000,0,0.000000,0,0.000000,2,0.000000,0,0.000000,0,0.000000,0,0.000000,0,0.000000,0,0.000000,0,0.000000,0,0.000000,0,0.000000,0,0.000000,0,0.000000,0,0.000000,0,0.000000,0,0.000000,0,0.000000,0,0.000000,0,0.000000,0,0.000000,0,0.000000,0,0.000000,0,0.000000,0,0.000000,0,0.000000
213,6,5,0.023256,0,0.000000,0,0.000000,0,0.000000,0,0.000000,1,0.000000,0,0.000000,0,0.000000,0,0.000000,0,0.000000,1,0.000000,0,0.000000,0,0.000000,2,1.000000,0,0.000000,0,0.000000,0,0.000000,0,0.000000,0,0.000000,0,0.000000,0,0.000000,0,0.000000,0,0.000000,0,0.000000,0,0.000000,0,0.000000,0,0.000000,0,0.000000,0,0.000000,0,0.000000,0,0.000000,0,0.000000,1,0.000000,0,0.000000,0,0.000000,1,0.000000,0,0.000000,0,0.000000,0,0.000000,0,0.000000,0,0.000000,0,0.000000,0,0.000000,0,0.000000
214,2,2,0.000000,0,0.000000,0,0.000000,0,0.000000,0,0.000000,0,0.000000,0,0.000000,0,0.000000,0,0.000000,0,0.000000,1,0.000000,0,0.000000,0,0.000000,1,0.000000,0,0.000000,0,0.000000,0,0.000000,0,0.000000,0,0.000000,0,0.000000,0,0.000000,0,0.000000,0,0.000000,0,0.000000,0,0.000000,0,0.000000,0,0.000000,0,0.000000,0,0.000000,0,0.000000,0,0.000000,0,0.000000,0,0.000000,0,0.000000,0,0.000000,0,0.000000,0,0.000000,0,0.000000,0,0.000000,0,0.000000,0,0.000000,0,0.000000,0,0.000000,0,0.000000
215,4,4,0.000000,0,0.000000,0,0.000000,0,0.000000,0,0.000000,0,0.000000,0,0.000000,0,0.000000,0,0.000000,0,0.000000,1,0.000000,0,0.000000,0,0.000000,1,0.000000,0,0.000000,0,0.000000,0,0.000000,0,0.000000,0,0.000000,0,0.000000,0,0.000000,0,0.000000,0,0.000000,0,0.000000,0,0.000000,0,0.000000,0,0.000000,0,0.000000,0,0.000000,0,0.000000,0,0.000000,0,0.000000,1,0.000000,0,0.000000,0,0.000000,1,0.000000,0,0.000000,0,0.000000,0,0.000000,0,0.000000,0,0.000000,0,0.000000,0,0.000000,0,0.000000
216,5,4,0.000000,0,0.000000,1,0.000000,0,0.000000,0,0.000000,2,0.000000,0,0.000000,0,0.000000,1,0.000000,0,0.000000,0,0.000000,0,0.000000,0,0.000000,1,0.000000,0,0.000000,0,0.000000,0,0.000000,0,0.000000,0,0.000000,0,0.000000,0,0.000000,0,0.000000,0,0.000000,0,0.000000,0,0.000000,0,0.000000,0,0.000000,0,0.000000,0,0.000000,0,0.000000,0,0.000000,0,0.000000,0,0.000000,0,0.000000,0,0.000000,0,0.000000,0,0.000000,0,0.000000,0,0.000000,0,0.000000,0,0.000000,0,0.000000,0,0.000000,0,0.000000
