Node,OccCentrality,TotalDegree,AvgRelevance,AvgExclusiveRelevance,Deg_L0,Rel_L0,ExRel_L0,Deg_L1,Rel_L1,ExRel_L1,Deg_L2,Rel_L2,ExRel_L2,Deg_L3,Rel_L3,ExRel_L3,Deg_L4,Rel_L4,ExRel_L4,Deg_L5,Rel_L5,ExRel_L5,Deg_L6,Rel_L6,ExRel_L6,Deg_L7,Rel_L7,ExRel_L7,Deg_L8,Rel_L8,ExRel_L8,Deg_L9,Rel_L9,ExRel_L9,Deg_L10,Rel_L10,ExRel_L10,Deg_L11,Rel_L11,ExRel_L11,Deg_L12,Rel_L12,ExRel_L12,Deg_L13,Rel_L13,ExRel_L13,Deg_L14,Rel_L14,ExRel_L14,Deg_L15,Rel_L15,ExRel_L15,Deg_L16,Rel_L16,ExRel_L16,Deg_L17,Rel_L17,ExRel_L17,Deg_L18,Rel_L18,ExRel_L18,Deg_L19,Rel_L19,ExRel_L19,Deg_L20,Rel_L20,ExRel_L20,Deg_L21,Rel_L21,ExRel_L21,Deg_L22,Rel_L22,ExRel_L22,Deg_L23,Rel_L23,ExRel_L23,Deg_L24,Rel_L24,ExRel_L24,Deg_L25,Rel_L25,ExRel_L25,Deg_L26,Rel_L26,ExRel_L26,Deg_L27,Rel_L27,ExRel_L27,Deg_L28,Rel_L28,ExRel_L28,Deg_L29,Rel_L29,ExRel_L29,Deg_L30,Rel_L30,ExRel_L30,Deg_L31,Rel_L31,ExRel_L31,Deg_L32,Rel_L32,ExRel_L32,Deg_L33,Rel_L33,ExRel_L33,Deg_L34,Rel_L34,ExRel_L34,Deg_L35,Rel_L35,ExRel_L35,Deg_L36,Rel_L36,ExRel_L36,Deg_L37,Rel_L37,ExRel_L37,Deg_L38,Rel_L38,ExRel_L38,Deg_L39,Rel_L39,ExRel_L39,Deg_L40,Rel_L40,ExRel_L40,Deg_L41,Rel_L41,ExRel_L41,Deg_L42,Rel_L42,ExRel_L42
196,0.034170,324,0.0542,0.0049,0,0.0000,0.0000,0,0.0000,0.0000,36,0.2590,0.0288,18,0.1295,0.0000,126,0.9065,0.1367,48,0.3453,0.0216,2,0.0144,0.0000,91,0.6547,0.0144,0,0.0000,0.0000,0,0.0000,0.0000,0,0.0000,0.0000,0,0.0000,0.0000,1,0.0072,0.0000,0,0.0000,0.0000,0,0.0000,0.0000,0,0.0000,0.0000,0,0.0000,0.0000,0,0.0000,0.0000,0,0.0000,0.0000,0,0.0000,0.0000,0,0.0000,0.0000,0,0.0000,0.0000,0,0.0000,0.0000,0,0.0000,0.0000,0,0.0000,0.0000,0,0.0000,0.0000,0,0.0000,0.0000,0,0.0000,0.0000,0,0.0000,0.0000,0,0.0000,0.0000,0,0.0000,0.0000,0,0.0000,0.0000,0,0.0000,0.0000,1,0.0072,0.0000,0,0.0000,0.0000,0,0.0000,0.0000,0,0.0000,0.0000,0,0.0000,0.0000,1,0.0072,0.0072,0,0.0000,0.0000,0,0.0000,0.0000,0,0.0000,0.0000,0,0.0000,0.0000
194,0.029440,162,0.0314,0.0153,42,0.3500,0.0083,119,0.9917,0.6500,0,0.0000,0.0000,0,0.0000,0.0000,0,0.0000,0.0000,0,0.0000,0.0000,0,0.0000,0.0000,0,0.0000,0.0000,0,0.0000,0.0000,0,0.0000,0.0000,0,0.0000,0.0000,0,0.0000,0.0000,0,0.0000,0.0000,0,0.0000,0.0000,0,0.0000,0.0000,0,0.0000,0.0000,0,0.0000,0.0000,0,0.0000,0.0000,0,0.0000,0.0000,0,0.0000,0.0000,0,0.0000,0.0000,0,0.0000,0.0000,0,0.0000,0.0000,0,0.0000,0.0000,0,0.0000,0.0000,0,0.0000,0.0000,0,0.0000,0.0000,0,0.0000,0.0000,0,0.0000,0.0000,0,0.0000,0.0000,0,0.0000,0.0000,1,0.0083,0.0000,0,0.0000,0.0000,0,0.0000,0.0000,0,0.0000,0.0000,0,0.0000,0.0000,0,0.0000,0.0000,0,0.0000,0.0000,0,0.0000,0.0000,0,0.0000,0.0000,0,0.0000,0.0000,0,0.0000,0.0000,0,0.0000,0.0000
195,0.028860,293,0.0516,0.0058,0,0.0000,0.0000,0,0.0000,0.0000,30,0.2273,0.0606,10,0.0758,0.0000,105,0.7955,0.1061,53,0.4015,0.0303,1,0.0076,0.0000,91,0.6894,0.0379,0,0.0000,0.0000,0,0.0000,0.0000,0,0.0000,0.0000,0,0.0000,0.0000,1,0.0076,0.0076,0,0.0000,0.0000,0,0.0000,0.0000,0,0.0000,0.0000,0,0.0000,0.0000,0,0.0000,0.0000,0,0.0000,0.0000,0,0.0000,0.0000,0,0.0000,0.0000,0,0.0000,0.0000,0,0.0000,0.0000,0,0.0000,0.0000,0,0.0000,0.0000,0,0.0000,0.0000,0,0.0000,0.0000,0,0.0000,0.0000,0,0.0000,0.0000,0,0.0000,0.0000,0,0.0000,0.0000,0,0.0000,0.0000,0,0.0000,0.0000,2,0.0152,0.0076,0,0.0000,0.0000,0,0.0000,0.0000,0,0.0000,0.0000,0,0.0000,0.0000,0,0.0000,0.0000,0,0.0000,0.0000,0,0.0000,0.0000,0,0.0000,0.0000,0,0.0000,0.0000
102,0.017620,250,0.0868,0.0066,1,0.0149,0.0149,1,0.0149,0.0149,2,0.0299,0.0000,7,0.1045,0.0299,1,0.0149,0.0000,0,0.0000,0.0000,1,0.0149,0.0149,5,0.0746,0.0149,0,0.0000,0.0000,4,0.0597,0.0000,3,0.0448,0.0000,27,0.4030,0.0000,14,0.2090,0.0000,7,0.1045,0.0000,23,0.3433,0.0299,2,0.0299,0.0000,1,0.0149,0.0000,6,0.0896,0.0000,10,0.1493,0.0149,2,0.0299,0.0000,5,0.0746,0.0149,6,0.0896,0.0746,17,0.2537,0.0299,8,0.1194,0.0000,7,0.1045,0.0000,4,0.0597,0.0000,7,0.1045,0.0149,0,0.0000,0.0000,13,0.1940,0.0149,3,0.0448,0.0000,2,0.0299,0.0000,7,0.1045,0.0000,4,0.0597,0.0000,19,0.2836,0.0000,8,0.1194,0.0000,3,0.0448,0.0000,20,0.2985,0.0000,0,0.0000,0.0000,0,0.0000,0.0000,0,0.0000,0.0000,0,0.0000,0.0000,0,0.0000,0.0000,0,0.0000,0.0000
188,0.016390,173,0.0639,0.0063,1,0.0159,0.0000,1,0.0159,0.0000,9,0.1429,0.0000,8,0.1270,0.0159,3,0.0476,0.0000,3,0.0476,0.0000,3,0.0476,0.0159,1,0.0159,0.0000,1,0.0159,0.0159,9,0.1429,0.0000,15,0.2381,0.0000,2,0.0317,0.0000,7,0.1111,0.0317,3,0.0476,0.0000,0,0.0000,0.0000,13,0.2063,0.0000,6,0.0952,0.0317,0,0.0000,0.0000,2,0.0317,0.0000,0,0.0000,0.0000,6,0.0952,0.0000,15,0.2381,0.0000,14,0.2222,0.0000,1,0.0159,0.0000,4,0.0635,0.0159,1,0.0159,0.0000,5,0.0794,0.0000,4,0.0635,0.0159,0,0.0000,0.0000,4,0.0635,0.0000,5,0.0794,0.0000,0,0.0000,0.0000,0,0.0000,0.0000,7,0.1111,0.0317,2,0.0317,0.0000,4,0.0635,0.0000,0,0.0000,0.0000,0,0.0000,0.0000,11,0.1746,0.0952,2,0.0317,0.0000,0,0.0000,0.0000,0,0.0000,0.0000,1,0.0159,0.0000
128,0.015405,167,0.0637,0.0080,1,0.0164,0.0000,1,0.0164,0.0000,5,0.0820,0.0000,4,0.0656,0.0000,23,0.3770,0.2295,5,0.0820,0.0000,2,0.0328,0.0000,2,0.0328,0.0000,0,0.0000,0.0000,6,0.0984,0.0000,7,0.1148,0.0000,1,0.0164,0.0000,9,0.1475,0.0000,1,0.0164,0.0000,1,0.0164,0.0000,16,0.2623,0.0492,6,0.0984,0.0000,2,0.0328,0.0000,6,0.0984,0.0164,0,0.0000,0.0000,11,0.1803,0.0164,2,0.0328,0.0000,7,0.1148,0.0000,0,0.0000,0.0000,6,0.0984,0.0000,0,0.0000,0.0000,5,0.0820,0.0000,6,0.0984,0.0000,1,0.0164,0.0000,6,0.0984,0.0000,6,0.0984,0.0000,4,0.0656,0.0164,3,0.0492,0.0000,8,0.1311,0.0000,0,0.0000,0.0000,0,0.0000,0.0000,1,0.0164,0.0000,0,0.0000,0.0000,2,0.0328,0.0000,1,0.0164,0.0164,0,0.0000,0.0000,0,0.0000,0.0000,0,0.0000,0.0000
186,0.015070,140,0.0626,0.0085,0,0.0000,0.0000,2,0.0385,0.0192,3,0.0577,0.0000,4,0.0769,0.0000,2,0.0385,0.0000,14,0.2692,0.0769,1,0.0192,0.0192,2,0.0385,0.0000,1,0.0192,0.0000,6,0.1154,0.0000,6,0.1154,0.0385,0,0.0000,0.0000,12,0.2308,0.0385,0,0.0000,0.0000,1,0.0192,0.0000,9,0.1731,0.0000,4,0.0769,0.0000,7,0.1346,0.0000,6,0.1154,0.0385,0,0.0000,0.0000,5,0.0962,0.0192,3,0.0577,0.0000,5,0.0962,0.0000,1,0.0192,0.0000,4,0.0769,0.0000,0,0.0000,0.0000,0,0.0000,0.0000,4,0.0769,0.0192,0,0.0000,0.0000,7,0.1346,0.0000,7,0.1346,0.0000,3,0.0577,0.0192,5,0.0962,0.0000,11,0.2115,0.0577,3,0.0577,0.0000,0,0.0000,0.0000,0,0.0000,0.0000,0,0.0000,0.0000,1,0.0192,0.0000,0,0.0000,0.0000,0,0.0000,0.0000,0,0.0000,0.0000,1,0.0192,0.0192
92,0.014640,212,0.0822,0.0093,0,0.0000,0.0000,1,0.0167,0.0167,2,0.0333,0.0167,2,0.0333,0.0000,2,0.0333,0.0167,2,0.0333,0.0000,1,0.0167,0.0167,5,0.0833,0.0000,0,0.0000,0.0000,5,0.0833,0.0000,1,0.0167,0.0000,19,0.3167,0.0167,5,0.0833,0.0000,8,0.1333,0.0000,15,0.2500,0.0000,1,0.0167,0.0000,10,0.1667,0.0833,10,0.1667,0.0000,11,0.1833,0.0333,2,0.0333,0.0000,9,0.1500,0.0167,3,0.0500,0.0000,14,0.2333,0.0333,4,0.0667,0.0000,4,0.0667,0.0333,2,0.0333,0.0000,7,0.1167,0.0167,0,0.0000,0.0000,11,0.1833,0.0667,1,0.0167,0.0000,1,0.0167,0.0000,5,0.0833,0.0000,1,0.0167,0.0000,20,0.3333,0.0000,4,0.0667,0.0000,4,0.0667,0.0000,20,0.3333,0.0333,0,0.0000,0.0000,0,0.0000,0.0000,0,0.0000,0.0000,0,0.0000,0.0000,0,0.0000,0.0000,0,0.0000,0.0000
126,0.013820,157,0.0474,0.0112,0,0.0000,0.0000,2,0.0260,0.0130,1,0.0130,0.0000,2,0.0260,0.0000,4,0.0519,0.0130,3,0.0390,0.0130,2,0.0260,0.0130,30,0.3896,0.0649,2,0.0260,0.0130,53,0.6883,0.3117,3,0.0390,0.0000,1,0.0130,0.0000,4,0.0519,0.0130,1,0.0130,0.0000,0,0.0000,0.0000,0,0.0000,0.0000,5,0.0649,0.0000,0,0.0000,0.0000,2,0.0260,0.0000,0,0.0000,0.0000,2,0.0260,0.0000,3,0.0390,0.0000,6,0.0779,0.0000,2,0.0260,0.0000,3,0.0390,0.0000,0,0.0000,0.0000,1,0.0130,0.0000,2,0.0260,0.0130,0,0.0000,0.0000,1,0.0130,0.0000,6,0.0779,0.0000,4,0.0519,0.0130,3,0.0390,0.0000,7,0.0909,0.0000,1,0.0130,0.0000,0,0.0000,0.0000,0,0.0000,0.0000,0,0.0000,0.0000,1,0.0130,0.0000,0,0.0000,0.0000,0,0.0000,0.0000,0,0.0000,0.0000,0,0.0000,0.0000
127,0.013710,162,0.0449,0.0091,0,0.0000,0.0000,1,0.0119,0.0119,1,0.0119,0.0000,1,0.0119,0.0000,18,0.2143,0.0476,7,0.0833,0.0000,0,0.0000,0.0000,31,0.3690,0.0238,1,0.0119,0.0000,59,0.7024,0.2500,9,0.1071,0.0476,2,0.0238,0.0000,6,0.0714,0.0000,1,0.0119,0.0000,1,0.0119,0.0119,1,0.0119,0.0000,1,0.0119,0.0000,0,0.0000,0.0000,1,0.0119,0.0000,0,0.0000,0.0000,4,0.0476,0.0000,1,0.0119,0.0000,2,0.0238,0.0000,0,0.0000,0.0000,1,0.0119,0.0000,0,0.0000,0.0000,1,0.0119,0.0000,0,0.0000,0.0000,0,0.0000,0.0000,1,0.0119,0.0000,2,0.0238,0.0000,0,0.0000,0.0000,1,0.0119,0.0000,4,0.0476,0.0000,2,0.0238,0.0000,1,0.0119,0.0000,0,0.0000,0.0000,0,0.0000,0.0000,0,0.0000,0.0000,1,0.0119,0.0000,0,0.0000,0.0000,0,0.0000,0.0000,0,0.0000,0.0000
119,0.011970,80,0.0286,0.0211,0,0.0000,0.0000,1,0.0154,0.0154,1,0.0154,0.0154,4,0.0615,0.0308,2,0.0308,0.0000,1,0.0154,0.0154,49,0.7538,0.7538,3,0.0462,0.0000,2,0.0308,0.0154,2,0.0308,0.0000,0,0.0000,0.0000,1,0.0154,0.0000,2,0.0308,0.0000,0,0.0000,0.0000,1,0.0154,0.0154,0,0.0000,0.0000,0,0.0000,0.0000,0,0.0000,0.0000,0,0.0000,0.0000,0,0.0000,0.0000,2,0.0308,0.0154,1,0.0154,0.0000,0,0.0000,0.0000,0,0.0000,0.0000,3,0.0462,0.0154,0,0.0000,0.0000,0,0.0000,0.0000,0,0.0000,0.0000,0,0.0000,0.0000,0,0.0000,0.0000,0,0.0000,0.0000,1,0.0154,0.0000,0,0.0000,0.0000,2,0.0308,0.0154,1,0.0154,0.0000,0,0.0000,0.0000,0,0.0000,0.0000,0,0.0000,0.0000,1,0.0154,0.0000,0,0.0000,0.0000,0,0.0000,0.0000,0,0.0000,0.0000,0,0.0000,0.0000
135,0.011370,135,0.0698,0.0083,0,0.0000,0.0000,1,0.0222,0.0222,4,0.0889,0.0000,1,0.0222,0.0222,2,0.0444,0.0000,6,0.1333,0.0000,4,0.0889,0.0444,2,0.0444,0.0000,1,0.0222,0.0000,9,0.2000,0.0000,0,0.0000,0.0000,5,0.1111,0.0000,9,0.2000,0.0000,0,0.0000,0.0000,1,0.0222,0.0000,4,0.0889,0.0000,1,0.0222,0.0222,1,0.0222,0.0000,4,0.0889,0.0000,0,0.0000,0.0000,3,0.0667,0.0000,5,0.1111,0.0000,0,0.0000,0.0000,1,0.0222,0.0000,4,0.0889,0.0222,0,0.0000,0.0000,8,0.1778,0.0222,0,0.0000,0.0000,0,0.0000,0.0000,7,0.1556,0.0222,13,0.2889,0.0222,1,0.0222,0.0000,4,0.0889,0.0000,16,0.3556,0.0889,0,0.0000,0.0000,4,0.0889,0.0000,1,0.0222,0.0000,2,0.0444,0.0000,10,0.2222,0.0667,0,0.0000,0.0000,0,0.0000,0.0000,0,0.0000,0.0000,1,0.0222,0.0000
129,0.011225,133,0.0412,0.0087,1,0.0133,0.0000,1,0.0133,0.0000,2,0.0267,0.0133,1,0.0133,0.0000,7,0.0933,0.0000,7,0.0933,0.0000,2,0.0267,0.0267,33,0.4400,0.0133,0,0.0000,0.0000,55,0.7333,0.2400,1,0.0133,0.0000,1,0.0133,0.0000,5,0.0667,0.0267,0,0.0000,0.0000,1,0.0133,0.0133,0,0.0000,0.0000,1,0.0133,0.0133,0,0.0000,0.0000,1,0.0133,0.0000,0,0.0000,0.0000,5,0.0667,0.0267,0,0.0000,0.0000,1,0.0133,0.0000,0,0.0000,0.0000,1,0.0133,0.0000,0,0.0000,0.0000,1,0.0133,0.0000,0,0.0000,0.0000,0,0.0000,0.0000,3,0.0400,0.0000,1,0.0133,0.0000,0,0.0000,0.0000,1,0.0133,0.0000,0,0.0000,0.0000,0,0.0000,0.0000,0,0.0000,0.0000,0,0.0000,0.0000,0,0.0000,0.0000,1,0.0133,0.0000,0,0.0000,0.0000,0,0.0000,0.0000,0,0.0000,0.0000,0,0.0000,0.0000
116,0.011190,108,0.0571,0.0095,3,0.0682,0.0000,4,0.0909,0.0227,2,0.0455,0.0000,2,0.0455,0.0000,2,0.0455,0.0000,4,0.0909,0.0455,0,0.0000,0.0000,6,0.1364,0.0000,8,0.1818,0.0455,9,0.2045,0.0227,3,0.0682,0.0227,0,0.0000,0.0000,15,0.3409,0.0909,0,0.0000,0.0000,1,0.0227,0.0000,2,0.0455,0.0000,2,0.0455,0.0227,1,0.0227,0.0000,1,0.0227,0.0000,0,0.0000,0.0000,3,0.0682,0.0000,1,0.0227,0.0000,1,0.0227,0.0227,1,0.0227,0.0000,2,0.0455,0.0000,0,0.0000,0.0000,1,0.0227,0.0000,0,0.0000,0.0000,0,0.0000,0.0000,4,0.0909,0.0000,5,0.1136,0.0000,1,0.0227,0.0000,4,0.0909,0.0227,6,0.1364,0.0227,0,0.0000,0.0000,0,0.0000,0.0000,0,0.0000,0.0000,0,0.0000,0.0000,3,0.0682,0.0227,2,0.0455,0.0455,4,0.0909,0.0000,0,0.0000,0.0000,5,0.1136,0.0000
143,0.011175,103,0.0499,0.0126,0,0.0000,0.0000,2,0.0417,0.0208,4,0.0833,0.0208,5,0.1042,0.0000,2,0.0417,0.0000,4,0.0833,0.0208,1,0.0208,0.0208,2,0.0417,0.0000,0,0.0000,0.0000,5,0.1042,0.0000,4,0.0833,0.0208,3,0.0625,0.0000,8,0.1667,0.0625,0,0.0000,0.0000,4,0.0833,0.0208,4,0.0833,0.0208,6,0.1250,0.0625,0,0.0000,0.0000,0,0.0000,0.0000,0,0.0000,0.0000,15,0.3125,0.1042,3,0.0625,0.0000,4,0.0833,0.0417,0,0.0000,0.0000,4,0.0833,0.0000,1,0.0208,0.0000,1,0.0208,0.0000,0,0.0000,0.0000,0,0.0000,0.0000,1,0.0208,0.0000,4,0.0833,0.0208,0,0.0000,0.0000,1,0.0208,0.0000,8,0.1667,0.0625,0,0.0000,0.0000,2,0.0417,0.0208,0,0.0000,0.0000,0,0.0000,0.0000,5,0.1042,0.0208,0,0.0000,0.0000,0,0.0000,0.0000,0,0.0000,0.0000,0,0.0000,0.0000
41,0.010995,158,0.0782,0.0054,1,0.0213,0.0213,2,0.0426,0.0213,1,0.0213,0.0000,9,0.1915,0.0213,1,0.0213,0.0000,0,0.0000,0.0000,2,0.0426,0.0426,4,0.0851,0.0000,1,0.0213,0.0000,3,0.0638,0.0000,1,0.0213,0.0213,17,0.3617,0.0000,10,0.2128,0.0000,6,0.1277,0.0000,11,0.2340,0.0638,1,0.0213,0.0000,0,0.0000,0.0000,4,0.0851,0.0000,7,0.1489,0.0000,2,0.0426,0.0000,3,0.0638,0.0000,0,0.0000,0.0000,9,0.1915,0.0426,9,0.1915,0.0000,8,0.1702,0.0000,2,0.0426,0.0000,1,0.0213,0.0000,0,0.0000,0.0000,2,0.0426,0.0000,2,0.0426,0.0000,0,0.0000,0.0000,0,0.0000,0.0000,0,0.0000,0.0000,19,0.4043,0.0000,5,0.1064,0.0000,4,0.0851,0.0000,11,0.2340,0.0000,0,0.0000,0.0000,0,0.0000,0.0000,0,0.0000,0.0000,0,0.0000,0.0000,0,0.0000,0.0000,0,0.0000,0.0000
146,0.010755,121,0.0531,0.0105,1,0.0189,0.0000,1,0.0189,0.0000,3,0.0566,0.0189,4,0.0755,0.0377,2,0.0377,0.0000,4,0.0755,0.0000,0,0.0000,0.0000,3,0.0566,0.0000,1,0.0189,0.0000,5,0.0943,0.0189,4,0.0755,0.0189,1,0.0189,0.0000,9,0.1698,0.0566,0,0.0000,0.0000,0,0.0000,0.0000,0,0.0000,0.0000,2,0.0377,0.0000,1,0.0189,0.0000,3,0.0566,0.0377,0,0.0000,0.0000,7,0.1321,0.0189,4,0.0755,0.0000,4,0.0755,0.0377,2,0.0377,0.0000,5,0.0943,0.0000,0,0.0000,0.0000,2,0.0377,0.0000,2,0.0377,0.0000,1,0.0189,0.0000,2,0.0377,0.0189,15,0.2830,0.0377,4,0.0755,0.0189,5,0.0943,0.0000,11,0.2075,0.0566,0,0.0000,0.0000,5,0.0943,0.0377,2,0.0377,0.0189,0,0.0000,0.0000,3,0.0566,0.0189,2,0.0377,0.0000,0,0.0000,0.0000,0,0.0000,0.0000,1,0.0189,0.0000
137,0.010325,125,0.0529,0.0080,0,0.0000,0.0000,1,0.0182,0.0182,5,0.0909,0.0364,3,0.0545,0.0000,2,0.0364,0.0000,2,0.0364,0.0000,5,0.0909,0.0000,2,0.0364,0.0000,0,0.0000,0.0000,24,0.4364,0.0182,11,0.2000,0.0727,3,0.0545,0.0000,31,0.5636,0.1273,2,0.0364,0.0000,0,0.0000,0.0000,0,0.0000,0.0000,3,0.0545,0.0182,1,0.0182,0.0000,6,0.1091,0.0182,0,0.0000,0.0000,3,0.0545,0.0000,0,0.0000,0.0000,2,0.0364,0.0000,0,0.0000,0.0000,4,0.0727,0.0000,1,0.0182,0.0000,1,0.0182,0.0000,0,0.0000,0.0000,0,0.0000,0.0000,4,0.0727,0.0182,0,0.0000,0.0000,1,0.0182,0.0000,0,0.0000,0.0000,2,0.0364,0.0000,5,0.0909,0.0182,0,0.0000,0.0000,0,0.0000,0.0000,0,0.0000,0.0000,1,0.0182,0.0000,0,0.0000,0.0000,0,0.0000,0.0000,0,0.0000,0.0000,0,0.0000,0.0000
150,0.010145,90,0.0598,0.0106,1,0.0286,0.0000,1,0.0286,0.0000,2,0.0571,0.0000,9,0.2571,0.1429,1,0.0286,0.0000,1,0.0286,0.0000,1,0.0286,0.0000,0,0.0000,0.0000,0,0.0000,0.0000,5,0.1429,0.0286,4,0.1143,0.0000,0,0.0000,0.0000,4,0.1143,0.0000,0,0.0000,0.0000,2,0.0571,0.0000,3,0.0857,0.0000,2,0.0571,0.0000,1,0.0286,0.0000,3,0.0857,0.0000,0,0.0000,0.0000,4,0.1143,0.0286,2,0.0571,0.0000,6,0.1714,0.0571,2,0.0571,0.0000,4,0.1143,0.0286,0,0.0000,0.0000,4,0.1143,0.0000,4,0.1143,0.0000,2,0.0571,0.0286,7,0.2000,0.0571,3,0.0857,0.0000,3,0.0857,0.0286,0,0.0000,0.0000,7,0.2000,0.0571,0,0.0000,0.0000,0,0.0000,0.0000,0,0.0000,0.0000,0,0.0000,0.0000,2,0.0571,0.0000,0,0.0000,0.0000,0,0.0000,0.0000,0,0.0000,0.0000,0,0.0000,0.0000
112,0.009640,121,0.0521,0.0116,0,0.0000,0.0000,1,0.0185,0.0185,2,0.0370,0.0370,5,0.0926,0.0741,3,0.0556,0.0185,6,0.1111,0.0556,1,0.0185,0.0185,4,0.0741,0.0000,3,0.0556,0.0185,6,0.1111,0.0000,5,0.0926,0.0185,6,0.1111,0.0370,7,0.1296,0.0556,2,0.0370,0.0000,2,0.0370,0.0000,0,0.0000,0.0000,0,0.0000,0.0000,2,0.0370,0.0000,6,0.1111,0.0185,0,0.0000,0.0000,5,0.0926,0.0185,3,0.0556,0.0000,4,0.0741,0.0000,1,0.0185,0.0000,8,0.1481,0.0185,0,0.0000,0.0000,6,0.1111,0.0000,3,0.0556,0.0000,4,0.0741,0.0000,2,0.0370,0.0000,3,0.0556,0.0000,3,0.0556,0.0000,2,0.0370,0.0000,10,0.1852,0.0370,0,0.0000,0.0000,3,0.0556,0.0000,0,0.0000,0.0000,0,0.0000,0.0000,3,0.0556,0.0556,0,0.0000,0.0000,0,0.0000,0.0000,0,0.0000,0.0000,0,0.0000,0.0000
100,0.009635,128,0.0744,0.0093,1,0.0250,0.0250,2,0.0500,0.0500,0,0.0000,0.0000,0,0.0000,0.0000,4,0.1000,0.0250,0,0.0000,0.0000,3,0.0750,0.0500,2,0.0500,0.0000,2,0.0500,0.0000,3,0.0750,0.0500,0,0.0000,0.0000,11,0.2750,0.0000,8,0.2000,0.0750,5,0.1250,0.0000,9,0.2250,0.0250,0,0.0000,0.0000,3,0.0750,0.0000,4,0.1000,0.0250,10,0.2500,0.0250,2,0.0500,0.0000,3,0.0750,0.0000,0,0.0000,0.0000,8,0.2000,0.0000,6,0.1500,0.0000,3,0.0750,0.0000,3,0.0750,0.0000,3,0.0750,0.0000,1,0.0250,0.0000,7,0.1750,0.0000,3,0.0750,0.0250,1,0.0250,0.0000,3,0.0750,0.0000,1,0.0250,0.0000,6,0.1500,0.0000,5,0.1250,0.0250,2,0.0500,0.0000,4,0.1000,0.0000,0,0.0000,0.0000,0,0.0000,0.0000,0,0.0000,0.0000,0,0.0000,0.0000,0,0.0000,0.0000,0,0.0000,0.0000
54,0.009535,133,0.0562,0.0093,1,0.0182,0.0000,1,0.0182,0.0000,1,0.0182,0.0182,2,0.0364,0.0000,3,0.0545,0.0182,3,0.0545,0.0182,3,0.0545,0.0182,4,0.0727,0.0000,1,0.0182,0.0182,8,0.1455,0.0000,4,0.0727,0.0000,8,0.1455,0.0000,10,0.1818,0.0182,1,0.0182,0.0000,7,0.1273,0.0182,0,0.0000,0.0000,3,0.0545,0.0545,1,0.0182,0.0000,7,0.1273,0.0182,1,0.0182,0.0000,14,0.2545,0.1273,0,0.0000,0.0000,4,0.0727,0.0000,0,0.0000,0.0000,3,0.0545,0.0000,0,0.0000,0.0000,9,0.1636,0.0000,3,0.0545,0.0182,7,0.1273,0.0182,6,0.1091,0.0182,6,0.1091,0.0182,2,0.0364,0.0000,1,0.0182,0.0000,3,0.0545,0.0000,3,0.0545,0.0000,1,0.0182,0.0000,2,0.0364,0.0000,0,0.0000,0.0000,0,0.0000,0.0000,0,0.0000,0.0000,0,0.0000,0.0000,0,0.0000,0.0000,0,0.0000,0.0000
89,0.009285,124,0.0601,0.0078,1,0.0208,0.0000,1,0.0208,0.0000,1,0.0208,0.0000,1,0.0208,0.0000,4,0.0833,0.0000,5,0.1042,0.0000,1,0.0208,0.0208,2,0.0417,0.0000,1,0.0208,0.0208,17,0.3542,0.0417,14,0.2917,0.0208,8,0.1667,0.0000,10,0.2083,0.0833,0,0.0000,0.0000,4,0.0833,0.0000,10,0.2083,0.0625,5,0.1042,0.0000,0,0.0000,0.0000,1,0.0208,0.0000,0,0.0000,0.0000,7,0.1458,0.0417,2,0.0417,0.0000,4,0.0833,0.0000,0,0.0000,0.0000,0,0.0000,0.0000,0,0.0000,0.0000,8,0.1667,0.0000,5,0.1042,0.0000,2,0.0417,0.0000,3,0.0625,0.0000,1,0.0208,0.0208,2,0.0417,0.0000,3,0.0625,0.0208,0,0.0000,0.0000,1,0.0208,0.0000,0,0.0000,0.0000,0,0.0000,0.0000,0,0.0000,0.0000,0,0.0000,0.0000,0,0.0000,0.0000,0,0.0000,0.0000,0,0.0000,0.0000,0,0.0000,0.0000
121,0.009280,89,0.0481,0.0124,1,0.0233,0.0000,1,0.0233,0.0000,3,0.0698,0.0233,3,0.0698,0.0000,1,0.0233,0.0000,0,0.0000,0.0000,1,0.0233,0.0233,2,0.0465,0.0233,0,0.0000,0.0000,8,0.1860,0.0233,8,0.1860,0.0465,2,0.0465,0.0000,5,0.1163,0.0233,1,0.0233,0.0000,5,0.1163,0.0465,2,0.0465,0.0000,6,0.1395,0.0698,0,0.0000,0.0000,2,0.0465,0.0000,0,0.0000,0.0000,3,0.0698,0.0233,2,0.0465,0.0000,3,0.0698,0.0233,0,0.0000,0.0000,5,0.1163,0.0465,0,0.0000,0.0000,2,0.0465,0.0000,2,0.0465,0.0000,0,0.0000,0.0000,1,0.0233,0.0233,3,0.0698,0.0000,3,0.0698,0.0233,0,0.0000,0.0000,4,0.0930,0.0000,4,0.0930,0.0233,0,0.0000,0.0000,4,0.0930,0.0465,0,0.0000,0.0000,1,0.0233,0.0233,1,0.0233,0.0233,0,0.0000,0.0000,0,0.0000,0.0000,0,0.0000,0.0000
162,0.009100,98,0.0570,0.0099,1,0.0250,0.0000,1,0.0250,0.0000,1,0.0250,0.0000,2,0.0500,0.0500,2,0.0500,0.0000,1,0.0250,0.0250,2,0.0500,0.0250,2,0.0500,0.0000,0,0.0000,0.0000,5,0.1250,0.0250,5,0.1250,0.0250,1,0.0250,0.0000,7,0.1750,0.0500,1,0.0250,0.0000,4,0.1000,0.0000,3,0.0750,0.0000,1,0.0250,0.0000,1,0.0250,0.0000,5,0.1250,0.0000,0,0.0000,0.0000,6,0.1500,0.0500,4,0.1000,0.0250,1,0.0250,0.0000,2,0.0500,0.0000,4,0.1000,0.0000,0,0.0000,0.0000,3,0.0750,0.0000,4,0.1000,0.0250,0,0.0000,0.0000,5,0.1250,0.0250,2,0.0500,0.0000,6,0.1500,0.0500,1,0.0250,0.0000,6,0.1500,0.0500,2,0.0500,0.0000,4,0.1000,0.0000,0,0.0000,0.0000,0,0.0000,0.0000,3,0.0750,0.0000,0,0.0000,0.0000,0,0.0000,0.0000,0,0.0000,0.0000,0,0.0000,0.0000
140,0.009065,93,0.0601,0.0090,3,0.0833,0.0000,4,0.1111,0.0000,2,0.0556,0.0556,0,0.0000,0.0000,2,0.0556,0.0000,3,0.0833,0.0000,1,0.0278,0.0278,1,0.0278,0.0000,0,0.0000,0.0000,2,0.0556,0.0278,4,0.1111,0.0000,0,0.0000,0.0000,5,0.1389,0.0556,0,0.0000,0.0000,0,0.0000,0.0000,3,0.0833,0.0000,7,0.1944,0.0556,1,0.0278,0.0000,4,0.1111,0.0000,0,0.0000,0.0000,4,0.1111,0.0000,4,0.1111,0.0278,3,0.0833,0.0000,2,0.0556,0.0000,5,0.1389,0.0000,0,0.0000,0.0000,3,0.0833,0.0000,7,0.1944,0.0556,0,0.0000,0.0000,8,0.2222,0.0278,3,0.0833,0.0000,3,0.0833,0.0000,1,0.0278,0.0000,6,0.1667,0.0278,0,0.0000,0.0000,0,0.0000,0.0000,0,0.0000,0.0000,0,0.0000,0.0000,2,0.0556,0.0278,0,0.0000,0.0000,0,0.0000,0.0000,0,0.0000,0.0000,0,0.0000,0.0000
59,0.009020,115,0.0622,0.0108,0,0.0000,0.0000,1,0.0233,0.0233,1,0.0233,0.0233,4,0.0930,0.0000,3,0.0698,0.0233,3,0.0698,0.0233,0,0.0000,0.0000,5,0.1163,0.0233,0,0.0000,0.0000,2,0.0465,0.0000,0,0.0000,0.0000,7,0.1628,0.0000,6,0.1395,0.0698,3,0.0698,0.0000,5,0.1163,0.0233,1,0.0233,0.0233,3,0.0698,0.0000,3,0.0698,0.0000,12,0.2791,0.0930,0,0.0000,0.0000,2,0.0465,0.0233,1,0.0233,0.0000,6,0.1395,0.0465,5,0.1163,0.0000,9,0.2093,0.0465,0,0.0000,0.0000,6,0.1395,0.0000,2,0.0465,0.0000,3,0.0698,0.0000,4,0.0930,0.0000,0,0.0000,0.0000,2,0.0465,0.0000,0,0.0000,0.0000,4,0.0930,0.0000,6,0.1395,0.0233,2,0.0465,0.0000,4,0.0930,0.0000,0,0.0000,0.0000,0,0.0000,0.0000,0,0.0000,0.0000,0,0.0000,0.0000,0,0.0000,0.0000,0,0.0000,0.0000
175,0.008780,88,0.0640,0.0087,0,0.0000,0.0000,2,0.0625,0.0312,1,0.0312,0.0312,5,0.1562,0.0312,0,0.0000,0.0000,3,0.0938,0.0000,0,0.0000,0.0000,2,0.0625,0.0312,1,0.0312,0.0000,5,0.1562,0.0000,2,0.0625,0.0000,2,0.0625,0.0000,6,0.1875,0.0938,0,0.0000,0.0000,0,0.0000,0.0000,3,0.0938,0.0000,4,0.1250,0.0312,0,0.0000,0.0000,2,0.0625,0.0000,0,0.0000,0.0000,4,0.1250,0.0000,6,0.1875,0.0000,4,0.1250,0.0000,3,0.0938,0.0000,2,0.0625,0.0312,0,0.0000,0.0000,2,0.0625,0.0000,1,0.0312,0.0000,0,0.0000,0.0000,3,0.0938,0.0000,7,0.2188,0.0312,2,0.0625,0.0000,2,0.0625,0.0000,3,0.0938,0.0312,1,0.0312,0.0312,3,0.0938,0.0000,3,0.0938,0.0000,0,0.0000,0.0000,3,0.0938,0.0000,0,0.0000,0.0000,0,0.0000,0.0000,0,0.0000,0.0000,1,0.0312,0.0000
84,0.008550,106,0.0560,0.0122,1,0.0227,0.0227,4,0.0909,0.0455,3,0.0682,0.0227,10,0.2273,0.1136,3,0.0682,0.0000,1,0.0227,0.0000,0,0.0000,0.0000,3,0.0682,0.0000,2,0.0455,0.0227,4,0.0909,0.0227,0,0.0000,0.0000,5,0.1136,0.0000,7,0.1591,0.0227,1,0.0227,0.0000,6,0.1364,0.0227,2,0.0455,0.0227,3,0.0682,0.0227,2,0.0455,0.0000,2,0.0455,0.0000,1,0.0227,0.0000,6,0.1364,0.0227,2,0.0455,0.0000,14,0.3182,0.0682,3,0.0682,0.0000,3,0.0682,0.0000,1,0.0227,0.0000,4,0.0909,0.0227,0,0.0000,0.0000,2,0.0455,0.0455,0,0.0000,0.0000,0,0.0000,0.0000,2,0.0455,0.0000,0,0.0000,0.0000,3,0.0682,0.0000,2,0.0455,0.0000,1,0.0227,0.0000,1,0.0227,0.0000,0,0.0000,0.0000,1,0.0227,0.0227,1,0.0227,0.0000,0,0.0000,0.0000,0,0.0000,0.0000,0,0.0000,0.0000
160,0.008500,84,0.0698,0.0116,0,0.0000,0.0000,2,0.0714,0.0357,1,0.0357,0.0000,2,0.0714,0.0000,2,0.0714,0.0000,2,0.0714,0.0357,1,0.0357,0.0357,1,0.0357,0.0000,0,0.0000,0.0000,6,0.2143,0.0357,3,0.1071,0.0000,4,0.1429,0.0000,6,0.2143,0.0357,0,0.0000,0.0000,2,0.0714,0.0000,3,0.1071,0.0357,1,0.0357,0.0000,1,0.0357,0.0000,3,0.1071,0.0000,0,0.0000,0.0000,4,0.1429,0.1071,2,0.0714,0.0000,3,0.1071,0.0357,1,0.0357,0.0000,4,0.1429,0.0000,0,0.0000,0.0000,2,0.0714,0.0000,2,0.0714,0.0357,1,0.0357,0.0000,1,0.0357,0.0000,5,0.1786,0.0000,0,0.0000,0.0000,4,0.1429,0.0000,5,0.1786,0.0000,2,0.0714,0.0357,2,0.0714,0.0000,3,0.1071,0.0357,1,0.0357,0.0000,2,0.0714,0.0357,0,0.0000,0.0000,0,0.0000,0.0000,0,0.0000,0.0000,0,0.0000,0.0000
101,0.008485,123,0.0817,0.0073,2,0.0571,0.0286,3,0.0857,0.0000,2,0.0571,0.0000,6,0.1714,0.0286,4,0.1143,0.0000,0,0.0000,0.0000,2,0.0571,0.0286,3,0.0857,0.0000,1,0.0286,0.0000,5,0.1429,0.0286,2,0.0571,0.0000,7,0.2000,0.0000,8,0.2286,0.0857,2,0.0571,0.0000,6,0.1714,0.0000,0,0.0000,0.0000,3,0.0857,0.0000,3,0.0857,0.0000,6,0.1714,0.0286,2,0.0571,0.0000,4,0.1143,0.0000,0,0.0000,0.0000,4,0.1143,0.0286,4,0.1143,0.0000,7,0.2000,0.0000,3,0.0857,0.0000,5,0.1429,0.0000,1,0.0286,0.0000,7,0.2000,0.0571,4,0.1143,0.0000,1,0.0286,0.0000,2,0.0571,0.0000,0,0.0000,0.0000,6,0.1714,0.0000,2,0.0571,0.0000,1,0.0286,0.0000,5,0.1429,0.0000,0,0.0000,0.0000,0,0.0000,0.0000,0,0.0000,0.0000,0,0.0000,0.0000,0,0.0000,0.0000,0,0.0000,0.0000
182,0.008385,89,0.0493,0.0116,0,0.0000,0.0000,1,0.0238,0.0238,4,0.0952,0.0238,4,0.0952,0.0476,1,0.0238,0.0000,11,0.2619,0.1190,0,0.0000,0.0000,1,0.0238,0.0000,0,0.0000,0.0000,7,0.1667,0.0000,4,0.0952,0.0476,4,0.0952,0.0000,7,0.1667,0.0714,0,0.0000,0.0000,0,0.0000,0.0000,3,0.0714,0.0000,1,0.0238,0.0000,1,0.0238,0.0000,3,0.0714,0.0476,0,0.0000,0.0000,5,0.1190,0.0238,1,0.0238,0.0000,4,0.0952,0.0238,0,0.0000,0.0000,4,0.0952,0.0000,0,0.0000,0.0000,3,0.0714,0.0000,2,0.0476,0.0238,0,0.0000,0.0000,9,0.2143,0.0238,1,0.0238,0.0000,1,0.0238,0.0000,1,0.0238,0.0000,2,0.0476,0.0238,0,0.0000,0.0000,2,0.0476,0.0000,2,0.0476,0.0000,0,0.0000,0.0000,0,0.0000,0.0000,0,0.0000,0.0000,0,0.0000,0.0000,0,0.0000,0.0000,0,0.0000,0.0000
77,0.008100,93,0.0541,0.0116,1,0.0250,0.0250,5,0.1250,0.0750,0,0.0000,0.0000,1,0.0250,0.0250,6,0.1500,0.0250,4,0.1000,0.0000,1,0.0250,0.0250,2,0.0500,0.0250,2,0.0500,0.0000,6,0.1500,0.0000,6,0.1500,0.0750,6,0.1500,0.0000,4,0.1000,0.0250,1,0.0250,0.0000,2,0.0500,0.0000,0,0.0000,0.0000,3,0.0750,0.0000,1,0.0250,0.0000,3,0.0750,0.0000,1,0.0250,0.0000,4,0.1000,0.0000,1,0.0250,0.0000,2,0.0500,0.0000,1,0.0250,0.0000,2,0.0500,0.0000,0,0.0000,0.0000,6,0.1500,0.0750,1,0.0250,0.0000,6,0.1500,0.0500,1,0.0250,0.0000,2,0.0500,0.0250,5,0.1250,0.0000,1,0.0250,0.0000,1,0.0250,0.0000,2,0.0500,0.0000,0,0.0000,0.0000,1,0.0250,0.0000,0,0.0000,0.0000,2,0.0500,0.0500,0,0.0000,0.0000,0,0.0000,0.0000,0,0.0000,0.0000,0,0.0000,0.0000
52,0.007815,99,0.0501,0.0111,0,0.0000,0.0000,1,0.0217,0.0217,2,0.0435,0.0217,3,0.0652,0.0435,0,0.0000,0.0000,3,0.0652,0.0217,2,0.0435,0.0435,4,0.0870,0.0000,0,0.0000,0.0000,9,0.1957,0.0000,4,0.0870,0.0217,9,0.1957,0.0000,16,0.3478,0.1522,0,0.0000,0.0000,5,0.1087,0.0000,1,0.0217,0.0000,5,0.1087,0.0217,2,0.0435,0.0000,3,0.0652,0.0000,1,0.0217,0.0000,5,0.1087,0.0435,0,0.0000,0.0000,4,0.0870,0.0000,0,0.0000,0.0000,0,0.0000,0.0000,0,0.0000,0.0000,2,0.0435,0.0000,2,0.0435,0.0435,0,0.0000,0.0000,1,0.0217,0.0000,0,0.0000,0.0000,1,0.0217,0.0000,1,0.0217,0.0000,2,0.0435,0.0000,8,0.1739,0.0217,1,0.0217,0.0217,2,0.0435,0.0000,0,0.0000,0.0000,0,0.0000,0.0000,0,0.0000,0.0000,0,0.0000,0.0000,0,0.0000,0.0000,0,0.0000,0.0000
124,0.007685,60,0.0377,0.0163,18,0.4865,0.4595,0,0.0000,0.0000,2,0.0541,0.0270,3,0.0811,0.0541,2,0.0541,0.0000,2,0.0541,0.0000,0,0.0000,0.0000,1,0.0270,0.0000,0,0.0000,0.0000,2,0.0541,0.0000,2,0.0541,0.0000,0,0.0000,0.0000,4,0.1081,0.0541,0,0.0000,0.0000,0,0.0000,0.0000,3,0.0811,0.0000,1,0.0270,0.0270,0,0.0000,0.0000,0,0.0000,0.0000,0,0.0000,0.0000,2,0.0541,0.0000,4,0.1081,0.0000,2,0.0541,0.0270,1,0.0270,0.0000,0,0.0000,0.0000,0,0.0000,0.0000,2,0.0541,0.0000,1,0.0270,0.0270,0,0.0000,0.0000,0,0.0000,0.0000,2,0.0541,0.0000,0,0.0000,0.0000,1,0.0270,0.0000,2,0.0541,0.0270,0,0.0000,0.0000,0,0.0000,0.0000,0,0.0000,0.0000,0,0.0000,0.0000,3,0.0811,0.0000,0,0.0000,0.0000,0,0.0000,0.0000,0,0.0000,0.0000,0,0.0000,0.0000
109,0.007635,96,0.0744,0.0054,1,0.0333,0.0000,1,0.0333,0.0000,3,0.1000,0.0333,3,0.1000,0.0000,3,0.1000,0.0333,2,0.0667,0.0000,3,0.1000,0.0333,4,0.1333,0.0000,1,0.0333,0.0000,7,0.2333,0.0000,2,0.0667,0.0000,3,0.1000,0.0000,4,0.1333,0.0333,0,0.0000,0.0000,5,0.1667,0.0000,2,0.0667,0.0000,6,0.2000,0.0000,0,0.0000,0.0000,3,0.1000,0.0333,0,0.0000,0.0000,8,0.2667,0.0000,5,0.1667,0.0000,2,0.0667,0.0000,3,0.1000,0.0000,0,0.0000,0.0000,0,0.0000,0.0000,6,0.2000,0.0000,0,0.0000,0.0000,4,0.1333,0.0333,3,0.1000,0.0000,0,0.0000,0.0000,4,0.1333,0.0000,1,0.0333,0.0000,2,0.0667,0.0000,1,0.0333,0.0000,0,0.0000,0.0000,3,0.1000,0.0000,0,0.0000,0.0000,1,0.0333,0.0333,0,0.0000,0.0000,0,0.0000,0.0000,0,0.0000,0.0000,0,0.0000,0.0000
168,0.007485,78,0.0518,0.0106,0,0.0000,0.0000,1,0.0286,0.0286,1,0.0286,0.0286,1,0.0286,0.0000,2,0.0571,0.0000,4,0.1143,0.0000,0,0.0000,0.0000,1,0.0286,0.0000,0,0.0000,0.0000,2,0.0571,0.0000,5,0.1429,0.0571,0,0.0000,0.0000,3,0.0857,0.0571,0,0.0000,0.0000,3,0.0857,0.0571,1,0.0286,0.0000,5,0.1429,0.0286,0,0.0000,0.0000,1,0.0286,0.0000,0,0.0000,0.0000,5,0.1429,0.0286,1,0.0286,0.0000,11,0.3143,0.0571,1,0.0286,0.0000,2,0.0571,0.0000,0,0.0000,0.0000,3,0.0857,0.0000,4,0.1143,0.0286,0,0.0000,0.0000,1,0.0286,0.0000,4,0.1143,0.0000,5,0.1429,0.0286,2,0.0571,0.0000,4,0.1143,0.0000,1,0.0286,0.0000,1,0.0286,0.0000,1,0.0286,0.0286,1,0.0286,0.0000,1,0.0286,0.0286,0,0.0000,0.0000,0,0.0000,0.0000,0,0.0000,0.0000,0,0.0000,0.0000
173,0.007430,81,0.0509,0.0126,0,0.0000,0.0000,1,0.0270,0.0270,0,0.0000,0.0000,1,0.0270,0.0270,2,0.0541,0.0541,2,0.0541,0.0000,1,0.0270,0.0000,0,0.0000,0.0000,0,0.0000,0.0000,7,0.1892,0.0000,1,0.0270,0.0000,5,0.1351,0.0000,8,0.2162,0.1081,0,0.0000,0.0000,0,0.0000,0.0000,0,0.0000,0.0000,2,0.0541,0.0270,0,0.0000,0.0000,5,0.1351,0.0000,0,0.0000,0.0000,0,0.0000,0.0000,1,0.0270,0.0000,2,0.0541,0.0270,1,0.0270,0.0000,5,0.1351,0.0270,0,0.0000,0.0000,2,0.0541,0.0000,1,0.0270,0.0000,1,0.0270,0.0000,5,0.1351,0.0541,6,0.1622,0.0000,3,0.0811,0.0270,5,0.1351,0.0000,11,0.2973,0.0811,1,0.0270,0.0270,1,0.0270,0.0270,0,0.0000,0.0000,0,0.0000,0.0000,1,0.0270,0.0270,0,0.0000,0.0000,0,0.0000,0.0000,0,0.0000,0.0000,0,0.0000,0.0000
159,0.007390,91,0.0516,0.0085,1,0.0244,0.0000,1,0.0244,0.0000,1,0.0244,0.0000,0,0.0000,0.0000,2,0.0488,0.0000,3,0.0732,0.0000,1,0.0244,0.0244,2,0.0488,0.0000,0,0.0000,0.0000,4,0.0976,0.0000,6,0.1463,0.0244,3,0.0732,0.0000,5,0.1220,0.0244,0,0.0000,0.0000,2,0.0488,0.0000,2,0.0488,0.0000,10,0.2439,0.1220,1,0.0244,0.0000,2,0.0488,0.0000,0,0.0000,0.0000,5,0.1220,0.0244,2,0.0488,0.0000,2,0.0488,0.0000,0,0.0000,0.0000,3,0.0732,0.0000,0,0.0000,0.0000,2,0.0488,0.0000,3,0.0732,0.0000,0,0.0000,0.0000,3,0.0732,0.0488,6,0.1463,0.0000,4,0.0976,0.0488,0,0.0000,0.0000,8,0.1951,0.0244,1,0.0244,0.0000,1,0.0244,0.0000,3,0.0732,0.0000,0,0.0000,0.0000,2,0.0488,0.0244,0,0.0000,0.0000,0,0.0000,0.0000,0,0.0000,0.0000,0,0.0000,0.0000
98,0.007045,94,0.0607,0.0123,0,0.0000,0.0000,0,0.0000,0.0000,2,0.0556,0.0556,0,0.0000,0.0000,1,0.0278,0.0000,2,0.0556,0.0278,2,0.0556,0.0278,4,0.1111,0.0000,1,0.0278,0.0000,3,0.0833,0.0000,1,0.0278,0.0278,8,0.2222,0.0000,8,0.2222,0.0278,1,0.0278,0.0000,3,0.0833,0.0278,1,0.0278,0.0000,6,0.1667,0.0556,1,0.0278,0.0000,2,0.0556,0.0278,0,0.0000,0.0000,4,0.1111,0.0556,0,0.0000,0.0000,6,0.1667,0.0278,6,0.1667,0.0278,6,0.1667,0.0000,1,0.0278,0.0000,2,0.0556,0.0000,1,0.0278,0.0000,8,0.2222,0.1111,0,0.0000,0.0000,3,0.0833,0.0000,2,0.0556,0.0000,0,0.0000,0.0000,4,0.1111,0.0000,0,0.0000,0.0000,0,0.0000,0.0000,5,0.1389,0.0278,0,0.0000,0.0000,0,0.0000,0.0000,0,0.0000,0.0000,0,0.0000,0.0000,0,0.0000,0.0000,0,0.0000,0.0000
104,0.006995,85,0.0549,0.0103,0,0.0000,0.0000,0,0.0000,0.0000,1,0.0278,0.0000,2,0.0556,0.0278,1,0.0278,0.0278,0,0.0000,0.0000,2,0.0556,0.0278,0,0.0000,0.0000,7,0.1944,0.1667,6,0.1667,0.0833,2,0.0556,0.0278,11,0.3056,0.0000,3,0.0833,0.0000,2,0.0556,0.0000,11,0.3056,0.0000,0,0.0000,0.0000,0,0.0000,0.0000,6,0.1667,0.0000,0,0.0000,0.0000,0,0.0000,0.0000,6,0.1667,0.0000,0,0.0000,0.0000,0,0.0000,0.0000,4,0.1111,0.0000,1,0.0278,0.0278,0,0.0000,0.0000,4,0.1111,0.0000,0,0.0000,0.0000,3,0.0833,0.0000,0,0.0000,0.0000,0,0.0000,0.0000,3,0.0833,0.0000,0,0.0000,0.0000,3,0.0833,0.0000,1,0.0278,0.0278,1,0.0278,0.0000,4,0.1111,0.0278,0,0.0000,0.0000,0,0.0000,0.0000,1,0.0278,0.0000,0,0.0000,0.0000,0,0.0000,0.0000,0,0.0000,0.0000
88,0.006845,79,0.0510,0.0110,0,0.0000,0.0000,1,0.0278,0.0278,0,0.0000,0.0000,1,0.0278,0.0000,5,0.1389,0.0000,4,0.1111,0.0000,1,0.0278,0.0000,3,0.0833,0.0278,2,0.0556,0.0000,3,0.0833,0.0000,0,0.0000,0.0000,4,0.1111,0.0000,6,0.1667,0.0278,1,0.0278,0.0000,4,0.1111,0.0278,3,0.0833,0.0000,0,0.0000,0.0000,1,0.0278,0.0000,2,0.0556,0.0278,0,0.0000,0.0000,3,0.0833,0.0278,3,0.0833,0.0000,3,0.0833,0.0000,3,0.0833,0.0000,8,0.2222,0.1389,0,0.0000,0.0000,10,0.2778,0.0833,0,0.0000,0.0000,0,0.0000,0.0000,2,0.0556,0.0000,0,0.0000,0.0000,2,0.0556,0.0278,0,0.0000,0.0000,1,0.0278,0.0000,0,0.0000,0.0000,1,0.0278,0.0278,1,0.0278,0.0000,0,0.0000,0.0000,1,0.0278,0.0278,0,0.0000,0.0000,0,0.0000,0.0000,0,0.0000,0.0000,0,0.0000,0.0000
108,0.006840,90,0.0634,0.0106,3,0.0909,0.0303,3,0.0909,0.0000,2,0.0606,0.0000,3,0.0909,0.0303,3,0.0909,0.0303,0,0.0000,0.0000,1,0.0303,0.0303,3,0.0909,0.0000,2,0.0606,0.0303,3,0.0909,0.0000,3,0.0909,0.0606,4,0.1212,0.0000,4,0.1212,0.0000,2,0.0606,0.0000,5,0.1515,0.0606,1,0.0303,0.0000,2,0.0606,0.0000,0,0.0000,0.0000,4,0.1212,0.0909,0,0.0000,0.0000,1,0.0303,0.0000,1,0.0303,0.0000,7,0.2121,0.0000,2,0.0606,0.0000,0,0.0000,0.0000,1,0.0303,0.0000,1,0.0303,0.0000,2,0.0606,0.0000,8,0.2424,0.0000,5,0.1515,0.0303,1,0.0303,0.0000,2,0.0606,0.0000,4,0.1212,0.0303,3,0.0909,0.0000,0,0.0000,0.0000,1,0.0303,0.0303,3,0.0909,0.0000,0,0.0000,0.0000,0,0.0000,0.0000,0,0.0000,0.0000,0,0.0000,0.0000,0,0.0000,0.0000,0,0.0000,0.0000
177,0.006795,69,0.0617,0.0089,2,0.0769,0.0000,2,0.0769,0.0000,2,0.0769,0.0000,2,0.0769,0.0000,4,0.1538,0.0000,0,0.0000,0.0000,0,0.0000,0.0000,3,0.1154,0.0000,1,0.0385,0.0000,1,0.0385,0.0000,3,0.1154,0.0769,1,0.0385,0.0000,4,0.1538,0.1154,0,0.0000,0.0000,0,0.0000,0.0000,3,0.1154,0.0000,1,0.0385,0.0000,0,0.0000,0.0000,1,0.0385,0.0000,0,0.0000,0.0000,3,0.1154,0.0769,4,0.1538,0.0385,3,0.1154,0.0000,1,0.0385,0.0000,1,0.0385,0.0000,0,0.0000,0.0000,5,0.1923,0.0000,3,0.1154,0.0000,2,0.0769,0.0000,3,0.1154,0.0769,3,0.1154,0.0000,1,0.0385,0.0000,1,0.0385,0.0000,2,0.0769,0.0000,0,0.0000,0.0000,1,0.0385,0.0000,1,0.0385,0.0000,1,0.0385,0.0000,0,0.0000,0.0000,0,0.0000,0.0000,2,0.0769,0.0000,1,0.0385,0.0000,1,0.0385,0.0000
93,0.006485,66,0.0614,0.0102,0,0.0000,0.0000,1,0.0400,0.0400,1,0.0400,0.0400,2,0.0800,0.0800,3,0.1200,0.0800,0,0.0000,0.0000,1,0.0400,0.0400,4,0.1600,0.0000,0,0.0000,0.0000,4,0.1600,0.0000,1,0.0400,0.0000,6,0.2400,0.0000,2,0.0800,0.0000,2,0.0800,0.0000,4,0.1600,0.0000,0,0.0000,0.0000,1,0.0400,0.0000,2,0.0800,0.0000,0,0.0000,0.0000,0,0.0000,0.0000,3,0.1200,0.0400,2,0.0800,0.0000,2,0.0800,0.0000,4,0.1600,0.0000,1,0.0400,0.0000,1,0.0400,0.0000,0,0.0000,0.0000,1,0.0400,0.0000,3,0.1200,0.0000,0,0.0000,0.0000,1,0.0400,0.0000,0,0.0000,0.0000,2,0.0800,0.0000,5,0.2000,0.0400,0,0.0000,0.0000,3,0.1200,0.0000,1,0.0400,0.0000,0,0.0000,0.0000,3,0.1200,0.0800,0,0.0000,0.0000,0,0.0000,0.0000,0,0.0000,0.0000,0,0.0000,0.0000
149,0.006455,76,0.0478,0.0088,2,0.0541,0.0000,2,0.0541,0.0000,1,0.0270,0.0000,1,0.0270,0.0000,2,0.0541,0.0000,2,0.0541,0.0270,0,0.0000,0.0000,2,0.0541,0.0000,1,0.0270,0.0000,4,0.1081,0.0270,2,0.0541,0.0000,0,0.0000,0.0000,4,0.1081,0.0270,0,0.0000,0.0000,0,0.0000,0.0000,3,0.0811,0.0000,1,0.0270,0.0000,1,0.0270,0.0000,1,0.0270,0.0000,0,0.0000,0.0000,3,0.0811,0.0270,3,0.0811,0.0000,2,0.0541,0.0000,1,0.0270,0.0000,6,0.1622,0.0541,1,0.0270,0.0270,0,0.0000,0.0000,0,0.0000,0.0000,2,0.0541,0.0270,1,0.0270,0.0000,8,0.2162,0.0000,0,0.0000,0.0000,0,0.0000,0.0000,7,0.1892,0.0000,6,0.1622,0.0811,3,0.0811,0.0541,0,0.0000,0.0000,1,0.0270,0.0000,0,0.0000,0.0000,0,0.0000,0.0000,1,0.0270,0.0000,0,0.0000,0.0000,2,0.0541,0.0270
103,0.006440,92,0.0549,0.0113,1,0.0256,0.0256,0,0.0000,0.0000,0,0.0000,0.0000,1,0.0256,0.0000,1,0.0256,0.0256,0,0.0000,0.0000,1,0.0256,0.0256,3,0.0769,0.0000,3,0.0769,0.0256,4,0.1026,0.0000,1,0.0256,0.0000,7,0.1795,0.0000,5,0.1282,0.0513,0,0.0000,0.0000,11,0.2821,0.1538,0,0.0000,0.0000,0,0.0000,0.0000,3,0.0769,0.0000,3,0.0769,0.0256,1,0.0256,0.0000,3,0.0769,0.0000,0,0.0000,0.0000,6,0.1538,0.0769,3,0.0769,0.0000,3,0.0769,0.0000,1,0.0256,0.0000,2,0.0513,0.0000,1,0.0256,0.0000,12,0.3077,0.0769,3,0.0769,0.0000,2,0.0513,0.0000,4,0.1026,0.0000,0,0.0000,0.0000,4,0.1026,0.0000,0,0.0000,0.0000,0,0.0000,0.0000,3,0.0769,0.0000,0,0.0000,0.0000,0,0.0000,0.0000,0,0.0000,0.0000,0,0.0000,0.0000,0,0.0000,0.0000,0,0.0000,0.0000
153,0.006295,63,0.0523,0.0125,0,0.0000,0.0000,2,0.0714,0.0714,1,0.0357,0.0000,2,0.0714,0.0714,1,0.0357,0.0357,1,0.0357,0.0000,1,0.0357,0.0357,0,0.0000,0.0000,0,0.0000,0.0000,2,0.0714,0.0000,2,0.0714,0.0000,0,0.0000,0.0000,3,0.1071,0.0000,0,0.0000,0.0000,1,0.0357,0.0357,2,0.0714,0.0000,0,0.0000,0.0000,0,0.0000,0.0000,1,0.0357,0.0000,0,0.0000,0.0000,5,0.1786,0.0357,3,0.1071,0.0000,2,0.0714,0.0000,1,0.0357,0.0000,3,0.1071,0.0357,0,0.0000,0.0000,8,0.2857,0.0714,2,0.0714,0.0357,1,0.0357,0.0000,4,0.1429,0.0357,6,0.2143,0.0000,0,0.0000,0.0000,1,0.0357,0.0000,6,0.2143,0.0357,0,0.0000,0.0000,1,0.0357,0.0000,0,0.0000,0.0000,0,0.0000,0.0000,1,0.0357,0.0357,0,0.0000,0.0000,0,0.0000,0.0000,0,0.0000,0.0000,0,0.0000,0.0000
56,0.006180,80,0.0517,0.0103,1,0.0278,0.0278,3,0.0833,0.0278,0,0.0000,0.0000,3,0.0833,0.0278,4,0.1111,0.0556,0,0.0000,0.0000,1,0.0278,0.0278,5,0.1389,0.0278,0,0.0000,0.0000,4,0.1111,0.0000,2,0.0556,0.0000,4,0.1111,0.0278,5,0.1389,0.0278,2,0.0556,0.0556,3,0.0833,0.0000,4,0.1111,0.0000,3,0.0833,0.0556,1,0.0278,0.0000,4,0.1111,0.0278,0,0.0000,0.0000,1,0.0278,0.0000,4,0.1111,0.0000,6,0.1667,0.0278,0,0.0000,0.0000,3,0.0833,0.0000,1,0.0278,0.0000,6,0.1667,0.0000,2,0.0556,0.0000,1,0.0278,0.0000,1,0.0278,0.0000,0,0.0000,0.0000,1,0.0278,0.0000,0,0.0000,0.0000,0,0.0000,0.0000,3,0.0833,0.0278,2,0.0556,0.0000,0,0.0000,0.0000,0,0.0000,0.0000,0,0.0000,0.0000,0,0.0000,0.0000,0,0.0000,0.0000,0,0.0000,0.0000,0,0.0000,0.0000
87,0.006170,80,0.0503,0.0101,1,0.0270,0.0270,1,0.0270,0.0000,1,0.0270,0.0270,8,0.2162,0.1081,1,0.0270,0.0000,0,0.0000,0.0000,1,0.0270,0.0270,3,0.0811,0.0541,0,0.0000,0.0000,4,0.1081,0.0270,1,0.0270,0.0000,10,0.2703,0.0000,7,0.1892,0.0270,4,0.1081,0.0000,10,0.2703,0.0270,1,0.0270,0.0000,2,0.0541,0.0270,1,0.0270,0.0000,1,0.0270,0.0000,0,0.0000,0.0000,3,0.0811,0.0000,0,0.0000,0.0000,7,0.1892,0.0270,0,0.0000,0.0000,1,0.0270,0.0000,0,0.0000,0.0000,3,0.0811,0.0000,3,0.0811,0.0000,0,0.0000,0.0000,3,0.0811,0.0270,1,0.0270,0.0000,0,0.0000,0.0000,0,0.0000,0.0000,0,0.0000,0.0000,0,0.0000,0.0000,0,0.0000,0.0000,1,0.0270,0.0000,0,0.0000,0.0000,1,0.0270,0.0270,0,0.0000,0.0000,0,0.0000,0.0000,0,0.0000,0.0000,0,0.0000,0.0000
136,0.006135,63,0.0458,0.0109,0,0.0000,0.0000,1,0.0312,0.0312,1,0.0312,0.0000,1,0.0312,0.0000,2,0.0625,0.0312,1,0.0312,0.0312,1,0.0312,0.0000,1,0.0312,0.0000,0,0.0000,0.0000,3,0.0938,0.0000,7,0.2188,0.1562,2,0.0625,0.0000,3,0.0938,0.0000,0,0.0000,0.0000,0,0.0000,0.0000,4,0.1250,0.0000,1,0.0312,0.0000,0,0.0000,0.0000,0,0.0000,0.0000,1,0.0312,0.0000,2,0.0625,0.0312,6,0.1875,0.0000,2,0.0625,0.0000,2,0.0625,0.0000,2,0.0625,0.0000,0,0.0000,0.0000,3,0.0938,0.0000,1,0.0312,0.0000,0,0.0000,0.0000,3,0.0938,0.0625,3,0.0938,0.0000,5,0.1562,0.0938,2,0.0625,0.0000,2,0.0625,0.0000,0,0.0000,0.0000,0,0.0000,0.0000,0,0.0000,0.0000,0,0.0000,0.0000,1,0.0312,0.0312,0,0.0000,0.0000,0,0.0000,0.0000,0,0.0000,0.0000,0,0.0000,0.0000
123,0.006055,74,0.0521,0.0106,0,0.0000,0.0000,1,0.0303,0.0303,1,0.0303,0.0303,0,0.0000,0.0000,2,0.0606,0.0000,3,0.0909,0.0303,0,0.0000,0.0000,2,0.0606,0.0000,0,0.0000,0.0000,7,0.2121,0.0000,2,0.0606,0.0000,2,0.0606,0.0000,7,0.2121,0.0303,1,0.0303,0.0000,1,0.0303,0.0000,1,0.0303,0.0000,1,0.0303,0.0000,0,0.0000,0.0000,1,0.0303,0.0000,1,0.0303,0.0000,5,0.1515,0.0606,4,0.1212,0.0303,5,0.1515,0.0606,2,0.0606,0.0000,4,0.1212,0.0606,1,0.0303,0.0000,4,0.1212,0.0000,2,0.0606,0.0000,1,0.0303,0.0000,2,0.0606,0.0000,1,0.0303,0.0000,1,0.0303,0.0000,0,0.0000,0.0000,2,0.0606,0.0000,3,0.0909,0.0303,1,0.0303,0.0303,0,0.0000,0.0000,0,0.0000,0.0000,2,0.0606,0.0303,1,0.0303,0.0303,0,0.0000,0.0000,0,0.0000,0.0000,0,0.0000,0.0000
134,0.006055,66,0.0667,0.0071,1,0.0435,0.0000,1,0.0435,0.0000,0,0.0000,0.0000,0,0.0000,0.0000,2,0.0870,0.0000,2,0.0870,0.0000,1,0.0435,0.0000,2,0.0870,0.0000,0,0.0000,0.0000,2,0.0870,0.0000,3,0.1304,0.0000,2,0.0870,0.0000,5,0.2174,0.0435,0,0.0000,0.0000,0,0.0000,0.0000,1,0.0435,0.0000,2,0.0870,0.0000,0,0.0000,0.0000,2,0.0870,0.0000,0,0.0000,0.0000,3,0.1304,0.0000,1,0.0435,0.0000,2,0.0870,0.0000,0,0.0000,0.0000,3,0.1304,0.0000,0,0.0000,0.0000,1,0.0435,0.0000,6,0.2609,0.0870,0,0.0000,0.0000,0,0.0000,0.0000,4,0.1739,0.0435,7,0.3043,0.0870,3,0.1304,0.0000,6,0.2609,0.0435,4,0.1739,0.0000,0,0.0000,0.0000,0,0.0000,0.0000,0,0.0000,0.0000,0,0.0000,0.0000,0,0.0000,0.0000,0,0.0000,0.0000,0,0.0000,0.0000,0,0.0000,0.0000
113,0.006015,69,0.0446,0.0116,2,0.0556,0.0000,2,0.0556,0.0000,3,0.0833,0.0556,0,0.0000,0.0000,3,0.0833,0.0278,11,0.3056,0.1944,0,0.0000,0.0000,2,0.0556,0.0000,0,0.0000,0.0000,2,0.0556,0.0000,2,0.0556,0.0000,1,0.0278,0.0000,3,0.0833,0.0278,0,0.0000,0.0000,3,0.0833,0.0278,1,0.0278,0.0000,5,0.1389,0.0000,0,0.0000,0.0000,0,0.0000,0.0000,0,0.0000,0.0000,3,0.0833,0.0000,0,0.0000,0.0000,1,0.0278,0.0278,0,0.0000,0.0000,4,0.1111,0.0556,0,0.0000,0.0000,0,0.0000,0.0000,2,0.0556,0.0000,0,0.0000,0.0000,4,0.1111,0.0278,3,0.0833,0.0000,0,0.0000,0.0000,0,0.0000,0.0000,5,0.1389,0.0278,3,0.0833,0.0278,1,0.0278,0.0000,0,0.0000,0.0000,0,0.0000,0.0000,1,0.0278,0.0000,0,0.0000,0.0000,1,0.0278,0.0000,0,0.0000,0.0000,1,0.0278,0.0000
132,0.005915,77,0.0689,0.0072,1,0.0385,0.0000,1,0.0385,0.0000,3,0.1154,0.0000,2,0.0769,0.0000,2,0.0769,0.0000,2,0.0769,0.0000,0,0.0000,0.0000,2,0.0769,0.0000,1,0.0385,0.0385,6,0.2308,0.0000,3,0.1154,0.0000,2,0.0769,0.0000,4,0.1538,0.0385,0,0.0000,0.0000,1,0.0385,0.0000,3,0.1154,0.0000,7,0.2692,0.1154,1,0.0385,0.0000,3,0.1154,0.0385,0,0.0000,0.0000,3,0.1154,0.0000,2,0.0769,0.0000,3,0.1154,0.0000,0,0.0000,0.0000,3,0.1154,0.0000,0,0.0000,0.0000,4,0.1538,0.0000,4,0.1538,0.0385,1,0.0385,0.0000,1,0.0385,0.0000,4,0.1538,0.0000,0,0.0000,0.0000,2,0.0769,0.0000,2,0.0769,0.0000,1,0.0385,0.0000,1,0.0385,0.0385,1,0.0385,0.0000,0,0.0000,0.0000,1,0.0385,0.0000,0,0.0000,0.0000,0,0.0000,0.0000,0,0.0000,0.0000,0,0.0000,0.0000
125,0.005895,68,0.0465,0.0150,0,0.0000,0.0000,0,0.0000,0.0000,0,0.0000,0.0000,5,0.1471,0.0882,11,0.3235,0.2647,3,0.0882,0.0000,0,0.0000,0.0000,0,0.0000,0.0000,0,0.0000,0.0000,4,0.1176,0.0000,0,0.0000,0.0000,2,0.0588,0.0000,4,0.1176,0.0294,1,0.0294,0.0000,1,0.0294,0.0000,1,0.0294,0.0000,0,0.0000,0.0000,1,0.0294,0.0000,1,0.0294,0.0000,0,0.0000,0.0000,4,0.1176,0.0588,2,0.0588,0.0000,0,0.0000,0.0000,1,0.0294,0.0000,4,0.1176,0.0294,0,0.0000,0.0000,0,0.0000,0.0000,0,0.0000,0.0000,0,0.0000,0.0000,4,0.1176,0.0294,3,0.0882,0.0294,0,0.0000,0.0000,1,0.0294,0.0000,11,0.3235,0.0882,0,0.0000,0.0000,0,0.0000,0.0000,0,0.0000,0.0000,0,0.0000,0.0000,4,0.1176,0.0294,0,0.0000,0.0000,0,0.0000,0.0000,0,0.0000,0.0000,0,0.0000,0.0000
117,0.005885,63,0.0458,0.0124,0,0.0000,0.0000,1,0.0312,0.0312,0,0.0000,0.0000,5,0.1562,0.0625,5,0.1562,0.1250,4,0.1250,0.0625,0,0.0000,0.0000,0,0.0000,0.0000,2,0.0625,0.0625,4,0.1250,0.0000,0,0.0000,0.0000,2,0.0625,0.0000,4,0.1250,0.0312,0,0.0000,0.0000,2,0.0625,0.0625,1,0.0312,0.0000,4,0.1250,0.0625,1,0.0312,0.0000,1,0.0312,0.0000,0,0.0000,0.0000,1,0.0312,0.0000,0,0.0000,0.0000,0,0.0000,0.0000,0,0.0000,0.0000,1,0.0312,0.0000,0,0.0000,0.0000,1,0.0312,0.0000,1,0.0312,0.0000,0,0.0000,0.0000,2,0.0625,0.0000,4,0.1250,0.0000,0,0.0000,0.0000,4,0.1250,0.0000,4,0.1250,0.0000,1,0.0312,0.0000,3,0.0938,0.0312,1,0.0312,0.0000,1,0.0312,0.0000,3,0.0938,0.0000,0,0.0000,0.0000,0,0.0000,0.0000,0,0.0000,0.0000,0,0.0000,0.0000
122,0.005720,65,0.0458,0.0113,1,0.0303,0.0000,1,0.0303,0.0000,2,0.0606,0.0303,0,0.0000,0.0000,2,0.0606,0.0000,4,0.1212,0.0303,0,0.0000,0.0000,2,0.0606,0.0000,0,0.0000,0.0000,4,0.1212,0.0000,4,0.1212,0.0303,2,0.0606,0.0000,6,0.1818,0.0303,0,0.0000,0.0000,4,0.1212,0.0909,1,0.0303,0.0000,2,0.0606,0.0303,0,0.0000,0.0000,1,0.0303,0.0000,0,0.0000,0.0000,1,0.0303,0.0000,1,0.0303,0.0000,1,0.0303,0.0000,0,0.0000,0.0000,1,0.0303,0.0000,0,0.0000,0.0000,2,0.0606,0.0000,1,0.0303,0.0000,0,0.0000,0.0000,3,0.0909,0.0606,3,0.0909,0.0000,0,0.0000,0.0000,3,0.0909,0.0000,3,0.0909,0.0000,0,0.0000,0.0000,1,0.0303,0.0000,7,0.2121,0.1515,0,0.0000,0.0000,1,0.0303,0.0303,1,0.0303,0.0000,0,0.0000,0.0000,0,0.0000,0.0000,0,0.0000,0.0000
142,0.005700,76,0.0609,0.0080,1,0.0345,0.0000,1,0.0345,0.0000,3,0.1034,0.0000,3,0.1034,0.0345,2,0.0690,0.0000,4,0.1379,0.0000,0,0.0000,0.0000,2,0.0690,0.0000,0,0.0000,0.0000,4,0.1379,0.0000,3,0.1034,0.0000,1,0.0345,0.0000,8,0.2759,0.0690,0,0.0000,0.0000,2,0.0690,0.0000,4,0.1379,0.0000,7,0.2414,0.1379,0,0.0000,0.0000,1,0.0345,0.0000,0,0.0000,0.0000,2,0.0690,0.0345,4,0.1379,0.0345,4,0.1379,0.0000,1,0.0345,0.0000,2,0.0690,0.0000,0,0.0000,0.0000,5,0.1724,0.0000,3,0.1034,0.0000,1,0.0345,0.0000,4,0.1379,0.0345,0,0.0000,0.0000,0,0.0000,0.0000,0,0.0000,0.0000,0,0.0000,0.0000,3,0.1034,0.0000,0,0.0000,0.0000,0,0.0000,0.0000,0,0.0000,0.0000,1,0.0345,0.0000,0,0.0000,0.0000,0,0.0000,0.0000,0,0.0000,0.0000,0,0.0000,0.0000
67,0.005685,76,0.0609,0.0104,0,0.0000,0.0000,1,0.0345,0.0345,1,0.0345,0.0345,0,0.0000,0.0000,3,0.1034,0.0000,4,0.1379,0.0345,0,0.0000,0.0000,0,0.0000,0.0000,0,0.0000,0.0000,3,0.1034,0.0000,3,0.1034,0.0000,6,0.2069,0.0000,5,0.1724,0.0690,0,0.0000,0.0000,4,0.1379,0.0345,4,0.1379,0.0000,1,0.0345,0.0345,0,0.0000,0.0000,3,0.1034,0.0000,0,0.0000,0.0000,1,0.0345,0.0000,5,0.1724,0.0000,5,0.1724,0.0690,1,0.0345,0.0000,3,0.1034,0.0345,0,0.0000,0.0000,8,0.2759,0.0000,2,0.0690,0.0000,3,0.1034,0.0000,5,0.1724,0.0345,0,0.0000,0.0000,1,0.0345,0.0000,1,0.0345,0.0345,0,0.0000,0.0000,2,0.0690,0.0000,0,0.0000,0.0000,1,0.0345,0.0345,0,0.0000,0.0000,0,0.0000,0.0000,0,0.0000,0.0000,0,0.0000,0.0000,0,0.0000,0.0000,0,0.0000,0.0000
183,0.005630,71,0.0533,0.0098,0,0.0000,0.0000,2,0.0645,0.0323,0,0.0000,0.0000,0,0.0000,0.0000,2,0.0645,0.0323,2,0.0645,0.0000,1,0.0323,0.0323,1,0.0323,0.0000,0,0.0000,0.0000,10,0.3226,0.0000,2,0.0645,0.0000,6,0.1935,0.0000,6,0.1935,0.0000,0,0.0000,0.0000,1,0.0323,0.0000,1,0.0323,0.0000,0,0.0000,0.0000,0,0.0000,0.0000,1,0.0323,0.0000,0,0.0000,0.0000,3,0.0968,0.0645,2,0.0645,0.0000,0,0.0000,0.0000,0,0.0000,0.0000,3,0.0968,0.0323,0,0.0000,0.0000,4,0.1290,0.0000,0,0.0000,0.0000,0,0.0000,0.0000,3,0.0968,0.0323,4,0.1290,0.0000,0,0.0000,0.0000,4,0.1290,0.0645,6,0.1935,0.0645,0,0.0000,0.0000,2,0.0645,0.0000,0,0.0000,0.0000,0,0.0000,0.0000,4,0.1290,0.0323,0,0.0000,0.0000,0,0.0000,0.0000,0,0.0000,0.0000,1,0.0323,0.0323
62,0.005625,71,0.0486,0.0096,0,0.0000,0.0000,1,0.0294,0.0294,1,0.0294,0.0000,2,0.0588,0.0000,2,0.0588,0.0000,0,0.0000,0.0000,1,0.0294,0.0294,5,0.1471,0.0000,0,0.0000,0.0000,5,0.1471,0.0000,0,0.0000,0.0000,5,0.1471,0.0000,6,0.1765,0.0588,2,0.0588,0.0000,4,0.1176,0.0000,1,0.0294,0.0000,1,0.0294,0.0000,3,0.0882,0.0000,3,0.0882,0.0000,1,0.0294,0.0000,2,0.0588,0.0294,1,0.0294,0.0000,5,0.1471,0.0588,1,0.0294,0.0000,4,0.1176,0.0882,0,0.0000,0.0000,1,0.0294,0.0000,0,0.0000,0.0000,4,0.1176,0.0294,1,0.0294,0.0294,0,0.0000,0.0000,2,0.0588,0.0000,4,0.1176,0.0588,1,0.0294,0.0000,0,0.0000,0.0000,0,0.0000,0.0000,1,0.0294,0.0000,0,0.0000,0.0000,0,0.0000,0.0000,0,0.0000,0.0000,0,0.0000,0.0000,0,0.0000,0.0000,1,0.0294,0.0000
70,0.005510,70,0.0525,0.0075,1,0.0323,0.0000,1,0.0323,0.0000,1,0.0323,0.0323,1,0.0323,0.0323,3,0.0968,0.0000,3,0.0968,0.0000,1,0.0323,0.0323,5,0.1613,0.0000,1,0.0323,0.0323,7,0.2258,0.0000,2,0.0645,0.0000,3,0.0968,0.0000,6,0.1935,0.0645,0,0.0000,0.0000,3,0.0968,0.0000,1,0.0323,0.0000,4,0.1290,0.0000,2,0.0645,0.0000,2,0.0645,0.0000,0,0.0000,0.0000,4,0.1290,0.0000,0,0.0000,0.0000,2,0.0645,0.0000,0,0.0000,0.0000,1,0.0323,0.0000,0,0.0000,0.0000,3,0.0968,0.0000,1,0.0323,0.0000,0,0.0000,0.0000,4,0.1290,0.0645,0,0.0000,0.0000,1,0.0323,0.0000,1,0.0323,0.0000,1,0.0323,0.0000,2,0.0645,0.0323,2,0.0645,0.0323,1,0.0323,0.0000,0,0.0000,0.0000,0,0.0000,0.0000,0,0.0000,0.0000,0,0.0000,0.0000,0,0.0000,0.0000,0,0.0000,0.0000
138,0.005475,65,0.0796,0.0073,0,0.0000,0.0000,1,0.0526,0.0526,0,0.0000,0.0000,1,0.0526,0.0000,2,0.1053,0.0000,2,0.1053,0.0000,2,0.1053,0.0526,2,0.1053,0.0000,0,0.0000,0.0000,6,0.3158,0.0000,3,0.1579,0.0000,2,0.1053,0.0000,3,0.1579,0.0000,0,0.0000,0.0000,2,0.1053,0.1053,2,0.1053,0.0000,2,0.1053,0.0000,1,0.0526,0.0000,1,0.0526,0.0526,0,0.0000,0.0000,2,0.1053,0.0526,3,0.1579,0.0000,2,0.1053,0.0000,3,0.1579,0.0000,2,0.1053,0.0000,0,0.0000,0.0000,5,0.2632,0.0000,2,0.1053,0.0000,2,0.1053,0.0000,2,0.1053,0.0000,1,0.0526,0.0000,1,0.0526,0.0000,3,0.1579,0.0000,2,0.1053,0.0000,1,0.0526,0.0000,1,0.0526,0.0000,0,0.0000,0.0000,0,0.0000,0.0000,1,0.0526,0.0000,0,0.0000,0.0000,0,0.0000,0.0000,0,0.0000,0.0000,0,0.0000,0.0000
148,0.005465,61,0.0546,0.0143,1,0.0385,0.0000,1,0.0385,0.0000,1,0.0385,0.0385,1,0.0385,0.0385,2,0.0769,0.0000,3,0.1154,0.0385,1,0.0385,0.0000,2,0.0769,0.0000,0,0.0000,0.0000,2,0.0769,0.0000,3,0.1154,0.0385,1,0.0385,0.0000,4,0.1538,0.0769,1,0.0385,0.0385,0,0.0000,0.0000,1,0.0385,0.0000,5,0.1923,0.0385,1,0.0385,0.0000,1,0.0385,0.0000,0,0.0000,0.0000,7,0.2692,0.0769,3,0.1154,0.0385,2,0.0769,0.0385,1,0.0385,0.0000,1,0.0385,0.0000,0,0.0000,0.0000,2,0.0769,0.0000,5,0.1923,0.0769,0,0.0000,0.0000,2,0.0769,0.0385,1,0.0385,0.0000,1,0.0385,0.0000,1,0.0385,0.0000,0,0.0000,0.0000,3,0.1154,0.0000,0,0.0000,0.0000,0,0.0000,0.0000,0,0.0000,0.0000,1,0.0385,0.0385,0,0.0000,0.0000,0,0.0000,0.0000,0,0.0000,0.0000,0,0.0000,0.0000
95,0.005340,61,0.0473,0.0116,0,0.0000,0.0000,1,0.0333,0.0333,1,0.0333,0.0333,0,0.0000,0.0000,2,0.0667,0.0000,3,0.1000,0.0000,0,0.0000,0.0000,2,0.0667,0.0000,1,0.0333,0.0333,9,0.3000,0.0667,4,0.1333,0.0667,6,0.2000,0.0000,3,0.1000,0.0667,0,0.0000,0.0000,2,0.0667,0.0000,1,0.0333,0.0333,0,0.0000,0.0000,1,0.0333,0.0000,0,0.0000,0.0000,0,0.0000,0.0000,5,0.1667,0.0333,0,0.0000,0.0000,3,0.1000,0.0667,1,0.0333,0.0000,0,0.0000,0.0000,1,0.0333,0.0000,4,0.1333,0.0000,2,0.0667,0.0333,0,0.0000,0.0000,1,0.0333,0.0000,1,0.0333,0.0000,1,0.0333,0.0000,1,0.0333,0.0000,2,0.0667,0.0000,0,0.0000,0.0000,1,0.0333,0.0000,1,0.0333,0.0000,0,0.0000,0.0000,0,0.0000,0.0000,1,0.0333,0.0333,0,0.0000,0.0000,0,0.0000,0.0000,0,0.0000,0.0000
99,0.005260,65,0.0445,0.0116,0,0.0000,0.0000,1,0.0294,0.0294,1,0.0294,0.0000,1,0.0294,0.0294,4,0.1176,0.0000,2,0.0588,0.0000,1,0.0294,0.0294,2,0.0588,0.0000,1,0.0294,0.0000,5,0.1471,0.0588,1,0.0294,0.0000,3,0.0882,0.0000,4,0.1176,0.0000,0,0.0000,0.0000,3,0.0882,0.0000,1,0.0294,0.0000,4,0.1176,0.0882,1,0.0294,0.0000,2,0.0588,0.0000,0,0.0000,0.0000,2,0.0588,0.0588,2,0.0588,0.0000,1,0.0294,0.0294,0,0.0000,0.0000,3,0.0882,0.0000,0,0.0000,0.0000,2,0.0588,0.0294,0,0.0000,0.0000,8,0.2353,0.1176,1,0.0294,0.0294,1,0.0294,0.0000,1,0.0294,0.0000,0,0.0000,0.0000,3,0.0882,0.0000,2,0.0588,0.0000,0,0.0000,0.0000,2,0.0588,0.0000,0,0.0000,0.0000,0,0.0000,0.0000,0,0.0000,0.0000,0,0.0000,0.0000,0,0.0000,0.0000,0,0.0000,0.0000
156,0.005235,48,0.0447,0.0112,1,0.0400,0.0000,1,0.0400,0.0000,1,0.0400,0.0000,3,0.1200,0.0800,2,0.0800,0.0000,0,0.0000,0.0000,2,0.0800,0.0800,2,0.0800,0.0000,0,0.0000,0.0000,5,0.2000,0.0400,4,0.1600,0.0400,2,0.0800,0.0000,4,0.1600,0.0800,0,0.0000,0.0000,0,0.0000,0.0000,0,0.0000,0.0000,1,0.0400,0.0000,0,0.0000,0.0000,1,0.0400,0.0000,0,0.0000,0.0000,3,0.1200,0.0000,0,0.0000,0.0000,2,0.0800,0.0400,0,0.0000,0.0000,4,0.1600,0.0800,0,0.0000,0.0000,1,0.0400,0.0000,2,0.0800,0.0400,0,0.0000,0.0000,0,0.0000,0.0000,1,0.0400,0.0000,1,0.0400,0.0000,1,0.0400,0.0000,1,0.0400,0.0000,2,0.0800,0.0000,0,0.0000,0.0000,0,0.0000,0.0000,0,0.0000,0.0000,1,0.0400,0.0000,0,0.0000,0.0000,0,0.0000,0.0000,0,0.0000,0.0000,0,0.0000,0.0000
60,0.005180,72,0.0598,0.0075,0,0.0000,0.0000,1,0.0357,0.0357,2,0.0714,0.0000,3,0.1071,0.0000,2,0.0714,0.0000,0,0.0000,0.0000,2,0.0714,0.0357,5,0.1786,0.0000,1,0.0357,0.0357,6,0.2143,0.0000,0,0.0000,0.0000,7,0.2500,0.0357,1,0.0357,0.0000,5,0.1786,0.0000,2,0.0714,0.0000,0,0.0000,0.0000,0,0.0000,0.0000,2,0.0714,0.0000,2,0.0714,0.0000,0,0.0000,0.0000,2,0.0714,0.0357,0,0.0000,0.0000,3,0.1071,0.0357,1,0.0357,0.0000,2,0.0714,0.0000,0,0.0000,0.0000,5,0.1786,0.0000,0,0.0000,0.0000,4,0.1429,0.1071,3,0.1071,0.0000,2,0.0714,0.0000,2,0.0714,0.0000,0,0.0000,0.0000,3,0.1071,0.0000,1,0.0357,0.0000,1,0.0357,0.0000,2,0.0714,0.0000,0,0.0000,0.0000,0,0.0000,0.0000,0,0.0000,0.0000,0,0.0000,0.0000,0,0.0000,0.0000,0,0.0000,0.0000
164,0.005120,45,0.0523,0.0093,1,0.0500,0.0000,1,0.0500,0.0000,0,0.0000,0.0000,0,0.0000,0.0000,0,0.0000,0.0000,2,0.1000,0.1000,1,0.0500,0.0500,0,0.0000,0.0000,0,0.0000,0.0000,3,0.1500,0.0000,2,0.1000,0.0000,0,0.0000,0.0000,5,0.2500,0.0000,0,0.0000,0.0000,0,0.0000,0.0000,0,0.0000,0.0000,1,0.0500,0.0000,0,0.0000,0.0000,1,0.0500,0.0000,0,0.0000,0.0000,3,0.1500,0.0500,0,0.0000,0.0000,2,0.1000,0.0000,0,0.0000,0.0000,3,0.1500,0.0000,0,0.0000,0.0000,1,0.0500,0.0000,1,0.0500,0.0500,0,0.0000,0.0000,2,0.1000,0.0000,2,0.1000,0.0000,1,0.0500,0.0000,2,0.1000,0.0500,2,0.1000,0.0000,3,0.1500,0.1000,3,0.1500,0.0000,2,0.1000,0.0000,0,0.0000,0.0000,0,0.0000,0.0000,1,0.0500,0.0000,0,0.0000,0.0000,0,0.0000,0.0000,0,0.0000,0.0000
43,0.005115,53,0.0616,0.0093,2,0.1000,0.1000,2,0.1000,0.0000,0,0.0000,0.0000,0,0.0000,0.0000,0,0.0000,0.0000,0,0.0000,0.0000,0,0.0000,0.0000,3,0.1500,0.0000,2,0.1000,0.0000,3,0.1500,0.0000,0,0.0000,0.0000,1,0.0500,0.0000,2,0.1000,0.0000,0,0.0000,0.0000,2,0.1000,0.0000,0,0.0000,0.0000,1,0.0500,0.0000,4,0.2000,0.0000,2,0.1000,0.0500,2,0.1000,0.0000,5,0.2500,0.0500,0,0.0000,0.0000,4,0.2000,0.1000,4,0.2000,0.0000,5,0.2500,0.1000,1,0.0500,0.0000,2,0.1000,0.0000,1,0.0500,0.0000,1,0.0500,0.0000,0,0.0000,0.0000,0,0.0000,0.0000,2,0.1000,0.0000,0,0.0000,0.0000,0,0.0000,0.0000,0,0.0000,0.0000,0,0.0000,0.0000,1,0.0500,0.0000,0,0.0000,0.0000,0,0.0000,0.0000,0,0.0000,0.0000,0,0.0000,0.0000,0,0.0000,0.0000,1,0.0500,0.0000
152,0.005115,57,0.0473,0.0100,0,0.0000,0.0000,2,0.0714,0.0357,1,0.0357,0.0357,4,0.1429,0.1071,2,0.0714,0.0000,1,0.0357,0.0000,0,0.0000,0.0000,2,0.0714,0.0000,0,0.0000,0.0000,8,0.2857,0.0000,2,0.0714,0.0357,3,0.1071,0.0000,8,0.2857,0.0000,3,0.1071,0.0357,1,0.0357,0.0000,0,0.0000,0.0000,1,0.0357,0.0000,0,0.0000,0.0000,2,0.0714,0.0357,0,0.0000,0.0000,4,0.1429,0.0714,0,0.0000,0.0000,1,0.0357,0.0000,0,0.0000,0.0000,2,0.0714,0.0357,0,0.0000,0.0000,1,0.0357,0.0000,0,0.0000,0.0000,1,0.0357,0.0000,1,0.0357,0.0000,2,0.0714,0.0000,1,0.0357,0.0000,0,0.0000,0.0000,2,0.0714,0.0000,1,0.0357,0.0000,0,0.0000,0.0000,0,0.0000,0.0000,0,0.0000,0.0000,1,0.0357,0.0357,0,0.0000,0.0000,0,0.0000,0.0000,0,0.0000,0.0000,0,0.0000,0.0000
145,0.005030,54,0.0502,0.0102,1,0.0400,0.0000,2,0.0800,0.0000,2,0.0800,0.0000,2,0.0800,0.0000,2,0.0800,0.0000,1,0.0400,0.0000,1,0.0400,0.0400,0,0.0000,0.0000,2,0.0800,0.0400,2,0.0800,0.0000,2,0.0800,0.0000,0,0.0000,0.0000,4,0.1600,0.1200,0,0.0000,0.0000,2,0.0800,0.0000,3,0.1200,0.0000,2,0.0800,0.0400,0,0.0000,0.0000,2,0.0800,0.0400,0,0.0000,0.0000,3,0.1200,0.0400,3,0.1200,0.0000,1,0.0400,0.0000,0,0.0000,0.0000,3,0.1200,0.0000,0,0.0000,0.0000,2,0.0800,0.0000,3,0.1200,0.0000,0,0.0000,0.0000,3,0.1200,0.0400,0,0.0000,0.0000,1,0.0400,0.0000,0,0.0000,0.0000,1,0.0400,0.0400,1,0.0400,0.0000,0,0.0000,0.0000,0,0.0000,0.0000,0,0.0000,0.0000,1,0.0400,0.0400,0,0.0000,0.0000,0,0.0000,0.0000,0,0.0000,0.0000,2,0.0800,0.0000
172,0.005015,52,0.0465,0.0098,0,0.0000,0.0000,1,0.0385,0.0385,2,0.0769,0.0385,0,0.0000,0.0000,2,0.0769,0.0000,2,0.0769,0.0000,1,0.0385,0.0385,1,0.0385,0.0000,0,0.0000,0.0000,4,0.1538,0.0000,12,0.4615,0.1154,1,0.0385,0.0000,3,0.1154,0.0385,0,0.0000,0.0000,0,0.0000,0.0000,2,0.0769,0.0000,4,0.1538,0.0385,1,0.0385,0.0000,1,0.0385,0.0000,0,0.0000,0.0000,3,0.1154,0.0385,0,0.0000,0.0000,6,0.2308,0.0385,0,0.0000,0.0000,2,0.0769,0.0000,0,0.0000,0.0000,0,0.0000,0.0000,0,0.0000,0.0000,0,0.0000,0.0000,1,0.0385,0.0000,1,0.0385,0.0000,0,0.0000,0.0000,1,0.0385,0.0000,0,0.0000,0.0000,1,0.0385,0.0385,0,0.0000,0.0000,0,0.0000,0.0000,0,0.0000,0.0000,0,0.0000,0.0000,0,0.0000,0.0000,0,0.0000,0.0000,0,0.0000,0.0000,0,0.0000,0.0000
139,0.005010,55,0.0492,0.0134,0,0.0000,0.0000,1,0.0385,0.0385,1,0.0385,0.0385,4,0.1538,0.0385,2,0.0769,0.0000,1,0.0385,0.0000,2,0.0769,0.0769,2,0.0769,0.0000,0,0.0000,0.0000,1,0.0385,0.0000,2,0.0769,0.0000,1,0.0385,0.0000,8,0.3077,0.1538,0,0.0000,0.0000,2,0.0769,0.0000,1,0.0385,0.0000,2,0.0769,0.0385,0,0.0000,0.0000,1,0.0385,0.0385,0,0.0000,0.0000,1,0.0385,0.0000,1,0.0385,0.0000,5,0.1923,0.0769,1,0.0385,0.0000,0,0.0000,0.0000,0,0.0000,0.0000,3,0.1154,0.0000,1,0.0385,0.0000,1,0.0385,0.0000,1,0.0385,0.0000,3,0.1154,0.0385,3,0.1154,0.0000,0,0.0000,0.0000,1,0.0385,0.0385,1,0.0385,0.0000,1,0.0385,0.0000,1,0.0385,0.0000,0,0.0000,0.0000,0,0.0000,0.0000,0,0.0000,0.0000,0,0.0000,0.0000,0,0.0000,0.0000,0,0.0000,0.0000
68,0.005005,60,0.0537,0.0125,1,0.0385,0.0385,2,0.0769,0.0385,0,0.0000,0.0000,1,0.0385,0.0000,2,0.0769,0.0385,2,0.0769,0.0385,2,0.0769,0.0385,0,0.0000,0.0000,0,0.0000,0.0000,8,0.3077,0.1154,1,0.0385,0.0385,6,0.2308,0.0000,3,0.1154,0.0000,1,0.0385,0.0000,1,0.0385,0.0000,0,0.0000,0.0000,0,0.0000,0.0000,2,0.0769,0.0000,5,0.1923,0.0769,1,0.0385,0.0000,0,0.0000,0.0000,0,0.0000,0.0000,2,0.0769,0.0000,2,0.0769,0.0000,2,0.0769,0.0385,1,0.0385,0.0000,4,0.1538,0.0000,0,0.0000,0.0000,0,0.0000,0.0000,2,0.0769,0.0385,2,0.0769,0.0000,1,0.0385,0.0000,0,0.0000,0.0000,2,0.0769,0.0000,2,0.0769,0.0385,1,0.0385,0.0000,1,0.0385,0.0000,0,0.0000,0.0000,0,0.0000,0.0000,0,0.0000,0.0000,0,0.0000,0.0000,0,0.0000,0.0000,0,0.0000,0.0000
158,0.004960,56,0.0395,0.0134,0,0.0000,0.0000,1,0.0303,0.0303,2,0.0606,0.0000,2,0.0606,0.0303,2,0.0606,0.0000,1,0.0303,0.0000,2,0.0606,0.0303,2,0.0606,0.0000,1,0.0303,0.0303,5,0.1515,0.0606,1,0.0303,0.0000,2,0.0606,0.0000,3,0.0909,0.0909,0,0.0000,0.0000,2,0.0606,0.0000,1,0.0303,0.0000,0,0.0000,0.0000,0,0.0000,0.0000,1,0.0303,0.0000,0,0.0000,0.0000,5,0.1515,0.0909,1,0.0303,0.0000,1,0.0303,0.0000,1,0.0303,0.0000,2,0.0606,0.0303,0,0.0000,0.0000,1,0.0303,0.0000,1,0.0303,0.0303,0,0.0000,0.0000,1,0.0303,0.0000,1,0.0303,0.0000,2,0.0606,0.0000,2,0.0606,0.0606,2,0.0606,0.0000,1,0.0303,0.0303,3,0.0909,0.0303,0,0.0000,0.0000,1,0.0303,0.0000,2,0.0606,0.0000,0,0.0000,0.0000,0,0.0000,0.0000,0,0.0000,0.0000,1,0.0303,0.0303
107,0.004835,56,0.0434,0.0124,0,0.0000,0.0000,1,0.0333,0.0333,2,0.0667,0.0333,1,0.0333,0.0000,3,0.1000,0.0000,1,0.0333,0.0000,2,0.0667,0.0667,2,0.0667,0.0000,0,0.0000,0.0000,7,0.2333,0.1000,3,0.1000,0.0333,3,0.1000,0.0000,4,0.1333,0.0333,0,0.0000,0.0000,3,0.1000,0.0333,0,0.0000,0.0000,1,0.0333,0.0000,3,0.1000,0.0333,4,0.1333,0.0333,1,0.0333,0.0000,1,0.0333,0.0000,0,0.0000,0.0000,0,0.0000,0.0000,0,0.0000,0.0000,1,0.0333,0.0000,0,0.0000,0.0000,3,0.1000,0.0333,1,0.0333,0.0333,0,0.0000,0.0000,1,0.0333,0.0000,0,0.0000,0.0000,1,0.0333,0.0000,0,0.0000,0.0000,0,0.0000,0.0000,2,0.0667,0.0333,1,0.0333,0.0333,2,0.0667,0.0000,0,0.0000,0.0000,0,0.0000,0.0000,0,0.0000,0.0000,1,0.0333,0.0000,0,0.0000,0.0000,1,0.0333,0.0000
65,0.004825,52,0.0484,0.0112,0,0.0000,0.0000,1,0.0400,0.0400,2,0.0800,0.0400,1,0.0400,0.0000,2,0.0800,0.0000,0,0.0000,0.0000,0,0.0000,0.0000,2,0.0800,0.0000,2,0.0800,0.0400,6,0.2400,0.1200,2,0.0800,0.0000,6,0.2400,0.0000,1,0.0400,0.0000,0,0.0000,0.0000,4,0.1600,0.0000,0,0.0000,0.0000,1,0.0400,0.0000,2,0.0800,0.0000,1,0.0400,0.0000,0,0.0000,0.0000,2,0.0800,0.0000,1,0.0400,0.0000,0,0.0000,0.0000,0,0.0000,0.0000,3,0.1200,0.0800,0,0.0000,0.0000,2,0.0800,0.0000,3,0.1200,0.0000,0,0.0000,0.0000,2,0.0800,0.0400,0,0.0000,0.0000,0,0.0000,0.0000,3,0.1200,0.0400,0,0.0000,0.0000,3,0.1200,0.0800,0,0.0000,0.0000,0,0.0000,0.0000,0,0.0000,0.0000,0,0.0000,0.0000,0,0.0000,0.0000,0,0.0000,0.0000,0,0.0000,0.0000,0,0.0000,0.0000
58,0.004770,55,0.0474,0.0095,0,0.0000,0.0000,3,0.1111,0.0370,2,0.0741,0.0370,1,0.0370,0.0000,2,0.0741,0.0000,2,0.0741,0.0000,0,0.0000,0.0000,2,0.0741,0.0000,0,0.0000,0.0000,3,0.1111,0.1111,3,0.1111,0.0000,1,0.0370,0.0000,3,0.1111,0.0370,1,0.0370,0.0000,2,0.0741,0.0370,1,0.0370,0.0000,0,0.0000,0.0000,1,0.0370,0.0000,4,0.1481,0.0370,0,0.0000,0.0000,5,0.1852,0.0741,2,0.0741,0.0000,1,0.0370,0.0000,1,0.0370,0.0000,3,0.1111,0.0000,0,0.0000,0.0000,4,0.1481,0.0000,0,0.0000,0.0000,0,0.0000,0.0000,2,0.0741,0.0000,0,0.0000,0.0000,2,0.0741,0.0000,1,0.0370,0.0000,0,0.0000,0.0000,2,0.0741,0.0370,0,0.0000,0.0000,1,0.0370,0.0000,0,0.0000,0.0000,0,0.0000,0.0000,0,0.0000,0.0000,0,0.0000,0.0000,0,0.0000,0.0000,0,0.0000,0.0000
141,0.004680,44,0.0539,0.0086,0,0.0000,0.0000,1,0.0526,0.0526,1,0.0526,0.0000,0,0.0000,0.0000,2,0.1053,0.0000,0,0.0000,0.0000,2,0.1053,0.0000,2,0.1053,0.0000,0,0.0000,0.0000,7,0.3684,0.0000,0,0.0000,0.0000,2,0.1053,0.0000,5,0.2632,0.0000,0,0.0000,0.0000,0,0.0000,0.0000,2,0.1053,0.0526,2,0.1053,0.1053,0,0.0000,0.0000,0,0.0000,0.0000,0,0.0000,0.0000,1,0.0526,0.0526,1,0.0526,0.0000,0,0.0000,0.0000,0,0.0000,0.0000,4,0.2105,0.1053,0,0.0000,0.0000,4,0.2105,0.0000,0,0.0000,0.0000,0,0.0000,0.0000,4,0.2105,0.0000,0,0.0000,0.0000,0,0.0000,0.0000,1,0.0526,0.0000,1,0.0526,0.0000,1,0.0526,0.0000,0,0.0000,0.0000,1,0.0526,0.0000,0,0.0000,0.0000,0,0.0000,0.0000,0,0.0000,0.0000,0,0.0000,0.0000,0,0.0000,0.0000,0,0.0000,0.0000
73,0.004660,53,0.0536,0.0091,2,0.0870,0.0435,2,0.0870,0.0000,1,0.0435,0.0000,0,0.0000,0.0000,2,0.0870,0.0000,2,0.0870,0.0000,0,0.0000,0.0000,1,0.0435,0.0000,0,0.0000,0.0000,6,0.2609,0.0000,2,0.0870,0.0000,2,0.0870,0.0000,6,0.2609,0.0435,0,0.0000,0.0000,0,0.0000,0.0000,2,0.0870,0.0000,2,0.0870,0.0870,0,0.0000,0.0000,1,0.0435,0.0000,0,0.0000,0.0000,4,0.1739,0.0435,3,0.1304,0.0000,1,0.0435,0.0000,0,0.0000,0.0000,3,0.1304,0.0435,0,0.0000,0.0000,3,0.1304,0.0000,3,0.1304,0.0435,0,0.0000,0.0000,2,0.0870,0.0000,0,0.0000,0.0000,0,0.0000,0.0000,0,0.0000,0.0000,2,0.0870,0.0870,1,0.0435,0.0000,0,0.0000,0.0000,0,0.0000,0.0000,0,0.0000,0.0000,0,0.0000,0.0000,0,0.0000,0.0000,0,0.0000,0.0000,0,0.0000,0.0000,0,0.0000,0.0000
97,0.004660,44,0.0426,0.0126,0,0.0000,0.0000,1,0.0417,0.0417,0,0.0000,0.0000,0,0.0000,0.0000,1,0.0417,0.0000,1,0.0417,0.0417,0,0.0000,0.0000,2,0.0833,0.0417,0,0.0000,0.0000,4,0.1667,0.0833,3,0.1250,0.0000,1,0.0417,0.0000,4,0.1667,0.0417,0,0.0000,0.0000,0,0.0000,0.0000,2,0.0833,0.0417,3,0.1250,0.0833,1,0.0417,0.0000,4,0.1667,0.0833,0,0.0000,0.0000,2,0.0833,0.0417,1,0.0417,0.0000,0,0.0000,0.0000,1,0.0417,0.0000,2,0.0833,0.0000,0,0.0000,0.0000,3,0.1250,0.0000,2,0.0833,0.0000,1,0.0417,0.0417,0,0.0000,0.0000,1,0.0417,0.0000,0,0.0000,0.0000,1,0.0417,0.0000,0,0.0000,0.0000,3,0.1250,0.0000,0,0.0000,0.0000,0,0.0000,0.0000,0,0.0000,0.0000,0,0.0000,0.0000,0,0.0000,0.0000,0,0.0000,0.0000,0,0.0000,0.0000,0,0.0000,0.0000
197,0.004590,31,0.0328,0.0169,0,0.0000,0.0000,0,0.0000,0.0000,15,0.6818,0.5909,1,0.0455,0.0000,0,0.0000,0.0000,1,0.0455,0.0455,0,0.0000,0.0000,0,0.0000,0.0000,0,0.0000,0.0000,2,0.0909,0.0000,0,0.0000,0.0000,0,0.0000,0.0000,2,0.0909,0.0000,0,0.0000,0.0000,0,0.0000,0.0000,1,0.0455,0.0000,0,0.0000,0.0000,0,0.0000,0.0000,1,0.0455,0.0000,0,0.0000,0.0000,2,0.0909,0.0455,0,0.0000,0.0000,0,0.0000,0.0000,0,0.0000,0.0000,0,0.0000,0.0000,0,0.0000,0.0000,0,0.0000,0.0000,0,0.0000,0.0000,0,0.0000,0.0000,1,0.0455,0.0000,2,0.0909,0.0000,0,0.0000,0.0000,0,0.0000,0.0000,2,0.0909,0.0000,0,0.0000,0.0000,0,0.0000,0.0000,0,0.0000,0.0000,0,0.0000,0.0000,1,0.0455,0.0455,0,0.0000,0.0000,0,0.0000,0.0000,0,0.0000,0.0000,0,0.0000,0.0000
90,0.004555,50,0.0529,0.0085,0,0.0000,0.0000,1,0.0455,0.0455,2,0.0909,0.0000,4,0.1818,0.0000,0,0.0000,0.0000,0,0.0000,0.0000,1,0.0455,0.0455,5,0.2273,0.0455,0,0.0000,0.0000,8,0.3636,0.0909,2,0.0909,0.0455,1,0.0455,0.0000,0,0.0000,0.0000,4,0.1818,0.0000,3,0.1364,0.0000,0,0.0000,0.0000,1,0.0455,0.0000,1,0.0455,0.0000,1,0.0455,0.0000,0,0.0000,0.0000,2,0.0909,0.0000,0,0.0000,0.0000,2,0.0909,0.0000,0,0.0000,0.0000,0,0.0000,0.0000,0,0.0000,0.0000,2,0.0909,0.0000,0,0.0000,0.0000,1,0.0455,0.0000,0,0.0000,0.0000,0,0.0000,0.0000,1,0.0455,0.0000,0,0.0000,0.0000,3,0.1364,0.0000,0,0.0000,0.0000,1,0.0455,0.0000,2,0.0909,0.0000,0,0.0000,0.0000,2,0.0909,0.0909,0,0.0000,0.0000,0,0.0000,0.0000,0,0.0000,0.0000,0,0.0000,0.0000
82,0.004550,60,0.0517,0.0103,1,0.0370,0.0000,1,0.0370,0.0000,1,0.0370,0.0370,1,0.0370,0.0370,3,0.1111,0.0370,2,0.0741,0.0000,1,0.0370,0.0370,3,0.1111,0.0000,0,0.0000,0.0000,5,0.1852,0.0000,1,0.0370,0.0000,2,0.0741,0.0000,5,0.1852,0.0370,0,0.0000,0.0000,1,0.0370,0.0370,2,0.0741,0.0000,2,0.0741,0.0370,1,0.0370,0.0000,2,0.0741,0.0000,0,0.0000,0.0000,4,0.1481,0.0370,2,0.0741,0.0000,2,0.0741,0.0000,1,0.0370,0.0000,2,0.0741,0.0000,0,0.0000,0.0000,1,0.0370,0.0370,0,0.0000,0.0000,4,0.1481,0.0370,3,0.1111,0.0000,0,0.0000,0.0000,2,0.0741,0.0370,1,0.0370,0.0000,0,0.0000,0.0000,3,0.1111,0.0370,0,0.0000,0.0000,0,0.0000,0.0000,0,0.0000,0.0000,1,0.0370,0.0000,0,0.0000,0.0000,0,0.0000,0.0000,0,0.0000,0.0000,0,0.0000,0.0000
85,0.004545,48,0.0399,0.0158,0,0.0000,0.0000,1,0.0357,0.0357,1,0.0357,0.0357,0,0.0000,0.0000,2,0.0714,0.0357,2,0.0714,0.0000,2,0.0714,0.0357,2,0.0714,0.0000,0,0.0000,0.0000,4,0.1429,0.1071,1,0.0357,0.0000,2,0.0714,0.0000,1,0.0357,0.0000,3,0.1071,0.0357,1,0.0357,0.0000,0,0.0000,0.0000,5,0.1786,0.1429,2,0.0714,0.0000,1,0.0357,0.0000,1,0.0357,0.0000,1,0.0357,0.0000,0,0.0000,0.0000,0,0.0000,0.0000,0,0.0000,0.0000,2,0.0714,0.0357,0,0.0000,0.0000,2,0.0714,0.0357,0,0.0000,0.0000,4,0.1429,0.0357,4,0.1429,0.0000,0,0.0000,0.0000,0,0.0000,0.0000,0,0.0000,0.0000,0,0.0000,0.0000,2,0.0714,0.0714,0,0.0000,0.0000,1,0.0357,0.0357,0,0.0000,0.0000,1,0.0357,0.0357,0,0.0000,0.0000,0,0.0000,0.0000,0,0.0000,0.0000,0,0.0000,0.0000
63,0.004465,49,0.0380,0.0116,1,0.0333,0.0000,1,0.0333,0.0000,1,0.0333,0.0333,2,0.0667,0.0000,2,0.0667,0.0000,0,0.0000,0.0000,0,0.0000,0.0000,2,0.0667,0.0000,0,0.0000,0.0000,2,0.0667,0.0333,3,0.1000,0.0333,4,0.1333,0.0000,2,0.0667,0.0667,1,0.0333,0.0000,11,0.3667,0.1333,1,0.0333,0.0333,1,0.0333,0.0000,0,0.0000,0.0000,1,0.0333,0.0000,0,0.0000,0.0000,3,0.1000,0.0000,0,0.0000,0.0000,1,0.0333,0.0000,0,0.0000,0.0000,1,0.0333,0.0000,0,0.0000,0.0000,3,0.1000,0.1000,1,0.0333,0.0000,0,0.0000,0.0000,0,0.0000,0.0000,0,0.0000,0.0000,0,0.0000,0.0000,1,0.0333,0.0000,0,0.0000,0.0000,0,0.0000,0.0000,2,0.0667,0.0333,1,0.0333,0.0333,0,0.0000,0.0000,0,0.0000,0.0000,1,0.0333,0.0000,0,0.0000,0.0000,0,0.0000,0.0000,0,0.0000,0.0000
75,0.004455,43,0.0400,0.0121,2,0.0800,0.0000,2,0.0800,0.0000,0,0.0000,0.0000,0,0.0000,0.0000,3,0.1200,0.0000,1,0.0400,0.0000,2,0.0800,0.0400,2,0.0800,0.0000,0,0.0000,0.0000,3,0.1200,0.1200,4,0.1600,0.0400,0,0.0000,0.0000,0,0.0000,0.0000,0,0.0000,0.0000,2,0.0800,0.0400,0,0.0000,0.0000,0,0.0000,0.0000,0,0.0000,0.0000,0,0.0000,0.0000,0,0.0000,0.0000,4,0.1600,0.0400,0,0.0000,0.0000,1,0.0400,0.0400,0,0.0000,0.0000,0,0.0000,0.0000,0,0.0000,0.0000,3,0.1200,0.0000,3,0.1200,0.0000,6,0.2400,0.1200,1,0.0400,0.0000,1,0.0400,0.0000,0,0.0000,0.0000,0,0.0000,0.0000,0,0.0000,0.0000,1,0.0400,0.0400,0,0.0000,0.0000,1,0.0400,0.0400,0,0.0000,0.0000,1,0.0400,0.0000,0,0.0000,0.0000,0,0.0000,0.0000,0,0.0000,0.0000,0,0.0000,0.0000
110,0.004415,51,0.0659,0.0078,0,0.0000,0.0000,3,0.1667,0.1667,0,0.0000,0.0000,1,0.0556,0.0556,2,0.1111,0.0556,0,0.0000,0.0000,1,0.0556,0.0000,1,0.0556,0.0000,0,0.0000,0.0000,5,0.2778,0.0000,7,0.3889,0.0556,2,0.1111,0.0000,5,0.2778,0.0000,0,0.0000,0.0000,0,0.0000,0.0000,0,0.0000,0.0000,3,0.1667,0.0000,0,0.0000,0.0000,0,0.0000,0.0000,0,0.0000,0.0000,3,0.1667,0.0000,2,0.1111,0.0000,2,0.1111,0.0000,1,0.0556,0.0000,1,0.0556,0.0000,0,0.0000,0.0000,3,0.1667,0.0000,3,0.1667,0.0000,2,0.1111,0.0000,0,0.0000,0.0000,0,0.0000,0.0000,1,0.0556,0.0000,1,0.0556,0.0000,0,0.0000,0.0000,0,0.0000,0.0000,1,0.0556,0.0000,0,0.0000,0.0000,0,0.0000,0.0000,1,0.0556,0.0000,0,0.0000,0.0000,0,0.0000,0.0000,0,0.0000,0.0000,0,0.0000,0.0000
180,0.004385,51,0.0494,0.0087,0,0.0000,0.0000,1,0.0417,0.0417,1,0.0417,0.0417,0,0.0000,0.0000,2,0.0833,0.0000,1,0.0417,0.0417,0,0.0000,0.0000,2,0.0833,0.0000,0,0.0000,0.0000,6,0.2500,0.0000,2,0.0833,0.0417,2,0.0833,0.0000,7,0.2917,0.0417,0,0.0000,0.0000,1,0.0417,0.0000,2,0.0833,0.0000,1,0.0417,0.0417,2,0.0833,0.0000,1,0.0417,0.0000,0,0.0000,0.0000,0,0.0000,0.0000,3,0.1250,0.0000,1,0.0417,0.0000,2,0.0833,0.0000,0,0.0000,0.0000,0,0.0000,0.0000,1,0.0417,0.0000,4,0.1667,0.0833,0,0.0000,0.0000,2,0.0833,0.0000,1,0.0417,0.0000,0,0.0000,0.0000,1,0.0417,0.0000,1,0.0417,0.0000,2,0.0833,0.0417,0,0.0000,0.0000,0,0.0000,0.0000,0,0.0000,0.0000,2,0.0833,0.0000,0,0.0000,0.0000,0,0.0000,0.0000,0,0.0000,0.0000,0,0.0000,0.0000
66,0.004255,54,0.0546,0.0081,1,0.0435,0.0435,3,0.1304,0.0435,2,0.0870,0.0435,1,0.0435,0.0000,3,0.1304,0.0000,2,0.0870,0.0000,1,0.0435,0.0435,5,0.2174,0.0000,0,0.0000,0.0000,3,0.1304,0.0000,1,0.0435,0.0000,8,0.3478,0.0000,2,0.0870,0.0435,0,0.0000,0.0000,6,0.2609,0.0000,1,0.0435,0.0000,0,0.0000,0.0000,2,0.0870,0.0000,3,0.1304,0.0000,0,0.0000,0.0000,1,0.0435,0.0435,0,0.0000,0.0000,2,0.0870,0.0000,0,0.0000,0.0000,3,0.1304,0.0435,0,0.0000,0.0000,2,0.0870,0.0435,0,0.0000,0.0000,1,0.0435,0.0000,0,0.0000,0.0000,0,0.0000,0.0000,1,0.0435,0.0000,0,0.0000,0.0000,0,0.0000,0.0000,0,0.0000,0.0000,0,0.0000,0.0000,0,0.0000,0.0000,0,0.0000,0.0000,0,0.0000,0.0000,0,0.0000,0.0000,0,0.0000,0.0000,0,0.0000,0.0000,0,0.0000,0.0000
0,0.004160,22,0.0512,0.0140,0,0.0000,0.0000,0,0.0000,0.0000,0,0.0000,0.0000,0,0.0000,0.0000,0,0.0000,0.0000,0,0.0000,0.0000,0,0.0000,0.0000,1,0.1000,0.0000,1,0.1000,0.0000,2,0.2000,0.0000,1,0.1000,0.0000,1,0.1000,0.0000,4,0.4000,0.3000,0,0.0000,0.0000,1,0.1000,0.1000,0,0.0000,0.0000,1,0.1000,0.0000,0,0.0000,0.0000,0,0.0000,0.0000,0,0.0000,0.0000,1,0.1000,0.0000,0,0.0000,0.0000,1,0.1000,0.0000,0,0.0000,0.0000,1,0.1000,0.0000,0,0.0000,0.0000,0,0.0000,0.0000,0,0.0000,0.0000,0,0.0000,0.0000,0,0.0000,0.0000,0,0.0000,0.0000,1,0.1000,0.0000,0,0.0000,0.0000,0,0.0000,0.0000,0,0.0000,0.0000,0,0.0000,0.0000,2,0.2000,0.0000,0,0.0000,0.0000,3,0.3000,0.1000,1,0.1000,0.1000,0,0.0000,0.0000,0,0.0000,0.0000,0,0.0000,0.0000
120,0.004120,48,0.0507,0.0148,0,0.0000,0.0000,1,0.0455,0.0455,2,0.0909,0.0000,1,0.0455,0.0000,1,0.0455,0.0455,1,0.0455,0.0000,0,0.0000,0.0000,0,0.0000,0.0000,0,0.0000,0.0000,1,0.0455,0.0000,0,0.0000,0.0000,0,0.0000,0.0000,7,0.3182,0.2273,0,0.0000,0.0000,2,0.0909,0.0909,3,0.1364,0.0000,1,0.0455,0.0000,1,0.0455,0.0000,4,0.1818,0.0455,0,0.0000,0.0000,4,0.1818,0.0455,4,0.1818,0.0000,1,0.0455,0.0000,1,0.0455,0.0000,5,0.2273,0.0000,0,0.0000,0.0000,2,0.0909,0.0455,2,0.0909,0.0000,0,0.0000,0.0000,0,0.0000,0.0000,1,0.0455,0.0000,0,0.0000,0.0000,0,0.0000,0.0000,3,0.1364,0.0909,0,0.0000,0.0000,0,0.0000,0.0000,0,0.0000,0.0000,0,0.0000,0.0000,0,0.0000,0.0000,0,0.0000,0.0000,0,0.0000,0.0000,0,0.0000,0.0000,0,0.0000,0.0000
55,0.004110,50,0.0646,0.0090,1,0.0556,0.0000,1,0.0556,0.0000,0,0.0000,0.0000,0,0.0000,0.0000,3,0.1667,0.0000,1,0.0556,0.0000,0,0.0000,0.0000,3,0.1667,0.0000,2,0.1111,0.0556,3,0.1667,0.0000,1,0.0556,0.0000,4,0.2222,0.0000,2,0.1111,0.0000,0,0.0000,0.0000,2,0.1111,0.0000,1,0.0556,0.0000,0,0.0000,0.0000,2,0.1111,0.0000,4,0.2222,0.1111,0,0.0000,0.0000,4,0.2222,0.1111,1,0.0556,0.0000,2,0.1111,0.0556,1,0.0556,0.0000,5,0.2778,0.0556,0,0.0000,0.0000,3,0.1667,0.0000,0,0.0000,0.0000,0,0.0000,0.0000,1,0.0556,0.0000,0,0.0000,0.0000,1,0.0556,0.0000,0,0.0000,0.0000,0,0.0000,0.0000,1,0.0556,0.0000,0,0.0000,0.0000,1,0.0556,0.0000,0,0.0000,0.0000,0,0.0000,0.0000,0,0.0000,0.0000,0,0.0000,0.0000,0,0.0000,0.0000,0,0.0000,0.0000
181,0.004085,46,0.0594,0.0078,0,0.0000,0.0000,0,0.0000,0.0000,2,0.1111,0.0000,4,0.2222,0.1667,3,0.1667,0.0000,3,0.1667,0.0556,0,0.0000,0.0000,2,0.1111,0.0000,0,0.0000,0.0000,3,0.1667,0.0000,1,0.0556,0.0000,1,0.0556,0.0000,0,0.0000,0.0000,0,0.0000,0.0000,0,0.0000,0.0000,1,0.0556,0.0000,0,0.0000,0.0000,0,0.0000,0.0000,0,0.0000,0.0000,0,0.0000,0.0000,2,0.1111,0.0000,2,0.1111,0.0000,1,0.0556,0.0000,1,0.0556,0.0000,0,0.0000,0.0000,0,0.0000,0.0000,3,0.1667,0.0556,1,0.0556,0.0000,1,0.0556,0.0000,0,0.0000,0.0000,5,0.2778,0.0000,2,0.1111,0.0556,3,0.1667,0.0000,2,0.1111,0.0000,0,0.0000,0.0000,1,0.0556,0.0000,0,0.0000,0.0000,0,0.0000,0.0000,0,0.0000,0.0000,0,0.0000,0.0000,1,0.0556,0.0000,0,0.0000,0.0000,1,0.0556,0.0000
83,0.004075,41,0.0433,0.0106,1,0.0455,0.0000,1,0.0455,0.0000,3,0.1364,0.0455,2,0.0909,0.0000,3,0.1364,0.0455,0,0.0000,0.0000,0,0.0000,0.0000,2,0.0909,0.0000,0,0.0000,0.0000,2,0.0909,0.0000,2,0.0909,0.0000,1,0.0455,0.0000,4,0.1818,0.0909,1,0.0455,0.0000,0,0.0000,0.0000,0,0.0000,0.0000,0,0.0000,0.0000,0,0.0000,0.0000,1,0.0455,0.0455,0,0.0000,0.0000,2,0.0909,0.0909,1,0.0455,0.0000,4,0.1818,0.0455,1,0.0455,0.0000,2,0.0909,0.0000,1,0.0455,0.0455,2,0.0909,0.0000,0,0.0000,0.0000,1,0.0455,0.0000,1,0.0455,0.0000,1,0.0455,0.0455,1,0.0455,0.0000,0,0.0000,0.0000,0,0.0000,0.0000,1,0.0455,0.0000,0,0.0000,0.0000,0,0.0000,0.0000,0,0.0000,0.0000,0,0.0000,0.0000,0,0.0000,0.0000,0,0.0000,0.0000,0,0.0000,0.0000,0,0.0000,0.0000
71,0.004010,43,0.0435,0.0121,1,0.0435,0.0435,3,0.1304,0.0870,0,0.0000,0.0000,1,0.0435,0.0000,2,0.0870,0.0000,0,0.0000,0.0000,0,0.0000,0.0000,2,0.0870,0.0000,0,0.0000,0.0000,2,0.0870,0.0435,0,0.0000,0.0000,1,0.0435,0.0000,7,0.3043,0.1304,1,0.0435,0.0435,2,0.0870,0.0435,0,0.0000,0.0000,0,0.0000,0.0000,2,0.0870,0.0000,1,0.0435,0.0000,1,0.0435,0.0000,1,0.0435,0.0000,0,0.0000,0.0000,2,0.0870,0.0435,1,0.0435,0.0000,2,0.0870,0.0000,0,0.0000,0.0000,2,0.0870,0.0000,0,0.0000,0.0000,1,0.0435,0.0000,1,0.0435,0.0000,2,0.0870,0.0000,0,0.0000,0.0000,0,0.0000,0.0000,1,0.0435,0.0435,4,0.1739,0.0435,0,0.0000,0.0000,0,0.0000,0.0000,0,0.0000,0.0000,0,0.0000,0.0000,0,0.0000,0.0000,0,0.0000,0.0000,0,0.0000,0.0000,0,0.0000,0.0000
96,0.003965,44,0.0487,0.0100,1,0.0476,0.0000,1,0.0476,0.0000,1,0.0476,0.0476,0,0.0000,0.0000,2,0.0952,0.0000,2,0.0952,0.0000,1,0.0476,0.0476,2,0.0952,0.0000,2,0.0952,0.0476,4,0.1905,0.0000,3,0.1429,0.0476,3,0.1429,0.0000,4,0.1905,0.0952,0,0.0000,0.0000,0,0.0000,0.0000,0,0.0000,0.0000,0,0.0000,0.0000,1,0.0476,0.0000,2,0.0952,0.0000,0,0.0000,0.0000,3,0.1429,0.0476,0,0.0000,0.0000,2,0.0952,0.0000,0,0.0000,0.0000,1,0.0476,0.0000,0,0.0000,0.0000,0,0.0000,0.0000,1,0.0476,0.0000,0,0.0000,0.0000,3,0.1429,0.0952,0,0.0000,0.0000,1,0.0476,0.0000,0,0.0000,0.0000,1,0.0476,0.0000,1,0.0476,0.0000,1,0.0476,0.0000,0,0.0000,0.0000,0,0.0000,0.0000,0,0.0000,0.0000,1,0.0476,0.0000,0,0.0000,0.0000,0,0.0000,0.0000,0,0.0000,0.0000
131,0.003960,29,0.0422,0.0102,0,0.0000,0.0000,1,0.0625,0.0625,0,0.0000,0.0000,1,0.0625,0.0625,1,0.0625,0.0000,1,0.0625,0.0000,1,0.0625,0.0000,0,0.0000,0.0000,0,0.0000,0.0000,4,0.2500,0.0000,0,0.0000,0.0000,1,0.0625,0.0000,2,0.1250,0.0000,0,0.0000,0.0000,0,0.0000,0.0000,0,0.0000,0.0000,3,0.1875,0.1250,0,0.0000,0.0000,0,0.0000,0.0000,0,0.0000,0.0000,1,0.0625,0.0000,1,0.0625,0.0000,2,0.1250,0.0000,1,0.0625,0.0000,2,0.1250,0.0625,0,0.0000,0.0000,1,0.0625,0.0000,0,0.0000,0.0000,0,0.0000,0.0000,1,0.0625,0.0000,0,0.0000,0.0000,0,0.0000,0.0000,1,0.0625,0.0000,1,0.0625,0.0625,0,0.0000,0.0000,1,0.0625,0.0625,1,0.0625,0.0000,0,0.0000,0.0000,1,0.0625,0.0000,0,0.0000,0.0000,0,0.0000,0.0000,0,0.0000,0.0000,0,0.0000,0.0000
166,0.003945,44,0.0602,0.0096,0,0.0000,0.0000,1,0.0588,0.0588,3,0.1765,0.0000,2,0.1176,0.0000,2,0.1176,0.0588,4,0.2353,0.0000,1,0.0588,0.0000,1,0.0588,0.0000,0,0.0000,0.0000,1,0.0588,0.0000,3,0.1765,0.0000,1,0.0588,0.0000,4,0.2353,0.1176,0,0.0000,0.0000,1,0.0588,0.0000,3,0.1765,0.0588,0,0.0000,0.0000,1,0.0588,0.0000,1,0.0588,0.0000,0,0.0000,0.0000,2,0.1176,0.0000,0,0.0000,0.0000,0,0.0000,0.0000,0,0.0000,0.0000,2,0.1176,0.0000,0,0.0000,0.0000,0,0.0000,0.0000,0,0.0000,0.0000,0,0.0000,0.0000,2,0.1176,0.0000,0,0.0000,0.0000,2,0.1176,0.0588,1,0.0588,0.0000,3,0.1765,0.0000,1,0.0588,0.0000,0,0.0000,0.0000,0,0.0000,0.0000,0,0.0000,0.0000,2,0.1176,0.0588,0,0.0000,0.0000,0,0.0000,0.0000,0,0.0000,0.0000,0,0.0000,0.0000
179,0.003885,30,0.0349,0.0186,0,0.0000,0.0000,0,0.0000,0.0000,1,0.0500,0.0500,0,0.0000,0.0000,1,0.0500,0.0000,1,0.0500,0.0500,0,0.0000,0.0000,2,0.1000,0.0500,0,0.0000,0.0000,1,0.0500,0.0000,0,0.0000,0.0000,0,0.0000,0.0000,3,0.1500,0.0500,0,0.0000,0.0000,0,0.0000,0.0000,3,0.1500,0.0500,1,0.0500,0.0000,0,0.0000,0.0000,2,0.1000,0.1000,0,0.0000,0.0000,1,0.0500,0.0000,3,0.1500,0.1000,0,0.0000,0.0000,1,0.0500,0.0000,0,0.0000,0.0000,0,0.0000,0.0000,0,0.0000,0.0000,1,0.0500,0.0500,0,0.0000,0.0000,0,0.0000,0.0000,1,0.0500,0.0000,1,0.0500,0.0500,1,0.0500,0.0000,3,0.1500,0.1000,2,0.1000,0.1000,0,0.0000,0.0000,0,0.0000,0.0000,0,0.0000,0.0000,1,0.0500,0.0500,0,0.0000,0.0000,0,0.0000,0.0000,0,0.0000,0.0000,0,0.0000,0.0000
184,0.003865,40,0.0423,0.0106,1,0.0455,0.0000,1,0.0455,0.0000,3,0.1364,0.0455,1,0.0455,0.0000,2,0.0909,0.0000,2,0.0909,0.0000,0,0.0000,0.0000,1,0.0455,0.0000,0,0.0000,0.0000,0,0.0000,0.0000,3,0.1364,0.0455,0,0.0000,0.0000,3,0.1364,0.0455,0,0.0000,0.0000,0,0.0000,0.0000,2,0.0909,0.0000,5,0.2273,0.1818,0,0.0000,0.0000,0,0.0000,0.0000,0,0.0000,0.0000,1,0.0455,0.0000,1,0.0455,0.0000,2,0.0909,0.0000,1,0.0455,0.0000,3,0.1364,0.0455,0,0.0000,0.0000,1,0.0455,0.0455,2,0.0909,0.0000,0,0.0000,0.0000,0,0.0000,0.0000,0,0.0000,0.0000,0,0.0000,0.0000,2,0.0909,0.0455,0,0.0000,0.0000,2,0.0909,0.0000,1,0.0455,0.0000,0,0.0000,0.0000,0,0.0000,0.0000,0,0.0000,0.0000,0,0.0000,0.0000,0,0.0000,0.0000,0,0.0000,0.0000,0,0.0000,0.0000
167,0.003835,41,0.0596,0.0087,0,0.0000,0.0000,0,0.0000,0.0000,0,0.0000,0.0000,1,0.0625,0.0000,1,0.0625,0.0625,0,0.0000,0.0000,0,0.0000,0.0000,0,0.0000,0.0000,0,0.0000,0.0000,1,0.0625,0.0000,3,0.1875,0.0000,1,0.0625,0.0000,3,0.1875,0.0625,0,0.0000,0.0000,0,0.0000,0.0000,1,0.0625,0.0000,0,0.0000,0.0000,0,0.0000,0.0000,2,0.1250,0.0000,0,0.0000,0.0000,3,0.1875,0.0625,1,0.0625,0.0000,0,0.0000,0.0000,0,0.0000,0.0000,2,0.1250,0.0000,0,0.0000,0.0000,3,0.1875,0.0000,1,0.0625,0.0000,0,0.0000,0.0000,0,0.0000,0.0000,2,0.1250,0.0000,2,0.1250,0.0000,0,0.0000,0.0000,5,0.3125,0.0625,1,0.0625,0.0625,2,0.1250,0.0000,3,0.1875,0.0625,1,0.0625,0.0000,2,0.1250,0.0000,0,0.0000,0.0000,0,0.0000,0.0000,0,0.0000,0.0000,0,0.0000,0.0000
130,0.003830,30,0.0410,0.0150,0,0.0000,0.0000,0,0.0000,0.0000,1,0.0588,0.0588,0,0.0000,0.0000,1,0.0588,0.0000,2,0.1176,0.0588,0,0.0000,0.0000,0,0.0000,0.0000,0,0.0000,0.0000,2,0.1176,0.0000,3,0.1765,0.0588,0,0.0000,0.0000,4,0.2353,0.1176,0,0.0000,0.0000,1,0.0588,0.0000,1,0.0588,0.0588,1,0.0588,0.0000,0,0.0000,0.0000,3,0.1765,0.1176,0,0.0000,0.0000,1,0.0588,0.0000,0,0.0000,0.0000,2,0.1176,0.0000,0,0.0000,0.0000,1,0.0588,0.0000,0,0.0000,0.0000,1,0.0588,0.0000,0,0.0000,0.0000,0,0.0000,0.0000,3,0.1765,0.0588,0,0.0000,0.0000,0,0.0000,0.0000,0,0.0000,0.0000,1,0.0588,0.0588,0,0.0000,0.0000,0,0.0000,0.0000,0,0.0000,0.0000,0,0.0000,0.0000,2,0.1176,0.0588,0,0.0000,0.0000,0,0.0000,0.0000,0,0.0000,0.0000,0,0.0000,0.0000
72,0.003820,39,0.0432,0.0111,0,0.0000,0.0000,1,0.0476,0.0476,0,0.0000,0.0000,2,0.0952,0.0952,2,0.0952,0.0000,0,0.0000,0.0000,0,0.0000,0.0000,2,0.0952,0.0000,0,0.0000,0.0000,1,0.0476,0.0000,0,0.0000,0.0000,4,0.1905,0.0000,4,0.1905,0.0952,2,0.0952,0.0000,2,0.0952,0.0000,1,0.0476,0.0000,1,0.0476,0.0000,1,0.0476,0.0000,4,0.1905,0.0952,0,0.0000,0.0000,0,0.0000,0.0000,1,0.0476,0.0000,1,0.0476,0.0476,0,0.0000,0.0000,1,0.0476,0.0000,0,0.0000,0.0000,1,0.0476,0.0000,0,0.0000,0.0000,0,0.0000,0.0000,1,0.0476,0.0000,0,0.0000,0.0000,1,0.0476,0.0000,0,0.0000,0.0000,2,0.0952,0.0000,2,0.0952,0.0476,0,0.0000,0.0000,2,0.0952,0.0476,0,0.0000,0.0000,0,0.0000,0.0000,0,0.0000,0.0000,0,0.0000,0.0000,0,0.0000,0.0000,0,0.0000,0.0000
147,0.003820,40,0.0490,0.0135,0,0.0000,0.0000,1,0.0526,0.0526,1,0.0526,0.0000,1,0.0526,0.0526,2,0.1053,0.1053,1,0.0526,0.0000,0,0.0000,0.0000,0,0.0000,0.0000,0,0.0000,0.0000,2,0.1053,0.0000,0,0.0000,0.0000,1,0.0526,0.0000,4,0.2105,0.0526,1,0.0526,0.0000,0,0.0000,0.0000,0,0.0000,0.0000,0,0.0000,0.0000,0,0.0000,0.0000,1,0.0526,0.0000,0,0.0000,0.0000,3,0.1579,0.0000,0,0.0000,0.0000,0,0.0000,0.0000,0,0.0000,0.0000,1,0.0526,0.0000,0,0.0000,0.0000,0,0.0000,0.0000,0,0.0000,0.0000,0,0.0000,0.0000,3,0.1579,0.0526,3,0.1579,0.0000,3,0.1579,0.1053,1,0.0526,0.0000,2,0.1053,0.0000,0,0.0000,0.0000,3,0.1579,0.0000,4,0.2105,0.1579,1,0.0526,0.0000,1,0.0526,0.0000,0,0.0000,0.0000,0,0.0000,0.0000,0,0.0000,0.0000,0,0.0000,0.0000
53,0.003770,44,0.0465,0.0137,0,0.0000,0.0000,1,0.0455,0.0455,0,0.0000,0.0000,2,0.0909,0.0909,4,0.1818,0.0455,1,0.0455,0.0000,1,0.0455,0.0455,3,0.1364,0.0000,1,0.0455,0.0000,3,0.1364,0.0909,0,0.0000,0.0000,4,0.1818,0.0000,1,0.0455,0.0455,1,0.0455,0.0000,2,0.0909,0.0000,1,0.0455,0.0000,1,0.0455,0.0455,1,0.0455,0.0000,0,0.0000,0.0000,0,0.0000,0.0000,1,0.0455,0.0000,0,0.0000,0.0000,2,0.0909,0.0455,1,0.0455,0.0000,2,0.0909,0.0455,0,0.0000,0.0000,3,0.1364,0.0455,1,0.0455,0.0455,1,0.0455,0.0000,0,0.0000,0.0000,0,0.0000,0.0000,2,0.0909,0.0000,0,0.0000,0.0000,2,0.0909,0.0000,0,0.0000,0.0000,0,0.0000,0.0000,2,0.0909,0.0000,0,0.0000,0.0000,0,0.0000,0.0000,0,0.0000,0.0000,0,0.0000,0.0000,0,0.0000,0.0000,0,0.0000,0.0000
187,0.003750,38,0.0491,0.0103,1,0.0556,0.0000,1,0.0556,0.0000,2,0.1111,0.0556,1,0.0556,0.0000,2,0.1111,0.0000,0,0.0000,0.0000,2,0.1111,0.1111,2,0.1111,0.0000,0,0.0000,0.0000,3,0.1667,0.0000,4,0.2222,0.0556,1,0.0556,0.0000,4,0.2222,0.1111,0,0.0000,0.0000,0,0.0000,0.0000,0,0.0000,0.0000,1,0.0556,0.0000,0,0.0000,0.0000,2,0.1111,0.0000,0,0.0000,0.0000,1,0.0556,0.0000,1,0.0556,0.0000,0,0.0000,0.0000,0,0.0000,0.0000,1,0.0556,0.0000,1,0.0556,0.0000,1,0.0556,0.0000,1,0.0556,0.0000,0,0.0000,0.0000,1,0.0556,0.0000,0,0.0000,0.0000,0,0.0000,0.0000,0,0.0000,0.0000,2,0.1111,0.0000,0,0.0000,0.0000,0,0.0000,0.0000,1,0.0556,0.0556,0,0.0000,0.0000,2,0.1111,0.0556,0,0.0000,0.0000,0,0.0000,0.0000,0,0.0000,0.0000,0,0.0000,0.0000
185,0.003680,39,0.0394,0.0142,1,0.0435,0.0000,1,0.0435,0.0000,1,0.0435,0.0000,2,0.0870,0.0435,2,0.0870,0.0435,0,0.0000,0.0000,0,0.0000,0.0000,0,0.0000,0.0000,0,0.0000,0.0000,2,0.0870,0.0000,3,0.1304,0.0870,0,0.0000,0.0000,5,0.2174,0.0870,0,0.0000,0.0000,0,0.0000,0.0000,1,0.0435,0.0435,0,0.0000,0.0000,0,0.0000,0.0000,1,0.0435,0.0000,0,0.0000,0.0000,2,0.0870,0.0435,0,0.0000,0.0000,0,0.0000,0.0000,0,0.0000,0.0000,3,0.1304,0.0435,0,0.0000,0.0000,1,0.0435,0.0000,3,0.1304,0.0435,0,0.0000,0.0000,1,0.0435,0.0000,0,0.0000,0.0000,3,0.1304,0.0435,0,0.0000,0.0000,4,0.1739,0.0870,0,0.0000,0.0000,0,0.0000,0.0000,2,0.0870,0.0435,0,0.0000,0.0000,1,0.0435,0.0000,0,0.0000,0.0000,0,0.0000,0.0000,0,0.0000,0.0000,0,0.0000,0.0000
154,0.003615,34,0.0439,0.0103,0,0.0000,0.0000,2,0.1111,0.0556,1,0.0556,0.0556,0,0.0000,0.0000,2,0.1111,0.0000,2,0.1111,0.0000,1,0.0556,0.0556,0,0.0000,0.0000,0,0.0000,0.0000,1,0.0556,0.0000,0,0.0000,0.0000,0,0.0000,0.0000,3,0.1667,0.0556,0,0.0000,0.0000,0,0.0000,0.0000,2,0.1111,0.0000,2,0.1111,0.1111,0,0.0000,0.0000,0,0.0000,0.0000,0,0.0000,0.0000,0,0.0000,0.0000,0,0.0000,0.0000,0,0.0000,0.0000,0,0.0000,0.0000,1,0.0556,0.0000,0,0.0000,0.0000,2,0.1111,0.0000,1,0.0556,0.0000,2,0.1111,0.0000,1,0.0556,0.0556,4,0.2222,0.0000,3,0.1667,0.0556,1,0.0556,0.0000,2,0.1111,0.0000,1,0.0556,0.0000,0,0.0000,0.0000,0,0.0000,0.0000,0,0.0000,0.0000,0,0.0000,0.0000,0,0.0000,0.0000,0,0.0000,0.0000,0,0.0000,0.0000,0,0.0000,0.0000
176,0.003545,36,0.0381,0.0159,1,0.0455,0.0000,1,0.0455,0.0000,1,0.0455,0.0455,0,0.0000,0.0000,2,0.0909,0.0000,2,0.0909,0.0000,1,0.0455,0.0000,2,0.0909,0.0000,0,0.0000,0.0000,0,0.0000,0.0000,2,0.0909,0.0000,0,0.0000,0.0000,2,0.0909,0.0909,0,0.0000,0.0000,2,0.0909,0.0455,1,0.0455,0.0000,9,0.4091,0.3182,0,0.0000,0.0000,0,0.0000,0.0000,0,0.0000,0.0000,3,0.1364,0.0455,0,0.0000,0.0000,0,0.0000,0.0000,0,0.0000,0.0000,1,0.0455,0.0000,0,0.0000,0.0000,1,0.0455,0.0000,1,0.0455,0.0000,0,0.0000,0.0000,1,0.0455,0.0455,1,0.0455,0.0455,0,0.0000,0.0000,0,0.0000,0.0000,2,0.0909,0.0455,0,0.0000,0.0000,0,0.0000,0.0000,0,0.0000,0.0000,0,0.0000,0.0000,0,0.0000,0.0000,0,0.0000,0.0000,0,0.0000,0.0000,0,0.0000,0.0000,0,0.0000,0.0000
78,0.003525,49,0.0456,0.0140,0,0.0000,0.0000,1,0.0400,0.0400,0,0.0000,0.0000,1,0.0400,0.0400,2,0.0800,0.0000,0,0.0000,0.0000,3,0.1200,0.0800,2,0.0800,0.0000,0,0.0000,0.0000,5,0.2000,0.0800,4,0.1600,0.0000,1,0.0400,0.0000,6,0.2400,0.1200,0,0.0000,0.0000,4,0.1600,0.0800,0,0.0000,0.0000,1,0.0400,0.0000,0,0.0000,0.0000,2,0.0800,0.0000,0,0.0000,0.0000,4,0.1600,0.0800,0,0.0000,0.0000,0,0.0000,0.0000,0,0.0000,0.0000,1,0.0400,0.0000,0,0.0000,0.0000,3,0.1200,0.0000,1,0.0400,0.0000,0,0.0000,0.0000,4,0.1600,0.0000,0,0.0000,0.0000,0,0.0000,0.0000,0,0.0000,0.0000,0,0.0000,0.0000,2,0.0800,0.0400,0,0.0000,0.0000,1,0.0400,0.0000,0,0.0000,0.0000,1,0.0400,0.0400,0,0.0000,0.0000,0,0.0000,0.0000,0,0.0000,0.0000,0,0.0000,0.0000
192,0.003515,34,0.0565,0.0033,0,0.0000,0.0000,1,0.0714,0.0714,2,0.1429,0.0000,4,0.2857,0.0000,2,0.1429,0.0000,0,0.0000,0.0000,0,0.0000,0.0000,2,0.1429,0.0000,0,0.0000,0.0000,2,0.1429,0.0000,0,0.0000,0.0000,0,0.0000,0.0000,2,0.1429,0.0000,0,0.0000,0.0000,1,0.0714,0.0000,1,0.0714,0.0000,0,0.0000,0.0000,0,0.0000,0.0000,0,0.0000,0.0000,0,0.0000,0.0000,0,0.0000,0.0000,0,0.0000,0.0000,0,0.0000,0.0000,0,0.0000,0.0000,0,0.0000,0.0000,0,0.0000,0.0000,0,0.0000,0.0000,3,0.2143,0.0714,0,0.0000,0.0000,0,0.0000,0.0000,4,0.2857,0.0000,0,0.0000,0.0000,1,0.0714,0.0000,4,0.2857,0.0000,0,0.0000,0.0000,0,0.0000,0.0000,1,0.0714,0.0000,0,0.0000,0.0000,0,0.0000,0.0000,0,0.0000,0.0000,2,0.1429,0.0000,0,0.0000,0.0000,2,0.1429,0.0000
48,0.003355,61,0.0676,0.0066,1,0.0476,0.0000,1,0.0476,0.0000,0,0.0000,0.0000,3,0.1429,0.0952,1,0.0476,0.0476,0,0.0000,0.0000,1,0.0476,0.0476,3,0.1429,0.0000,0,0.0000,0.0000,3,0.1429,0.0000,0,0.0000,0.0000,9,0.4286,0.0000,5,0.2381,0.0476,3,0.1429,0.0000,7,0.3333,0.0476,0,0.0000,0.0000,1,0.0476,0.0000,2,0.0952,0.0000,4,0.1905,0.0000,0,0.0000,0.0000,0,0.0000,0.0000,0,0.0000,0.0000,3,0.1429,0.0000,1,0.0476,0.0000,1,0.0476,0.0000,0,0.0000,0.0000,1,0.0476,0.0000,0,0.0000,0.0000,1,0.0476,0.0000,2,0.0952,0.0000,0,0.0000,0.0000,0,0.0000,0.0000,0,0.0000,0.0000,3,0.1429,0.0000,2,0.0952,0.0000,0,0.0000,0.0000,3,0.1429,0.0000,0,0.0000,0.0000,0,0.0000,0.0000,0,0.0000,0.0000,0,0.0000,0.0000,0,0.0000,0.0000,0,0.0000,0.0000
57,0.003315,38,0.0442,0.0116,0,0.0000,0.0000,0,0.0000,0.0000,3,0.1500,0.0500,2,0.1000,0.0000,2,0.1000,0.0000,0,0.0000,0.0000,1,0.0500,0.0000,2,0.1000,0.0000,1,0.0500,0.0500,2,0.1000,0.0000,0,0.0000,0.0000,2,0.1000,0.0000,5,0.2500,0.1500,0,0.0000,0.0000,1,0.0500,0.0000,2,0.1000,0.0000,0,0.0000,0.0000,0,0.0000,0.0000,2,0.1000,0.0000,1,0.0500,0.0000,0,0.0000,0.0000,0,0.0000,0.0000,2,0.1000,0.0500,0,0.0000,0.0000,1,0.0500,0.0500,1,0.0500,0.0000,0,0.0000,0.0000,0,0.0000,0.0000,5,0.2500,0.1500,0,0.0000,0.0000,0,0.0000,0.0000,0,0.0000,0.0000,0,0.0000,0.0000,1,0.0500,0.0000,2,0.1000,0.0000,0,0.0000,0.0000,0,0.0000,0.0000,0,0.0000,0.0000,0,0.0000,0.0000,0,0.0000,0.0000,0,0.0000,0.0000,0,0.0000,0.0000,0,0.0000,0.0000
151,0.003310,34,0.0465,0.0109,0,0.0000,0.0000,1,0.0588,0.0588,0,0.0000,0.0000,0,0.0000,0.0000,2,0.1176,0.0000,0,0.0000,0.0000,0,0.0000,0.0000,2,0.1176,0.0000,0,0.0000,0.0000,0,0.0000,0.0000,1,0.0588,0.0000,0,0.0000,0.0000,4,0.2353,0.1176,0,0.0000,0.0000,0,0.0000,0.0000,1,0.0588,0.0000,1,0.0588,0.0000,0,0.0000,0.0000,0,0.0000,0.0000,1,0.0588,0.0000,2,0.1176,0.0588,2,0.1176,0.0000,1,0.0588,0.0000,1,0.0588,0.0000,3,0.1765,0.0588,0,0.0000,0.0000,1,0.0588,0.0000,1,0.0588,0.0000,1,0.0588,0.0588,0,0.0000,0.0000,1,0.0588,0.0000,2,0.1176,0.0588,1,0.0588,0.0000,0,0.0000,0.0000,3,0.1765,0.0588,1,0.0588,0.0000,0,0.0000,0.0000,0,0.0000,0.0000,1,0.0588,0.0000,0,0.0000,0.0000,0,0.0000,0.0000,0,0.0000,0.0000,0,0.0000,0.0000
178,0.003290,28,0.0465,0.0083,0,0.0000,0.0000,1,0.0714,0.0714,0,0.0000,0.0000,0,0.0000,0.0000,2,0.1429,0.0000,0,0.0000,0.0000,0,0.0000,0.0000,2,0.1429,0.0000,1,0.0714,0.0000,1,0.0714,0.0000,1,0.0714,0.0000,1,0.0714,0.0000,1,0.0714,0.0000,0,0.0000,0.0000,2,0.1429,0.0714,1,0.0714,0.0000,1,0.0714,0.0000,0,0.0000,0.0000,1,0.0714,0.0000,0,0.0000,0.0000,3,0.2143,0.0714,1,0.0714,0.0000,0,0.0000,0.0000,1,0.0714,0.0000,0,0.0000,0.0000,0,0.0000,0.0000,0,0.0000,0.0000,1,0.0714,0.0000,0,0.0000,0.0000,4,0.2857,0.0714,0,0.0000,0.0000,0,0.0000,0.0000,0,0.0000,0.0000,0,0.0000,0.0000,1,0.0714,0.0714,1,0.0714,0.0000,0,0.0000,0.0000,1,0.0714,0.0000,0,0.0000,0.0000,0,0.0000,0.0000,0,0.0000,0.0000,0,0.0000,0.0000,0,0.0000,0.0000
61,0.003250,41,0.0561,0.0096,0,0.0000,0.0000,1,0.0588,0.0588,1,0.0588,0.0000,0,0.0000,0.0000,2,0.1176,0.0000,2,0.1176,0.0000,0,0.0000,0.0000,2,0.1176,0.0000,2,0.1176,0.0000,2,0.1176,0.0000,5,0.2941,0.1176,0,0.0000,0.0000,0,0.0000,0.0000,0,0.0000,0.0000,3,0.1765,0.1765,1,0.0588,0.0000,1,0.0588,0.0000,0,0.0000,0.0000,0,0.0000,0.0000,0,0.0000,0.0000,6,0.3529,0.0588,1,0.0588,0.0000,1,0.0588,0.0000,0,0.0000,0.0000,0,0.0000,0.0000,0,0.0000,0.0000,4,0.2353,0.0000,3,0.1765,0.0000,1,0.0588,0.0000,3,0.1765,0.0000,0,0.0000,0.0000,0,0.0000,0.0000,0,0.0000,0.0000,0,0.0000,0.0000,0,0.0000,0.0000,0,0.0000,0.0000,0,0.0000,0.0000,0,0.0000,0.0000,0,0.0000,0.0000,0,0.0000,0.0000,0,0.0000,0.0000,0,0.0000,0.0000,0,0.0000,0.0000
111,0.003220,44,0.0487,0.0111,0,0.0000,0.0000,1,0.0476,0.0476,1,0.0476,0.0000,1,0.0476,0.0000,3,0.1429,0.0000,0,0.0000,0.0000,1,0.0476,0.0476,4,0.1905,0.0000,1,0.0476,0.0476,3,0.1429,0.0000,0,0.0000,0.0000,3,0.1429,0.0000,0,0.0000,0.0000,1,0.0476,0.0476,4,0.1905,0.0476,0,0.0000,0.0000,1,0.0476,0.0476,0,0.0000,0.0000,0,0.0000,0.0000,0,0.0000,0.0000,2,0.0952,0.0952,1,0.0476,0.0000,3,0.1429,0.0476,2,0.0952,0.0000,1,0.0476,0.0000,0,0.0000,0.0000,2,0.0952,0.0000,0,0.0000,0.0000,1,0.0476,0.0000,0,0.0000,0.0000,1,0.0476,0.0476,1,0.0476,0.0000,0,0.0000,0.0000,3,0.1429,0.0000,0,0.0000,0.0000,0,0.0000,0.0000,3,0.1429,0.0000,0,0.0000,0.0000,0,0.0000,0.0000,0,0.0000,0.0000,0,0.0000,0.0000,0,0.0000,0.0000,0,0.0000,0.0000
133,0.003210,36,0.0598,0.0083,1,0.0714,0.0000,1,0.0714,0.0000,1,0.0714,0.0714,0,0.0000,0.0000,2,0.1429,0.0000,2,0.1429,0.0000,0,0.0000,0.0000,2,0.1429,0.0000,0,0.0000,0.0000,2,0.1429,0.0000,1,0.0714,0.0714,2,0.1429,0.0000,3,0.2143,0.0000,0,0.0000,0.0000,0,0.0000,0.0000,0,0.0000,0.0000,1,0.0714,0.0000,1,0.0714,0.0000,0,0.0000,0.0000,0,0.0000,0.0000,2,0.1429,0.0000,1,0.0714,0.0000,0,0.0000,0.0000,1,0.0714,0.0000,1,0.0714,0.0000,0,0.0000,0.0000,1,0.0714,0.0000,1,0.0714,0.0000,0,0.0000,0.0000,1,0.0714,0.0000,1,0.0714,0.0000,0,0.0000,0.0000,0,0.0000,0.0000,3,0.2143,0.0714,1,0.0714,0.0000,3,0.2143,0.1429,0,0.0000,0.0000,0,0.0000,0.0000,1,0.0714,0.0000,0,0.0000,0.0000,0,0.0000,0.0000,0,0.0000,0.0000,0,0.0000,0.0000
81,0.003205,40,0.0620,0.0078,1,0.0667,0.0000,1,0.0667,0.0000,2,0.1333,0.0000,3,0.2000,0.0000,2,0.1333,0.0000,0,0.0000,0.0000,0,0.0000,0.0000,3,0.2000,0.1333,0,0.0000,0.0000,3,0.2000,0.0000,3,0.2000,0.0000,1,0.0667,0.0000,2,0.1333,0.0667,0,0.0000,0.0000,1,0.0667,0.0667,0,0.0000,0.0000,0,0.0000,0.0000,2,0.1333,0.0000,2,0.1333,0.0000,0,0.0000,0.0000,3,0.2000,0.0000,1,0.0667,0.0000,3,0.2000,0.0000,0,0.0000,0.0000,1,0.0667,0.0000,0,0.0000,0.0000,2,0.1333,0.0000,1,0.0667,0.0000,0,0.0000,0.0000,0,0.0000,0.0000,0,0.0000,0.0000,1,0.0667,0.0000,0,0.0000,0.0000,0,0.0000,0.0000,1,0.0667,0.0667,0,0.0000,0.0000,0,0.0000,0.0000,0,0.0000,0.0000,1,0.0667,0.0000,0,0.0000,0.0000,0,0.0000,0.0000,0,0.0000,0.0000,0,0.0000,0.0000
94,0.003205,47,0.0575,0.0098,1,0.0526,0.0526,1,0.0526,0.0000,1,0.0526,0.0526,1,0.0526,0.0526,1,0.0526,0.0526,0,0.0000,0.0000,1,0.0526,0.0526,3,0.1579,0.0000,0,0.0000,0.0000,3,0.1579,0.0000,0,0.0000,0.0000,5,0.2632,0.0000,4,0.2105,0.0526,2,0.1053,0.0000,4,0.2105,0.0526,0,0.0000,0.0000,0,0.0000,0.0000,1,0.0526,0.0000,3,0.1579,0.0526,0,0.0000,0.0000,1,0.0526,0.0000,0,0.0000,0.0000,3,0.1579,0.0000,0,0.0000,0.0000,3,0.1579,0.0000,0,0.0000,0.0000,1,0.0526,0.0000,0,0.0000,0.0000,0,0.0000,0.0000,0,0.0000,0.0000,0,0.0000,0.0000,1,0.0526,0.0000,0,0.0000,0.0000,2,0.1053,0.0000,1,0.0526,0.0000,1,0.0526,0.0000,2,0.1053,0.0000,1,0.0526,0.0000,0,0.0000,0.0000,0,0.0000,0.0000,0,0.0000,0.0000,0,0.0000,0.0000,0,0.0000,0.0000
115,0.003195,22,0.0341,0.0171,0,0.0000,0.0000,2,0.1333,0.0667,2,0.1333,0.0667,0,0.0000,0.0000,2,0.1333,0.0667,0,0.0000,0.0000,0,0.0000,0.0000,2,0.1333,0.0000,0,0.0000,0.0000,0,0.0000,0.0000,1,0.0667,0.0667,0,0.0000,0.0000,5,0.3333,0.2000,0,0.0000,0.0000,0,0.0000,0.0000,0,0.0000,0.0000,0,0.0000,0.0000,0,0.0000,0.0000,1,0.0667,0.0000,0,0.0000,0.0000,1,0.0667,0.0667,0,0.0000,0.0000,4,0.2667,0.2000,0,0.0000,0.0000,0,0.0000,0.0000,0,0.0000,0.0000,1,0.0667,0.0000,0,0.0000,0.0000,0,0.0000,0.0000,1,0.0667,0.0000,0,0.0000,0.0000,0,0.0000,0.0000,0,0.0000,0.0000,0,0.0000,0.0000,0,0.0000,0.0000,0,0.0000,0.0000,0,0.0000,0.0000,0,0.0000,0.0000,0,0.0000,0.0000,0,0.0000,0.0000,0,0.0000,0.0000,0,0.0000,0.0000,0,0.0000,0.0000
157,0.003100,35,0.0452,0.0129,0,0.0000,0.0000,1,0.0556,0.0556,1,0.0556,0.0000,0,0.0000,0.0000,2,0.1111,0.0000,2,0.1111,0.0000,1,0.0556,0.0556,1,0.0556,0.0000,0,0.0000,0.0000,3,0.1667,0.0556,0,0.0000,0.0000,1,0.0556,0.0000,2,0.1111,0.0000,0,0.0000,0.0000,4,0.2222,0.1111,2,0.1111,0.0556,1,0.0556,0.0000,1,0.0556,0.0000,1,0.0556,0.0000,0,0.0000,0.0000,1,0.0556,0.0000,0,0.0000,0.0000,0,0.0000,0.0000,0,0.0000,0.0000,0,0.0000,0.0000,0,0.0000,0.0000,1,0.0556,0.0000,1,0.0556,0.0000,1,0.0556,0.0000,1,0.0556,0.0556,0,0.0000,0.0000,2,0.1111,0.0556,0,0.0000,0.0000,1,0.0556,0.0556,1,0.0556,0.0000,1,0.0556,0.0000,1,0.0556,0.0556,1,0.0556,0.0000,0,0.0000,0.0000,0,0.0000,0.0000,0,0.0000,0.0000,0,0.0000,0.0000,0,0.0000,0.0000
171,0.003100,42,0.0543,0.0078,0,0.0000,0.0000,0,0.0000,0.0000,2,0.1111,0.0556,1,0.0556,0.0000,2,0.1111,0.0000,2,0.1111,0.0000,0,0.0000,0.0000,2,0.1111,0.0000,0,0.0000,0.0000,1,0.0556,0.0000,2,0.1111,0.0556,1,0.0556,0.0000,3,0.1667,0.0556,0,0.0000,0.0000,0,0.0000,0.0000,1,0.0556,0.0000,2,0.1111,0.0556,0,0.0000,0.0000,2,0.1111,0.0000,0,0.0000,0.0000,1,0.0556,0.0000,0,0.0000,0.0000,6,0.3333,0.0556,0,0.0000,0.0000,1,0.0556,0.0000,0,0.0000,0.0000,1,0.0556,0.0000,0,0.0000,0.0000,0,0.0000,0.0000,2,0.1111,0.0000,4,0.2222,0.0000,0,0.0000,0.0000,1,0.0556,0.0000,5,0.2778,0.0556,0,0.0000,0.0000,0,0.0000,0.0000,0,0.0000,0.0000,0,0.0000,0.0000,0,0.0000,0.0000,0,0.0000,0.0000,0,0.0000,0.0000,0,0.0000,0.0000,0,0.0000,0.0000
155,0.003085,38,0.0520,0.0096,1,0.0588,0.0000,1,0.0588,0.0000,1,0.0588,0.0000,0,0.0000,0.0000,2,0.1176,0.0000,3,0.1765,0.0000,0,0.0000,0.0000,2,0.1176,0.0000,0,0.0000,0.0000,3,0.1765,0.0000,3,0.1765,0.0588,3,0.1765,0.0000,1,0.0588,0.0588,1,0.0588,0.0000,1,0.0588,0.0000,0,0.0000,0.0000,5,0.2941,0.1765,0,0.0000,0.0000,0,0.0000,0.0000,0,0.0000,0.0000,2,0.1176,0.0000,0,0.0000,0.0000,0,0.0000,0.0000,0,0.0000,0.0000,2,0.1176,0.0588,0,0.0000,0.0000,0,0.0000,0.0000,0,0.0000,0.0000,0,0.0000,0.0000,0,0.0000,0.0000,2,0.1176,0.0000,2,0.1176,0.0588,0,0.0000,0.0000,1,0.0588,0.0000,1,0.0588,0.0000,0,0.0000,0.0000,1,0.0588,0.0000,0,0.0000,0.0000,0,0.0000,0.0000,0,0.0000,0.0000,0,0.0000,0.0000,0,0.0000,0.0000,0,0.0000,0.0000
169,0.003070,39,0.0534,0.0150,0,0.0000,0.0000,1,0.0588,0.0588,1,0.0588,0.0588,0,0.0000,0.0000,2,0.1176,0.0000,2,0.1176,0.0000,2,0.1176,0.0588,2,0.1176,0.0000,0,0.0000,0.0000,3,0.1765,0.0000,0,0.0000,0.0000,1,0.0588,0.0000,3,0.1765,0.0588,0,0.0000,0.0000,2,0.1176,0.0000,1,0.0588,0.0000,0,0.0000,0.0000,0,0.0000,0.0000,2,0.1176,0.0588,0,0.0000,0.0000,3,0.1765,0.1176,1,0.0588,0.0000,1,0.0588,0.0588,1,0.0588,0.0000,3,0.1765,0.1765,0,0.0000,0.0000,2,0.1176,0.0000,0,0.0000,0.0000,1,0.0588,0.0000,1,0.0588,0.0000,1,0.0588,0.0000,1,0.0588,0.0000,1,0.0588,0.0000,1,0.0588,0.0000,0,0.0000,0.0000,0,0.0000,0.0000,0,0.0000,0.0000,0,0.0000,0.0000,0,0.0000,0.0000,0,0.0000,0.0000,0,0.0000,0.0000,0,0.0000,0.0000,0,0.0000,0.0000
69,0.003065,38,0.0368,0.0155,0,0.0000,0.0000,1,0.0417,0.0417,0,0.0000,0.0000,1,0.0417,0.0417,3,0.1250,0.0000,1,0.0417,0.0000,1,0.0417,0.0417,2,0.0833,0.0000,0,0.0000,0.0000,4,0.1667,0.0833,3,0.1250,0.0417,2,0.0833,0.0000,1,0.0417,0.0000,0,0.0000,0.0000,4,0.1667,0.0833,1,0.0417,0.0000,0,0.0000,0.0000,0,0.0000,0.0000,0,0.0000,0.0000,0,0.0000,0.0000,2,0.0833,0.0833,1,0.0417,0.0000,1,0.0417,0.0417,0,0.0000,0.0000,1,0.0417,0.0000,0,0.0000,0.0000,5,0.2083,0.0833,0,0.0000,0.0000,0,0.0000,0.0000,1,0.0417,0.0000,0,0.0000,0.0000,0,0.0000,0.0000,2,0.0833,0.0833,0,0.0000,0.0000,0,0.0000,0.0000,0,0.0000,0.0000,1,0.0417,0.0417,0,0.0000,0.0000,0,0.0000,0.0000,0,0.0000,0.0000,0,0.0000,0.0000,0,0.0000,0.0000,0,0.0000,0.0000
91,0.002965,35,0.0388,0.0155,0,0.0000,0.0000,1,0.0476,0.0476,3,0.1429,0.0476,2,0.0952,0.0000,2,0.0952,0.0000,2,0.0952,0.0000,0,0.0000,0.0000,2,0.0952,0.0000,0,0.0000,0.0000,0,0.0000,0.0000,0,0.0000,0.0000,2,0.0952,0.0476,2,0.0952,0.0476,0,0.0000,0.0000,0,0.0000,0.0000,0,0.0000,0.0000,1,0.0476,0.0476,0,0.0000,0.0000,3,0.1429,0.0952,0,0.0000,0.0000,1,0.0476,0.0476,0,0.0000,0.0000,4,0.1905,0.0476,1,0.0476,0.0000,2,0.0952,0.0476,0,0.0000,0.0000,0,0.0000,0.0000,0,0.0000,0.0000,0,0.0000,0.0000,1,0.0476,0.0476,0,0.0000,0.0000,1,0.0476,0.0000,1,0.0476,0.0476,1,0.0476,0.0476,1,0.0476,0.0000,0,0.0000,0.0000,1,0.0476,0.0476,0,0.0000,0.0000,1,0.0476,0.0000,0,0.0000,0.0000,0,0.0000,0.0000,0,0.0000,0.0000,0,0.0000,0.0000
49,0.002930,38,0.0520,0.0137,0,0.0000,0.0000,0,0.0000,0.0000,0,0.0000,0.0000,1,0.0588,0.0000,1,0.0588,0.0000,0,0.0000,0.0000,1,0.0588,0.0588,1,0.0588,0.0000,1,0.0588,0.0588,3,0.1765,0.1176,0,0.0000,0.0000,1,0.0588,0.0000,3,0.1765,0.0588,1,0.0588,0.0000,0,0.0000,0.0000,0,0.0000,0.0000,1,0.0588,0.0000,0,0.0000,0.0000,0,0.0000,0.0000,0,0.0000,0.0000,0,0.0000,0.0000,0,0.0000,0.0000,7,0.4118,0.1176,1,0.0588,0.0000,1,0.0588,0.0000,1,0.0588,0.0000,0,0.0000,0.0000,0,0.0000,0.0000,7,0.4118,0.1176,2,0.1176,0.0000,0,0.0000,0.0000,0,0.0000,0.0000,0,0.0000,0.0000,3,0.1765,0.0588,0,0.0000,0.0000,2,0.1176,0.0000,0,0.0000,0.0000,0,0.0000,0.0000,0,0.0000,0.0000,0,0.0000,0.0000,0,0.0000,0.0000,0,0.0000,0.0000,0,0.0000,0.0000
118,0.002905,30,0.0498,0.0100,0,0.0000,0.0000,0,0.0000,0.0000,0,0.0000,0.0000,2,0.1429,0.0714,0,0.0000,0.0000,0,0.0000,0.0000,0,0.0000,0.0000,0,0.0000,0.0000,0,0.0000,0.0000,1,0.0714,0.0000,1,0.0714,0.0714,0,0.0000,0.0000,1,0.0714,0.0000,0,0.0000,0.0000,1,0.0714,0.0000,0,0.0000,0.0000,1,0.0714,0.0000,0,0.0000,0.0000,0,0.0000,0.0000,0,0.0000,0.0000,2,0.1429,0.0000,2,0.1429,0.0000,3,0.2143,0.0714,2,0.1429,0.0000,0,0.0000,0.0000,0,0.0000,0.0000,0,0.0000,0.0000,0,0.0000,0.0000,0,0.0000,0.0000,3,0.2143,0.0000,1,0.0714,0.0000,3,0.2143,0.0714,0,0.0000,0.0000,3,0.2143,0.1429,0,0.0000,0.0000,2,0.1429,0.0000,0,0.0000,0.0000,0,0.0000,0.0000,1,0.0714,0.0000,1,0.0714,0.0000,0,0.0000,0.0000,0,0.0000,0.0000,0,0.0000,0.0000
39,0.002880,45,0.0551,0.0086,0,0.0000,0.0000,1,0.0526,0.0000,0,0.0000,0.0000,0,0.0000,0.0000,1,0.0526,0.0526,0,0.0000,0.0000,2,0.1053,0.1053,3,0.1579,0.0000,0,0.0000,0.0000,3,0.1579,0.0000,0,0.0000,0.0000,3,0.1579,0.0000,6,0.3158,0.0526,3,0.1579,0.0000,2,0.1053,0.0526,0,0.0000,0.0000,0,0.0000,0.0000,1,0.0526,0.0000,1,0.0526,0.0000,0,0.0000,0.0000,1,0.0526,0.0000,0,0.0000,0.0000,4,0.2105,0.0000,1,0.0526,0.0000,0,0.0000,0.0000,1,0.0526,0.0000,0,0.0000,0.0000,0,0.0000,0.0000,5,0.2632,0.1053,3,0.1579,0.0000,1,0.0526,0.0000,0,0.0000,0.0000,0,0.0000,0.0000,1,0.0526,0.0000,1,0.0526,0.0000,1,0.0526,0.0000,0,0.0000,0.0000,0,0.0000,0.0000,0,0.0000,0.0000,0,0.0000,0.0000,0,0.0000,0.0000,0,0.0000,0.0000,0,0.0000,0.0000
191,0.002850,36,0.0523,0.0087,0,0.0000,0.0000,0,0.0000,0.0000,2,0.1250,0.0000,0,0.0000,0.0000,1,0.0625,0.0625,2,0.1250,0.0000,0,0.0000,0.0000,0,0.0000,0.0000,0,0.0000,0.0000,4,0.2500,0.0000,0,0.0000,0.0000,3,0.1875,0.0000,4,0.2500,0.0625,0,0.0000,0.0000,0,0.0000,0.0000,0,0.0000,0.0000,0,0.0000,0.0000,0,0.0000,0.0000,2,0.1250,0.0625,0,0.0000,0.0000,1,0.0625,0.0000,2,0.1250,0.0000,0,0.0000,0.0000,1,0.0625,0.0000,1,0.0625,0.0000,0,0.0000,0.0000,0,0.0000,0.0000,0,0.0000,0.0000,0,0.0000,0.0000,1,0.0625,0.0000,0,0.0000,0.0000,1,0.0625,0.0000,0,0.0000,0.0000,4,0.2500,0.0625,2,0.1250,0.0625,1,0.0625,0.0000,0,0.0000,0.0000,0,0.0000,0.0000,4,0.2500,0.0625,0,0.0000,0.0000,0,0.0000,0.0000,0,0.0000,0.0000,0,0.0000,0.0000
206,0.002840,18,0.0233,0.0233,0,0.0000,0.0000,0,0.0000,0.0000,18,1.0000,1.0000,0,0.0000,0.0000,0,0.0000,0.0000,0,0.0000,0.0000,0,0.0000,0.0000,0,0.0000,0.0000,0,0.0000,0.0000,0,0.0000,0.0000,0,0.0000,0.0000,0,0.0000,0.0000,0,0.0000,0.0000,0,0.0000,0.0000,0,0.0000,0.0000,0,0.0000,0.0000,0,0.0000,0.0000,0,0.0000,0.0000,0,0.0000,0.0000,0,0.0000,0.0000,0,0.0000,0.0000,0,0.0000,0.0000,0,0.0000,0.0000,0,0.0000,0.0000,0,0.0000,0.0000,0,0.0000,0.0000,0,0.0000,0.0000,0,0.0000,0.0000,0,0.0000,0.0000,0,0.0000,0.0000,0,0.0000,0.0000,0,0.0000,0.0000,0,0.0000,0.0000,0,0.0000,0.0000,0,0.0000,0.0000,0,0.0000,0.0000,0,0.0000,0.0000,0,0.0000,0.0000,0,0.0000,0.0000,0,0.0000,0.0000,0,0.0000,0.0000,0,0.0000,0.0000,0,0.0000,0.0000
144,0.002755,29,0.0519,0.0107,0,0.0000,0.0000,1,0.0769,0.0769,2,0.1538,0.0000,2,0.1538,0.0000,2,0.1538,0.0000,1,0.0769,0.0769,0,0.0000,0.0000,0,0.0000,0.0000,0,0.0000,0.0000,3,0.2308,0.0000,0,0.0000,0.0000,1,0.0769,0.0000,4,0.3077,0.1538,0,0.0000,0.0000,0,0.0000,0.0000,0,0.0000,0.0000,0,0.0000,0.0000,0,0.0000,0.0000,2,0.1538,0.0000,0,0.0000,0.0000,2,0.1538,0.0769,0,0.0000,0.0000,0,0.0000,0.0000,0,0.0000,0.0000,1,0.0769,0.0000,0,0.0000,0.0000,0,0.0000,0.0000,0,0.0000,0.0000,0,0.0000,0.0000,1,0.0769,0.0769,2,0.1538,0.0000,0,0.0000,0.0000,0,0.0000,0.0000,3,0.2308,0.0000,0,0.0000,0.0000,0,0.0000,0.0000,0,0.0000,0.0000,0,0.0000,0.0000,2,0.1538,0.0000,0,0.0000,0.0000,0,0.0000,0.0000,0,0.0000,0.0000,0,0.0000,0.0000
46,0.002675,34,0.0527,0.0109,0,0.0000,0.0000,0,0.0000,0.0000,0,0.0000,0.0000,2,0.1333,0.0667,2,0.1333,0.0000,1,0.0667,0.0000,3,0.2000,0.2000,1,0.0667,0.0000,1,0.0667,0.0000,3,0.2000,0.2000,0,0.0000,0.0000,2,0.1333,0.0000,1,0.0667,0.0000,1,0.0667,0.0000,2,0.1333,0.0000,0,0.0000,0.0000,0,0.0000,0.0000,3,0.2000,0.0000,3,0.2000,0.0000,0,0.0000,0.0000,0,0.0000,0.0000,0,0.0000,0.0000,2,0.1333,0.0000,1,0.0667,0.0000,0,0.0000,0.0000,0,0.0000,0.0000,1,0.0667,0.0000,0,0.0000,0.0000,2,0.1333,0.0000,0,0.0000,0.0000,0,0.0000,0.0000,2,0.1333,0.0000,0,0.0000,0.0000,1,0.0667,0.0000,0,0.0000,0.0000,0,0.0000,0.0000,0,0.0000,0.0000,0,0.0000,0.0000,0,0.0000,0.0000,0,0.0000,0.0000,0,0.0000,0.0000,0,0.0000,0.0000,0,0.0000,0.0000
170,0.002580,32,0.0465,0.0116,0,0.0000,0.0000,0,0.0000,0.0000,1,0.0625,0.0625,0,0.0000,0.0000,2,0.1250,0.0625,0,0.0000,0.0000,1,0.0625,0.0000,1,0.0625,0.0000,0,0.0000,0.0000,4,0.2500,0.0000,0,0.0000,0.0000,1,0.0625,0.0000,5,0.3125,0.0625,0,0.0000,0.0000,0,0.0000,0.0000,0,0.0000,0.0000,5,0.3125,0.0625,0,0.0000,0.0000,1,0.0625,0.0625,0,0.0000,0.0000,2,0.1250,0.0625,1,0.0625,0.0000,0,0.0000,0.0000,0,0.0000,0.0000,1,0.0625,0.0000,0,0.0000,0.0000,1,0.0625,0.0000,2,0.1250,0.0625,0,0.0000,0.0000,0,0.0000,0.0000,1,0.0625,0.0000,0,0.0000,0.0000,0,0.0000,0.0000,2,0.1250,0.0000,0,0.0000,0.0000,0,0.0000,0.0000,0,0.0000,0.0000,0,0.0000,0.0000,1,0.0625,0.0625,0,0.0000,0.0000,0,0.0000,0.0000,0,0.0000,0.0000,0,0.0000,0.0000
161,0.002565,29,0.0450,0.0109,0,0.0000,0.0000,1,0.0667,0.0667,0,0.0000,0.0000,1,0.0667,0.0000,2,0.1333,0.0000,0,0.0000,0.0000,1,0.0667,0.0667,2,0.1333,0.0000,2,0.1333,0.0667,1,0.0667,0.0000,0,0.0000,0.0000,0,0.0000,0.0000,2,0.1333,0.0000,0,0.0000,0.0000,3,0.2000,0.0667,0,0.0000,0.0000,0,0.0000,0.0000,0,0.0000,0.0000,0,0.0000,0.0000,0,0.0000,0.0000,5,0.3333,0.0667,1,0.0667,0.0000,1,0.0667,0.0667,0,0.0000,0.0000,1,0.0667,0.0000,0,0.0000,0.0000,2,0.1333,0.0000,1,0.0667,0.0000,0,0.0000,0.0000,2,0.1333,0.0667,0,0.0000,0.0000,0,0.0000,0.0000,0,0.0000,0.0000,0,0.0000,0.0000,1,0.0667,0.0000,0,0.0000,0.0000,0,0.0000,0.0000,0,0.0000,0.0000,0,0.0000,0.0000,0,0.0000,0.0000,0,0.0000,0.0000,0,0.0000,0.0000,0,0.0000,0.0000
198,0.002540,21,0.0305,0.0174,0,0.0000,0.0000,0,0.0000,0.0000,12,0.7500,0.6875,1,0.0625,0.0000,0,0.0000,0.0000,1,0.0625,0.0625,0,0.0000,0.0000,0,0.0000,0.0000,0,0.0000,0.0000,1,0.0625,0.0000,0,0.0000,0.0000,0,0.0000,0.0000,1,0.0625,0.0000,0,0.0000,0.0000,0,0.0000,0.0000,0,0.0000,0.0000,0,0.0000,0.0000,0,0.0000,0.0000,0,0.0000,0.0000,0,0.0000,0.0000,0,0.0000,0.0000,0,0.0000,0.0000,0,0.0000,0.0000,0,0.0000,0.0000,0,0.0000,0.0000,0,0.0000,0.0000,0,0.0000,0.0000,0,0.0000,0.0000,0,0.0000,0.0000,0,0.0000,0.0000,1,0.0625,0.0000,0,0.0000,0.0000,0,0.0000,0.0000,2,0.1250,0.0000,0,0.0000,0.0000,1,0.0625,0.0000,0,0.0000,0.0000,0,0.0000,0.0000,1,0.0625,0.0000,0,0.0000,0.0000,0,0.0000,0.0000,0,0.0000,0.0000,0,0.0000,0.0000
42,0.002530,44,0.0487,0.0111,0,0.0000,0.0000,0,0.0000,0.0000,0,0.0000,0.0000,1,0.0476,0.0476,2,0.0952,0.0000,2,0.0952,0.0000,1,0.0476,0.0476,0,0.0000,0.0000,1,0.0476,0.0476,3,0.1429,0.1429,0,0.0000,0.0000,8,0.3810,0.0000,3,0.1429,0.0000,0,0.0000,0.0000,5,0.2381,0.0000,0,0.0000,0.0000,0,0.0000,0.0000,2,0.0952,0.0000,2,0.0952,0.0476,0,0.0000,0.0000,2,0.0952,0.0000,2,0.0952,0.0476,3,0.1429,0.0952,0,0.0000,0.0000,0,0.0000,0.0000,0,0.0000,0.0000,1,0.0476,0.0000,0,0.0000,0.0000,0,0.0000,0.0000,0,0.0000,0.0000,0,0.0000,0.0000,0,0.0000,0.0000,0,0.0000,0.0000,3,0.1429,0.0000,0,0.0000,0.0000,0,0.0000,0.0000,3,0.1429,0.0000,0,0.0000,0.0000,0,0.0000,0.0000,0,0.0000,0.0000,0,0.0000,0.0000,0,0.0000,0.0000,0,0.0000,0.0000
165,0.002530,35,0.0740,0.0063,1,0.0909,0.0000,1,0.0909,0.0000,1,0.0909,0.0000,1,0.0909,0.0000,2,0.1818,0.0000,2,0.1818,0.0909,0,0.0000,0.0000,2,0.1818,0.0000,1,0.0909,0.0000,5,0.4545,0.0909,1,0.0909,0.0000,1,0.0909,0.0000,5,0.4545,0.0000,0,0.0000,0.0000,3,0.2727,0.0000,0,0.0000,0.0000,0,0.0000,0.0000,0,0.0000,0.0000,0,0.0000,0.0000,0,0.0000,0.0000,4,0.3636,0.0909,0,0.0000,0.0000,1,0.0909,0.0000,0,0.0000,0.0000,1,0.0909,0.0000,0,0.0000,0.0000,0,0.0000,0.0000,0,0.0000,0.0000,0,0.0000,0.0000,0,0.0000,0.0000,1,0.0909,0.0000,0,0.0000,0.0000,0,0.0000,0.0000,1,0.0909,0.0000,0,0.0000,0.0000,0,0.0000,0.0000,0,0.0000,0.0000,0,0.0000,0.0000,1,0.0909,0.0000,0,0.0000,0.0000,0,0.0000,0.0000,0,0.0000,0.0000,0,0.0000,0.0000
174,0.002495,23,0.0446,0.0136,0,0.0000,0.0000,0,0.0000,0.0000,0,0.0000,0.0000,0,0.0000,0.0000,2,0.1667,0.1667,2,0.1667,0.0833,0,0.0000,0.0000,0,0.0000,0.0000,0,0.0000,0.0000,1,0.0833,0.0000,0,0.0000,0.0000,0,0.0000,0.0000,1,0.0833,0.0833,0,0.0000,0.0000,1,0.0833,0.0000,0,0.0000,0.0000,0,0.0000,0.0000,0,0.0000,0.0000,0,0.0000,0.0000,0,0.0000,0.0000,2,0.1667,0.0000,0,0.0000,0.0000,0,0.0000,0.0000,0,0.0000,0.0000,1,0.0833,0.0000,0,0.0000,0.0000,2,0.1667,0.0000,1,0.0833,0.0000,0,0.0000,0.0000,2,0.1667,0.0000,1,0.0833,0.0000,1,0.0833,0.0000,0,0.0000,0.0000,3,0.2500,0.1667,0,0.0000,0.0000,0,0.0000,0.0000,0,0.0000,0.0000,0,0.0000,0.0000,3,0.2500,0.0833,0,0.0000,0.0000,0,0.0000,0.0000,0,0.0000,0.0000,0,0.0000,0.0000
76,0.002485,34,0.0465,0.0109,0,0.0000,0.0000,0,0.0000,0.0000,0,0.0000,0.0000,0,0.0000,0.0000,1,0.0588,0.0000,0,0.0000,0.0000,2,0.1176,0.0588,5,0.2941,0.0588,0,0.0000,0.0000,4,0.2353,0.0000,0,0.0000,0.0000,3,0.1765,0.0000,3,0.1765,0.1176,1,0.0588,0.0000,0,0.0000,0.0000,0,0.0000,0.0000,1,0.0588,0.0000,2,0.1176,0.0000,6,0.3529,0.1765,0,0.0000,0.0000,0,0.0000,0.0000,0,0.0000,0.0000,2,0.1176,0.0000,0,0.0000,0.0000,0,0.0000,0.0000,0,0.0000,0.0000,1,0.0588,0.0000,0,0.0000,0.0000,0,0.0000,0.0000,0,0.0000,0.0000,0,0.0000,0.0000,0,0.0000,0.0000,0,0.0000,0.0000,1,0.0588,0.0000,0,0.0000,0.0000,1,0.0588,0.0000,0,0.0000,0.0000,0,0.0000,0.0000,1,0.0588,0.0588,0,0.0000,0.0000,0,0.0000,0.0000,0,0.0000,0.0000,0,0.0000,0.0000
86,0.002350,24,0.0372,0.0124,1,0.0667,0.0667,2,0.1333,0.1333,1,0.0667,0.0000,1,0.0667,0.0000,1,0.0667,0.0000,0,0.0000,0.0000,1,0.0667,0.0667,0,0.0000,0.0000,1,0.0667,0.0000,4,0.2667,0.1333,0,0.0000,0.0000,0,0.0000,0.0000,3,0.2000,0.0000,0,0.0000,0.0000,0,0.0000,0.0000,0,0.0000,0.0000,0,0.0000,0.0000,0,0.0000,0.0000,2,0.1333,0.0667,0,0.0000,0.0000,1,0.0667,0.0000,0,0.0000,0.0000,0,0.0000,0.0000,0,0.0000,0.0000,0,0.0000,0.0000,0,0.0000,0.0000,0,0.0000,0.0000,0,0.0000,0.0000,2,0.1333,0.0000,2,0.1333,0.0000,0,0.0000,0.0000,0,0.0000,0.0000,0,0.0000,0.0000,0,0.0000,0.0000,0,0.0000,0.0000,0,0.0000,0.0000,1,0.0667,0.0000,0,0.0000,0.0000,1,0.0667,0.0667,0,0.0000,0.0000,0,0.0000,0.0000,0,0.0000,0.0000,0,0.0000,0.0000
79,0.002250,15,0.0317,0.0169,0,0.0000,0.0000,2,0.1818,0.0909,2,0.1818,0.0909,1,0.0909,0.0000,1,0.0909,0.0909,0,0.0000,0.0000,0,0.0000,0.0000,0,0.0000,0.0000,0,0.0000,0.0000,2,0.1818,0.0909,1,0.0909,0.0000,0,0.0000,0.0000,0,0.0000,0.0000,1,0.0909,0.0909,1,0.0909,0.0909,0,0.0000,0.0000,0,0.0000,0.0000,0,0.0000,0.0000,0,0.0000,0.0000,0,0.0000,0.0000,1,0.0909,0.0000,0,0.0000,0.0000,1,0.0909,0.0000,0,0.0000,0.0000,1,0.0909,0.0909,0,0.0000,0.0000,1,0.0909,0.0909,0,0.0000,0.0000,0,0.0000,0.0000,0,0.0000,0.0000,0,0.0000,0.0000,0,0.0000,0.0000,0,0.0000,0.0000,0,0.0000,0.0000,0,0.0000,0.0000,0,0.0000,0.0000,0,0.0000,0.0000,0,0.0000,0.0000,0,0.0000,0.0000,0,0.0000,0.0000,0,0.0000,0.0000,0,0.0000,0.0000,0,0.0000,0.0000
44,0.002235,23,0.0357,0.0186,0,0.0000,0.0000,0,0.0000,0.0000,0,0.0000,0.0000,2,0.1333,0.0667,0,0.0000,0.0000,0,0.0000,0.0000,2,0.1333,0.1333,0,0.0000,0.0000,1,0.0667,0.0000,3,0.2000,0.2000,0,0.0000,0.0000,2,0.1333,0.0000,1,0.0667,0.0000,1,0.0667,0.0000,2,0.1333,0.1333,0,0.0000,0.0000,0,0.0000,0.0000,0,0.0000,0.0000,1,0.0667,0.0000,0,0.0000,0.0000,2,0.1333,0.0667,0,0.0000,0.0000,1,0.0667,0.0000,0,0.0000,0.0000,0,0.0000,0.0000,0,0.0000,0.0000,0,0.0000,0.0000,0,0.0000,0.0000,0,0.0000,0.0000,0,0.0000,0.0000,0,0.0000,0.0000,0,0.0000,0.0000,0,0.0000,0.0000,1,0.0667,0.0000,0,0.0000,0.0000,0,0.0000,0.0000,2,0.1333,0.0667,0,0.0000,0.0000,2,0.1333,0.1333,0,0.0000,0.0000,0,0.0000,0.0000,0,0.0000,0.0000,0,0.0000,0.0000
80,0.002155,22,0.0731,0.0100,0,0.0000,0.0000,1,0.1429,0.1429,1,0.1429,0.0000,1,0.1429,0.0000,2,0.2857,0.1429,0,0.0000,0.0000,0,0.0000,0.0000,0,0.0000,0.0000,0,0.0000,0.0000,2,0.2857,0.0000,1,0.1429,0.0000,0,0.0000,0.0000,1,0.1429,0.0000,0,0.0000,0.0000,2,0.2857,0.0000,1,0.1429,0.0000,0,0.0000,0.0000,0,0.0000,0.0000,2,0.2857,0.0000,0,0.0000,0.0000,1,0.1429,0.0000,1,0.1429,0.0000,0,0.0000,0.0000,0,0.0000,0.0000,1,0.1429,0.0000,0,0.0000,0.0000,1,0.1429,0.0000,1,0.1429,0.0000,0,0.0000,0.0000,0,0.0000,0.0000,0,0.0000,0.0000,1,0.1429,0.0000,0,0.0000,0.0000,0,0.0000,0.0000,1,0.1429,0.0000,0,0.0000,0.0000,0,0.0000,0.0000,0,0.0000,0.0000,0,0.0000,0.0000,1,0.1429,0.1429,0,0.0000,0.0000,0,0.0000,0.0000,0,0.0000,0.0000
64,0.002075,20,0.0332,0.0166,0,0.0000,0.0000,0,0.0000,0.0000,0,0.0000,0.0000,1,0.0714,0.0714,0,0.0000,0.0000,0,0.0000,0.0000,0,0.0000,0.0000,0,0.0000,0.0000,1,0.0714,0.0000,3,0.2143,0.0714,1,0.0714,0.0714,3,0.2143,0.0714,1,0.0714,0.0000,1,0.0714,0.0000,2,0.1429,0.0714,0,0.0000,0.0000,0,0.0000,0.0000,0,0.0000,0.0000,1,0.0714,0.0714,0,0.0000,0.0000,4,0.2857,0.2143,0,0.0000,0.0000,1,0.0714,0.0714,0,0.0000,0.0000,0,0.0000,0.0000,0,0.0000,0.0000,0,0.0000,0.0000,0,0.0000,0.0000,0,0.0000,0.0000,0,0.0000,0.0000,0,0.0000,0.0000,0,0.0000,0.0000,0,0.0000,0.0000,0,0.0000,0.0000,0,0.0000,0.0000,0,0.0000,0.0000,0,0.0000,0.0000,0,0.0000,0.0000,0,0.0000,0.0000,0,0.0000,0.0000,0,0.0000,0.0000,0,0.0000,0.0000,1,0.0714,0.0000
163,0.001915,20,0.0423,0.0127,0,0.0000,0.0000,1,0.0909,0.0909,1,0.0909,0.0909,0,0.0000,0.0000,2,0.1818,0.0000,0,0.0000,0.0000,0,0.0000,0.0000,2,0.1818,0.0000,0,0.0000,0.0000,1,0.0909,0.0000,0,0.0000,0.0000,1,0.0909,0.0000,1,0.0909,0.0909,0,0.0000,0.0000,0,0.0000,0.0000,1,0.0909,0.0000,1,0.0909,0.0909,0,0.0000,0.0000,1,0.0909,0.0000,0,0.0000,0.0000,1,0.0909,0.0909,1,0.0909,0.0000,0,0.0000,0.0000,0,0.0000,0.0000,1,0.0909,0.0000,0,0.0000,0.0000,1,0.0909,0.0000,0,0.0000,0.0000,1,0.0909,0.0000,0,0.0000,0.0000,0,0.0000,0.0000,1,0.0909,0.0000,0,0.0000,0.0000,1,0.0909,0.0909,1,0.0909,0.0000,0,0.0000,0.0000,0,0.0000,0.0000,0,0.0000,0.0000,0,0.0000,0.0000,0,0.0000,0.0000,0,0.0000,0.0000,0,0.0000,0.0000,0,0.0000,0.0000
199,0.001905,13,0.0252,0.0213,0,0.0000,0.0000,0,0.0000,0.0000,10,0.8333,0.7500,1,0.0833,0.0000,0,0.0000,0.0000,0,0.0000,0.0000,0,0.0000,0.0000,0,0.0000,0.0000,0,0.0000,0.0000,0,0.0000,0.0000,0,0.0000,0.0000,0,0.0000,0.0000,0,0.0000,0.0000,0,0.0000,0.0000,0,0.0000,0.0000,0,0.0000,0.0000,0,0.0000,0.0000,0,0.0000,0.0000,0,0.0000,0.0000,0,0.0000,0.0000,2,0.1667,0.1667,0,0.0000,0.0000,0,0.0000,0.0000,0,0.0000,0.0000,0,0.0000,0.0000,0,0.0000,0.0000,0,0.0000,0.0000,0,0.0000,0.0000,0,0.0000,0.0000,0,0.0000,0.0000,0,0.0000,0.0000,0,0.0000,0.0000,0,0.0000,0.0000,0,0.0000,0.0000,0,0.0000,0.0000,0,0.0000,0.0000,0,0.0000,0.0000,0,0.0000,0.0000,0,0.0000,0.0000,0,0.0000,0.0000,0,0.0000,0.0000,0,0.0000,0.0000,0,0.0000,0.0000
190,0.001815,16,0.0465,0.0174,0,0.0000,0.0000,0,0.0000,0.0000,0,0.0000,0.0000,0,0.0000,0.0000,2,0.2500,0.2500,0,0.0000,0.0000,0,0.0000,0.0000,0,0.0000,0.0000,0,0.0000,0.0000,1,0.1250,0.0000,0,0.0000,0.0000,0,0.0000,0.0000,2,0.2500,0.1250,0,0.0000,0.0000,3,0.3750,0.2500,0,0.0000,0.0000,0,0.0000,0.0000,0,0.0000,0.0000,0,0.0000,0.0000,0,0.0000,0.0000,1,0.1250,0.0000,2,0.2500,0.0000,0,0.0000,0.0000,0,0.0000,0.0000,2,0.2500,0.0000,0,0.0000,0.0000,1,0.1250,0.0000,0,0.0000,0.0000,0,0.0000,0.0000,1,0.1250,0.0000,0,0.0000,0.0000,0,0.0000,0.0000,0,0.0000,0.0000,1,0.1250,0.1250,0,0.0000,0.0000,0,0.0000,0.0000,0,0.0000,0.0000,0,0.0000,0.0000,0,0.0000,0.0000,0,0.0000,0.0000,0,0.0000,0.0000,0,0.0000,0.0000,0,0.0000,0.0000
74,0.001790,16,0.0338,0.0148,0,0.0000,0.0000,0,0.0000,0.0000,1,0.0909,0.0909,0,0.0000,0.0000,2,0.1818,0.0909,0,0.0000,0.0000,0,0.0000,0.0000,1,0.0909,0.0000,2,0.1818,0.0909,0,0.0000,0.0000,0,0.0000,0.0000,0,0.0000,0.0000,2,0.1818,0.0909,0,0.0000,0.0000,1,0.0909,0.0909,1,0.0909,0.0909,0,0.0000,0.0000,0,0.0000,0.0000,0,0.0000,0.0000,0,0.0000,0.0000,1,0.0909,0.0000,0,0.0000,0.0000,1,0.0909,0.0909,0,0.0000,0.0000,1,0.0909,0.0000,0,0.0000,0.0000,0,0.0000,0.0000,0,0.0000,0.0000,0,0.0000,0.0000,0,0.0000,0.0000,0,0.0000,0.0000,0,0.0000,0.0000,0,0.0000,0.0000,0,0.0000,0.0000,1,0.0909,0.0000,1,0.0909,0.0000,0,0.0000,0.0000,0,0.0000,0.0000,1,0.0909,0.0000,0,0.0000,0.0000,0,0.0000,0.0000,0,0.0000,0.0000,0,0.0000,0.0000
207,0.001660,10,0.0233,0.0233,0,0.0000,0.0000,0,0.0000,0.0000,10,1.0000,1.0000,0,0.0000,0.0000,0,0.0000,0.0000,0,0.0000,0.0000,0,0.0000,0.0000,0,0.0000,0.0000,0,0.0000,0.0000,0,0.0000,0.0000,0,0.0000,0.0000,0,0.0000,0.0000,0,0.0000,0.0000,0,0.0000,0.0000,0,0.0000,0.0000,0,0.0000,0.0000,0,0.0000,0.0000,0,0.0000,0.0000,0,0.0000,0.0000,0,0.0000,0.0000,0,0.0000,0.0000,0,0.0000,0.0000,0,0.0000,0.0000,0,0.0000,0.0000,0,0.0000,0.0000,0,0.0000,0.0000,0,0.0000,0.0000,0,0.0000,0.0000,0,0.0000,0.0000,0,0.0000,0.0000,0,0.0000,0.0000,0,0.0000,0.0000,0,0.0000,0.0000,0,0.0000,0.0000,0,0.0000,0.0000,0,0.0000,0.0000,0,0.0000,0.0000,0,0.0000,0.0000,0,0.0000,0.0000,0,0.0000,0.0000,0,0.0000,0.0000,0,0.0000,0.0000,0,0.0000,0.0000
189,0.001615,18,0.0465,0.0026,0,0.0000,0.0000,0,0.0000,0.0000,0,0.0000,0.0000,0,0.0000,0.0000,0,0.0000,0.0000,0,0.0000,0.0000,1,0.1111,0.0000,0,0.0000,0.0000,0,0.0000,0.0000,3,0.3333,0.0000,0,0.0000,0.0000,0,0.0000,0.0000,3,0.3333,0.0000,0,0.0000,0.0000,0,0.0000,0.0000,1,0.1111,0.0000,0,0.0000,0.0000,0,0.0000,0.0000,1,0.1111,0.0000,0,0.0000,0.0000,0,0.0000,0.0000,1,0.1111,0.0000,0,0.0000,0.0000,0,0.0000,0.0000,1,0.1111,0.0000,0,0.0000,0.0000,1,0.1111,0.0000,1,0.1111,0.0000,0,0.0000,0.0000,1,0.1111,0.1111,1,0.1111,0.0000,0,0.0000,0.0000,0,0.0000,0.0000,1,0.1111,0.0000,0,0.0000,0.0000,1,0.1111,0.0000,0,0.0000,0.0000,0,0.0000,0.0000,1,0.1111,0.0000,0,0.0000,0.0000,0,0.0000,0.0000,0,0.0000,0.0000,0,0.0000,0.0000
205,0.001580,10,0.0233,0.0233,0,0.0000,0.0000,0,0.0000,0.0000,10,1.0000,1.0000,0,0.0000,0.0000,0,0.0000,0.0000,0,0.0000,0.0000,0,0.0000,0.0000,0,0.0000,0.0000,0,0.0000,0.0000,0,0.0000,0.0000,0,0.0000,0.0000,0,0.0000,0.0000,0,0.0000,0.0000,0,0.0000,0.0000,0,0.0000,0.0000,0,0.0000,0.0000,0,0.0000,0.0000,0,0.0000,0.0000,0,0.0000,0.0000,0,0.0000,0.0000,0,0.0000,0.0000,0,0.0000,0.0000,0,0.0000,0.0000,0,0.0000,0.0000,0,0.0000,0.0000,0,0.0000,0.0000,0,0.0000,0.0000,0,0.0000,0.0000,0,0.0000,0.0000,0,0.0000,0.0000,0,0.0000,0.0000,0,0.0000,0.0000,0,0.0000,0.0000,0,0.0000,0.0000,0,0.0000,0.0000,0,0.0000,0.0000,0,0.0000,0.0000,0,0.0000,0.0000,0,0.0000,0.0000,0,0.0000,0.0000,0,0.0000,0.0000,0,0.0000,0.0000,0,0.0000,0.0000
50,0.001470,18,0.0381,0.0127,0,0.0000,0.0000,0,0.0000,0.0000,0,0.0000,0.0000,1,0.0909,0.0909,1,0.0909,0.0909,0,0.0000,0.0000,2,0.1818,0.0909,0,0.0000,0.0000,0,0.0000,0.0000,1,0.0909,0.0909,0,0.0000,0.0000,0,0.0000,0.0000,0,0.0000,0.0000,0,0.0000,0.0000,0,0.0000,0.0000,0,0.0000,0.0000,3,0.2727,0.0909,0,0.0000,0.0000,2,0.1818,0.0909,0,0.0000,0.0000,0,0.0000,0.0000,0,0.0000,0.0000,1,0.0909,0.0000,1,0.0909,0.0000,1,0.0909,0.0000,1,0.0909,0.0000,0,0.0000,0.0000,0,0.0000,0.0000,0,0.0000,0.0000,0,0.0000,0.0000,2,0.1818,0.0000,0,0.0000,0.0000,0,0.0000,0.0000,2,0.1818,0.0000,0,0.0000,0.0000,0,0.0000,0.0000,0,0.0000,0.0000,0,0.0000,0.0000,0,0.0000,0.0000,0,0.0000,0.0000,0,0.0000,0.0000,0,0.0000,0.0000,0,0.0000,0.0000
23,0.001455,13,0.0432,0.0133,0,0.0000,0.0000,0,0.0000,0.0000,1,0.1429,0.1429,0,0.0000,0.0000,0,0.0000,0.0000,0,0.0000,0.0000,0,0.0000,0.0000,0,0.0000,0.0000,1,0.1429,0.1429,3,0.4286,0.0000,0,0.0000,0.0000,3,0.4286,0.0000,3,0.4286,0.2857,0,0.0000,0.0000,0,0.0000,0.0000,0,0.0000,0.0000,0,0.0000,0.0000,0,0.0000,0.0000,0,0.0000,0.0000,0,0.0000,0.0000,0,0.0000,0.0000,0,0.0000,0.0000,0,0.0000,0.0000,0,0.0000,0.0000,0,0.0000,0.0000,0,0.0000,0.0000,0,0.0000,0.0000,0,0.0000,0.0000,0,0.0000,0.0000,0,0.0000,0.0000,1,0.1429,0.0000,0,0.0000,0.0000,0,0.0000,0.0000,1,0.1429,0.0000,0,0.0000,0.0000,0,0.0000,0.0000,0,0.0000,0.0000,0,0.0000,0.0000,0,0.0000,0.0000,0,0.0000,0.0000,0,0.0000,0.0000,0,0.0000,0.0000,0,0.0000,0.0000
45,0.001440,14,0.0296,0.0190,0,0.0000,0.0000,0,0.0000,0.0000,0,0.0000,0.0000,0,0.0000,0.0000,1,0.0909,0.0000,1,0.0909,0.0000,1,0.0909,0.0909,0,0.0000,0.0000,1,0.0909,0.0909,3,0.2727,0.1818,1,0.0909,0.0909,0,0.0000,0.0000,0,0.0000,0.0000,0,0.0000,0.0000,0,0.0000,0.0000,0,0.0000,0.0000,0,0.0000,0.0000,0,0.0000,0.0000,3,0.2727,0.2727,0,0.0000,0.0000,0,0.0000,0.0000,0,0.0000,0.0000,1,0.0909,0.0909,0,0.0000,0.0000,0,0.0000,0.0000,0,0.0000,0.0000,0,0.0000,0.0000,0,0.0000,0.0000,0,0.0000,0.0000,0,0.0000,0.0000,0,0.0000,0.0000,0,0.0000,0.0000,0,0.0000,0.0000,0,0.0000,0.0000,0,0.0000,0.0000,1,0.0909,0.0000,0,0.0000,0.0000,0,0.0000,0.0000,1,0.0909,0.0000,0,0.0000,0.0000,0,0.0000,0.0000,0,0.0000,0.0000,0,0.0000,0.0000
21,0.001420,12,0.0399,0.0100,0,0.0000,0.0000,0,0.0000,0.0000,0,0.0000,0.0000,0,0.0000,0.0000,0,0.0000,0.0000,0,0.0000,0.0000,0,0.0000,0.0000,0,0.0000,0.0000,0,0.0000,0.0000,2,0.2857,0.0000,0,0.0000,0.0000,0,0.0000,0.0000,3,0.4286,0.1429,0,0.0000,0.0000,1,0.1429,0.1429,1,0.1429,0.0000,1,0.1429,0.0000,2,0.2857,0.0000,0,0.0000,0.0000,0,0.0000,0.0000,1,0.1429,0.0000,0,0.0000,0.0000,1,0.1429,0.1429,0,0.0000,0.0000,0,0.0000,0.0000,0,0.0000,0.0000,0,0.0000,0.0000,0,0.0000,0.0000,0,0.0000,0.0000,0,0.0000,0.0000,0,0.0000,0.0000,0,0.0000,0.0000,0,0.0000,0.0000,0,0.0000,0.0000,0,0.0000,0.0000,0,0.0000,0.0000,0,0.0000,0.0000,0,0.0000,0.0000,0,0.0000,0.0000,0,0.0000,0.0000,0,0.0000,0.0000,0,0.0000,0.0000,0,0.0000,0.0000
8,0.001400,14,0.0326,0.0140,0,0.0000,0.0000,0,0.0000,0.0000,1,0.1000,0.1000,0,0.0000,0.0000,0,0.0000,0.0000,0,0.0000,0.0000,0,0.0000,0.0000,0,0.0000,0.0000,1,0.1000,0.0000,3,0.3000,0.0000,1,0.1000,0.1000,1,0.1000,0.0000,4,0.4000,0.2000,0,0.0000,0.0000,1,0.1000,0.0000,0,0.0000,0.0000,0,0.0000,0.0000,0,0.0000,0.0000,1,0.1000,0.1000,0,0.0000,0.0000,1,0.1000,0.1000,0,0.0000,0.0000,0,0.0000,0.0000,0,0.0000,0.0000,0,0.0000,0.0000,0,0.0000,0.0000,0,0.0000,0.0000,0,0.0000,0.0000,0,0.0000,0.0000,0,0.0000,0.0000,0,0.0000,0.0000,0,0.0000,0.0000,0,0.0000,0.0000,0,0.0000,0.0000,0,0.0000,0.0000,0,0.0000,0.0000,0,0.0000,0.0000,0,0.0000,0.0000,0,0.0000,0.0000,0,0.0000,0.0000,0,0.0000,0.0000,0,0.0000,0.0000,0,0.0000,0.0000
208,0.001365,17,0.0439,0.0129,0,0.0000,0.0000,1,0.1111,0.1111,0,0.0000,0.0000,0,0.0000,0.0000,1,0.1111,0.1111,0,0.0000,0.0000,0,0.0000,0.0000,0,0.0000,0.0000,0,0.0000,0.0000,0,0.0000,0.0000,2,0.2222,0.0000,0,0.0000,0.0000,4,0.4444,0.2222,0,0.0000,0.0000,1,0.1111,0.1111,0,0.0000,0.0000,0,0.0000,0.0000,0,0.0000,0.0000,3,0.3333,0.0000,0,0.0000,0.0000,2,0.2222,0.0000,0,0.0000,0.0000,0,0.0000,0.0000,0,0.0000,0.0000,1,0.1111,0.0000,0,0.0000,0.0000,0,0.0000,0.0000,0,0.0000,0.0000,0,0.0000,0.0000,1,0.1111,0.0000,0,0.0000,0.0000,0,0.0000,0.0000,0,0.0000,0.0000,0,0.0000,0.0000,1,0.1111,0.0000,0,0.0000,0.0000,0,0.0000,0.0000,0,0.0000,0.0000,0,0.0000,0.0000,0,0.0000,0.0000,0,0.0000,0.0000,0,0.0000,0.0000,0,0.0000,0.0000
26,0.001255,15,0.0388,0.0155,0,0.0000,0.0000,0,0.0000,0.0000,0,0.0000,0.0000,0,0.0000,0.0000,0,0.0000,0.0000,0,0.0000,0.0000,1,0.1111,0.0000,0,0.0000,0.0000,0,0.0000,0.0000,2,0.2222,0.0000,1,0.1111,0.0000,1,0.1111,0.0000,5,0.5556,0.4444,0,0.0000,0.0000,1,0.1111,0.1111,0,0.0000,0.0000,2,0.2222,0.1111,0,0.0000,0.0000,0,0.0000,0.0000,0,0.0000,0.0000,1,0.1111,0.0000,0,0.0000,0.0000,0,0.0000,0.0000,0,0.0000,0.0000,0,0.0000,0.0000,0,0.0000,0.0000,0,0.0000,0.0000,1,0.1111,0.0000,0,0.0000,0.0000,0,0.0000,0.0000,0,0.0000,0.0000,0,0.0000,0.0000,0,0.0000,0.0000,0,0.0000,0.0000,0,0.0000,0.0000,0,0.0000,0.0000,0,0.0000,0.0000,0,0.0000,0.0000,0,0.0000,0.0000,0,0.0000,0.0000,0,0.0000,0.0000,0,0.0000,0.0000,0,0.0000,0.0000
106,0.001240,18,0.0381,0.0085,0,0.0000,0.0000,0,0.0000,0.0000,0,0.0000,0.0000,0,0.0000,0.0000,0,0.0000,0.0000,0,0.0000,0.0000,0,0.0000,0.0000,0,0.0000,0.0000,0,0.0000,0.0000,1,0.0909,0.0000,0,0.0000,0.0000,2,0.1818,0.0000,1,0.0909,0.0000,1,0.0909,0.0000,1,0.0909,0.0000,0,0.0000,0.0000,0,0.0000,0.0000,0,0.0000,0.0000,0,0.0000,0.0000,0,0.0000,0.0000,3,0.2727,0.1818,0,0.0000,0.0000,0,0.0000,0.0000,0,0.0000,0.0000,0,0.0000,0.0000,0,0.0000,0.0000,0,0.0000,0.0000,0,0.0000,0.0000,0,0.0000,0.0000,0,0.0000,0.0000,0,0.0000,0.0000,1,0.0909,0.0000,1,0.0909,0.0909,1,0.0909,0.0000,1,0.0909,0.0000,1,0.0909,0.0000,2,0.1818,0.0909,0,0.0000,0.0000,0,0.0000,0.0000,0,0.0000,0.0000,1,0.0909,0.0000,0,0.0000,0.0000,1,0.0909,0.0000
11,0.001165,13,0.0336,0.0129,0,0.0000,0.0000,0,0.0000,0.0000,0,0.0000,0.0000,0,0.0000,0.0000,0,0.0000,0.0000,0,0.0000,0.0000,0,0.0000,0.0000,0,0.0000,0.0000,0,0.0000,0.0000,2,0.2222,0.0000,0,0.0000,0.0000,3,0.3333,0.0000,1,0.1111,0.1111,1,0.1111,0.0000,0,0.0000,0.0000,0,0.0000,0.0000,1,0.1111,0.0000,0,0.0000,0.0000,0,0.0000,0.0000,0,0.0000,0.0000,1,0.1111,0.1111,0,0.0000,0.0000,0,0.0000,0.0000,0,0.0000,0.0000,0,0.0000,0.0000,0,0.0000,0.0000,0,0.0000,0.0000,0,0.0000,0.0000,4,0.4444,0.3333,0,0.0000,0.0000,0,0.0000,0.0000,0,0.0000,0.0000,0,0.0000,0.0000,0,0.0000,0.0000,0,0.0000,0.0000,0,0.0000,0.0000,0,0.0000,0.0000,0,0.0000,0.0000,0,0.0000,0.0000,0,0.0000,0.0000,0,0.0000,0.0000,0,0.0000,0.0000,0,0.0000,0.0000
202,0.001095,13,0.0605,0.0047,0,0.0000,0.0000,0,0.0000,0.0000,1,0.2000,0.2000,0,0.0000,0.0000,0,0.0000,0.0000,1,0.2000,0.0000,0,0.0000,0.0000,0,0.0000,0.0000,0,0.0000,0.0000,1,0.2000,0.0000,0,0.0000,0.0000,0,0.0000,0.0000,1,0.2000,0.0000,0,0.0000,0.0000,0,0.0000,0.0000,1,0.2000,0.0000,0,0.0000,0.0000,0,0.0000,0.0000,1,0.2000,0.0000,0,0.0000,0.0000,0,0.0000,0.0000,1,0.2000,0.0000,0,0.0000,0.0000,0,0.0000,0.0000,1,0.2000,0.0000,0,0.0000,0.0000,0,0.0000,0.0000,0,0.0000,0.0000,0,0.0000,0.0000,0,0.0000,0.0000,2,0.4000,0.0000,0,0.0000,0.0000,0,0.0000,0.0000,2,0.4000,0.0000,0,0.0000,0.0000,0,0.0000,0.0000,0,0.0000,0.0000,0,0.0000,0.0000,1,0.2000,0.0000,0,0.0000,0.0000,0,0.0000,0.0000,0,0.0000,0.0000,0,0.0000,0.0000
105,0.001075,10,0.0332,0.0133,0,0.0000,0.0000,0,0.0000,0.0000,1,0.1429,0.1429,0,0.0000,0.0000,0,0.0000,0.0000,0,0.0000,0.0000,0,0.0000,0.0000,0,0.0000,0.0000,0,0.0000,0.0000,0,0.0000,0.0000,0,0.0000,0.0000,2,0.2857,0.0000,0,0.0000,0.0000,1,0.1429,0.0000,2,0.2857,0.1429,0,0.0000,0.0000,0,0.0000,0.0000,0,0.0000,0.0000,1,0.1429,0.1429,0,0.0000,0.0000,0,0.0000,0.0000,0,0.0000,0.0000,1,0.1429,0.1429,0,0.0000,0.0000,0,0.0000,0.0000,0,0.0000,0.0000,0,0.0000,0.0000,0,0.0000,0.0000,0,0.0000,0.0000,0,0.0000,0.0000,0,0.0000,0.0000,0,0.0000,0.0000,0,0.0000,0.0000,0,0.0000,0.0000,0,0.0000,0.0000,0,0.0000,0.0000,0,0.0000,0.0000,0,0.0000,0.0000,0,0.0000,0.0000,0,0.0000,0.0000,1,0.1429,0.0000,1,0.1429,0.0000,0,0.0000,0.0000
40,0.001065,9,0.0299,0.0166,1,0.1429,0.0000,1,0.1429,0.0000,0,0.0000,0.0000,0,0.0000,0.0000,0,0.0000,0.0000,0,0.0000,0.0000,1,0.1429,0.1429,0,0.0000,0.0000,0,0.0000,0.0000,0,0.0000,0.0000,0,0.0000,0.0000,0,0.0000,0.0000,0,0.0000,0.0000,0,0.0000,0.0000,0,0.0000,0.0000,0,0.0000,0.0000,0,0.0000,0.0000,1,0.1429,0.0000,1,0.1429,0.1429,0,0.0000,0.0000,1,0.1429,0.0000,0,0.0000,0.0000,2,0.2857,0.2857,0,0.0000,0.0000,0,0.0000,0.0000,0,0.0000,0.0000,0,0.0000,0.0000,0,0.0000,0.0000,1,0.1429,0.1429,0,0.0000,0.0000,0,0.0000,0.0000,0,0.0000,0.0000,0,0.0000,0.0000,0,0.0000,0.0000,0,0.0000,0.0000,0,0.0000,0.0000,0,0.0000,0.0000,0,0.0000,0.0000,0,0.0000,0.0000,0,0.0000,0.0000,0,0.0000,0.0000,0,0.0000,0.0000,0,0.0000,0.0000
114,0.001055,7,0.0233,0.0233,0,0.0000,0.0000,0,0.0000,0.0000,1,0.1429,0.1429,0,0.0000,0.0000,1,0.1429,0.1429,0,0.0000,0.0000,1,0.1429,0.1429,0,0.0000,0.0000,0,0.0000,0.0000,0,0.0000,0.0000,0,0.0000,0.0000,0,0.0000,0.0000,0,0.0000,0.0000,0,0.0000,0.0000,0,0.0000,0.0000,0,0.0000,0.0000,0,0.0000,0.0000,0,0.0000,0.0000,0,0.0000,0.0000,0,0.0000,0.0000,1,0.1429,0.1429,0,0.0000,0.0000,0,0.0000,0.0000,1,0.1429,0.1429,1,0.1429,0.1429,0,0.0000,0.0000,0,0.0000,0.0000,0,0.0000,0.0000,0,0.0000,0.0000,0,0.0000,0.0000,0,0.0000,0.0000,0,0.0000,0.0000,0,0.0000,0.0000,0,0.0000,0.0000,0,0.0000,0.0000,1,0.1429,0.1429,0,0.0000,0.0000,0,0.0000,0.0000,0,0.0000,0.0000,0,0.0000,0.0000,0,0.0000,0.0000,0,0.0000,0.0000,0,0.0000,0.0000
51,0.001025,15,0.0317,0.0169,0,0.0000,0.0000,0,0.0000,0.0000,0,0.0000,0.0000,0,0.0000,0.0000,1,0.0909,0.0909,0,0.0000,0.0000,1,0.0909,0.0909,0,0.0000,0.0000,0,0.0000,0.0000,3,0.2727,0.2727,0,0.0000,0.0000,0,0.0000,0.0000,1,0.0909,0.0000,0,0.0000,0.0000,1,0.0909,0.0909,1,0.0909,0.0000,0,0.0000,0.0000,0,0.0000,0.0000,0,0.0000,0.0000,0,0.0000,0.0000,0,0.0000,0.0000,1,0.0909,0.0000,1,0.0909,0.0000,0,0.0000,0.0000,1,0.0909,0.0909,0,0.0000,0.0000,1,0.0909,0.0909,0,0.0000,0.0000,0,0.0000,0.0000,0,0.0000,0.0000,1,0.0909,0.0000,0,0.0000,0.0000,0,0.0000,0.0000,1,0.0909,0.0000,0,0.0000,0.0000,0,0.0000,0.0000,1,0.0909,0.0000,0,0.0000,0.0000,0,0.0000,0.0000,0,0.0000,0.0000,0,0.0000,0.0000,0,0.0000,0.0000,0,0.0000,0.0000
22,0.001015,12,0.0465,0.0155,0,0.0000,0.0000,0,0.0000,0.0000,1,0.1667,0.1667,0,0.0000,0.0000,0,0.0000,0.0000,0,0.0000,0.0000,0,0.0000,0.0000,0,0.0000,0.0000,0,0.0000,0.0000,1,0.1667,0.0000,0,0.0000,0.0000,1,0.1667,0.0000,2,0.3333,0.1667,0,0.0000,0.0000,1,0.1667,0.1667,1,0.1667,0.0000,0,0.0000,0.0000,1,0.1667,0.0000,1,0.1667,0.0000,0,0.0000,0.0000,1,0.1667,0.0000,0,0.0000,0.0000,1,0.1667,0.1667,0,0.0000,0.0000,1,0.1667,0.0000,0,0.0000,0.0000,0,0.0000,0.0000,0,0.0000,0.0000,0,0.0000,0.0000,0,0.0000,0.0000,0,0.0000,0.0000,0,0.0000,0.0000,0,0.0000,0.0000,0,0.0000,0.0000,0,0.0000,0.0000,0,0.0000,0.0000,0,0.0000,0.0000,0,0.0000,0.0000,0,0.0000,0.0000,0,0.0000,0.0000,0,0.0000,0.0000,0,0.0000,0.0000,0,0.0000,0.0000
36,0.000975,15,0.1163,0.0078,0,0.0000,0.0000,0,0.0000,0.0000,1,0.3333,0.0000,1,0.3333,0.0000,0,0.0000,0.0000,0,0.0000,0.0000,1,0.3333,0.3333,0,0.0000,0.0000,0,0.0000,0.0000,1,0.3333,0.0000,0,0.0000,0.0000,0,0.0000,0.0000,1,0.3333,0.0000,0,0.0000,0.0000,0,0.0000,0.0000,1,0.3333,0.0000,2,0.6667,0.0000,0,0.0000,0.0000,2,0.6667,0.0000,0,0.0000,0.0000,1,0.3333,0.0000,1,0.3333,0.0000,0,0.0000,0.0000,0,0.0000,0.0000,1,0.3333,0.0000,0,0.0000,0.0000,1,0.3333,0.0000,1,0.3333,0.0000,0,0.0000,0.0000,0,0.0000,0.0000,0,0.0000,0.0000,0,0.0000,0.0000,0,0.0000,0.0000,0,0.0000,0.0000,0,0.0000,0.0000,0,0.0000,0.0000,0,0.0000,0.0000,0,0.0000,0.0000,0,0.0000,0.0000,0,0.0000,0.0000,0,0.0000,0.0000,0,0.0000,0.0000,0,0.0000,0.0000
4,0.000955,7,0.0407,0.0058,0,0.0000,0.0000,0,0.0000,0.0000,0,0.0000,0.0000,0,0.0000,0.0000,0,0.0000,0.0000,0,0.0000,0.0000,0,0.0000,0.0000,0,0.0000,0.0000,0,0.0000,0.0000,2,0.5000,0.0000,0,0.0000,0.0000,3,0.7500,0.0000,0,0.0000,0.0000,0,0.0000,0.0000,2,0.5000,0.2500,0,0.0000,0.0000,0,0.0000,0.0000,0,0.0000,0.0000,0,0.0000,0.0000,0,0.0000,0.0000,0,0.0000,0.0000,0,0.0000,0.0000,0,0.0000,0.0000,0,0.0000,0.0000,0,0.0000,0.0000,0,0.0000,0.0000,0,0.0000,0.0000,0,0.0000,0.0000,0,0.0000,0.0000,0,0.0000,0.0000,0,0.0000,0.0000,0,0.0000,0.0000,0,0.0000,0.0000,0,0.0000,0.0000,0,0.0000,0.0000,0,0.0000,0.0000,0,0.0000,0.0000,0,0.0000,0.0000,0,0.0000,0.0000,0,0.0000,0.0000,0,0.0000,0.0000,0,0.0000,0.0000,0,0.0000,0.0000
209,0.000935,13,0.1008,0.0078,0,0.0000,0.0000,1,0.3333,0.0000,0,0.0000,0.0000,0,0.0000,0.0000,1,0.3333,0.3333,0,0.0000,0.0000,0,0.0000,0.0000,0,0.0000,0.0000,0,0.0000,0.0000,0,0.0000,0.0000,0,0.0000,0.0000,0,0.0000,0.0000,2,0.6667,0.0000,0,0.0000,0.0000,0,0.0000,0.0000,0,0.0000,0.0000,0,0.0000,0.0000,0,0.0000,0.0000,2,0.6667,0.0000,0,0.0000,0.0000,1,0.3333,0.0000,0,0.0000,0.0000,0,0.0000,0.0000,0,0.0000,0.0000,2,0.6667,0.0000,0,0.0000,0.0000,1,0.3333,0.0000,0,0.0000,0.0000,0,0.0000,0.0000,1,0.3333,0.0000,0,0.0000,0.0000,0,0.0000,0.0000,0,0.0000,0.0000,0,0.0000,0.0000,2,0.6667,0.0000,0,0.0000,0.0000,0,0.0000,0.0000,0,0.0000,0.0000,0,0.0000,0.0000,0,0.0000,0.0000,0,0.0000,0.0000,0,0.0000,0.0000,0,0.0000,0.0000
20,0.000870,7,0.0407,0.0174,0,0.0000,0.0000,0,0.0000,0.0000,1,0.2500,0.2500,0,0.0000,0.0000,0,0.0000,0.0000,0,0.0000,0.0000,0,0.0000,0.0000,0,0.0000,0.0000,1,0.2500,0.2500,0,0.0000,0.0000,0,0.0000,0.0000,1,0.2500,0.0000,1,0.2500,0.2500,0,0.0000,0.0000,1,0.2500,0.0000,0,0.0000,0.0000,0,0.0000,0.0000,0,0.0000,0.0000,0,0.0000,0.0000,0,0.0000,0.0000,0,0.0000,0.0000,0,0.0000,0.0000,0,0.0000,0.0000,0,0.0000,0.0000,0,0.0000,0.0000,0,0.0000,0.0000,0,0.0000,0.0000,0,0.0000,0.0000,1,0.2500,0.0000,0,0.0000,0.0000,0,0.0000,0.0000,1,0.2500,0.0000,0,0.0000,0.0000,0,0.0000,0.0000,0,0.0000,0.0000,0,0.0000,0.0000,0,0.0000,0.0000,0,0.0000,0.0000,0,0.0000,0.0000,0,0.0000,0.0000,0,0.0000,0.0000,0,0.0000,0.0000,0,0.0000,0.0000
47,0.000870,10,0.0465,0.0140,0,0.0000,0.0000,0,0.0000,0.0000,2,0.4000,0.4000,0,0.0000,0.0000,0,0.0000,0.0000,1,0.2000,0.0000,0,0.0000,0.0000,0,0.0000,0.0000,0,0.0000,0.0000,0,0.0000,0.0000,0,0.0000,0.0000,1,0.2000,0.2000,0,0.0000,0.0000,0,0.0000,0.0000,0,0.0000,0.0000,0,0.0000,0.0000,1,0.2000,0.0000,0,0.0000,0.0000,1,0.2000,0.0000,0,0.0000,0.0000,0,0.0000,0.0000,0,0.0000,0.0000,1,0.2000,0.0000,0,0.0000,0.0000,1,0.2000,0.0000,0,0.0000,0.0000,0,0.0000,0.0000,0,0.0000,0.0000,0,0.0000,0.0000,0,0.0000,0.0000,0,0.0000,0.0000,1,0.2000,0.0000,0,0.0000,0.0000,1,0.2000,0.0000,0,0.0000,0.0000,0,0.0000,0.0000,0,0.0000,0.0000,0,0.0000,0.0000,0,0.0000,0.0000,0,0.0000,0.0000,0,0.0000,0.0000,0,0.0000,0.0000,0,0.0000,0.0000
15,0.000855,8,0.0372,0.0140,0,0.0000,0.0000,0,0.0000,0.0000,0,0.0000,0.0000,0,0.0000,0.0000,0,0.0000,0.0000,0,0.0000,0.0000,1,0.2000,0.0000,0,0.0000,0.0000,0,0.0000,0.0000,2,0.4000,0.0000,0,0.0000,0.0000,1,0.2000,0.0000,3,0.6000,0.4000,0,0.0000,0.0000,1,0.2000,0.2000,0,0.0000,0.0000,0,0.0000,0.0000,0,0.0000,0.0000,0,0.0000,0.0000,0,0.0000,0.0000,0,0.0000,0.0000,0,0.0000,0.0000,0,0.0000,0.0000,0,0.0000,0.0000,0,0.0000,0.0000,0,0.0000,0.0000,0,0.0000,0.0000,0,0.0000,0.0000,0,0.0000,0.0000,0,0.0000,0.0000,0,0.0000,0.0000,0,0.0000,0.0000,0,0.0000,0.0000,0,0.0000,0.0000,0,0.0000,0.0000,0,0.0000,0.0000,0,0.0000,0.0000,0,0.0000,0.0000,0,0.0000,0.0000,0,0.0000,0.0000,0,0.0000,0.0000,0,0.0000,0.0000,0,0.0000,0.0000
216,0.000800,5,0.0291,0.0174,0,0.0000,0.0000,1,0.2500,0.2500,0,0.0000,0.0000,0,0.0000,0.0000,2,0.5000,0.2500,0,0.0000,0.0000,0,0.0000,0.0000,1,0.2500,0.0000,0,0.0000,0.0000,0,0.0000,0.0000,0,0.0000,0.0000,0,0.0000,0.0000,1,0.2500,0.2500,0,0.0000,0.0000,0,0.0000,0.0000,0,0.0000,0.0000,0,0.0000,0.0000,0,0.0000,0.0000,0,0.0000,0.0000,0,0.0000,0.0000,0,0.0000,0.0000,0,0.0000,0.0000,0,0.0000,0.0000,0,0.0000,0.0000,0,0.0000,0.0000,0,0.0000,0.0000,0,0.0000,0.0000,0,0.0000,0.0000,0,0.0000,0.0000,0,0.0000,0.0000,0,0.0000,0.0000,0,0.0000,0.0000,0,0.0000,0.0000,0,0.0000,0.0000,0,0.0000,0.0000,0,0.0000,0.0000,0,0.0000,0.0000,0,0.0000,0.0000,0,0.0000,0.0000,0,0.0000,0.0000,0,0.0000,0.0000,0,0.0000,0.0000,0,0.0000,0.0000
2,0.000765,8,0.0465,0.0058,1,0.2500,0.0000,1,0.2500,0.0000,1,0.2500,0.2500,0,0.0000,0.0000,0,0.0000,0.0000,0,0.0000,0.0000,0,0.0000,0.0000,0,0.0000,0.0000,0,0.0000,0.0000,0,0.0000,0.0000,0,0.0000,0.0000,1,0.2500,0.0000,0,0.0000,0.0000,0,0.0000,0.0000,1,0.2500,0.0000,1,0.2500,0.0000,0,0.0000,0.0000,0,0.0000,0.0000,0,0.0000,0.0000,0,0.0000,0.0000,0,0.0000,0.0000,1,0.2500,0.0000,1,0.2500,0.0000,0,0.0000,0.0000,0,0.0000,0.0000,0,0.0000,0.0000,0,0.0000,0.0000,0,0.0000,0.0000,0,0.0000,0.0000,0,0.0000,0.0000,0,0.0000,0.0000,0,0.0000,0.0000,0,0.0000,0.0000,0,0.0000,0.0000,0,0.0000,0.0000,0,0.0000,0.0000,0,0.0000,0.0000,0,0.0000,0.0000,0,0.0000,0.0000,0,0.0000,0.0000,0,0.0000,0.0000,0,0.0000,0.0000,0,0.0000,0.0000
7,0.000735,4,0.0310,0.0155,0,0.0000,0.0000,0,0.0000,0.0000,2,0.6667,0.3333,0,0.0000,0.0000,0,0.0000,0.0000,1,0.3333,0.0000,0,0.0000,0.0000,0,0.0000,0.0000,0,0.0000,0.0000,0,0.0000,0.0000,0,0.0000,0.0000,0,0.0000,0.0000,0,0.0000,0.0000,0,0.0000,0.0000,0,0.0000,0.0000,0,0.0000,0.0000,0,0.0000,0.0000,0,0.0000,0.0000,0,0.0000,0.0000,0,0.0000,0.0000,0,0.0000,0.0000,1,0.3333,0.3333,0,0.0000,0.0000,0,0.0000,0.0000,0,0.0000,0.0000,0,0.0000,0.0000,0,0.0000,0.0000,0,0.0000,0.0000,0,0.0000,0.0000,0,0.0000,0.0000,0,0.0000,0.0000,0,0.0000,0.0000,0,0.0000,0.0000,0,0.0000,0.0000,0,0.0000,0.0000,0,0.0000,0.0000,0,0.0000,0.0000,0,0.0000,0.0000,0,0.0000,0.0000,0,0.0000,0.0000,0,0.0000,0.0000,0,0.0000,0.0000,0,0.0000,0.0000
32,0.000735,5,0.0291,0.0174,0,0.0000,0.0000,0,0.0000,0.0000,0,0.0000,0.0000,0,0.0000,0.0000,0,0.0000,0.0000,1,0.2500,0.2500,0,0.0000,0.0000,0,0.0000,0.0000,1,0.2500,0.2500,0,0.0000,0.0000,0,0.0000,0.0000,1,0.2500,0.0000,1,0.2500,0.2500,0,0.0000,0.0000,1,0.2500,0.0000,0,0.0000,0.0000,0,0.0000,0.0000,0,0.0000,0.0000,0,0.0000,0.0000,0,0.0000,0.0000,0,0.0000,0.0000,0,0.0000,0.0000,0,0.0000,0.0000,0,0.0000,0.0000,0,0.0000,0.0000,0,0.0000,0.0000,0,0.0000,0.0000,0,0.0000,0.0000,0,0.0000,0.0000,0,0.0000,0.0000,0,0.0000,0.0000,0,0.0000,0.0000,0,0.0000,0.0000,0,0.0000,0.0000,0,0.0000,0.0000,0,0.0000,0.0000,0,0.0000,0.0000,0,0.0000,0.0000,0,0.0000,0.0000,0,0.0000,0.0000,0,0.0000,0.0000,0,0.0000,0.0000,0,0.0000,0.0000
19,0.000730,6,0.0349,0.0116,0,0.0000,0.0000,0,0.0000,0.0000,0,0.0000,0.0000,0,0.0000,0.0000,0,0.0000,0.0000,0,0.0000,0.0000,0,0.0000,0.0000,0,0.0000,0.0000,0,0.0000,0.0000,1,0.2500,0.0000,1,0.2500,0.2500,1,0.2500,0.0000,1,0.2500,0.2500,0,0.0000,0.0000,0,0.0000,0.0000,0,0.0000,0.0000,0,0.0000,0.0000,0,0.0000,0.0000,0,0.0000,0.0000,0,0.0000,0.0000,0,0.0000,0.0000,0,0.0000,0.0000,0,0.0000,0.0000,0,0.0000,0.0000,0,0.0000,0.0000,0,0.0000,0.0000,0,0.0000,0.0000,0,0.0000,0.0000,1,0.2500,0.0000,0,0.0000,0.0000,0,0.0000,0.0000,1,0.2500,0.0000,0,0.0000,0.0000,0,0.0000,0.0000,0,0.0000,0.0000,0,0.0000,0.0000,0,0.0000,0.0000,0,0.0000,0.0000,0,0.0000,0.0000,0,0.0000,0.0000,0,0.0000,0.0000,0,0.0000,0.0000,0,0.0000,0.0000
203,0.000725,3,0.0233,0.0233,0,0.0000,0.0000,0,0.0000,0.0000,2,0.6667,0.6667,0,0.0000,0.0000,0,0.0000,0.0000,0,0.0000,0.0000,0,0.0000,0.0000,0,0.0000,0.0000,0,0.0000,0.0000,0,0.0000,0.0000,0,0.0000,0.0000,0,0.0000,0.0000,0,0.0000,0.0000,0,0.0000,0.0000,0,0.0000,0.0000,0,0.0000,0.0000,0,0.0000,0.0000,0,0.0000,0.0000,0,0.0000,0.0000,0,0.0000,0.0000,1,0.3333,0.3333,0,0.0000,0.0000,0,0.0000,0.0000,0,0.0000,0.0000,0,0.0000,0.0000,0,0.0000,0.0000,0,0.0000,0.0000,0,0.0000,0.0000,0,0.0000,0.0000,0,0.0000,0.0000,0,0.0000,0.0000,0,0.0000,0.0000,0,0.0000,0.0000,0,0.0000,0.0000,0,0.0000,0.0000,0,0.0000,0.0000,0,0.0000,0.0000,0,0.0000,0.0000,0,0.0000,0.0000,0,0.0000,0.0000,0,0.0000,0.0000,0,0.0000,0.0000,0,0.0000,0.0000
10,0.000720,7,0.0326,0.0140,0,0.0000,0.0000,0,0.0000,0.0000,0,0.0000,0.0000,0,0.0000,0.0000,0,0.0000,0.0000,0,0.0000,0.0000,0,0.0000,0.0000,0,0.0000,0.0000,0,0.0000,0.0000,2,0.4000,0.2000,1,0.2000,0.0000,0,0.0000,0.0000,2,0.4000,0.2000,0,0.0000,0.0000,0,0.0000,0.0000,0,0.0000,0.0000,0,0.0000,0.0000,0,0.0000,0.0000,0,0.0000,0.0000,0,0.0000,0.0000,0,0.0000,0.0000,1,0.2000,0.2000,0,0.0000,0.0000,0,0.0000,0.0000,1,0.2000,0.0000,0,0.0000,0.0000,0,0.0000,0.0000,0,0.0000,0.0000,0,0.0000,0.0000,0,0.0000,0.0000,0,0.0000,0.0000,0,0.0000,0.0000,0,0.0000,0.0000,0,0.0000,0.0000,0,0.0000,0.0000,0,0.0000,0.0000,0,0.0000,0.0000,0,0.0000,0.0000,0,0.0000,0.0000,0,0.0000,0.0000,0,0.0000,0.0000,0,0.0000,0.0000,0,0.0000,0.0000
38,0.000720,9,0.0419,0.0140,0,0.0000,0.0000,0,0.0000,0.0000,0,0.0000,0.0000,0,0.0000,0.0000,0,0.0000,0.0000,0,0.0000,0.0000,1,0.2000,0.2000,0,0.0000,0.0000,0,0.0000,0.0000,1,0.2000,0.0000,0,0.0000,0.0000,2,0.4000,0.0000,1,0.2000,0.0000,0,0.0000,0.0000,0,0.0000,0.0000,0,0.0000,0.0000,0,0.0000,0.0000,1,0.2000,0.0000,0,0.0000,0.0000,0,0.0000,0.0000,3,0.6000,0.4000,0,0.0000,0.0000,0,0.0000,0.0000,0,0.0000,0.0000,0,0.0000,0.0000,0,0.0000,0.0000,0,0.0000,0.0000,0,0.0000,0.0000,0,0.0000,0.0000,0,0.0000,0.0000,0,0.0000,0.0000,0,0.0000,0.0000,0,0.0000,0.0000,0,0.0000,0.0000,0,0.0000,0.0000,0,0.0000,0.0000,0,0.0000,0.0000,0,0.0000,0.0000,0,0.0000,0.0000,0,0.0000,0.0000,0,0.0000,0.0000,0,0.0000,0.0000,0,0.0000,0.0000
29,0.000700,3,0.0233,0.0233,0,0.0000,0.0000,0,0.0000,0.0000,0,0.0000,0.0000,0,0.0000,0.0000,0,0.0000,0.0000,0,0.0000,0.0000,1,0.3333,0.3333,0,0.0000,0.0000,0,0.0000,0.0000,0,0.0000,0.0000,1,0.3333,0.3333,0,0.0000,0.0000,1,0.3333,0.3333,0,0.0000,0.0000,0,0.0000,0.0000,0,0.0000,0.0000,0,0.0000,0.0000,0,0.0000,0.0000,0,0.0000,0.0000,0,0.0000,0.0000,0,0.0000,0.0000,0,0.0000,0.0000,0,0.0000,0.0000,0,0.0000,0.0000,0,0.0000,0.0000,0,0.0000,0.0000,0,0.0000,0.0000,0,0.0000,0.0000,0,0.0000,0.0000,0,0.0000,0.0000,0,0.0000,0.0000,0,0.0000,0.0000,0,0.0000,0.0000,0,0.0000,0.0000,0,0.0000,0.0000,0,0.0000,0.0000,0,0.0000,0.0000,0,0.0000,0.0000,0,0.0000,0.0000,0,0.0000,0.0000,0,0.0000,0.0000,0,0.0000,0.0000,0,0.0000,0.0000
212,0.000695,5,0.0291,0.0174,0,0.0000,0.0000,0,0.0000,0.0000,0,0.0000,0.0000,0,0.0000,0.0000,0,0.0000,0.0000,0,0.0000,0.0000,1,0.2500,0.2500,0,0.0000,0.0000,0,0.0000,0.0000,1,0.2500,0.0000,0,0.0000,0.0000,0,0.0000,0.0000,1,0.2500,0.0000,0,0.0000,0.0000,0,0.0000,0.0000,0,0.0000,0.0000,0,0.0000,0.0000,0,0.0000,0.0000,0,0.0000,0.0000,0,0.0000,0.0000,2,0.5000,0.5000,0,0.0000,0.0000,0,0.0000,0.0000,0,0.0000,0.0000,0,0.0000,0.0000,0,0.0000,0.0000,0,0.0000,0.0000,0,0.0000,0.0000,0,0.0000,0.0000,0,0.0000,0.0000,0,0.0000,0.0000,0,0.0000,0.0000,0,0.0000,0.0000,0,0.0000,0.0000,0,0.0000,0.0000,0,0.0000,0.0000,0,0.0000,0.0000,0,0.0000,0.0000,0,0.0000,0.0000,0,0.0000,0.0000,0,0.0000,0.0000,0,0.0000,0.0000,0,0.0000,0.0000
3,0.000680,5,0.0291,0.0174,0,0.0000,0.0000,0,0.0000,0.0000,0,0.0000,0.0000,0,0.0000,0.0000,0,0.0000,0.0000,0,0.0000,0.0000,0,0.0000,0.0000,0,0.0000,0.0000,0,0.0000,0.0000,0,0.0000,0.0000,0,0.0000,0.0000,1,0.2500,0.2500,0,0.0000,0.0000,0,0.0000,0.0000,1,0.2500,0.2500,0,0.0000,0.0000,0,0.0000,0.0000,0,0.0000,0.0000,0,0.0000,0.0000,0,0.0000,0.0000,0,0.0000,0.0000,0,0.0000,0.0000,1,0.2500,0.2500,0,0.0000,0.0000,0,0.0000,0.0000,0,0.0000,0.0000,0,0.0000,0.0000,0,0.0000,0.0000,0,0.0000,0.0000,0,0.0000,0.0000,0,0.0000,0.0000,0,0.0000,0.0000,0,0.0000,0.0000,0,0.0000,0.0000,0,0.0000,0.0000,1,0.2500,0.0000,0,0.0000,0.0000,1,0.2500,0.0000,0,0.0000,0.0000,0,0.0000,0.0000,0,0.0000,0.0000,0,0.0000,0.0000,0,0.0000,0.0000
211,0.000640,9,0.0419,0.0093,0,0.0000,0.0000,0,0.0000,0.0000,0,0.0000,0.0000,0,0.0000,0.0000,0,0.0000,0.0000,0,0.0000,0.0000,1,0.2000,0.0000,0,0.0000,0.0000,0,0.0000,0.0000,2,0.4000,0.0000,0,0.0000,0.0000,0,0.0000,0.0000,3,0.6000,0.2000,0,0.0000,0.0000,0,0.0000,0.0000,0,0.0000,0.0000,0,0.0000,0.0000,0,0.0000,0.0000,0,0.0000,0.0000,0,0.0000,0.0000,1,0.2000,0.2000,0,0.0000,0.0000,0,0.0000,0.0000,0,0.0000,0.0000,0,0.0000,0.0000,0,0.0000,0.0000,0,0.0000,0.0000,0,0.0000,0.0000,0,0.0000,0.0000,0,0.0000,0.0000,0,0.0000,0.0000,1,0.2000,0.0000,0,0.0000,0.0000,0,0.0000,0.0000,1,0.2000,0.0000,0,0.0000,0.0000,0,0.0000,0.0000,0,0.0000,0.0000,0,0.0000,0.0000,0,0.0000,0.0000,0,0.0000,0.0000,0,0.0000,0.0000,0,0.0000,0.0000
16,0.000625,6,0.0349,0.0116,0,0.0000,0.0000,0,0.0000,0.0000,0,0.0000,0.0000,0,0.0000,0.0000,0,0.0000,0.0000,0,0.0000,0.0000,0,0.0000,0.0000,0,0.0000,0.0000,0,0.0000,0.0000,2,0.5000,0.0000,0,0.0000,0.0000,1,0.2500,0.0000,1,0.2500,0.0000,0,0.0000,0.0000,1,0.2500,0.2500,0,0.0000,0.0000,0,0.0000,0.0000,0,0.0000,0.0000,1,0.2500,0.2500,0,0.0000,0.0000,0,0.0000,0.0000,0,0.0000,0.0000,0,0.0000,0.0000,0,0.0000,0.0000,0,0.0000,0.0000,0,0.0000,0.0000,0,0.0000,0.0000,0,0.0000,0.0000,0,0.0000,0.0000,0,0.0000,0.0000,0,0.0000,0.0000,0,0.0000,0.0000,0,0.0000,0.0000,0,0.0000,0.0000,0,0.0000,0.0000,0,0.0000,0.0000,0,0.0000,0.0000,0,0.0000,0.0000,0,0.0000,0.0000,0,0.0000,0.0000,0,0.0000,0.0000,0,0.0000,0.0000,0,0.0000,0.0000
18,0.000620,4,0.0310,0.0155,0,0.0000,0.0000,0,0.0000,0.0000,0,0.0000,0.0000,0,0.0000,0.0000,0,0.0000,0.0000,0,0.0000,0.0000,0,0.0000,0.0000,0,0.0000,0.0000,1,0.3333,0.3333,1,0.3333,0.0000,0,0.0000,0.0000,0,0.0000,0.0000,1,0.3333,0.0000,0,0.0000,0.0000,0,0.0000,0.0000,0,0.0000,0.0000,0,0.0000,0.0000,0,0.0000,0.0000,1,0.3333,0.3333,0,0.0000,0.0000,0,0.0000,0.0000,0,0.0000,0.0000,0,0.0000,0.0000,0,0.0000,0.0000,0,0.0000,0.0000,0,0.0000,0.0000,0,0.0000,0.0000,0,0.0000,0.0000,0,0.0000,0.0000,0,0.0000,0.0000,0,0.0000,0.0000,0,0.0000,0.0000,0,0.0000,0.0000,0,0.0000,0.0000,0,0.0000,0.0000,0,0.0000,0.0000,0,0.0000,0.0000,0,0.0000,0.0000,0,0.0000,0.0000,0,0.0000,0.0000,0,0.0000,0.0000,0,0.0000,0.0000,0,0.0000,0.0000
17,0.000615,5,0.0291,0.0174,0,0.0000,0.0000,0,0.0000,0.0000,0,0.0000,0.0000,0,0.0000,0.0000,0,0.0000,0.0000,0,0.0000,0.0000,1,0.2500,0.2500,0,0.0000,0.0000,0,0.0000,0.0000,1,0.2500,0.0000,0,0.0000,0.0000,1,0.2500,0.0000,1,0.2500,0.2500,0,0.0000,0.0000,0,0.0000,0.0000,0,0.0000,0.0000,0,0.0000,0.0000,0,0.0000,0.0000,0,0.0000,0.0000,0,0.0000,0.0000,0,0.0000,0.0000,1,0.2500,0.2500,0,0.0000,0.0000,0,0.0000,0.0000,0,0.0000,0.0000,0,0.0000,0.0000,0,0.0000,0.0000,0,0.0000,0.0000,0,0.0000,0.0000,0,0.0000,0.0000,0,0.0000,0.0000,0,0.0000,0.0000,0,0.0000,0.0000,0,0.0000,0.0000,0,0.0000,0.0000,0,0.0000,0.0000,0,0.0000,0.0000,0,0.0000,0.0000,0,0.0000,0.0000,0,0.0000,0.0000,0,0.0000,0.0000,0,0.0000,0.0000,0,0.0000,0.0000
200,0.000610,5,0.0291,0.0174,0,0.0000,0.0000,0,0.0000,0.0000,1,0.2500,0.2500,0,0.0000,0.0000,0,0.0000,0.0000,1,0.2500,0.2500,0,0.0000,0.0000,0,0.0000,0.0000,0,0.0000,0.0000,0,0.0000,0.0000,0,0.0000,0.0000,0,0.0000,0.0000,0,0.0000,0.0000,0,0.0000,0.0000,0,0.0000,0.0000,0,0.0000,0.0000,0,0.0000,0.0000,0,0.0000,0.0000,0,0.0000,0.0000,0,0.0000,0.0000,0,0.0000,0.0000,0,0.0000,0.0000,0,0.0000,0.0000,0,0.0000,0.0000,0,0.0000,0.0000,0,0.0000,0.0000,0,0.0000,0.0000,0,0.0000,0.0000,0,0.0000,0.0000,1,0.2500,0.2500,1,0.2500,0.0000,0,0.0000,0.0000,0,0.0000,0.0000,1,0.2500,0.0000,0,0.0000,0.0000,0,0.0000,0.0000,0,0.0000,0.0000,0,0.0000,0.0000,0,0.0000,0.0000,0,0.0000,0.0000,0,0.0000,0.0000,0,0.0000,0.0000,0,0.0000,0.0000
14,0.000600,6,0.0349,0.0116,0,0.0000,0.0000,0,0.0000,0.0000,0,0.0000,0.0000,1,0.2500,0.2500,0,0.0000,0.0000,0,0.0000,0.0000,0,0.0000,0.0000,0,0.0000,0.0000,0,0.0000,0.0000,0,0.0000,0.0000,0,0.0000,0.0000,1,0.2500,0.0000,0,0.0000,0.0000,0,0.0000,0.0000,0,0.0000,0.0000,1,0.2500,0.0000,0,0.0000,0.0000,0,0.0000,0.0000,0,0.0000,0.0000,0,0.0000,0.0000,1,0.2500,0.2500,0,0.0000,0.0000,1,0.2500,0.0000,0,0.0000,0.0000,0,0.0000,0.0000,0,0.0000,0.0000,0,0.0000,0.0000,0,0.0000,0.0000,0,0.0000,0.0000,0,0.0000,0.0000,0,0.0000,0.0000,1,0.2500,0.0000,0,0.0000,0.0000,0,0.0000,0.0000,0,0.0000,0.0000,0,0.0000,0.0000,0,0.0000,0.0000,0,0.0000,0.0000,0,0.0000,0.0000,0,0.0000,0.0000,0,0.0000,0.0000,0,0.0000,0.0000,0,0.0000,0.0000
204,0.000570,3,0.0233,0.0233,0,0.0000,0.0000,0,0.0000,0.0000,2,0.6667,0.6667,0,0.0000,0.0000,0,0.0000,0.0000,0,0.0000,0.0000,0,0.0000,0.0000,0,0.0000,0.0000,0,0.0000,0.0000,0,0.0000,0.0000,0,0.0000,0.0000,0,0.0000,0.0000,0,0.0000,0.0000,0,0.0000,0.0000,0,0.0000,0.0000,0,0.0000,0.0000,0,0.0000,0.0000,0,0.0000,0.0000,0,0.0000,0.0000,0,0.0000,0.0000,1,0.3333,0.3333,0,0.0000,0.0000,0,0.0000,0.0000,0,0.0000,0.0000,0,0.0000,0.0000,0,0.0000,0.0000,0,0.0000,0.0000,0,0.0000,0.0000,0,0.0000,0.0000,0,0.0000,0.0000,0,0.0000,0.0000,0,0.0000,0.0000,0,0.0000,0.0000,0,0.0000,0.0000,0,0.0000,0.0000,0,0.0000,0.0000,0,0.0000,0.0000,0,0.0000,0.0000,0,0.0000,0.0000,0,0.0000,0.0000,0,0.0000,0.0000,0,0.0000,0.0000,0,0.0000,0.0000
35,0.000545,4,0.0310,0.0155,0,0.0000,0.0000,0,0.0000,0.0000,1,0.3333,0.0000,0,0.0000,0.0000,0,0.0000,0.0000,1,0.3333,0.0000,1,0.3333,0.3333,0,0.0000,0.0000,0,0.0000,0.0000,0,0.0000,0.0000,0,0.0000,0.0000,0,0.0000,0.0000,0,0.0000,0.0000,0,0.0000,0.0000,0,0.0000,0.0000,0,0.0000,0.0000,1,0.3333,0.3333,0,0.0000,0.0000,0,0.0000,0.0000,0,0.0000,0.0000,0,0.0000,0.0000,0,0.0000,0.0000,0,0.0000,0.0000,0,0.0000,0.0000,0,0.0000,0.0000,0,0.0000,0.0000,0,0.0000,0.0000,0,0.0000,0.0000,0,0.0000,0.0000,0,0.0000,0.0000,0,0.0000,0.0000,0,0.0000,0.0000,0,0.0000,0.0000,0,0.0000,0.0000,0,0.0000,0.0000,0,0.0000,0.0000,0,0.0000,0.0000,0,0.0000,0.0000,0,0.0000,0.0000,0,0.0000,0.0000,0,0.0000,0.0000,0,0.0000,0.0000,0,0.0000,0.0000
6,0.000535,3,0.0233,0.0233,0,0.0000,0.0000,0,0.0000,0.0000,0,0.0000,0.0000,0,0.0000,0.0000,0,0.0000,0.0000,0,0.0000,0.0000,1,0.3333,0.3333,0,0.0000,0.0000,0,0.0000,0.0000,0,0.0000,0.0000,0,0.0000,0.0000,1,0.3333,0.3333,1,0.3333,0.3333,0,0.0000,0.0000,0,0.0000,0.0000,0,0.0000,0.0000,0,0.0000,0.0000,0,0.0000,0.0000,0,0.0000,0.0000,0,0.0000,0.0000,0,0.0000,0.0000,0,0.0000,0.0000,0,0.0000,0.0000,0,0.0000,0.0000,0,0.0000,0.0000,0,0.0000,0.0000,0,0.0000,0.0000,0,0.0000,0.0000,0,0.0000,0.0000,0,0.0000,0.0000,0,0.0000,0.0000,0,0.0000,0.0000,0,0.0000,0.0000,0,0.0000,0.0000,0,0.0000,0.0000,0,0.0000,0.0000,0,0.0000,0.0000,0,0.0000,0.0000,0,0.0000,0.0000,0,0.0000,0.0000,0,0.0000,0.0000,0,0.0000,0.0000,0,0.0000,0.0000
31,0.000525,6,0.0349,0.0116,0,0.0000,0.0000,0,0.0000,0.0000,0,0.0000,0.0000,0,0.0000,0.0000,1,0.2500,0.2500,0,0.0000,0.0000,1,0.2500,0.0000,0,0.0000,0.0000,0,0.0000,0.0000,0,0.0000,0.0000,0,0.0000,0.0000,0,0.0000,0.0000,1,0.2500,0.2500,0,0.0000,0.0000,0,0.0000,0.0000,0,0.0000,0.0000,1,0.2500,0.0000,0,0.0000,0.0000,0,0.0000,0.0000,0,0.0000,0.0000,0,0.0000,0.0000,1,0.2500,0.0000,0,0.0000,0.0000,1,0.2500,0.0000,0,0.0000,0.0000,0,0.0000,0.0000,0,0.0000,0.0000,0,0.0000,0.0000,0,0.0000,0.0000,0,0.0000,0.0000,0,0.0000,0.0000,0,0.0000,0.0000,0,0.0000,0.0000,0,0.0000,0.0000,0,0.0000,0.0000,0,0.0000,0.0000,0,0.0000,0.0000,0,0.0000,0.0000,0,0.0000,0.0000,0,0.0000,0.0000,0,0.0000,0.0000,0,0.0000,0.0000,0,0.0000,0.0000
210,0.000495,5,0.0388,0.0155,0,0.0000,0.0000,1,0.3333,0.3333,0,0.0000,0.0000,0,0.0000,0.0000,0,0.0000,0.0000,0,0.0000,0.0000,1,0.3333,0.0000,0,0.0000,0.0000,0,0.0000,0.0000,0,0.0000,0.0000,0,0.0000,0.0000,0,0.0000,0.0000,1,0.3333,0.0000,0,0.0000,0.0000,0,0.0000,0.0000,0,0.0000,0.0000,0,0.0000,0.0000,0,0.0000,0.0000,0,0.0000,0.0000,0,0.0000,0.0000,0,0.0000,0.0000,0,0.0000,0.0000,0,0.0000,0.0000,0,0.0000,0.0000,1,0.3333,0.3333,0,0.0000,0.0000,0,0.0000,0.0000,0,0.0000,0.0000,0,0.0000,0.0000,0,0.0000,0.0000,0,0.0000,0.0000,0,0.0000,0.0000,0,0.0000,0.0000,0,0.0000,0.0000,1,0.3333,0.0000,0,0.0000,0.0000,0,0.0000,0.0000,0,0.0000,0.0000,0,0.0000,0.0000,0,0.0000,0.0000,0,0.0000,0.0000,0,0.0000,0.0000,0,0.0000,0.0000
28,0.000470,7,0.0543,0.0078,0,0.0000,0.0000,0,0.0000,0.0000,0,0.0000,0.0000,0,0.0000,0.0000,0,0.0000,0.0000,1,0.3333,0.3333,0,0.0000,0.0000,0,0.0000,0.0000,0,0.0000,0.0000,0,0.0000,0.0000,1,0.3333,0.0000,1,0.3333,0.0000,0,0.0000,0.0000,0,0.0000,0.0000,1,0.3333,0.0000,0,0.0000,0.0000,0,0.0000,0.0000,0,0.0000,0.0000,0,0.0000,0.0000,0,0.0000,0.0000,1,0.3333,0.0000,0,0.0000,0.0000,0,0.0000,0.0000,0,0.0000,0.0000,0,0.0000,0.0000,0,0.0000,0.0000,0,0.0000,0.0000,0,0.0000,0.0000,1,0.3333,0.0000,0,0.0000,0.0000,0,0.0000,0.0000,1,0.3333,0.0000,0,0.0000,0.0000,0,0.0000,0.0000,0,0.0000,0.0000,0,0.0000,0.0000,0,0.0000,0.0000,0,0.0000,0.0000,0,0.0000,0.0000,0,0.0000,0.0000,0,0.0000,0.0000,0,0.0000,0.0000,0,0.0000,0.0000
213,0.000465,6,0.0465,0.0078,0,0.0000,0.0000,0,0.0000,0.0000,0,0.0000,0.0000,0,0.0000,0.0000,1,0.3333,0.3333,0,0.0000,0.0000,0,0.0000,0.0000,0,0.0000,0.0000,0,0.0000,0.0000,1,0.3333,0.0000,0,0.0000,0.0000,0,0.0000,0.0000,2,0.6667,0.0000,0,0.0000,0.0000,0,0.0000,0.0000,0,0.0000,0.0000,0,0.0000,0.0000,0,0.0000,0.0000,0,0.0000,0.0000,0,0.0000,0.0000,0,0.0000,0.0000,0,0.0000,0.0000,0,0.0000,0.0000,0,0.0000,0.0000,0,0.0000,0.0000,0,0.0000,0.0000,0,0.0000,0.0000,0,0.0000,0.0000,0,0.0000,0.0000,0,0.0000,0.0000,0,0.0000,0.0000,1,0.3333,0.0000,0,0.0000,0.0000,0,0.0000,0.0000,1,0.3333,0.0000,0,0.0000,0.0000,0,0.0000,0.0000,0,0.0000,0.0000,0,0.0000,0.0000,0,0.0000,0.0000,0,0.0000,0.0000,0,0.0000,0.0000,0,0.0000,0.0000
13,0.000445,6,0.0465,0.0078,0,0.0000,0.0000,0,0.0000,0.0000,0,0.0000,0.0000,0,0.0000,0.0000,0,0.0000,0.0000,0,0.0000,0.0000,0,0.0000,0.0000,0,0.0000,0.0000,0,0.0000,0.0000,2,0.6667,0.0000,0,0.0000,0.0000,1,0.3333,0.0000,1,0.3333,0.0000,0,0.0000,0.0000,0,0.0000,0.0000,0,0.0000,0.0000,1,0.3333,0.3333,0,0.0000,0.0000,0,0.0000,0.0000,0,0.0000,0.0000,0,0.0000,0.0000,1,0.3333,0.0000,0,0.0000,0.0000,0,0.0000,0.0000,0,0.0000,0.0000,0,0.0000,0.0000,0,0.0000,0.0000,0,0.0000,0.0000,0,0.0000,0.0000,0,0.0000,0.0000,0,0.0000,0.0000,0,0.0000,0.0000,0,0.0000,0.0000,0,0.0000,0.0000,0,0.0000,0.0000,0,0.0000,0.0000,0,0.0000,0.0000,0,0.0000,0.0000,0,0.0000,0.0000,0,0.0000,0.0000,0,0.0000,0.0000,0,0.0000,0.0000,0,0.0000,0.0000
201,0.000435,6,0.0698,0.0116,0,0.0000,0.0000,0,0.0000,0.0000,1,0.5000,0.5000,0,0.0000,0.0000,0,0.0000,0.0000,0,0.0000,0.0000,0,0.0000,0.0000,0,0.0000,0.0000,0,0.0000,0.0000,1,0.5000,0.0000,0,0.0000,0.0000,0,0.0000,0.0000,1,0.5000,0.0000,0,0.0000,0.0000,0,0.0000,0.0000,0,0.0000,0.0000,0,0.0000,0.0000,0,0.0000,0.0000,1,0.5000,0.0000,0,0.0000,0.0000,0,0.0000,0.0000,0,0.0000,0.0000,0,0.0000,0.0000,0,0.0000,0.0000,1,0.5000,0.0000,0,0.0000,0.0000,0,0.0000,0.0000,0,0.0000,0.0000,0,0.0000,0.0000,0,0.0000,0.0000,0,0.0000,0.0000,0,0.0000,0.0000,0,0.0000,0.0000,1,0.5000,0.0000,0,0.0000,0.0000,0,0.0000,0.0000,0,0.0000,0.0000,0,0.0000,0.0000,0,0.0000,0.0000,0,0.0000,0.0000,0,0.0000,0.0000,0,0.0000,0.0000,0,0.0000,0.0000
27,0.000430,3,0.0233,0.0233,0,0.0000,0.0000,0,0.0000,0.0000,0,0.0000,0.0000,0,0.0000,0.0000,0,0.0000,0.0000,1,0.3333,0.3333,1,0.3333,0.3333,0,0.0000,0.0000,1,0.3333,0.3333,0,0.0000,0.0000,0,0.0000,0.0000,0,0.0000,0.0000,0,0.0000,0.0000,0,0.0000,0.0000,0,0.0000,0.0000,0,0.0000,0.0000,0,0.0000,0.0000,0,0.0000,0.0000,0,0.0000,0.0000,0,0.0000,0.0000,0,0.0000,0.0000,0,0.0000,0.0000,0,0.0000,0.0000,0,0.0000,0.0000,0,0.0000,0.0000,0,0.0000,0.0000,0,0.0000,0.0000,0,0.0000,0.0000,0,0.0000,0.0000,0,0.0000,0.0000,0,0.0000,0.0000,0,0.0000,0.0000,0,0.0000,0.0000,0,0.0000,0.0000,0,0.0000,0.0000,0,0.0000,0.0000,0,0.0000,0.0000,0,0.0000,0.0000,0,0.0000,0.0000,0,0.0000,0.0000,0,0.0000,0.0000,0,0.0000,0.0000,0,0.0000,0.0000
24,0.000425,3,0.0349,0.0116,0,0.0000,0.0000,0,0.0000,0.0000,0,0.0000,0.0000,0,0.0000,0.0000,0,0.0000,0.0000,0,0.0000,0.0000,1,0.5000,0.5000,0,0.0000,0.0000,1,0.5000,0.0000,0,0.0000,0.0000,0,0.0000,0.0000,0,0.0000,0.0000,1,0.5000,0.0000,0,0.0000,0.0000,0,0.0000,0.0000,0,0.0000,0.0000,0,0.0000,0.0000,0,0.0000,0.0000,0,0.0000,0.0000,0,0.0000,0.0000,0,0.0000,0.0000,0,0.0000,0.0000,0,0.0000,0.0000,0,0.0000,0.0000,0,0.0000,0.0000,0,0.0000,0.0000,0,0.0000,0.0000,0,0.0000,0.0000,0,0.0000,0.0000,0,0.0000,0.0000,0,0.0000,0.0000,0,0.0000,0.0000,0,0.0000,0.0000,0,0.0000,0.0000,0,0.0000,0.0000,0,0.0000,0.0000,0,0.0000,0.0000,0,0.0000,0.0000,0,0.0000,0.0000,0,0.0000,0.0000,0,0.0000,0.0000,0,0.0000,0.0000,0,0.0000,0.0000
37,0.000425,3,0.0233,0.0233,0,0.0000,0.0000,0,0.0000,0.0000,0,0.0000,0.0000,0,0.0000,0.0000,0,0.0000,0.0000,0,0.0000,0.0000,1,0.3333,0.3333,0,0.0000,0.0000,0,0.0000,0.0000,0,0.0000,0.0000,0,0.0000,0.0000,0,0.0000,0.0000,1,0.3333,0.3333,0,0.0000,0.0000,0,0.0000,0.0000,0,0.0000,0.0000,0,0.0000,0.0000,0,0.0000,0.0000,0,0.0000,0.0000,0,0.0000,0.0000,0,0.0000,0.0000,1,0.3333,0.3333,0,0.0000,0.0000,0,0.0000,0.0000,0,0.0000,0.0000,0,0.0000,0.0000,0,0.0000,0.0000,0,0.0000,0.0000,0,0.0000,0.0000,0,0.0000,0.0000,0,0.0000,0.0000,0,0.0000,0.0000,0,0.0000,0.0000,0,0.0000,0.0000,0,0.0000,0.0000,0,0.0000,0.0000,0,0.0000,0.0000,0,0.0000,0.0000,0,0.0000,0.0000,0,0.0000,0.0000,0,0.0000,0.0000,0,0.0000,0.0000,0,0.0000,0.0000
1,0.000395,6,0.0465,0.0078,0,0.0000,0.0000,0,0.0000,0.0000,0,0.0000,0.0000,0,0.0000,0.0000,0,0.0000,0.0000,0,0.0000,0.0000,0,0.0000,0.0000,1,0.3333,0.0000,1,0.3333,0.0000,0,0.0000,0.0000,0,0.0000,0.0000,1,0.3333,0.0000,2,0.6667,0.3333,0,0.0000,0.0000,1,0.3333,0.0000,0,0.0000,0.0000,0,0.0000,0.0000,0,0.0000,0.0000,0,0.0000,0.0000,0,0.0000,0.0000,0,0.0000,0.0000,0,0.0000,0.0000,0,0.0000,0.0000,0,0.0000,0.0000,0,0.0000,0.0000,0,0.0000,0.0000,0,0.0000,0.0000,0,0.0000,0.0000,0,0.0000,0.0000,0,0.0000,0.0000,0,0.0000,0.0000,0,0.0000,0.0000,0,0.0000,0.0000,0,0.0000,0.0000,0,0.0000,0.0000,0,0.0000,0.0000,0,0.0000,0.0000,0,0.0000,0.0000,0,0.0000,0.0000,0,0.0000,0.0000,0,0.0000,0.0000,0,0.0000,0.0000,0,0.0000,0.0000
25,0.000395,3,0.0233,0.0233,0,0.0000,0.0000,0,0.0000,0.0000,0,0.0000,0.0000,0,0.0000,0.0000,0,0.0000,0.0000,0,0.0000,0.0000,1,0.3333,0.3333,0,0.0000,0.0000,1,0.3333,0.3333,0,0.0000,0.0000,0,0.0000,0.0000,0,0.0000,0.0000,1,0.3333,0.3333,0,0.0000,0.0000,0,0.0000,0.0000,0,0.0000,0.0000,0,0.0000,0.0000,0,0.0000,0.0000,0,0.0000,0.0000,0,0.0000,0.0000,0,0.0000,0.0000,0,0.0000,0.0000,0,0.0000,0.0000,0,0.0000,0.0000,0,0.0000,0.0000,0,0.0000,0.0000,0,0.0000,0.0000,0,0.0000,0.0000,0,0.0000,0.0000,0,0.0000,0.0000,0,0.0000,0.0000,0,0.0000,0.0000,0,0.0000,0.0000,0,0.0000,0.0000,0,0.0000,0.0000,0,0.0000,0.0000,0,0.0000,0.0000,0,0.0000,0.0000,0,0.0000,0.0000,0,0.0000,0.0000,0,0.0000,0.0000,0,0.0000,0.0000,0,0.0000,0.0000
215,0.000390,4,0.0930,0.0000,0,0.0000,0.0000,0,0.0000,0.0000,0,0.0000,0.0000,0,0.0000,0.0000,0,0.0000,0.0000,0,0.0000,0.0000,0,0.0000,0.0000,0,0.0000,0.0000,0,0.0000,0.0000,1,1.0000,0.0000,0,0.0000,0.0000,0,0.0000,0.0000,1,1.0000,0.0000,0,0.0000,0.0000,0,0.0000,0.0000,0,0.0000,0.0000,0,0.0000,0.0000,0,0.0000,0.0000,0,0.0000,0.0000,0,0.0000,0.0000,0,0.0000,0.0000,0,0.0000,0.0000,0,0.0000,0.0000,0,0.0000,0.0000,0,0.0000,0.0000,0,0.0000,0.0000,0,0.0000,0.0000,0,0.0000,0.0000,0,0.0000,0.0000,0,0.0000,0.0000,0,0.0000,0.0000,1,1.0000,0.0000,0,0.0000,0.0000,0,0.0000,0.0000,1,1.0000,0.0000,0,0.0000,0.0000,0,0.0000,0.0000,0,0.0000,0.0000,0,0.0000,0.0000,0,0.0000,0.0000,0,0.0000,0.0000,0,0.0000,0.0000,0,0.0000,0.0000
34,0.000360,3,0.0233,0.0233,0,0.0000,0.0000,0,0.0000,0.0000,0,0.0000,0.0000,0,0.0000,0.0000,1,0.3333,0.3333,1,0.3333,0.3333,1,0.3333,0.3333,0,0.0000,0.0000,0,0.0000,0.0000,0,0.0000,0.0000,0,0.0000,0.0000,0,0.0000,0.0000,0,0.0000,0.0000,0,0.0000,0.0000,0,0.0000,0.0000,0,0.0000,0.0000,0,0.0000,0.0000,0,0.0000,0.0000,0,0.0000,0.0000,0,0.0000,0.0000,0,0.0000,0.0000,0,0.0000,0.0000,0,0.0000,0.0000,0,0.0000,0.0000,0,0.0000,0.0000,0,0.0000,0.0000,0,0.0000,0.0000,0,0.0000,0.0000,0,0.0000,0.0000,0,0.0000,0.0000,0,0.0000,0.0000,0,0.0000,0.0000,0,0.0000,0.0000,0,0.0000,0.0000,0,0.0000,0.0000,0,0.0000,0.0000,0,0.0000,0.0000,0,0.0000,0.0000,0,0.0000,0.0000,0,0.0000,0.0000,0,0.0000,0.0000,0,0.0000,0.0000,0,0.0000,0.0000
30,0.000350,3,0.0233,0.0233,0,0.0000,0.0000,0,0.0000,0.0000,1,0.3333,0.3333,0,0.0000,0.0000,0,0.0000,0.0000,1,0.3333,0.3333,0,0.0000,0.0000,0,0.0000,0.0000,0,0.0000,0.0000,0,0.0000,0.0000,0,0.0000,0.0000,0,0.0000,0.0000,0,0.0000,0.0000,0,0.0000,0.0000,0,0.0000,0.0000,0,0.0000,0.0000,1,0.3333,0.3333,0,0.0000,0.0000,0,0.0000,0.0000,0,0.0000,0.0000,0,0.0000,0.0000,0,0.0000,0.0000,0,0.0000,0.0000,0,0.0000,0.0000,0,0.0000,0.0000,0,0.0000,0.0000,0,0.0000,0.0000,0,0.0000,0.0000,0,0.0000,0.0000,0,0.0000,0.0000,0,0.0000,0.0000,0,0.0000,0.0000,0,0.0000,0.0000,0,0.0000,0.0000,0,0.0000,0.0000,0,0.0000,0.0000,0,0.0000,0.0000,0,0.0000,0.0000,0,0.0000,0.0000,0,0.0000,0.0000,0,0.0000,0.0000,0,0.0000,0.0000,0,0.0000,0.0000
5,0.000335,4,0.0233,0.0233,0,0.0000,0.0000,0,0.0000,0.0000,0,0.0000,0.0000,0,0.0000,0.0000,0,0.0000,0.0000,1,0.2500,0.2500,0,0.0000,0.0000,0,0.0000,0.0000,0,0.0000,0.0000,0,0.0000,0.0000,0,0.0000,0.0000,0,0.0000,0.0000,1,0.2500,0.2500,0,0.0000,0.0000,2,0.5000,0.5000,0,0.0000,0.0000,0,0.0000,0.0000,0,0.0000,0.0000,0,0.0000,0.0000,0,0.0000,0.0000,0,0.0000,0.0000,0,0.0000,0.0000,0,0.0000,0.0000,0,0.0000,0.0000,0,0.0000,0.0000,0,0.0000,0.0000,0,0.0000,0.0000,0,0.0000,0.0000,0,0.0000,0.0000,0,0.0000,0.0000,0,0.0000,0.0000,0,0.0000,0.0000,0,0.0000,0.0000,0,0.0000,0.0000,0,0.0000,0.0000,0,0.0000,0.0000,0,0.0000,0.0000,0,0.0000,0.0000,0,0.0000,0.0000,0,0.0000,0.0000,0,0.0000,0.0000,0,0.0000,0.0000,0,0.0000,0.0000
33,0.000315,4,0.0310,0.0155,0,0.0000,0.0000,0,0.0000,0.0000,0,0.0000,0.0000,0,0.0000,0.0000,0,0.0000,0.0000,0,0.0000,0.0000,0,0.0000,0.0000,0,0.0000,0.0000,1,0.3333,0.3333,1,0.3333,0.0000,0,0.0000,0.0000,1,0.3333,0.0000,0,0.0000,0.0000,0,0.0000,0.0000,0,0.0000,0.0000,0,0.0000,0.0000,0,0.0000,0.0000,0,0.0000,0.0000,0,0.0000,0.0000,0,0.0000,0.0000,1,0.3333,0.3333,0,0.0000,0.0000,0,0.0000,0.0000,0,0.0000,0.0000,0,0.0000,0.0000,0,0.0000,0.0000,0,0.0000,0.0000,0,0.0000,0.0000,0,0.0000,0.0000,0,0.0000,0.0000,0,0.0000,0.0000,0,0.0000,0.0000,0,0.0000,0.0000,0,0.0000,0.0000,0,0.0000,0.0000,0,0.0000,0.0000,0,0.0000,0.0000,0,0.0000,0.0000,0,0.0000,0.0000,0,0.0000,0.0000,0,0.0000,0.0000,0,0.0000,0.0000,0,0.0000,0.0000
12,0.000295,4,0.0310,0.0155,0,0.0000,0.0000,0,0.0000,0.0000,0,0.0000,0.0000,0,0.0000,0.0000,1,0.3333,0.3333,0,0.0000,0.0000,0,0.0000,0.0000,0,0.0000,0.0000,0,0.0000,0.0000,0,0.0000,0.0000,0,0.0000,0.0000,0,0.0000,0.0000,2,0.6667,0.3333,0,0.0000,0.0000,0,0.0000,0.0000,0,0.0000,0.0000,0,0.0000,0.0000,0,0.0000,0.0000,0,0.0000,0.0000,0,0.0000,0.0000,0,0.0000,0.0000,0,0.0000,0.0000,0,0.0000,0.0000,0,0.0000,0.0000,1,0.3333,0.0000,0,0.0000,0.0000,0,0.0000,0.0000,0,0.0000,0.0000,0,0.0000,0.0000,0,0.0000,0.0000,0,0.0000,0.0000,0,0.0000,0.0000,0,0.0000,0.0000,0,0.0000,0.0000,0,0.0000,0.0000,0,0.0000,0.0000,0,0.0000,0.0000,0,0.0000,0.0000,0,0.0000,0.0000,0,0.0000,0.0000,0,0.0000,0.0000,0,0.0000,0.0000,0,0.0000,0.0000
9,0.000275,3,0.0233,0.0233,0,0.0000,0.0000,0,0.0000,0.0000,0,0.0000,0.0000,0,0.0000,0.0000,0,0.0000,0.0000,0,0.0000,0.0000,0,0.0000,0.0000,0,0.0000,0.0000,0,0.0000,0.0000,0,0.0000,0.0000,0,0.0000,0.0000,0,0.0000,0.0000,1,0.3333,0.3333,0,0.0000,0.0000,0,0.0000,0.0000,0,0.0000,0.0000,1,0.3333,0.3333,0,0.0000,0.0000,0,0.0000,0.0000,0,0.0000,0.0000,0,0.0000,0.0000,0,0.0000,0.0000,0,0.0000,0.0000,0,0.0000,0.0000,0,0.0000,0.0000,0,0.0000,0.0000,0,0.0000,0.0000,0,0.0000,0.0000,0,0.0000,0.0000,0,0.0000,0.0000,0,0.0000,0.0000,0,0.0000,0.0000,1,0.3333,0.3333,0,0.0000,0.0000,0,0.0000,0.0000,0,0.0000,0.0000,0,0.0000,0.0000,0,0.0000,0.0000,0,0.0000,0.0000,0,0.0000,0.0000,0,0.0000,0.0000,0,0.0000,0.0000,0,0.0000,0.0000
193,0.000195,2,0.0233,0.0233,0,0.0000,0.0000,0,0.0000,0.0000,0,0.0000,0.0000,0,0.0000,0.0000,0,0.0000,0.0000,1,0.5000,0.5000,0,0.0000,0.0000,0,0.0000,0.0000,0,0.0000,0.0000,1,0.5000,0.5000,0,0.0000,0.0000,0,0.0000,0.0000,0,0.0000,0.0000,0,0.0000,0.0000,0,0.0000,0.0000,0,0.0000,0.0000,0,0.0000,0.0000,0,0.0000,0.0000,0,0.0000,0.0000,0,0.0000,0.0000,0,0.0000,0.0000,0,0.0000,0.0000,0,0.0000,0.0000,0,0.0000,0.0000,0,0.0000,0.0000,0,0.0000,0.0000,0,0.0000,0.0000,0,0.0000,0.0000,0,0.0000,0.0000,0,0.0000,0.0000,0,0.0000,0.0000,0,0.0000,0.0000,0,0.0000,0.0000,0,0.0000,0.0000,0,0.0000,0.0000,0,0.0000,0.0000,0,0.0000,0.0000,0,0.0000,0.0000,0,0.0000,0.0000,0,0.0000,0.0000,0,0.0000,0.0000,0,0.0000,0.0000,0,0.0000,0.0000
214,0.000070,2,0.0465,0.0000,0,0.0000,0.0000,0,0.0000,0.0000,0,0.0000,0.0000,0,0.0000,0.0000,0,0.0000,0.0000,0,0.0000,0.0000,0,0.0000,0.0000,0,0.0000,0.0000,0,0.0000,0.0000,1,1.0000,0.0000,0,0.0000,0.0000,0,0.0000,0.0000,1,1.0000,0.0000,0,0.0000,0.0000,0,0.0000,0.0000,0,0.0000,0.0000,0,0.0000,0.0000,0,0.0000,0.0000,0,0.0000,0.0000,0,0.0000,0.0000,0,0.0000,0.0000,0,0.0000,0.0000,0,0.0000,0.0000,0,0.0000,0.0000,0,0.0000,0.0000,0,0.0000,0.0000,0,0.0000,0.0000,0,0.0000,0.0000,0,0.0000,0.0000,0,0.0000,0.0000,0,0.0000,0.0000,0,0.0000,0.0000,0,0.0000,0.0000,0,0.0000,0.0000,0,0.0000,0.0000,0,0.0000,0.0000,0,0.0000,0.0000,0,0.0000,0.0000,0,0.0000,0.0000,0,0.0000,0.0000,0,0.0000,0.0000,0,0.0000,0.0000,0,0.0000,0.0000
